고준희,고준희 ‘승리 단톡방’ 루머 후 근황…밝은 미소,연예,0,2019,06,03,7:13,1,1,0,0,0,0,0,0,0,0,0,https://news.naver.com/main/read.nhn?mode=LSD&mid=sec&sid1=106&oid=016&aid=0001542102,1
고준희,고준희 '꽃미소+뇌쇄적 섹시美' 한번에···치명적 매력에 '피할 수 없어',연예,0,2019,06,03,14:27,1,1,0,0,0,0,0,0,0,0,0,https://news.naver.com/main/read.nhn?mode=LSD&mid=sec&sid1=106&oid=011&aid=0003564312,1
고준희,"'퍼퓸' 고원희, 고준희 대체→시청률 1위로 존재감 상승[★FOCUS]",연예,0,2019,06,04,9:45,29,28,0,1,0,0,0,0,0,0,0,https://news.naver.com/main/read.nhn?mode=LSD&mid=sec&sid1=106&oid=108&aid=0002787916,1
고준희,"[Y현장] '퍼퓸' 신성록·고원희, 캐스팅 이슈 딛고 시청자에 스며들까(종합)",연예,0,2019,06,03,15:40,19,19,0,0,0,0,0,0,0,0,0,https://news.naver.com/main/read.nhn?mode=LSD&mid=sec&sid1=106&oid=052&aid=0001302634,1
고준희,"[종합]‘퍼퓸’ “시청률 15%목표” 신성록·고원희의 로코, 5人5色 케미스트리 자신",연예,0,2019,06,03,16:20,2,2,0,0,0,0,0,0,0,0,0,https://news.naver.com/main/read.nhn?mode=LSD&mid=sec&sid1=106&oid=011&aid=0003564402,1
고준희,"고준희, 이 몸매 실화냐..CG같은 완벽 보디라인",연예,1,2019,06,09,8:15,11,10,0,1,0,0,0,0,0,0,0,https://news.naver.com/main/read.nhn?mode=LSD&mid=sec&sid1=106&oid=112&aid=0003173701,1
고준희,"[N샷] 고준희, 어깨 드러낸 무결점 S라인 ""나를 아껴주는 사람들""",연예,1,2019,06,09,9:19,1,1,0,0,0,0,0,0,0,0,0,https://news.naver.com/main/read.nhn?mode=LSD&mid=sec&sid1=106&oid=421&aid=0004031075,1
고준희,"고준희, 흰 티에 청바지만 입고 콜라병 라인 눈길 '워너비 몸매'[★SNS]",연예,1,2019,06,09,10:54,3,3,0,0,0,0,0,0,0,0,0,https://news.naver.com/main/read.nhn?mode=LSD&mid=sec&sid1=106&oid=468&aid=0000518000,1
고준희,"고준희, 스키니진으로 뽐낸 독보적 힙업 ‘CG인 줄’[SNS★컷]",연예,1,2019,06,09,11:42,4,2,0,2,0,0,0,0,0,0,0,https://news.naver.com/main/read.nhn?mode=LSD&mid=sec&sid1=106&oid=609&aid=0000120872,1
고준희,"고준희, 청바지+밀착 티셔츠로 드러낸 아찔 몸매 '일상이 화보네'[★SNS]",연예,1,2019,06,09,10:33,3,2,0,1,0,0,0,0,0,0,0,https://news.naver.com/main/read.nhn?mode=LSD&mid=sec&sid1=106&oid=404&aid=0000245455,1
고준희,"고준희, 아찔한 오프숄더 티셔츠룩 '넘사벽 몸매'",연예,1,2019,06,10,15:07,2,2,0,0,0,0,0,0,0,0,0,https://news.naver.com/main/read.nhn?mode=LSD&mid=sec&sid1=106&oid=417&aid=0000417501,1
고준희,"'퍼퓸' 신성록X고원희, 침대 위 밀착 '심쿵'‥쌍방 '설렘' 느꼈다 [Oh!쎈 리뷰]",연예,2,2019,06,17,22:42,1,1,0,0,0,0,0,0,0,0,0,https://news.naver.com/main/read.nhn?mode=LSD&mid=sec&sid1=106&oid=109&aid=0004031210,1
고준희,[시청자가 찜한 TV] 쉽고 명료한 '단사랑'과 '퍼퓸',생활,2,2019,06,19,8:00,12,9,2,0,1,0,0,0,0,0,0,https://news.naver.com/main/read.nhn?mode=LSD&mid=sec&sid1=103&oid=001&aid=0010899520,1
고준희,"고준희, 수수한 옷차림에도 돋보이는 미모 [★해시태그]",연예,2,2019,06,18,15:28,3,2,0,1,0,0,0,0,0,0,0,https://news.naver.com/main/read.nhn?mode=LSD&mid=sec&sid1=106&oid=311&aid=0001006321,1
고준희,"고준희, 구설수 논란 후 근황…모자 눌러쓰고 매섭게 반짝이는 눈빛",연예,2,2019,06,18,14:34,1,1,0,0,0,0,0,0,0,0,0,https://news.naver.com/main/read.nhn?mode=LSD&mid=sec&sid1=106&oid=112&aid=0003177408,-1
고준희,"고준희, 일상에서도 빛나는 패셔니스타 '모델 포스'",연예,2,2019,06,18,16:57,2,1,0,1,0,0,0,0,0,0,0,https://news.naver.com/main/read.nhn?mode=LSD&mid=sec&sid1=106&oid=117&aid=0003232714,1
고준희,"고준희 근황 공개, 얼굴 크기 실화? '예쁨주의'",연예,2,2019,06,19,9:18,1,1,0,0,0,0,0,0,0,0,0,https://news.naver.com/main/read.nhn?mode=LSD&mid=sec&sid1=106&oid=417&aid=0000420505,1
고준희,"고준희 측 ""악플러 11명 고소, 선처 없다""...추가 고소 예정",연예,3,2019,06,24,18:19,1,1,0,0,0,0,0,0,0,0,0,https://news.naver.com/main/read.nhn?mode=LSD&mid=sec&sid1=106&oid=023&aid=0003456076,1
고준희,"씨제스 측 ""고준희와 계약? 미팅한 건 사실…최종 협의 중""",연예,3,2019,06,25,18:42,1,1,0,0,0,0,0,0,0,0,0,https://news.naver.com/main/read.nhn?mode=LSD&mid=sec&sid1=106&oid=468&aid=0000525127,1
고준희,"[포토]고준희, 실물미모가 인형급",연예,3,2019,06,23,15:13,1,1,0,0,0,0,0,0,0,0,0,https://news.naver.com/main/read.nhn?mode=LSD&mid=sec&sid1=106&oid=241&aid=0002928454,1
고준희,"YG 나온 고준희, 에잇디크리에이티브行? ""미팅했지만 계약 불발""",연예,3,2019,06,25,17:04,5,5,0,0,0,0,0,0,0,0,0,https://news.naver.com/main/read.nhn?mode=LSD&mid=sec&sid1=106&oid=468&aid=0000525049,1
고준희,"[단독]고준희, 진짜 선처無… 악플러 11명 관할서 이송",연예,3,2019,06,24,10:01,59,58,0,1,0,0,0,0,0,0,0,https://news.naver.com/main/read.nhn?mode=LSD&mid=sec&sid1=106&oid=241&aid=0002928689,1
고준희,고준희 악플러 11명 관할서 이송…2차 아이디 추적 중,연예,3,2019,06,24,11:05,2,1,0,1,0,0,0,0,0,0,0,https://news.naver.com/main/read.nhn?mode=LSD&mid=sec&sid1=106&oid=009&aid=0004378914,1
고준희,"[단독] 고준희, 씨제스엔터와 전속계약 최종 논의중",연예,3,2019,06,25,18:02,86,76,0,10,0,0,0,0,0,0,0,https://news.naver.com/main/read.nhn?mode=LSD&mid=sec&sid1=106&oid=421&aid=0004060083,1
고준희,"[포토]고준희, 실물로 봐도 인형미모",연예,3,2019,06,23,15:19,1,1,0,0,0,0,0,0,0,0,0,https://news.naver.com/main/read.nhn?mode=LSD&mid=sec&sid1=106&oid=241&aid=0002928467,1
고준희,"고준희, 청순한 꽃집아가씨 느낌...근황 공개 [★해시태그]",연예,4,2019,07,03,11:49,1,1,0,0,0,0,0,0,0,0,0,https://news.naver.com/main/read.nhn?mode=LSD&mid=sec&sid1=106&oid=311&aid=0001013148,1
고준희,"버닝썬 논란→음주 물의, 드라마 퇴출 잡음 잇따라 [M+상반기 결산‥방송②]",연예,4,2019,07,05,24:45,1,0,0,1,0,0,0,0,0,0,0,https://news.naver.com/main/read.nhn?mode=LSD&mid=sec&sid1=106&oid=057&aid=0001364970,-1
고준희,운다고 아기 숨지게 한 엄마···육아스트레스 받았다고 감형,사회,4,2019,07,05,12:04,387,6,0,15,365,1,0,0,0,0,0,https://news.naver.com/main/read.nhn?mode=LSD&mid=sec&sid1=102&oid=025&aid=0002919917,1
고준희,"""악플러 잡자"" 연예계는 악플러와 전쟁 [★FOCUS]",연예,4,2019,07,05,11:16,109,108,0,1,0,0,0,0,0,0,0,https://news.naver.com/main/read.nhn?mode=LSD&mid=sec&sid1=106&oid=108&aid=0002794888,1
고준희,"고준희, 논란 후 청순해진 비주얼 근황‥여유 일상 만끽",연예,4,2019,07,02,16:54,2,2,0,0,0,0,0,0,0,0,0,https://news.naver.com/main/read.nhn?mode=LSD&mid=sec&sid1=106&oid=112&aid=0003183224,-1
고준희,고준희 “많은 상처로 결정 쉽지 않다”,생활,5,2019,07,09,18:27,6,0,0,2,4,0,0,0,0,0,0,https://news.naver.com/main/read.nhn?mode=LSD&mid=sec&sid1=103&oid=025&aid=0002921007,-1
고준희,"고준희 ""추측성 기사·댓글 견디기 힘들어…멈춰달라""(전문)",사회,5,2019,07,09,19:26,96,2,2,15,71,6,0,0,0,0,0,https://news.naver.com/main/read.nhn?mode=LSD&mid=sec&sid1=102&oid=014&aid=0004258745,1
고준희,"씨제스 측, ""고준희와 협의하다가 불발…계약 않기로"" [공식입장]",연예,5,2019,07,08,11:40,17,16,0,1,0,0,0,0,0,0,0,https://news.naver.com/main/read.nhn?mode=LSD&mid=sec&sid1=106&oid=112&aid=0003185424,1
고준희,"[공식입장]고준희 ""비방기사·악성댓글, 부모님 고통 받아…제발 멈춰달라""",사회,5,2019,07,09,21:09,278,18,10,65,180,5,0,0,0,0,0,https://news.naver.com/main/read.nhn?mode=LSD&mid=sec&sid1=102&oid=277&aid=0004498632,1
고준희,"고준희 ""루머·비방에 부모님 큰 고통…멈춰달라"" [전문]",연예,5,2019,07,09,18:10,8,1,0,7,0,0,0,0,0,0,0,https://news.naver.com/main/read.nhn?mode=LSD&mid=sec&sid1=106&oid=241&aid=0002935145,1
고준희,고준희 “아무렇지 않게 활동하고 싶지만…추측·비방 멈춰 달라”,연예,5,2019,07,09,18:23,7,2,0,5,0,0,0,0,0,0,0,https://news.naver.com/main/read.nhn?mode=LSD&mid=sec&sid1=106&oid=020&aid=0003228116,1
고준희,"고준희 ""있지도 않은 사실들과 추측 글 때문에 견디기 힘들어""[전문]",연예,5,2019,07,09,17:44,4,0,0,4,0,0,0,0,0,0,0,https://news.naver.com/main/read.nhn?mode=LSD&mid=sec&sid1=106&oid=076&aid=0003439816,1
고준희,"고준희, 씨제스와 전속 계약 불발",연예,5,2019,07,08,13:45,14,10,0,4,0,0,0,0,0,0,0,https://news.naver.com/main/read.nhn?mode=LSD&mid=sec&sid1=106&oid=016&aid=0001555361,1
고준희,"[단독] 고준희, 씨제스엔터 안 간다…최종 계약 불발",연예,5,2019,07,08,10:19,2,1,0,1,0,0,0,0,0,0,0,https://news.naver.com/main/read.nhn?mode=LSD&mid=sec&sid1=106&oid=117&aid=0003242678,1
고준희,[전문] “빨리 활동하고 싶지만…” 전속계약 불발 언급한 고준희,연예,5,2019,07,10,5:00,4,0,0,4,0,0,0,0,0,0,0,https://news.naver.com/main/read.nhn?mode=LSD&mid=sec&sid1=106&oid=005&aid=0001216516,1
고준희,"고준희, 계약 불발+루머 심경고백 후 첫 근황‥차분해진 분위기",연예,6,2019,07,19,11:14,5,5,0,0,0,0,0,0,0,0,0,https://news.naver.com/main/read.nhn?mode=LSD&mid=sec&sid1=106&oid=112&aid=0003190261,1
고준희,이효리 동네 친구? 송새벽의 이모저모,연예,6,2019,07,16,24:15,7,7,0,0,0,0,0,0,0,0,0,https://news.naver.com/main/read.nhn?mode=LSD&mid=sec&sid1=106&oid=140&aid=0000040410,1
고준희,고준희 근황 공개…흰셔츠+선글라스 ‘남다른 패션센스’ [똑똑SNS],연예,6,2019,07,19,15:09,1,1,0,0,0,0,0,0,0,0,0,https://news.naver.com/main/read.nhn?mode=LSD&mid=sec&sid1=106&oid=410&aid=0000606820,1
고준희,"고준희, 미모 폭발한 근황 ‘시크 눈빛에 심쿵’[SNS★컷]",연예,6,2019,07,19,24:20,1,1,0,0,0,0,0,0,0,0,0,https://news.naver.com/main/read.nhn?mode=LSD&mid=sec&sid1=106&oid=609&aid=0000142166,1
고준희,"고준희, 여유로운 일상 속 시크한 무드",연예,7,2019,07,22,24:08,6,4,0,2,0,0,0,0,0,0,0,https://news.naver.com/main/read.nhn?mode=LSD&mid=sec&sid1=106&oid=241&aid=0002940493,1
고준희,"고준희, '단발여신'의 물오른 미모",연예,7,2019,07,22,11:42,6,6,0,0,0,0,0,0,0,0,0,https://news.naver.com/main/read.nhn?mode=LSD&mid=sec&sid1=106&oid=108&aid=0002798722,1
고준희,"고준희, '단발 여신'의 여유로운 일상 [★해시태그]",연예,7,2019,07,22,13:11,2,2,0,0,0,0,0,0,0,0,0,https://news.naver.com/main/read.nhn?mode=LSD&mid=sec&sid1=106&oid=311&aid=0001021887,1
고준희,"고준희, 악성 루머 논란에도 흔들림 없는 미모 '옆모습도 조각'",연예,7,2019,07,22,11:03,2,1,0,1,0,0,0,0,0,0,0,https://news.naver.com/main/read.nhn?mode=LSD&mid=sec&sid1=106&oid=112&aid=0003191030,-1
고준희,"'청순+시크가 공존'…고준희, 여전히 단발병 유발하는 미모",연예,7,2019,07,22,15:02,1,1,0,0,0,0,0,0,0,0,0,https://news.naver.com/main/read.nhn?mode=LSD&mid=sec&sid1=106&oid=117&aid=0003249722,1
고준희,"고준희, 악성 루머 논란 이후‥""냉방병 조심, 10일 넘게 아프다""",연예,8,2019,08,01,18:20,4,2,0,2,0,0,0,0,0,0,0,https://news.naver.com/main/read.nhn?mode=LSD&mid=sec&sid1=106&oid=112&aid=0003195225,-1
고준희,"""상큼 윰블리""..정유미, 여름 단발병 유발자 등극[Oh!쎈 이슈]",연예,8,2019,08,02,9:03,5,3,0,2,0,0,0,0,0,0,0,https://news.naver.com/main/read.nhn?mode=LSD&mid=sec&sid1=106&oid=109&aid=0004060541,1
고준희,정민아=이경규 딸 이예림 닮은꼴..'시선 집중'(종합)[Oh!쎈 이슈],연예,8,2019,07,28,24:15,1,1,0,0,0,0,0,0,0,0,0,https://news.naver.com/main/read.nhn?mode=LSD&mid=sec&sid1=106&oid=109&aid=0004057657,1
고준희,"고준희, 논란 그후 근황..여전한 단발 여신",연예,9,2019,08,09,6:47,4,4,0,0,0,0,0,0,0,0,0,https://news.naver.com/main/read.nhn?mode=LSD&mid=sec&sid1=106&oid=112&aid=0003197972,-1
고준희,"고준희, 최근 물오른 미모 뿜뿜 ‘독보적인 단발여신’",연예,9,2019,08,06,17:10,2,2,0,0,0,0,0,0,0,0,0,https://news.naver.com/main/read.nhn?mode=LSD&mid=sec&sid1=106&oid=469&aid=0000411419,1
고준희,"“핑크 핑크” 고준희, 원조 단발 여신다운 상큼+발랄 미모[SNS★컷]",연예,9,2019,08,09,13:51,1,1,0,0,0,0,0,0,0,0,0,https://news.naver.com/main/read.nhn?mode=LSD&mid=sec&sid1=106&oid=609&aid=0000152242,1
고준희,"고준희, 악성루머 이후 씩씩한 근황..꽃보다 예쁜 비주얼",연예,10,2019,08,12,22:14,6,5,0,0,0,0,1,0,0,0,0,https://news.naver.com/main/read.nhn?mode=LSD&mid=sec&sid1=106&oid=112&aid=0003199438,1
고준희,"“내가 만든 꽃” 고준희, 신비로운 분위기 뽐내는 최근 근황 포착!",연예,11,2019,08,24,22:56,9,9,0,0,0,0,0,0,0,0,0,https://news.naver.com/main/read.nhn?mode=LSD&mid=sec&sid1=106&oid=469&aid=0000416204,1
고준희,블랙핑크 제니·손나은·윤세아…★들의 몸매 비결,연예,11,2019,08,20,9:08,13,13,0,0,0,0,0,0,0,0,0,https://news.naver.com/main/read.nhn?mode=LSD&mid=sec&sid1=106&oid=008&aid=0004265399,1
고준희,벗으면 춥고 입으면 덥고…★들은 이렇게 입는다,생활,12,2019,08,27,6:00,9,6,0,0,0,3,0,0,0,0,0,https://news.naver.com/main/read.nhn?mode=LSD&mid=sec&sid1=103&oid=008&aid=0004268518,1
고준희,"고준희, 웃음 떠나지 않는 일상..응원 부르는 밝은 근황",연예,13,2019,09,06,7:59,1,1,0,0,0,0,0,0,0,0,0,https://news.naver.com/main/read.nhn?mode=LSD&mid=sec&sid1=106&oid=112&aid=0003209110,1
고준희,‘연애의 맛2’ 고주원♥김보미 “촬영 아닌 밖에서 만났으면 어땠을까”,연예,13,2019,09,04,15:48,12,12,0,0,0,0,0,0,0,0,0,https://news.naver.com/main/read.nhn?mode=LSD&mid=sec&sid1=106&oid=609&aid=0000165791,1
고준희,"[Y메이커②] 스타일리스트 김지혜 ""고준희 '우결' 의상, 가장 만족""",연예,14,2019,09,14,9:00,7,7,0,0,0,0,0,0,0,0,0,https://news.naver.com/main/read.nhn?mode=LSD&mid=sec&sid1=106&oid=052&aid=0001342212,1
고준희,"[Y메이커①] ""견디지 않고 즐겨요""…스타일리스트 겸 디자이너 김지혜",연예,14,2019,09,14,9:00,12,12,0,0,0,0,0,0,0,0,0,https://news.naver.com/main/read.nhn?mode=LSD&mid=sec&sid1=106&oid=052&aid=0001342213,1
고준희,"“원조 단발병의 위엄” 고준희 근황, 물오른 미모 [EN스타]",연예,15,2019,09,21,11:31,1,1,0,0,0,0,0,0,0,0,0,https://news.naver.com/main/read.nhn?mode=LSD&mid=sec&sid1=106&oid=081&aid=0003030382,1
고준희,[경찰팀 24/7] 속이려는 살인의 기억···'뇌파'는 못 속인다,사회,15,2019,09,20,17:39,9,6,0,0,2,1,0,0,0,0,0,https://news.naver.com/main/read.nhn?mode=LSD&mid=sec&sid1=102&oid=011&aid=0003621964,1
고준희,"인스턴트펑크, PT 현장 속 셀럽들이 선택한 19 F/W 트렌드 공개",생활,15,2019,09,20,11:59,1,1,0,0,0,0,0,0,0,0,0,https://news.naver.com/main/read.nhn?mode=LSD&mid=sec&sid1=103&oid=241&aid=0002959057,1
고준희,"고준희 근황, 오늘도 단발병 유발하는 꽃미모 자랑",연예,15,2019,09,21,22:08,13,12,0,1,0,0,0,0,0,0,0,https://news.naver.com/main/read.nhn?mode=LSD&mid=sec&sid1=106&oid=082&aid=0000943001,1
고준희,"고준희, 씩씩한 근황..여전한 단발병 유발자+상큼 미모",연예,15,2019,09,21,23:50,3,3,0,0,0,0,0,0,0,0,0,https://news.naver.com/main/read.nhn?mode=LSD&mid=sec&sid1=106&oid=112&aid=0003214522,1
고준희,"‘단발 여신’ 고준희, 최근 어디가 변했나? ‘도발적인 섹시미’",연예,16,2019,09,27,21:49,38,30,0,8,0,0,0,0,0,0,0,https://news.naver.com/main/read.nhn?mode=LSD&mid=sec&sid1=106&oid=469&aid=0000426101,1
고준희,‘고준희 양 사건’처럼…화성연쇄살인도 법 최면 수사,사회,16,2019,09,26,19:22,4,1,0,0,3,0,0,0,0,0,0,https://news.naver.com/main/read.nhn?mode=LSD&mid=sec&sid1=102&oid=056&aid=0010747102,1
고준희,"""또 다른 가족""..고준희, 생일 케이크 앞 행복한 미소",연예,16,2019,09,23,24:23,2,1,0,1,0,0,0,0,0,0,0,https://news.naver.com/main/read.nhn?mode=LSD&mid=sec&sid1=106&oid=241&aid=0002959881,1
고준희,"고준희, 명불허전 단발 여신‥레드립까지 찰떡[SNS★컷]",연예,16,2019,09,28,11:21,5,5,0,0,0,0,0,0,0,0,0,https://news.naver.com/main/read.nhn?mode=LSD&mid=sec&sid1=106&oid=609&aid=0000178729,1
고준희,화성연쇄살인도 ‘최면수사’ 적용…용의자는 거부,사회,16,2019,09,26,21:40,6,0,0,0,6,0,0,0,0,0,0,https://news.naver.com/main/read.nhn?mode=LSD&mid=sec&sid1=102&oid=056&aid=0010747146,1
고준희,"고준희, ‘가을여신’ 등극 최근 근황 보니?",연예,16,2019,09,23,23:43,1,1,0,0,0,0,0,0,0,0,0,https://news.naver.com/main/read.nhn?mode=LSD&mid=sec&sid1=106&oid=469&aid=0000424706,1
고준희,"""사랑해, 내 맘 알지?""…고준희, 단발 여신의 생일 근황",연예,16,2019,09,23,11:32,1,1,0,0,0,0,0,0,0,0,0,https://news.naver.com/main/read.nhn?mode=LSD&mid=sec&sid1=106&oid=117&aid=0003277097,1
고준희,"고준희 생일파티 공개 “사랑해, 내 마음 알지?” [M+★SNS]",연예,16,2019,09,23,13:58,2,1,0,1,0,0,0,0,0,0,0,https://news.naver.com/main/read.nhn?mode=LSD&mid=sec&sid1=106&oid=057&aid=0001383822,1
고준희,"아동학대 약한 처벌에…제2, 3의 '고준희 양' 스러진다",사회,17,2019,09,30,11:18,47,0,0,0,47,0,0,0,0,0,0,https://news.naver.com/main/read.nhn?mode=LSD&mid=sec&sid1=102&oid=277&aid=0004544671,1
고준희,"""엄마 닮아 예뻤구나""..고준희, 엄마와 우아한 일상",연예,18,2019,10,12,15:24,15,13,0,2,0,0,0,0,0,0,0,https://news.naver.com/main/read.nhn?mode=LSD&mid=sec&sid1=106&oid=112&aid=0003222372,1
고준희,"“데칼코마니 모녀” 고준희, 미모의 어머니 공개 “더 잘할게”[EN스타]",연예,18,2019,10,12,16:57,6,5,0,1,0,0,0,0,0,0,0,https://news.naver.com/main/read.nhn?mode=LSD&mid=sec&sid1=106&oid=081&aid=0003035350,1
고준희,"고준희, 럭셔리+우아 분위기 ‘엄마 판박이였네’[SNS★컷]",연예,18,2019,10,12,17:35,19,15,0,4,0,0,0,0,0,0,0,https://news.naver.com/main/read.nhn?mode=LSD&mid=sec&sid1=106&oid=609&aid=0000186645,1
고준희,"'청순' 고준희, 숏컷→단발머리..미모는 한결 같아",연예,19,2019,10,19,8:43,2,1,0,1,0,0,0,0,0,0,0,https://news.naver.com/main/read.nhn?mode=LSD&mid=sec&sid1=106&oid=112&aid=0003224823,1
고준희,"[단독]모델 강소영, 포토그래퍼와 결혼..축사 유아인?하객 고준희(종합)",연예,19,2019,10,18,23:21,177,170,0,7,0,0,0,0,0,0,0,https://news.naver.com/main/read.nhn?mode=LSD&mid=sec&sid1=106&oid=109&aid=0004104521,1
고준희,"고준희, 롱부츠로 뽐낸 `마네킹 각선미`[똑똑SNS]",연예,19,2019,10,15,13:59,1,1,0,0,0,0,0,0,0,0,0,https://news.naver.com/main/read.nhn?mode=LSD&mid=sec&sid1=106&oid=410&aid=0000633306,1
고준희,"""엄마 사랑해"" 고준희, 엄마와 함께 '찰칵'",연예,19,2019,10,13,12:14,31,29,0,2,0,0,0,0,0,0,0,https://news.naver.com/main/read.nhn?mode=LSD&mid=sec&sid1=106&oid=277&aid=0004551782,1
고준희,"고준희 '핫팬츠+롱부츠, 마네킹 같은 레기룩'",연예,19,2019,10,13,1:52,8,7,0,1,0,0,0,0,0,0,0,https://news.naver.com/main/read.nhn?mode=LSD&mid=sec&sid1=106&oid=117&aid=0003286050,1
고준희,"[POP이슈]""아름다운 날"" 모델 강소영, 유아인 축사·고준희 등 축복 속 결혼(종합)",연예,19,2019,10,19,10:27,8,7,0,1,0,0,0,0,0,0,0,https://news.naver.com/main/read.nhn?mode=LSD&mid=sec&sid1=106&oid=112&aid=0003224858,1
고준희,모델 강소영 ‘품절녀’ 합류…사진가 니콜라이 안과 야외결혼식,연예,19,2019,10,19,12:02,7,7,0,0,0,0,0,0,0,0,0,https://news.naver.com/main/read.nhn?mode=LSD&mid=sec&sid1=106&oid=022&aid=0003406801,1
고준희,"모델 강소영, 사진가 니콜라이 안과 결혼…축사는 배우 유아인",연예,19,2019,10,19,9:29,2,2,0,0,0,0,0,0,0,0,0,https://news.naver.com/main/read.nhn?mode=LSD&mid=sec&sid1=106&oid=144&aid=0000637549,1
고준희,"고준희, 루머 후 반가운 근황…여전한 여신 비주얼",연예,20,2019,10,25,13:51,2,2,0,0,0,0,0,0,0,0,0,https://news.naver.com/main/read.nhn?mode=LSD&mid=sec&sid1=106&oid=112&aid=0003227393,1
고준희,"고준희, 어머니와 패션도 미모도 똑같네..다정한 모녀[★SHOT!]",연예,20,2019,10,21,22:36,5,5,0,0,0,0,0,0,0,0,0,https://news.naver.com/main/read.nhn?mode=LSD&mid=sec&sid1=106&oid=109&aid=0004105843,1
고준희,"고준희, 더 예뻐진 근황 공개 ‘호피 롱부츠로 섹시美↑’ [SNS★컷]",연예,20,2019,10,25,13:52,1,1,0,0,0,0,0,0,0,0,0,https://news.naver.com/main/read.nhn?mode=LSD&mid=sec&sid1=106&oid=609&aid=0000193074,1
고준희,"고준희, 명불허전 단발 여신..언제 봐도 예쁨은 그대로",연예,20,2019,10,21,22:06,9,9,0,0,0,0,0,0,0,0,0,https://news.naver.com/main/read.nhn?mode=LSD&mid=sec&sid1=106&oid=112&aid=0003225804,1
고준희,"고준희, 가을 맞은 단발 여신 ‘압도적 분위기’[SNS★컷]",연예,20,2019,10,21,22:02,8,7,0,1,0,0,0,0,0,0,0,https://news.naver.com/main/read.nhn?mode=LSD&mid=sec&sid1=106&oid=609&aid=0000191018,1
고준희,"[HI★뭐하세요?] ‘단발여신’ 고준희, 일상 속 감출 수 없는 美의 여신",연예,20,2019,10,22,15:24,3,3,0,0,0,0,0,0,0,0,0,https://news.naver.com/main/read.nhn?mode=LSD&mid=sec&sid1=106&oid=469&aid=0000433005,1
고준희,"고준희, 남다른 패션 센스 뽐내는 최근 일상샷 포착!",연예,21,2019,11,02,13:06,1,0,0,1,0,0,0,0,0,0,0,https://news.naver.com/main/read.nhn?mode=LSD&mid=sec&sid1=106&oid=469&aid=0000436520,1
고준희,아웃도어 패션 시장 무너진다···15년 만에 韓 떠나는 라푸마,경제,21,2019,10,28,11:43,509,361,14,54,60,20,0,0,0,0,0,https://news.naver.com/main/read.nhn?mode=LSD&mid=sec&sid1=101&oid=025&aid=0002948193,1
고준희,"아웃도어 침체로...LF, 라푸마 철수",생활,21,2019,10,28,17:24,4,0,0,1,3,0,0,0,0,0,0,https://news.naver.com/main/read.nhn?mode=LSD&mid=sec&sid1=103&oid=011&aid=0003641785,1
고준희,'컬투쇼' 노을X이석훈이 밝힌 #결혼 #축가 #단발여신 #신곡 [종합],연예,23,2019,11,14,16:28,1,1,0,0,0,0,0,0,0,0,0,https://news.naver.com/main/read.nhn?mode=LSD&mid=sec&sid1=106&oid=311&aid=0001074478,1
고준희,"술병에서 구한 내 ★, 그 후는? [스경X기획]",연예,23,2019,11,12,11:34,1,0,0,1,0,0,0,0,0,0,0,https://news.naver.com/main/read.nhn?mode=LSD&mid=sec&sid1=106&oid=144&aid=0000641742,1
고준희,"""축가 불러주길""..'컬투쇼' 노을X이석훈 밝힌 #이상곤♥연송하 결혼 #강균성 단발[종합]",연예,23,2019,11,14,15:57,6,6,0,0,0,0,0,0,0,0,0,https://news.naver.com/main/read.nhn?mode=LSD&mid=sec&sid1=106&oid=112&aid=0003235355,1
고준희,"고준희, 박해진 소속사와 새 출발",연예,24,2019,11,18,10:07,15,15,0,0,0,0,0,0,0,0,0,https://news.naver.com/main/read.nhn?mode=LSD&mid=sec&sid1=106&oid=079&aid=0003292548,1
고준희,"고준희, 마운틴무브먼트에서 새 출발...박해진과 한솥밥",연예,24,2019,11,18,9:08,5,3,0,2,0,0,0,0,0,0,0,https://news.naver.com/main/read.nhn?mode=LSD&mid=sec&sid1=106&oid=052&aid=0001366819,1
고준희,"[단독] 고준희, 봉사활동으로 활동 재개…7개월 만의 행보",연예,24,2019,11,20,10:03,23,22,0,1,0,0,0,0,0,0,0,https://news.naver.com/main/read.nhn?mode=LSD&mid=sec&sid1=106&oid=421&aid=0004314751,1
고준희,"고준희 “이제 곧 새로운 출발”, 좋은 소식 알릴 듯",연예,24,2019,11,18,7:45,6,3,0,3,0,0,0,0,0,0,0,https://news.naver.com/main/read.nhn?mode=LSD&mid=sec&sid1=106&oid=117&aid=0003302050,1
고준희,"[팝업★]YG 떠난 고준희, 마운트무브먼트와 새출발‥악성 루머 딛고 펼칠 도약",연예,24,2019,11,18,13:05,6,6,0,0,0,0,0,0,0,0,0,https://news.naver.com/main/read.nhn?mode=LSD&mid=sec&sid1=106&oid=112&aid=0003236630,1
고준희,"[방송소식] 고준희, 박해진 소속사와 전속계약 外",생활,24,2019,11,18,9:37,5,2,0,0,3,0,0,0,0,0,0,https://news.naver.com/main/read.nhn?mode=LSD&mid=sec&sid1=103&oid=001&aid=0011218652,1
고준희,"고준희, 새 둥지 찾았다…박해진 소속사와 전속계약[공식]",연예,24,2019,11,18,8:34,8,8,0,0,0,0,0,0,0,0,0,https://news.naver.com/main/read.nhn?mode=LSD&mid=sec&sid1=106&oid=468&aid=0000593188,1
고준희,"고준희, 황당 루머 극복하고 활동 재개…박해진과 한솥밥",연예,24,2019,11,18,14:57,14,14,0,0,0,0,0,0,0,0,0,https://news.naver.com/main/read.nhn?mode=LSD&mid=sec&sid1=106&oid=015&aid=0004243239,1
고준희,"고준희, 박해진과 한솥밥···마운틴무브먼트 계약",연예,24,2019,11,18,9:11,4,4,0,0,0,0,0,0,0,0,0,https://news.naver.com/main/read.nhn?mode=LSD&mid=sec&sid1=106&oid=003&aid=0009561785,1
고준희,"고준희, 박해진과 한솥밥 ""지원아끼지 않을것""[공식]",연예,24,2019,11,18,10:20,2,2,0,0,0,0,0,0,0,0,0,https://news.naver.com/main/read.nhn?mode=LSD&mid=sec&sid1=106&oid=404&aid=0000256724,1
고준희,"고준희 활동재개, 마운틴무브먼트와 전속계약 '새로운 출발'",연예,24,2019,11,20,23:58,4,3,0,1,0,0,0,0,0,0,0,https://news.naver.com/main/read.nhn?mode=LSD&mid=sec&sid1=106&oid=082&aid=0000959685,1
고준희,"고준희, 연말 소외이웃 위한 무료급식 봉사",생활,25,2019,11,29,10:37,8,3,1,0,4,0,0,0,0,0,0,https://news.naver.com/main/read.nhn?mode=LSD&mid=sec&sid1=103&oid=001&aid=0011245952,1
고준희,"고준희, 새 소속사 첫 행보 봉사활동 ""설레고 행복한 마음""",연예,25,2019,11,29,19:02,8,8,0,0,0,0,0,0,0,0,0,https://news.naver.com/main/read.nhn?mode=LSD&mid=sec&sid1=106&oid=241&aid=0002984072,1
고준희,"고준희, 연말 급식 봉사…독거노인 돕기 나서",연예,25,2019,11,29,11:04,3,3,0,0,0,0,0,0,0,0,0,https://news.naver.com/main/read.nhn?mode=LSD&mid=sec&sid1=106&oid=015&aid=0004249488,1
고준희,"[Y터뷰①] ""저도 누군가의 딸이자 평범한 사람""...고준희의 바람",연예,26,2019,12,07,8:00,12,11,0,1,0,0,0,0,0,0,0,https://news.naver.com/main/read.nhn?mode=LSD&mid=sec&sid1=106&oid=052&aid=0001374214,1
고준희,"[방송소식] 고준희, '핑크페스타'로 예능 MC 신고식 外",생활,26,2019,12,05,9:22,2,0,1,0,1,0,0,0,0,0,0,https://news.naver.com/main/read.nhn?mode=LSD&mid=sec&sid1=103&oid=001&aid=0011256922,1
고준희,"[Y터뷰②] 고준희 ""목표는 좋은 에너지 주는 배우…밝은 작품 하고파""",연예,26,2019,12,07,8:00,7,5,0,2,0,0,0,0,0,0,0,https://news.naver.com/main/read.nhn?mode=LSD&mid=sec&sid1=106&oid=052&aid=0001374215,1
고준희,"젤리피쉬 김민규, 뷰티 예능 MC 나선다…고준희와 나란히",연예,26,2019,12,06,9:16,39,39,0,0,0,0,0,0,0,0,0,https://news.naver.com/main/read.nhn?mode=LSD&mid=sec&sid1=106&oid=421&aid=0004344373,1
고준희,"고준희 ""과거에 발목NO, 전진할 것"" 미소로 돌아온 ★[e스타톡]",연예,26,2019,12,06,7:59,18,16,0,2,0,0,0,0,0,0,0,https://news.naver.com/main/read.nhn?mode=LSD&mid=sec&sid1=106&oid=404&aid=0000257893,1
고준희,"고준희, '핑크페스타'로 복귀…김종국·광희·김민규·쿤과 'K-뷰티 전도'",연예,26,2019,12,05,9:41,16,16,0,0,0,0,0,0,0,0,0,https://news.naver.com/main/read.nhn?mode=LSD&mid=sec&sid1=106&oid=015&aid=0004252534,1
고준희,"고준희, 루머·악플 법적 대응 ""악플러 벌금형 기소""",연예,26,2019,12,02,11:11,6,6,0,0,0,0,0,0,0,0,0,https://news.naver.com/main/read.nhn?mode=LSD&mid=sec&sid1=106&oid=088&aid=0000622853,1
고준희,"고준희, '핑크페스타'로 예능 MC 신고식...K뷰티 알린다",연예,26,2019,12,05,9:52,2,2,0,0,0,0,0,0,0,0,0,https://news.naver.com/main/read.nhn?mode=LSD&mid=sec&sid1=106&oid=052&aid=0001373393,1
고준희,"고준희, '완판녀' 명성 이어 뷰티 예능 MC 발탁",연예,26,2019,12,05,9:24,3,3,0,0,0,0,0,0,0,0,0,https://news.naver.com/main/read.nhn?mode=LSD&mid=sec&sid1=106&oid=241&aid=0002985687,1
고준희,"젤리피쉬 김민규, 뷰티예능 '핑크페스타' MC발탁…김종국·고준희·광희 등과 예능케미 예고",연예,26,2019,12,06,14:49,6,6,0,0,0,0,0,0,0,0,0,https://news.naver.com/main/read.nhn?mode=LSD&mid=sec&sid1=106&oid=030&aid=0002855841,1
고준희,"‘핑크페스타’ 고준희·김종국·광희, MC 확정…中 왕홍과 함께한다",연예,26,2019,12,05,10:16,17,17,0,0,0,0,0,0,0,0,0,https://news.naver.com/main/read.nhn?mode=LSD&mid=sec&sid1=106&oid=144&aid=0000645626,1
고준희,고준희 ‘핑크페스타’ 출연 확정! ‘K-Beauty의 아이콘으로 활약’,연예,26,2019,12,05,15:26,1,1,0,0,0,0,0,0,0,0,0,https://news.naver.com/main/read.nhn?mode=LSD&mid=sec&sid1=106&oid=469&aid=0000446151,1
고준희,"K뷰티 알린다...'핑크페스타', 고준희·김종국·광희·쿤·김민규 출연 확정",연예,26,2019,12,05,11:25,6,6,0,0,0,0,0,0,0,0,0,https://news.naver.com/main/read.nhn?mode=LSD&mid=sec&sid1=106&oid=052&aid=0001373452,1
고준희,"고준희 ""악플·루머 32건 수사 마무리 단계…지속적 대응""",연예,26,2019,12,02,22:59,5,3,0,2,0,0,0,0,0,0,0,https://news.naver.com/main/read.nhn?mode=LSD&mid=sec&sid1=106&oid=025&aid=0002957341,1
고준희,"고준희 측 ""악성 루머 피의자들, 벌금 등으로 기소돼""",연예,26,2019,12,02,18:28,6,6,0,0,0,0,0,0,0,0,0,https://news.naver.com/main/read.nhn?mode=LSD&mid=sec&sid1=106&oid=079&aid=0003297816,1
고준희,"고준희 측 ""악플러에 법적 조치...강경한 법적 대응할 것"" (공식)",연예,26,2019,12,02,9:58,5,5,0,0,0,0,0,0,0,0,0,https://news.naver.com/main/read.nhn?mode=LSD&mid=sec&sid1=106&oid=052&aid=0001372083,1
고준희,"고준희, 독거노인 위한 무료급식소 봉사활동…""사랑 나눌 것""",연예,27,2019,12,13,9:39,6,6,0,0,0,0,0,0,0,0,0,https://news.naver.com/main/read.nhn?mode=LSD&mid=sec&sid1=106&oid=052&aid=0001376442,1
고준희,"고준희 ""악플은 한 사람의 삶과 가정을 흔드는 행위""",생활,27,2019,12,14,10:01,4,1,0,0,3,0,0,0,0,0,0,https://news.naver.com/main/read.nhn?mode=LSD&mid=sec&sid1=103&oid=586&aid=0000010606,1
고준희,고준희 “슬럼프 넘기니 일이 즐거워졌죠” [M+인터뷰②],연예,27,2019,12,14,9:10,2,2,0,0,0,0,0,0,0,0,0,https://news.naver.com/main/read.nhn?mode=LSD&mid=sec&sid1=106&oid=057&aid=0001403372,1
고준희,"“전 피해자일 뿐이에요”…고준희, 아픔 딛고 일어서다 [M+인터뷰①]",연예,27,2019,12,14,9:10,14,8,0,6,0,0,0,0,0,0,0,https://news.naver.com/main/read.nhn?mode=LSD&mid=sec&sid1=106&oid=057&aid=0001403370,-1
고준희,"‘루머 피해자’ 고준희, 다시 환하게 웃을 수 있길 [MK★인터뷰]",연예,27,2019,12,13,8:31,5,3,0,2,0,0,0,0,0,0,0,https://news.naver.com/main/read.nhn?mode=LSD&mid=sec&sid1=106&oid=410&aid=0000651897,-1
고준희,"고준희, 명불허전 '단발 여신'…""물오른 미모""",연예,27,2019,12,10,20:31,11,10,0,1,0,0,0,0,0,0,0,https://news.naver.com/main/read.nhn?mode=LSD&mid=sec&sid1=106&oid=076&aid=0003507515,1
고준희,"타의로 활동 쉰 고준희 ""지금도 완벽히 치유되진 않았어요""",연예,27,2019,12,10,4:07,1,1,0,0,0,0,0,0,0,0,0,https://news.naver.com/main/read.nhn?mode=LSD&mid=sec&sid1=106&oid=079&aid=0003300072,1
고준희,"고준희, 어머니와 무료급식 봉사 ""따뜻함 배워""",연예,27,2019,12,13,10:29,1,1,0,0,0,0,0,0,0,0,0,https://news.naver.com/main/read.nhn?mode=LSD&mid=sec&sid1=106&oid=003&aid=0009605893,1
고준희,"고준희, 독거노인 위한 무료급식소 봉사활동…온기 전했다",연예,27,2019,12,13,8:49,1,1,0,0,0,0,0,0,0,0,0,https://news.naver.com/main/read.nhn?mode=LSD&mid=sec&sid1=106&oid=421&aid=0004355834,1
고준희,"고준희, 무료급식소 봉사 소감 ""너무 행복한 선물""",연예,27,2019,12,13,11:12,3,3,0,0,0,0,0,0,0,0,0,https://news.naver.com/main/read.nhn?mode=LSD&mid=sec&sid1=106&oid=018&aid=0004536491,1
고준희,"고준희, 시크한 단발로 청순미 물씬 [★해시태그]",연예,27,2019,12,10,18:18,15,15,0,0,0,0,0,0,0,0,0,https://news.naver.com/main/read.nhn?mode=LSD&mid=sec&sid1=106&oid=311&aid=0001085395,1
고준희,"‘단발여신’ 고준희, 물오른 ‘고혹적인 섹시미’",연예,27,2019,12,10,22:52,3,2,0,1,0,0,0,0,0,0,0,https://news.naver.com/main/read.nhn?mode=LSD&mid=sec&sid1=106&oid=469&aid=0000447507,1
고준희,"고준희, 7개월 공백 깬 '꽃단발' 미모(ft. 단발병 유발주의) [★SHOT!]",연예,27,2019,12,10,19:41,5,4,0,1,0,0,0,0,0,0,0,https://news.naver.com/main/read.nhn?mode=LSD&mid=sec&sid1=106&oid=109&aid=0004133338,1
고준희,"‘방송활동 재개’ 고준희, 물오른 우아 미모로 남심 저격[SNS★컷]",연예,27,2019,12,10,24:28,4,3,0,0,0,0,0,0,1,0,0,https://news.naver.com/main/read.nhn?mode=LSD&mid=sec&sid1=106&oid=609&aid=0000216370,1
고준희,"고준희, 中 최대 패션매거진 어워즈 수상...""최선 다해 활동할 것""",연예,28,2019,12,20,10:46,2,2,0,0,0,0,0,0,0,0,0,https://news.naver.com/main/read.nhn?mode=LSD&mid=sec&sid1=106&oid=052&aid=0001379134,1
고준희,"고준희 ""뷰티여신으로 거듭나겠다""···핑크페스타 MC",연예,28,2019,12,18,17:48,2,2,0,0,0,0,0,0,0,0,0,https://news.naver.com/main/read.nhn?mode=LSD&mid=sec&sid1=106&oid=003&aid=0009614561,1
고준희,"[스브수다] 아픔 딛고 돌아온 고준희 ""스스로 성숙해진 시간""",연예,28,2019,12,19,9:31,40,40,0,0,0,0,0,0,0,0,0,https://news.naver.com/main/read.nhn?mode=LSD&mid=sec&sid1=106&oid=416&aid=0000252876,1
고준희,"'핑크페스타' 고준희 ""나만의 뷰티팁? 좋은 화장품 쓰면 돼""",연예,28,2019,12,18,16:50,3,3,0,0,0,0,0,0,0,0,0,https://news.naver.com/main/read.nhn?mode=LSD&mid=sec&sid1=106&oid=312&aid=0000426405,1
고준희,[SC타임머신] '단발여신' 고준희는 언제부터? 16년 전으로 GO GO!,연예,28,2019,12,19,7:01,7,7,0,0,0,0,0,0,0,0,0,https://news.naver.com/main/read.nhn?mode=LSD&mid=sec&sid1=106&oid=076&aid=0003510858,1
고준희,"'핑크페스타' 고준희 ""중국어 실력? 긴급할 때 사용하는 정도""",연예,28,2019,12,18,17:08,2,2,0,0,0,0,0,0,0,0,0,https://news.naver.com/main/read.nhn?mode=LSD&mid=sec&sid1=106&oid=108&aid=0002830937,1
고준희,"'핑크페스타' 고준희 ""3년 전 찍은 中드라마, 아직도 불방""",연예,28,2019,12,18,18:47,3,2,0,1,0,0,0,0,0,0,0,https://news.naver.com/main/read.nhn?mode=LSD&mid=sec&sid1=106&oid=629&aid=0000007166,1
고준희,"고준희, 소속사 이적 후 날개달았다..2020년 활약이 기대되는 ★[별별e슈]",연예,28,2019,12,20,11:33,3,3,0,0,0,0,0,0,0,0,0,https://news.naver.com/main/read.nhn?mode=LSD&mid=sec&sid1=106&oid=404&aid=0000258674,1
고준희,"'워너비 한류스타’ 고준희, 中 최대 패션매거진 어워즈 수상 ‘영예’",연예,28,2019,12,20,8:34,7,6,0,1,0,0,0,0,0,0,0,https://news.naver.com/main/read.nhn?mode=LSD&mid=sec&sid1=106&oid=215&aid=0000832962,1
고준희,"고준희, 中 최대 패션매거진 어워즈 수상 ‘아시아 스타일 아티스트상’",연예,28,2019,12,20,16:51,3,3,0,0,0,0,0,0,0,0,0,https://news.naver.com/main/read.nhn?mode=LSD&mid=sec&sid1=106&oid=015&aid=0004260781,1
고준희,"'핑크페스타' 고준희 ""뷰티프로 첫 MC, '뷰티여신' 호칭 감사""",연예,28,2019,12,18,16:51,14,13,0,1,0,0,0,0,0,0,0,https://news.naver.com/main/read.nhn?mode=LSD&mid=sec&sid1=106&oid=076&aid=0003510676,1
고준희,"‘뷰알못’ 고준희, ‘핑크페스타’ 통해 K뷰티 전한다(종합)[MK★현장]",연예,28,2019,12,18,17:49,2,2,0,0,0,0,0,0,0,0,0,https://news.naver.com/main/read.nhn?mode=LSD&mid=sec&sid1=106&oid=410&aid=0000653621,1
고준희,"`핑크페스타` 고준희 ""저는 `뷰알못`…왕홍들에 팁 배울 것""",연예,28,2019,12,18,17:16,1,1,0,0,0,0,0,0,0,0,0,https://news.naver.com/main/read.nhn?mode=LSD&mid=sec&sid1=106&oid=009&aid=0004484890,1
고준희,"""고준희, 중국 여성들의 워너비 스타""(핑크페스타)",연예,28,2019,12,18,16:51,9,8,0,1,0,0,0,0,0,0,0,https://news.naver.com/main/read.nhn?mode=LSD&mid=sec&sid1=106&oid=408&aid=0000083437,1
고준희,'핑크페스타'서 그려질 '뷰알못' 고준희의 MC 도전기[종합],연예,28,2019,12,18,17:16,2,2,0,0,0,0,0,0,0,0,0,https://news.naver.com/main/read.nhn?mode=LSD&mid=sec&sid1=106&oid=108&aid=0002830943,1
고준희,"[SC현장] ""뷰알못, K-뷰티 알릴것""…'복귀' 고준희, '핑크페스타' 당찬 출사표(종합)",연예,28,2019,12,18,17:22,8,8,0,0,0,0,0,0,0,0,0,https://news.naver.com/main/read.nhn?mode=LSD&mid=sec&sid1=106&oid=076&aid=0003510720,1
고준희,"`핑크페스타` 고준희 ""뷰티 팁? 물 많이 마시고 광합성""",연예,28,2019,12,18,17:11,3,3,0,0,0,0,0,0,0,0,0,https://news.naver.com/main/read.nhn?mode=LSD&mid=sec&sid1=106&oid=009&aid=0004484877,1
고준희,"'핑크페스타' 고준희, 누가 뷰알못이래? 작정하고 섹시해진 '단발여신' [★SHOT!]",연예,28,2019,12,18,18:48,4,4,0,0,0,0,0,0,0,0,0,https://news.naver.com/main/read.nhn?mode=LSD&mid=sec&sid1=106&oid=109&aid=0004137443,1
고준희,"'핑크페스타' 고준희, MC 도전 첫 방송 '합격점'",연예,29,2019,12,27,8:35,7,7,0,0,0,0,0,0,0,0,0,https://news.naver.com/main/read.nhn?mode=LSD&mid=sec&sid1=106&oid=076&aid=0003513329,1
고준희,"고준희, 亞 스타일 아티스트상 수상…신데렐라 드레스로 여신 자태",연예,29,2019,12,26,11:24,1,1,0,0,0,0,0,0,0,0,0,https://news.naver.com/main/read.nhn?mode=LSD&mid=sec&sid1=106&oid=052&aid=0001381152,1
고준희,"[투데이 연예톡톡] 고준희, 中 아시아 스타일 아티스트 상",연예,29,2019,12,27,7:00,1,1,0,0,0,0,0,0,0,0,0,https://news.naver.com/main/read.nhn?mode=LSD&mid=sec&sid1=106&oid=214&aid=0001003312,1
고준희,"[인터뷰]""전지현·고준희 보며 K뷰티 위력 느꼈죠""",연예,29,2019,12,24,11:18,4,4,0,0,0,0,0,0,0,0,0,https://news.naver.com/main/read.nhn?mode=LSD&mid=sec&sid1=106&oid=003&aid=0009622738,1
고준희,[인터뷰] 고준희의 당당함이 반가운 이유,연예,29,2019,12,23,18:28,13,12,0,1,0,0,0,0,0,0,0,https://news.naver.com/main/read.nhn?mode=LSD&mid=sec&sid1=106&oid=011&aid=0003670530,1
고준희,"[포토]고준희, 코트 속 돋보이는 청청패션",연예,29,2019,12,23,8:08,7,7,0,0,0,0,0,0,0,0,0,https://news.naver.com/main/read.nhn?mode=LSD&mid=sec&sid1=106&oid=112&aid=0003249238,1
고준희,"고준희, “제가 차가운 느낌인가요. 소속사 대표는 저를 ‘나무늘보’라 불러요”",연예,29,2019,12,24,15:23,8,7,0,1,0,0,0,0,0,0,0,https://news.naver.com/main/read.nhn?mode=LSD&mid=sec&sid1=106&oid=016&aid=0001617586,1
고준희,"고준희, '핑크페스타'로 뷰티 MC 도전…첫 방송 '합격점'",연예,29,2019,12,27,11:40,3,3,0,0,0,0,0,0,0,0,0,https://news.naver.com/main/read.nhn?mode=LSD&mid=sec&sid1=106&oid=421&aid=0004378801,1
고준희,"고준희, '핑크 페스타'로 MC 첫 도전 '합격점'",연예,29,2019,12,27,9:35,4,4,0,0,0,0,0,0,0,0,0,https://news.naver.com/main/read.nhn?mode=LSD&mid=sec&sid1=106&oid=629&aid=0000008138,1
고준희,"'핑크페스타' 고준희, MC 도전 첫 방송..똑부러지는 진행실력 선보여",연예,29,2019,12,27,9:59,1,1,0,0,0,0,0,0,0,0,0,https://news.naver.com/main/read.nhn?mode=LSD&mid=sec&sid1=106&oid=011&aid=0003671998,1
고준희,"고준희, 중국 홀렸다 '아시아 스타일 아티스트상'",연예,29,2019,12,26,10:15,3,3,0,0,0,0,0,0,0,0,0,https://news.naver.com/main/read.nhn?mode=LSD&mid=sec&sid1=106&oid=003&aid=0009625151,1
고준희,"고준희, 亞 홀린 순백 드레스 자태 '청초·우아'",연예,29,2019,12,26,16:09,1,1,0,0,0,0,0,0,0,0,0,https://news.naver.com/main/read.nhn?mode=LSD&mid=sec&sid1=106&oid=404&aid=0000258888,1
고준희,"고준희, 中 아시아 스타일 아티스트상 수상",연예,29,2019,12,26,9:36,4,4,0,0,0,0,0,0,0,0,0,https://news.naver.com/main/read.nhn?mode=LSD&mid=sec&sid1=106&oid=144&aid=0000648897,1
고준희,"고준희, 中서 '아시아 스타일 아티스트상' 수상..여신 드레스 자태에 '찬사'",연예,29,2019,12,26,9:32,2,2,0,0,0,0,0,0,0,0,0,https://news.naver.com/main/read.nhn?mode=LSD&mid=sec&sid1=106&oid=011&aid=0003671394,1
고준희,"[포토]고준희, 미소에 홀릭",연예,29,2019,12,23,8:15,5,5,0,0,0,0,0,0,0,0,0,https://news.naver.com/main/read.nhn?mode=LSD&mid=sec&sid1=106&oid=112&aid=0003249248,1
고준희,[TEN PHOTO]고준희 '여권은 두 손으로',연예,29,2019,12,23,8:10,1,1,0,0,0,0,0,0,0,0,0,https://news.naver.com/main/read.nhn?mode=LSD&mid=sec&sid1=106&oid=312&aid=0000426990,1
고준희,[TEN PHOTO]고준희 '미모 돋보이는 아침 인사',연예,29,2019,12,23,8:19,5,5,0,0,0,0,0,0,0,0,0,https://news.naver.com/main/read.nhn?mode=LSD&mid=sec&sid1=106&oid=312&aid=0000426997,1
고준희,[TEN PHOTO]고준희 '청청 패션의 정석',연예,29,2019,12,23,8:17,5,5,0,0,0,0,0,0,0,0,0,https://news.naver.com/main/read.nhn?mode=LSD&mid=sec&sid1=106&oid=312&aid=0000426996,1
고준희,"[포토]고준희, '사람이야 인형이야'",연예,30,2020,01,04,19:06,9,9,0,0,0,0,0,0,0,0,0,https://news.naver.com/main/read.nhn?mode=LSD&mid=sec&sid1=106&oid=241&aid=0002993530,1
고준희,[포토] 고준희 '아이돌이 반한 똑단발',연예,30,2020,01,04,18:20,4,4,0,0,0,0,0,0,0,0,0,https://news.naver.com/main/read.nhn?mode=LSD&mid=sec&sid1=106&oid=241&aid=0002993436,1
고준희,"고준희, 세련美 넘치는 단발 여신",연예,30,2019,12,31,8:10,7,7,0,0,0,0,0,0,0,0,0,https://news.naver.com/main/read.nhn?mode=LSD&mid=sec&sid1=106&oid=469&aid=0000453175,1
고준희,"고준희, 완벽 8등신 각선미 ""2019년 '핑크페스타'와 마지막 밤"" [★해시태그]",연예,30,2020,01,01,12:10,9,9,0,0,0,0,0,0,0,0,0,https://news.naver.com/main/read.nhn?mode=LSD&mid=sec&sid1=106&oid=311&aid=0001093939,1
고준희,"[포토]고준희, '치명적인 아름다움'",연예,30,2020,01,04,19:05,1,1,0,0,0,0,0,0,0,0,0,https://news.naver.com/main/read.nhn?mode=LSD&mid=sec&sid1=106&oid=241&aid=0002993527,1
고준희,"[포토]고준희, '귀여운 틱톡 인형들고'",연예,30,2020,01,04,19:07,3,3,0,0,0,0,0,0,0,0,0,https://news.naver.com/main/read.nhn?mode=LSD&mid=sec&sid1=106&oid=241&aid=0002993532,1
고준희,[포토] 고준희 '시상이 더 떨려요',연예,30,2020,01,04,18:19,2,2,0,0,0,0,0,0,0,0,0,https://news.naver.com/main/read.nhn?mode=LSD&mid=sec&sid1=106&oid=241&aid=0002993433,1
고준희,"고준희, 무표정한 인형 같은 미모..시크美 뚝뚝",연예,30,2019,12,31,10:43,6,6,0,0,0,0,0,0,0,0,0,https://news.naver.com/main/read.nhn?mode=LSD&mid=sec&sid1=106&oid=112&aid=0003251964,1
고준희,"고준희, 일상도 화보 만드는 독보적 분위기 ‘단발병 유발’[SNS★컷]",연예,30,2019,12,30,22:21,10,10,0,0,0,0,0,0,0,0,0,https://news.naver.com/main/read.nhn?mode=LSD&mid=sec&sid1=106&oid=609&aid=0000225985,1
고준희,"고준희, 청순↔섹시 韓中 시상식 2색 드레스 자태로 시선 싹슬이",연예,31,2020,01,07,10:38,1,1,0,0,0,0,0,0,0,0,0,https://news.naver.com/main/read.nhn?mode=LSD&mid=sec&sid1=106&oid=052&aid=0001385349,1
고준희,"고준희, 이 잘록허리 실화? 넘사벽 美친 미모",연예,31,2020,01,05,7:45,12,12,0,0,0,0,0,0,0,0,0,https://news.naver.com/main/read.nhn?mode=LSD&mid=sec&sid1=106&oid=112&aid=0003253688,1
고준희,차승원 이어 손호준 YG 재계약…인연 이어간다 [공식입장],연예,31,2020,01,10,14:33,84,83,0,1,0,0,0,0,0,0,0,https://news.naver.com/main/read.nhn?mode=LSD&mid=sec&sid1=106&oid=382&aid=0000790232,1
고준희,"동아일보, 초중고생 위한 ‘4차 산업혁명’ 시대 역량 강화 캠프 마련",사회,31,2020,01,09,14:58,10,9,0,0,1,0,0,0,0,0,0,https://news.naver.com/main/read.nhn?mode=LSD&mid=sec&sid1=102&oid=020&aid=0003263369,1
고준희,"강동원·차승원·손호준·이성경, YG와 재계약…의리 이어간다 [종합]",연예,31,2020,01,11,12:39,26,25,0,1,0,0,0,0,0,0,0,https://news.naver.com/main/read.nhn?mode=LSD&mid=sec&sid1=106&oid=311&aid=0001098200,1
고준희,"[34회 골든] 정우성 턱시도→김태희 드레스, 무대만큼 화려한 시상자 패션",연예,31,2020,01,06,8:02,10,10,0,0,0,0,0,0,0,0,0,https://news.naver.com/main/read.nhn?mode=LSD&mid=sec&sid1=106&oid=241&aid=0002994385,1
고준희,"[TEN 인터뷰] 강미래 ""중국서 연기 유학...깊이 있는 배우 될 때까지 분투해야죠""",연예,31,2020,01,07,19:35,19,19,0,0,0,0,0,0,0,0,0,https://news.naver.com/main/read.nhn?mode=LSD&mid=sec&sid1=106&oid=312&aid=0000429700,1
고준희,"고준희, 시상식 격조 높이는 드레스 자태…글로벌 한류스타 매력발산",연예,31,2020,01,07,10:03,3,3,0,0,0,0,0,0,0,0,0,https://news.naver.com/main/read.nhn?mode=LSD&mid=sec&sid1=106&oid=215&aid=0000836821,1
고준희,"고준희, 韓·中 시상식 오가며 여신 드레스 자태로 '시선집중'",연예,31,2020,01,07,14:57,4,4,0,0,0,0,0,0,0,0,0,https://news.naver.com/main/read.nhn?mode=LSD&mid=sec&sid1=106&oid=016&aid=0001621693,1
고준희,"고준희, 韓·中 시상식 격조 높이는 드레스 자태 ‘시선 강탈’",연예,31,2020,01,07,10:30,6,5,0,1,0,0,0,0,0,0,0,https://news.naver.com/main/read.nhn?mode=LSD&mid=sec&sid1=106&oid=410&aid=0000658863,1
고준희,"고준희, 韓·中 시상식 오가며 범접불가 여신 드레스 자태 '시선집중'",연예,31,2020,01,07,24:41,2,2,0,0,0,0,0,0,0,0,0,https://news.naver.com/main/read.nhn?mode=LSD&mid=sec&sid1=106&oid=011&aid=0003676750,1
고준희,강동원·손호준·차승원 'YG 재계약' 완료…'의리의' YG 재도약할까 [종합],연예,31,2020,01,10,20:31,8,8,0,0,0,0,0,0,0,0,0,https://news.naver.com/main/read.nhn?mode=LSD&mid=sec&sid1=106&oid=076&aid=0003518665,1
고준희,"[팝업★]""5년 의리 지켰다"" 강동원, 차승원-손호준 이어 지난해 YG엔터와 재계약",연예,31,2020,01,10,21:00,6,6,0,0,0,0,0,0,0,0,0,https://news.naver.com/main/read.nhn?mode=LSD&mid=sec&sid1=106&oid=112&aid=0003256008,1
고준희,"[단독]‘달라진 YG’ 차승원이어 손호준도 재계약 성공, 빅뱅도?",연예,31,2020,01,10,13:45,56,56,0,0,0,0,0,0,0,0,0,https://news.naver.com/main/read.nhn?mode=LSD&mid=sec&sid1=106&oid=609&aid=0000231714,1
고준희,강동원·차승원부터 이성경까지 YG에 남는다…빅뱅 재계약도 청신호 켜지나 [종합],연예,31,2020,01,11,12:46,79,79,0,0,0,0,0,0,0,0,0,https://news.naver.com/main/read.nhn?mode=LSD&mid=sec&sid1=106&oid=144&aid=0000651129,1
고준희,"[★포토]고준희, 편안하지만 세련된 공항패션 '눈길'",연예,33,2020,01,25,9:34,1,1,0,0,0,0,0,0,0,0,0,https://news.naver.com/main/read.nhn?mode=LSD&mid=sec&sid1=106&oid=468&aid=0000619004,1
고준희,"[포토] 고준희, ‘달콤한 눈빛 하트’",연예,33,2020,01,24,17:48,3,3,0,0,0,0,0,0,0,0,0,https://news.naver.com/main/read.nhn?mode=LSD&mid=sec&sid1=106&oid=014&aid=0004362683,1
고준희,고준희 '싱그러운 미소'[엑's HD포토],연예,33,2020,01,24,17:53,3,3,0,0,0,0,0,0,0,0,0,https://news.naver.com/main/read.nhn?mode=LSD&mid=sec&sid1=106&oid=311&aid=0001103730,1
고준희,"[포토] 고준희, 사랑 가득한 하트포즈",연예,33,2020,01,24,17:45,3,3,0,0,0,0,0,0,0,0,0,https://news.naver.com/main/read.nhn?mode=LSD&mid=sec&sid1=106&oid=241&aid=0002999284,1
고준희,"[포토]고준희, 분위기넘치는 눈빛",연예,33,2020,01,24,17:49,3,3,0,0,0,0,0,0,0,0,0,https://news.naver.com/main/read.nhn?mode=LSD&mid=sec&sid1=106&oid=112&aid=0003260835,1
고준희,"[사진]고준희,'멋스럽게'",연예,33,2020,01,24,17:57,2,2,0,0,0,0,0,0,0,0,0,https://news.naver.com/main/read.nhn?mode=LSD&mid=sec&sid1=106&oid=109&aid=0004155155,1
고준희,"[사진]고준희, '미소 머금고'",연예,33,2020,01,24,18:10,5,5,0,0,0,0,0,0,0,0,0,https://news.naver.com/main/read.nhn?mode=LSD&mid=sec&sid1=106&oid=109&aid=0004155165,1
고준희,"고준희 공항패션, 남다른 클래스의 스타일리쉬한 공항패션",생활,33,2020,01,25,11:49,39,5,1,0,33,0,0,0,0,0,0,https://news.naver.com/main/read.nhn?mode=LSD&mid=sec&sid1=103&oid=015&aid=0004278990,1
고준희,"고준희 공항패션, 남다른 클래스의 스타일리쉬한 공항패션",생활,33,2020,01,25,14:49,2,1,0,0,1,0,0,0,0,0,0,https://news.naver.com/main/read.nhn?mode=LSD&mid=sec&sid1=103&oid=015&aid=0004279030,1
고준희,고준희 '멀리서도 블링블링'[엑's HD포토],연예,33,2020,01,24,17:52,3,3,0,0,0,0,0,0,0,0,0,https://news.naver.com/main/read.nhn?mode=LSD&mid=sec&sid1=106&oid=311&aid=0001103729,1
고준희,[TEN PHOTO]고준희 '심쿵하트',연예,33,2020,01,24,17:52,6,5,0,1,0,0,0,0,0,0,0,https://news.naver.com/main/read.nhn?mode=LSD&mid=sec&sid1=106&oid=312&aid=0000432631,1
고준희,"[포토]고준희, 새해 복 많이 받으세요",연예,33,2020,01,24,17:41,3,3,0,0,0,0,0,0,0,0,0,https://news.naver.com/main/read.nhn?mode=LSD&mid=sec&sid1=106&oid=112&aid=0003260829,1
고준희,"[포토]고준희, 새해 하트 많이 받으세요~",연예,33,2020,01,24,17:43,3,3,0,0,0,0,0,0,0,0,0,https://news.naver.com/main/read.nhn?mode=LSD&mid=sec&sid1=106&oid=112&aid=0003260830,1
고준희,"[사진]고준희,'어디서든 화보같이'",연예,33,2020,01,24,17:58,2,2,0,0,0,0,0,0,0,0,0,https://news.naver.com/main/read.nhn?mode=LSD&mid=sec&sid1=106&oid=109&aid=0004155156,1
고준희,"[포토] 고준희, ‘화려한 미모’",연예,33,2020,01,24,17:49,1,1,0,0,0,0,0,0,0,0,0,https://news.naver.com/main/read.nhn?mode=LSD&mid=sec&sid1=106&oid=014&aid=0004362684,1
고준희,"[포토] 고준희, ‘설 잘보내세요’",연예,33,2020,01,24,17:46,3,3,0,0,0,0,0,0,0,0,0,https://news.naver.com/main/read.nhn?mode=LSD&mid=sec&sid1=106&oid=014&aid=0004362682,1
고준희,"[사진]고준희,'싱그러운 미소'",연예,33,2020,01,24,18:00,3,3,0,0,0,0,0,0,0,0,0,https://news.naver.com/main/read.nhn?mode=LSD&mid=sec&sid1=106&oid=109&aid=0004155157,1
고준희,"[포토]고준희, 설렘가득한 눈빛하트",연예,33,2020,01,24,17:53,4,4,0,0,0,0,0,0,0,0,0,https://news.naver.com/main/read.nhn?mode=LSD&mid=sec&sid1=106&oid=112&aid=0003260838,1
고준희,"[포토]고준희, 설연휴는 태국에서",연예,33,2020,01,24,17:40,2,2,0,0,0,0,0,0,0,0,0,https://news.naver.com/main/read.nhn?mode=LSD&mid=sec&sid1=106&oid=112&aid=0003260828,1
고준희,"고준희, 최근 무보정 직찍 ‘美친 비율’",연예,34,2020,01,31,15:18,2,2,0,0,0,0,0,0,0,0,0,https://news.naver.com/main/read.nhn?mode=LSD&mid=sec&sid1=106&oid=469&aid=0000462385,1
고준희,"고준희, 세련미 폭발 숏컷..당당 포즈로 미모도 업그레이드",연예,34,2020,01,31,8:20,4,3,0,1,0,0,0,0,0,0,0,https://news.naver.com/main/read.nhn?mode=LSD&mid=sec&sid1=106&oid=112&aid=0003262811,1
고준희,"고준희, 고혹적인 자태 [화보]",연예,34,2020,01,28,9:13,6,6,0,0,0,0,0,0,0,0,0,https://news.naver.com/main/read.nhn?mode=LSD&mid=sec&sid1=106&oid=144&aid=0000653500,1
고준희,"[포토] 공명-고준희, 청하에게 공손하게~",연예,34,2020,01,30,19:41,2,2,0,0,0,0,0,0,0,0,0,https://news.naver.com/main/read.nhn?mode=LSD&mid=sec&sid1=106&oid=468&aid=0000621014,1
고준희,"고준희, 푸켓에서 ‘치명적인 핫바디’",연예,34,2020,01,30,17:49,7,5,0,2,0,0,0,0,0,0,0,https://news.naver.com/main/read.nhn?mode=LSD&mid=sec&sid1=106&oid=469&aid=0000462094,1
고준희,"[포토] 공명-고준희, NCT DREAM...축하해요~",,34,2020,01,31,1:21,3,2,1,0,0,0,0,0,0,0,0,https://news.naver.com/main/read.nhn?mode=LSD&mid=sec&sid1=004&oid=468&aid=0000621261,1
고준희,"고준희 공항패션, 쌍 명품백으로 독특 매력",연예,34,2020,01,28,20:25,28,24,0,4,0,0,0,0,0,0,0,https://news.naver.com/main/read.nhn?mode=LSD&mid=sec&sid1=106&oid=404&aid=0000260558,1
고준희,"고준희 ""2019년, 아픔도 있었지만 그래도 행복했다"" [화보]",연예,34,2020,01,28,9:12,1,0,0,1,0,0,0,0,0,0,0,https://news.naver.com/main/read.nhn?mode=LSD&mid=sec&sid1=106&oid=076&aid=0003524012,1
고준희,"[★화보]고준희 ""'단발여신' 팬들이 준 수식어, 항상 감사하는 마음""",연예,34,2020,01,28,9:48,4,4,0,0,0,0,0,0,0,0,0,https://news.naver.com/main/read.nhn?mode=LSD&mid=sec&sid1=106&oid=468&aid=0000619599,1
고준희,"고준희 화보, 범접할 수 없는 패션리더의 존재감",연예,34,2020,01,28,11:46,7,7,0,0,0,0,0,0,0,0,0,https://news.naver.com/main/read.nhn?mode=LSD&mid=sec&sid1=106&oid=410&aid=0000664143,1
고준희,"[포토] 공명-고준희, NCT DREAM에게 본상 트로피를~",연예,34,2020,01,30,19:36,11,11,0,0,0,0,0,0,0,0,0,https://news.naver.com/main/read.nhn?mode=LSD&mid=sec&sid1=106&oid=468&aid=0000621008,1
고준희,[포토]서울가요대상 본상 발표하는 공명과 고준희,연예,34,2020,01,30,19:45,3,3,0,0,0,0,0,0,0,0,0,https://news.naver.com/main/read.nhn?mode=LSD&mid=sec&sid1=106&oid=468&aid=0000621022,1
고준희,"[포토] 공명-고준희, 잘 어울리는...시상 커플!",,34,2020,01,31,1:16,1,0,1,0,0,0,0,0,0,0,0,https://news.naver.com/main/read.nhn?mode=LSD&mid=sec&sid1=004&oid=468&aid=0000621259,1
고준희,"고준희, 워너비 패셔니스타의 독보적 아우라(화보)",연예,37,2020,02,17,16:10,1,1,0,0,0,0,0,0,0,0,0,https://news.naver.com/main/read.nhn?mode=LSD&mid=sec&sid1=106&oid=410&aid=0000670052,1
고준희,"고준희 ""좋은 결과물 위해 많은 노력해야"" [화보]",연예,37,2020,02,17,13:36,2,2,0,0,0,0,0,0,0,0,0,https://news.naver.com/main/read.nhn?mode=LSD&mid=sec&sid1=106&oid=311&aid=0001113025,1
고준희,이제훈→최우식X고준희 '2020 우리가 주목해야할 스타들',,37,2020,02,17,10:12,2,0,0,0,2,0,0,0,0,0,0,https://news.naver.com/main/read.nhn?mode=LSD&mid=sec&sid1=004&oid=076&aid=0003532002,1
고준희,다음 이어 네이버 연예 댓글 폐지…연예인 찌르는 악플 근절될까 [이슈+],생활,37,2020,02,19,17:09,104,82,14,0,1,7,0,0,0,0,0,https://news.naver.com/main/read.nhn?mode=LSD&mid=sec&sid1=103&oid=015&aid=0004293160,1
고준희,"고준희, 패션 매거진 화보 공개... 고혹미 물씬",연예,37,2020,02,17,20:38,4,4,0,0,0,0,0,0,0,0,0,https://news.naver.com/main/read.nhn?mode=LSD&mid=sec&sid1=106&oid=213&aid=0001154284,1
고준희,"""눈빛, 시크해""…고준희, 이번에는 '금발 여신' [화보]",연예,37,2020,02,17,13:48,25,25,0,0,0,0,0,0,0,0,0,https://news.naver.com/main/read.nhn?mode=LSD&mid=sec&sid1=106&oid=109&aid=0004167433,1
고준희,"고준희, 매혹적인 금발 여신 ""좋은 결과물 위해 노력""",연예,37,2020,02,17,13:23,4,4,0,0,0,0,0,0,0,0,0,https://news.naver.com/main/read.nhn?mode=LSD&mid=sec&sid1=106&oid=108&aid=0002843725,1
고준희,"고준희, 사막 위 시크 비주얼 [화보]",연예,37,2020,02,17,13:11,8,8,0,0,0,0,0,0,0,0,0,https://news.naver.com/main/read.nhn?mode=LSD&mid=sec&sid1=106&oid=382&aid=0000799032,1
고준희,"고준희, 말과 찍은 화보→최우식·박정민 '사냥의 시간' 팀, 상남자美 폭발 [화보]",연예,37,2020,02,17,11:03,5,5,0,0,0,0,0,0,0,0,0,https://news.naver.com/main/read.nhn?mode=LSD&mid=sec&sid1=106&oid=404&aid=0000261451,1
고준희,"고준희→이제훈 최우식까지, 우리가 주목해야 될 인물들[화보]",연예,37,2020,02,17,10:14,14,14,0,0,0,0,0,0,0,0,0,https://news.naver.com/main/read.nhn?mode=LSD&mid=sec&sid1=106&oid=609&aid=0000248472,1
고준희,"[★의 B컷] K-패션을 이끌어 가는 현아, 티파니 영, 고준희, 이주연 공항패션 모음.ZIP",연예,40,2020,03,12,10:01,5,5,0,0,0,0,0,0,0,0,0,https://news.naver.com/main/read.nhn?mode=LSD&mid=sec&sid1=106&oid=241&aid=0003009872,1
고준희,"YG 배우들, 누가 남고 누가 떠났나",연예,40,2020,03,11,24:53,29,29,0,0,0,0,0,0,0,0,0,https://news.naver.com/main/read.nhn?mode=LSD&mid=sec&sid1=106&oid=213&aid=0001157071,1
고준희,[B하인드is] 아이돌도 홀딱 반한 시상자의 아우라,연예,41,2020,03,20,8:01,33,33,0,0,0,0,0,0,0,0,0,https://news.naver.com/main/read.nhn?mode=LSD&mid=sec&sid1=106&oid=241&aid=0003011438,1
고준희,일교차 큰 날씨에 딱!…'카디건' 예쁘게 입는 법,생활,41,2020,03,17,6:00,55,33,22,0,0,0,0,0,0,0,0,https://news.naver.com/main/read.nhn?mode=LSD&mid=sec&sid1=103&oid=008&aid=0004377071,1
고준희,"‘원조 단발병 유발자’ 고준희, 최근 근황 보니?",연예,44,2020,04,09,16:08,2,2,0,0,0,0,0,0,0,0,0,https://news.naver.com/main/read.nhn?mode=LSD&mid=sec&sid1=106&oid=469&aid=0000486002,1
고준희,"고준희, 오래만에 근황 사진..화려+시크 비주얼에 감탄",연예,44,2020,04,06,5:44,8,6,0,2,0,0,0,0,0,0,0,https://news.naver.com/main/read.nhn?mode=LSD&mid=sec&sid1=106&oid=112&aid=0003285407,1
고준희,"[HI★뭐하세요?] 고준희, 어디가 변했나? ‘섹시한 캣우먼’",연예,44,2020,04,06,14:20,6,6,0,0,0,0,0,0,0,0,0,https://news.naver.com/main/read.nhn?mode=LSD&mid=sec&sid1=106&oid=469&aid=0000484790,1
고준희,[영상] 고준희 투표 참여…'시크한 패셔니스타',정치,45,2020,04,15,17:14,6,4,0,0,2,0,0,0,0,0,0,https://news.naver.com/main/read.nhn?mode=LSD&mid=sec&sid1=100&oid=421&aid=0004588702,1
고준희,다 가려도 고준희,연예,45,2020,04,15,15:24,1,1,0,0,0,0,0,0,0,0,0,https://news.naver.com/main/read.nhn?mode=LSD&mid=sec&sid1=106&oid=001&aid=0011550307,1
고준희,"[포토] 고준희, '투표 왔어요'",연예,45,2020,04,15,15:34,3,3,0,0,0,0,0,0,0,0,0,https://news.naver.com/main/read.nhn?mode=LSD&mid=sec&sid1=106&oid=076&aid=0003554798,1
고준희,"[사진]고준희,'투표장을 향해'",연예,45,2020,04,15,17:36,2,2,0,0,0,0,0,0,0,0,0,https://news.naver.com/main/read.nhn?mode=LSD&mid=sec&sid1=106&oid=109&aid=0004192641,1
고준희,"[포토]고준희, '투표 인증 완료!'",연예,45,2020,04,15,15:24,1,1,0,0,0,0,0,0,0,0,0,https://news.naver.com/main/read.nhn?mode=LSD&mid=sec&sid1=106&oid=241&aid=0003016526,1
고준희,"고준희, 다 가려도 예쁨 폭발",연예,45,2020,04,15,15:29,1,1,0,0,0,0,0,0,0,0,0,https://news.naver.com/main/read.nhn?mode=LSD&mid=sec&sid1=106&oid=421&aid=0004588545,1
고준희,고준희 '투표 왔어요',연예,45,2020,04,15,15:22,3,1,0,2,0,0,0,0,0,0,0,https://news.naver.com/main/read.nhn?mode=LSD&mid=sec&sid1=106&oid=001&aid=0011550296,1
고준희,"[E포토]고준희, '투표하러 왔어요'",연예,45,2020,04,15,15:23,1,1,0,0,0,0,0,0,0,0,0,https://news.naver.com/main/read.nhn?mode=LSD&mid=sec&sid1=106&oid=416&aid=0000257227,1
고준희,"고준희, 투표소를 향해",연예,45,2020,04,15,15:24,1,1,0,0,0,0,0,0,0,0,0,https://news.naver.com/main/read.nhn?mode=LSD&mid=sec&sid1=106&oid=001&aid=0011550309,1
고준희,"고준희, 투표소를 향해",연예,45,2020,04,15,15:22,1,1,0,0,0,0,0,0,0,0,0,https://news.naver.com/main/read.nhn?mode=LSD&mid=sec&sid1=106&oid=001&aid=0011550297,1
고준희,눈만 보이는 고준희,연예,45,2020,04,15,15:24,2,2,0,0,0,0,0,0,0,0,0,https://news.naver.com/main/read.nhn?mode=LSD&mid=sec&sid1=106&oid=001&aid=0011550308,1
고준희,"고준희, 오늘은 유권자로",연예,45,2020,04,15,15:22,1,1,0,0,0,0,0,0,0,0,0,https://news.naver.com/main/read.nhn?mode=LSD&mid=sec&sid1=106&oid=001&aid=0011550300,1
고준희,"[사진]고준희,'미소 활짝'",연예,45,2020,04,15,17:39,1,1,0,0,0,0,0,0,0,0,0,https://news.naver.com/main/read.nhn?mode=LSD&mid=sec&sid1=106&oid=109&aid=0004192644,1
고준희,[포토] 고준희 '마스크 착용하고 투표 참여',연예,45,2020,04,15,15:15,3,3,0,0,0,0,0,0,0,0,0,https://news.naver.com/main/read.nhn?mode=LSD&mid=sec&sid1=106&oid=076&aid=0003554780,1
고준희,[TEN 포토] 고준희 '블랙홀 아이즈',연예,45,2020,04,15,15:30,5,5,0,0,0,0,0,0,0,0,0,https://news.naver.com/main/read.nhn?mode=LSD&mid=sec&sid1=106&oid=312&aid=0000442632,1
고준희,"고준희 ""훗 안경도 잘 어울리는 너란 여자""",연예,46,2020,04,24,6:00,9,9,0,0,0,0,0,0,0,0,0,https://news.naver.com/main/read.nhn?mode=LSD&mid=sec&sid1=106&oid=112&aid=0003291654,1
고준희,고준희 악플러 30여명 기소·처벌…“긴 싸움 끝났다”,,46,2020,04,20,15:13,7,6,0,0,1,0,0,0,0,0,0,https://news.naver.com/main/read.nhn?mode=LSD&mid=sec&sid1=004&oid=366&aid=0000512521,1
고준희,"고준희, 악플러와 긴 싸움 끝낸다···30명 기소",연예,46,2020,04,20,9:59,36,35,0,1,0,0,0,0,0,0,0,https://news.naver.com/main/read.nhn?mode=LSD&mid=sec&sid1=106&oid=003&aid=0009824017,1
고준희,"'숏컷 유발자' 고준희, 시크 카리스마 '심쿵' [★해시태그]",연예,46,2020,04,23,18:50,9,9,0,0,0,0,0,0,0,0,0,https://news.naver.com/main/read.nhn?mode=LSD&mid=sec&sid1=106&oid=311&aid=0001138245,1
고준희,"'단발종결자' 고준희, 이번엔 클래식한 차도녀 '매력UP'",연예,46,2020,04,21,11:33,3,3,0,0,0,0,0,0,0,0,0,https://news.naver.com/main/read.nhn?mode=LSD&mid=sec&sid1=106&oid=404&aid=0000265050,1
고준희,[주간 대중문화 이슈] 김유진 PD 학폭 논란 사과·'사냥의 시간' 공개 등,연예,46,2020,04,25,10:07,1,1,0,0,0,0,0,0,0,0,0,https://news.naver.com/main/read.nhn?mode=LSD&mid=sec&sid1=106&oid=119&aid=0002398317,-1
고준희,"고준희 측 ""악플러에 선처 없이 강력대응...전원 기소 완료""",연예,46,2020,04,20,9:14,6,6,0,0,0,0,0,0,0,0,0,https://news.naver.com/main/read.nhn?mode=LSD&mid=sec&sid1=106&oid=052&aid=0001430100,1
고준희,"고준희 측 ""악플러 30명 기소, 근거 없는 루머와의 싸움 끝나""",연예,46,2020,04,20,9:28,2,2,0,0,0,0,0,0,0,0,0,https://news.naver.com/main/read.nhn?mode=LSD&mid=sec&sid1=106&oid=079&aid=0003351192,1
고준희,"고준희 측 ""악플러에 선처 없이 강력대응, 2명 제외 전원 기소""",연예,46,2020,04,20,8:35,1,1,0,0,0,0,0,0,0,0,0,https://news.naver.com/main/read.nhn?mode=LSD&mid=sec&sid1=106&oid=468&aid=0000649871,1
고준희,"[공식]고준희 ""악플러에 선처 없이 강력대응 기소로 처벌 완료""",연예,46,2020,04,20,8:33,2,2,0,0,0,0,0,0,0,0,0,https://news.naver.com/main/read.nhn?mode=LSD&mid=sec&sid1=106&oid=076&aid=0003556264,1
고준희,"고준희, 악플러 30여 명 벌금 및 처벌완료",연예,46,2020,04,20,8:34,16,16,0,0,0,0,0,0,0,0,0,https://news.naver.com/main/read.nhn?mode=LSD&mid=sec&sid1=106&oid=215&aid=0000865216,1
고준희,"고준희, '루머와의 전쟁' 끝냈다…악플러 30명 기소",연예,46,2020,04,20,10:15,32,32,0,0,0,0,0,0,0,0,0,https://news.naver.com/main/read.nhn?mode=LSD&mid=sec&sid1=106&oid=241&aid=0003017328,1
고준희,"고준희, 악플러 30여 명 벌금형…“선처 없이 강력대응”",연예,46,2020,04,20,14:51,11,11,0,0,0,0,0,0,0,0,0,https://news.naver.com/main/read.nhn?mode=LSD&mid=sec&sid1=106&oid=021&aid=0002425115,1
고준희,"고준희, 악플러 처벌 완료…""억울함 증명""",연예,46,2020,04,20,9:21,7,7,0,0,0,0,0,0,0,0,0,https://news.naver.com/main/read.nhn?mode=LSD&mid=sec&sid1=106&oid=119&aid=0002397095,1
고준희,"고준희, 빨간 스포츠카 타고 ""내 옆에 타""..걸크러쉬의 정석",연예,46,2020,04,23,16:46,2,2,0,0,0,0,0,0,0,0,0,https://news.naver.com/main/read.nhn?mode=LSD&mid=sec&sid1=106&oid=108&aid=0002858209,1
고준희,'고준희 안경' 탄생..짧은 머리+투명 안경테 유행예감,생활,46,2020,04,21,10:46,6,3,0,0,3,0,0,0,0,0,0,https://news.naver.com/main/read.nhn?mode=LSD&mid=sec&sid1=103&oid=108&aid=0002857535,1
고준희,‘금빛’ 고준희 ‘황금빛 새출발’ 응원한다 [스경X창간축하],연예,49,2020,05,16,14:17,4,4,0,0,0,0,0,0,0,0,0,https://news.naver.com/main/read.nhn?mode=LSD&mid=sec&sid1=106&oid=144&aid=0000671845,1
고준희,"고준희, 역시 스타일 아이콘…숏컷여신의 세련된 미모",연예,49,2020,05,15,15:45,6,3,0,1,0,0,0,0,0,2,0,https://news.naver.com/main/read.nhn?mode=LSD&mid=sec&sid1=106&oid=112&aid=0003298574,1
고준희,"배우 고준희 ""루머와의 긴 싸움 끝나""",연예,49,2020,05,10,11:51,11,9,0,2,0,0,0,0,0,0,0,https://news.naver.com/main/read.nhn?mode=LSD&mid=sec&sid1=106&oid=079&aid=0003357963,1
고준희,"배우 고준희 ""근거없는 루머와 싸움 끝났다"" 소감에 네티즌들 응원세례 [★SNS]",연예,49,2020,05,11,7:12,18,16,0,1,0,0,1,0,0,0,0,https://news.naver.com/main/read.nhn?mode=LSD&mid=sec&sid1=106&oid=468&aid=0000656931,1
고준희,"[연예계 핫뉴스] 고준희, 루머와의 전쟁 끝…악플러 30명 기소",연예,49,2020,05,12,11:45,27,27,0,0,0,0,0,0,0,0,0,https://news.naver.com/main/read.nhn?mode=LSD&mid=sec&sid1=106&oid=427&aid=0000036288,1
고준희,"고준희 ""??????????? ?????&#",연예,49,2020,05,10,10:32,2,2,0,0,0,0,0,0,0,0,0,https://news.naver.com/main/read.nhn?mode=LSD&mid=sec&sid1=106&oid=109&aid=0004203707,1
고준희,"고준희, 악플러 기소 후 근황...세련된 금발 숏컷 `잘생쁨`",연예,49,2020,05,15,16:13,38,5,0,8,0,0,2,1,0,22,0,https://news.naver.com/main/read.nhn?mode=LSD&mid=sec&sid1=106&oid=009&aid=0004575920,1
고준희,"고준희, 시크美 넘치는 비주얼…카리스마 끝판왕 [★해시태그]",연예,49,2020,05,15,16:15,2,2,0,0,0,0,0,0,0,0,0,https://news.naver.com/main/read.nhn?mode=LSD&mid=sec&sid1=106&oid=311&aid=0001147019,1
고준희,"고준희, 숏컷병 유발하는 미모 ‘걸크러시 폭발’[SNS★컷]",연예,49,2020,05,15,16:24,10,3,0,3,0,0,0,0,0,4,0,https://news.naver.com/main/read.nhn?mode=LSD&mid=sec&sid1=106&oid=609&aid=0000277789,1
고준희,"고준희 ""근거 없는 루머와의 싸움 끝나""…감사 인사",생활,49,2020,05,10,24:10,5,1,0,0,4,0,0,0,0,0,0,https://news.naver.com/main/read.nhn?mode=LSD&mid=sec&sid1=103&oid=003&aid=0009854129,1
고준희,고준희 “루머와의 긴 싸움 끝났다”,연예,49,2020,05,10,10:31,13,12,0,1,0,0,0,0,0,0,0,https://news.naver.com/main/read.nhn?mode=LSD&mid=sec&sid1=106&oid=119&aid=0002400631,1
고준희,“긴 싸움 끝냈다” 악플러와 질긴 인연 끝낸 고준희,연예,49,2020,05,10,10:38,36,34,0,2,0,0,0,0,0,0,0,https://news.naver.com/main/read.nhn?mode=LSD&mid=sec&sid1=106&oid=005&aid=0001319431,1
고준희,"고준희 ""근거 없는 루머와의 긴 싸움 끝났다""",연예,49,2020,05,10,14:04,12,12,0,0,0,0,0,0,0,0,0,https://news.naver.com/main/read.nhn?mode=LSD&mid=sec&sid1=106&oid=018&aid=0004636613,1
고준희,"고준희, 카리스마 장착한 금발 여신",연예,50,2020,05,19,12:46,30,5,0,1,0,0,0,0,1,23,0,https://news.naver.com/main/read.nhn?mode=LSD&mid=sec&sid1=106&oid=469&aid=0000497453,1
고준희,"고준희, 금발의 쇼트커트로 더한 세련美..아우라 폭발 비주얼",연예,50,2020,05,18,22:07,13,4,0,1,0,0,0,0,0,8,0,https://news.naver.com/main/read.nhn?mode=LSD&mid=sec&sid1=106&oid=112&aid=0003299444,1
고준희,"고준희, 악플러 기소 후 근황…'단발병 유발자'의 위엄",연예,50,2020,05,19,7:22,10,3,0,3,0,0,1,0,0,3,0,https://news.naver.com/main/read.nhn?mode=LSD&mid=sec&sid1=106&oid=117&aid=0003364442,1
고준희,"고준희, 심장 저격하는 카리스마…'멋쁨'의 결정체 [★해시태그]",연예,50,2020,05,18,23:06,30,3,0,5,0,0,2,0,0,20,0,https://news.naver.com/main/read.nhn?mode=LSD&mid=sec&sid1=106&oid=311&aid=0001148227,1
고준희,"고준희 근황, 금발·숏컷의 조화란?",연예,50,2020,05,19,8:52,7,2,0,0,0,0,0,0,0,5,0,https://news.naver.com/main/read.nhn?mode=LSD&mid=sec&sid1=106&oid=417&aid=0000543940,1
고준희,'연쇄 납치 살해' 최신종 신상 공개 됐는데 얼굴 왜 못 보나,사회,50,2020,05,21,15:36,305,1,0,1,294,9,0,0,0,0,0,https://news.naver.com/main/read.nhn?mode=LSD&mid=sec&sid1=102&oid=022&aid=0003467357,1
고준희,"""독보적 분위기"" 고준희, '숏컷 여신'의 걸크러시 매력 [★SHOT!]",연예,50,2020,05,19,22:26,7,4,0,0,0,0,0,0,0,3,0,https://news.naver.com/main/read.nhn?mode=LSD&mid=sec&sid1=106&oid=109&aid=0004209323,1
고준희,"고준희, 금발 숏커트 헤어로 완성한 美친 비주얼..워너비 여신",연예,50,2020,05,19,7:40,31,7,0,2,0,0,1,0,0,21,0,https://news.naver.com/main/read.nhn?mode=LSD&mid=sec&sid1=106&oid=108&aid=0002863875,1
고준희,"고준희, 유튜브 시작 ""기대 많이 많이♥""",연예,51,2020,05,30,13:10,103,12,0,10,0,0,2,0,3,76,0,https://news.naver.com/main/read.nhn?mode=LSD&mid=sec&sid1=106&oid=312&aid=0000447651,1
고준희,"고준희, 섹시한 민소매티셔츠..시크한 비주얼이 매력",연예,51,2020,05,29,6:06,16,8,0,2,0,0,0,0,0,6,0,https://news.naver.com/main/read.nhn?mode=LSD&mid=sec&sid1=106&oid=112&aid=0003303207,1
고준희,"고준희, 금발 숏커트헤어로 완성한 시크美 …'인형 미모+9등신'",연예,51,2020,05,26,16:34,14,4,0,0,0,0,1,0,0,9,0,https://news.naver.com/main/read.nhn?mode=LSD&mid=sec&sid1=106&oid=076&aid=0003573879,1
고준희,"[HI★뭐하세요?] 고준희, 믿을 수 없는 ‘美친 비율’",연예,51,2020,05,26,16:18,3,1,0,1,0,0,0,0,0,1,0,https://news.naver.com/main/read.nhn?mode=LSD&mid=sec&sid1=106&oid=469&aid=0000499898,1
고준희,"고준희, 말도 안 되는 9등신 비율+빛나는 미모 [in스타]",연예,51,2020,05,26,15:54,12,0,0,1,0,0,0,0,0,11,0,https://news.naver.com/main/read.nhn?mode=LSD&mid=sec&sid1=106&oid=311&aid=0001151939,1
고준희,"고준희, 소멸 직전 얼굴+고혹적 눈빛 ‘완벽 비주얼’",연예,51,2020,05,30,17:10,165,22,0,23,0,0,4,1,0,115,0,https://news.naver.com/main/read.nhn?mode=LSD&mid=sec&sid1=106&oid=009&aid=0004585478,1
고준희,고준희 “유튜브 기대 많이” 시크美 뿜뿜 홍보[SNS★컷],연예,51,2020,05,30,24:01,7,3,0,0,0,0,1,0,0,3,0,https://news.naver.com/main/read.nhn?mode=LSD&mid=sec&sid1=106&oid=609&aid=0000283418,1
고준희,"""기대 많이""…고준희, 선글라스로 자랑한 힙한 매력 [★해시태그]",연예,51,2020,05,29,16:56,24,4,0,4,0,0,0,0,0,16,0,https://news.naver.com/main/read.nhn?mode=LSD&mid=sec&sid1=106&oid=311&aid=0001153687,1
고준희,"고준희, 금발 숏컷으로 변신…'무보정 이 비율 실화?'",연예,51,2020,05,26,16:58,21,7,0,1,0,0,1,0,0,12,0,https://news.naver.com/main/read.nhn?mode=LSD&mid=sec&sid1=106&oid=312&aid=0000447214,1
고준희,"고준희, 금발 숏커트헤어로 장착한 멋쁨..스타일 선두주자",연예,51,2020,05,26,16:04,90,20,0,8,0,0,6,0,0,56,0,https://news.naver.com/main/read.nhn?mode=LSD&mid=sec&sid1=106&oid=112&aid=0003302170,1
