김태원,3기신도시 역풍타고 한국당 `일산상륙작전`,정치,0,2019,06,06,17:50,426,361,1,1,43,20,0,0,0,0,0,https://news.naver.com/main/read.nhn?mode=LSD&mid=sec&sid1=100&oid=009&aid=0004369479,1
김태원,"한미약품 ""유전자 돌연변이 항암물질 효과 확인""",경제,0,2019,06,04,10:01,1,1,0,0,0,0,0,0,0,0,0,https://news.naver.com/main/read.nhn?mode=LSD&mid=sec&sid1=101&oid=215&aid=0000778665,1
김태원,한미약품 개발 ‘벨바라페닙’··“현재 승인된 항암제 없는 암종에서 효능 확인”,IT,0,2019,06,04,10:03,2,1,0,0,0,1,0,0,0,0,0,https://news.naver.com/main/read.nhn?mode=LSD&mid=sec&sid1=105&oid=011&aid=0003564792,1
김태원,"한미약품, 美 임상종양학회서 ‘벨바라페닙’ 임상 1상 결과 발표",,0,2019,06,05,11:33,1,0,0,1,0,0,0,0,0,0,0,https://news.naver.com/main/read.nhn?mode=LSD&mid=sec&sid1=004&oid=346&aid=0000026623,1
김태원,점프볼 선정 스터프 금주의 유소년 선수⑮ 원주 YKK 유소년 농구교실 김태원,스포츠,1,2019,06,10,24:54,4,4,0,0,0,0,0,0,0,0,0,http://sports.news.naver.com/basketball/news/read.nhn?oid=065&aid=0000183389,1
김태원,"평균자책 1위 LG, “94 LG 생각나네…”",스포츠,1,2019,06,14,16:52,40,25,0,2,4,1,0,0,0,0,8,http://sports.news.naver.com/kbaseball/news/read.nhn?oid=469&aid=0000397007,1
김태원,"국내 블록체인 글로스퍼, 에티오피아 지역화폐 사업 진출 추진",IT,2,2019,06,17,10:20,2,2,0,0,0,0,0,0,0,0,0,https://news.naver.com/main/read.nhn?mode=LSD&mid=sec&sid1=105&oid=018&aid=0004404603,1
김태원,'최파타' 김태원X박완규의 #부활 #다이어트 #머릿결 (ft.윤비부부) [종합],연예,3,2019,06,28,13:53,3,3,0,0,0,0,0,0,0,0,0,https://news.naver.com/main/read.nhn?mode=LSD&mid=sec&sid1=106&oid=311&aid=0001011091,1
김태원,"[종합]""부활+윤상현 컬래버"" '최파타' 김태원X박완규, 윤비부부와 팬심 대폭발",연예,3,2019,06,28,13:54,19,18,0,1,0,0,0,0,0,0,0,https://news.naver.com/main/read.nhn?mode=LSD&mid=sec&sid1=106&oid=112&aid=0003181761,1
김태원,‘최파타’ 부활 김태원 “녹음 700번 수정? 전자장치 안 써”,연예,3,2019,06,28,13:43,3,3,0,0,0,0,0,0,0,0,0,https://news.naver.com/main/read.nhn?mode=LSD&mid=sec&sid1=106&oid=609&aid=0000131081,1
김태원,김태원 “손으로 가사 쓰는 이유? 타이핑 잘 못한다”(파워타임),연예,3,2019,06,28,13:48,1,1,0,0,0,0,0,0,0,0,0,https://news.naver.com/main/read.nhn?mode=LSD&mid=sec&sid1=106&oid=057&aid=0001362983,1
김태원,"'최파타' 김태원x박완규 ""샴푸 광고 함께 찍고파""",연예,3,2019,06,28,13:50,1,1,0,0,0,0,0,0,0,0,0,https://news.naver.com/main/read.nhn?mode=LSD&mid=sec&sid1=106&oid=213&aid=0001115074,1
김태원,"‘최파타’ 박완규 “20kg 감량. 부활 복귀 조건이었다""",연예,3,2019,06,28,14:22,12,12,0,0,0,0,0,0,0,0,0,https://news.naver.com/main/read.nhn?mode=LSD&mid=sec&sid1=106&oid=009&aid=0004382223,1
김태원,"'최파타' 박완규 ""과거 부활의 골칫덩어리..집 나가니 세상 만만치 않아""",연예,3,2019,06,28,13:16,5,5,0,0,0,0,0,0,0,0,0,https://news.naver.com/main/read.nhn?mode=LSD&mid=sec&sid1=106&oid=112&aid=0003181744,1
김태원,"'최파타' 박완규 ""부활 복귀 조건? 다이어트""",연예,3,2019,06,28,13:28,6,6,0,0,0,0,0,0,0,0,0,https://news.naver.com/main/read.nhn?mode=LSD&mid=sec&sid1=106&oid=311&aid=0001011081,1
김태원,"'최파타' 박완규 ""과거, 부활의 트러블 메이커였다""",연예,3,2019,06,28,13:15,1,0,0,1,0,0,0,0,0,0,0,https://news.naver.com/main/read.nhn?mode=LSD&mid=sec&sid1=106&oid=311&aid=0001011078,1
김태원,"윤상현, 박완규 김태원 향한 팬심 “나의 영원한 부활”[SNS★컷]",연예,3,2019,06,28,14:46,3,3,0,0,0,0,0,0,0,0,0,https://news.naver.com/main/read.nhn?mode=LSD&mid=sec&sid1=106&oid=609&aid=0000131142,1
김태원,"'최파타' 스페셜DJ 메이비♥윤상현, 현실부부의 환상의 호흡[종합]",연예,3,2019,06,28,14:34,27,27,0,0,0,0,0,0,0,0,0,https://news.naver.com/main/read.nhn?mode=LSD&mid=sec&sid1=106&oid=076&aid=0003435218,1
김태원,'섹션TV 연예통신' 22년 만에 부활 11대 보컬로 박완규 합류! 7월 콘서트까지,연예,3,2019,06,28,12:30,6,6,0,0,0,0,0,0,0,0,0,https://news.naver.com/main/read.nhn?mode=LSD&mid=sec&sid1=106&oid=408&aid=0000074667,1
김태원,"'섹션TV' 박완규 ""부활 합류 위해 20kg 감량했다"" 깜짝",연예,3,2019,06,28,8:48,7,7,0,0,0,0,0,0,0,0,0,https://news.naver.com/main/read.nhn?mode=LSD&mid=sec&sid1=106&oid=117&aid=0003238033,1
김태원,"박완규, 20kg 감량한 이유…""22년만 부활 재합류 위해""",연예,3,2019,06,28,8:03,12,12,0,0,0,0,0,0,0,0,0,https://news.naver.com/main/read.nhn?mode=LSD&mid=sec&sid1=106&oid=018&aid=0004413437,1
김태원,“아버지 ‘빨갱이’ 고초에 정치인 꿈꾸다 ‘소년 웅변왕’ 됐다”,정치,4,2019,07,01,17:20,14,3,0,0,9,2,0,0,0,0,0,https://news.naver.com/main/read.nhn?mode=LSD&mid=sec&sid1=100&oid=028&aid=0002459439,1
김태원,'제5회 월드 e스포츠 & 블록체인서밋 마블스 싱가포르 2019' 개최,경제,4,2019,07,02,13:30,1,1,0,0,0,0,0,0,0,0,0,https://news.naver.com/main/read.nhn?mode=LSD&mid=sec&sid1=101&oid=003&aid=0009319595,1
김태원,"[KUSF 대학야구 U-리그 REVIEW] 한일장신대 9회 역전 쇼, D조 역전 우승",스포츠,4,2019,07,04,20:01,3,3,0,0,0,0,0,0,0,0,0,http://sports.news.naver.com/general/news/read.nhn?oid=573&aid=0000003744,1
김태원,"'불후의명곡' 안소미X서태훈X김태원, '개콘' 뺨치는 무대",연예,5,2019,07,13,18:54,1,1,0,0,0,0,0,0,0,0,0,https://news.naver.com/main/read.nhn?mode=LSD&mid=sec&sid1=106&oid=108&aid=0002796782,1
김태원,"'불후' 개그맨들, ""이런 모습 처음"" 감동 무대 향연…김준현 '최종 우승'(종합)",연예,5,2019,07,13,19:47,30,30,0,0,0,0,0,0,0,0,0,https://news.naver.com/main/read.nhn?mode=LSD&mid=sec&sid1=106&oid=468&aid=0000533858,1
김태원,‘2019 포에버 콘서트’ 부활 김태원 “지나고 나니 아름다운 날들…힘들지만 희열 있었다”,연예,5,2019,07,13,22:45,8,8,0,0,0,0,0,0,0,0,0,https://news.naver.com/main/read.nhn?mode=LSD&mid=sec&sid1=106&oid=396&aid=0000519542,1
김태원,"'개그콘서트-트로트라마' 서태훈, 안소미 위한 보디가드 변신",연예,5,2019,07,13,15:19,2,2,0,0,0,0,0,0,0,0,0,https://news.naver.com/main/read.nhn?mode=LSD&mid=sec&sid1=106&oid=312&aid=0000398481,1
김태원,"'개그콘서트-트로트라마' 서태훈, 안소미 위한 보디가드 변신? 남성美 뿜뿜",연예,5,2019,07,13,15:05,2,2,0,0,0,0,0,0,0,0,0,https://news.naver.com/main/read.nhn?mode=LSD&mid=sec&sid1=106&oid=112&aid=0003187898,1
김태원,"'불후의 명곡' 이승윤, '나는 나비'로 트로트라마팀 꺾고 1승 차지",연예,5,2019,07,13,18:49,9,9,0,0,0,0,0,0,0,0,0,https://news.naver.com/main/read.nhn?mode=LSD&mid=sec&sid1=106&oid=112&aid=0003187951,1
김태원,"[종합] `불후의 명곡` 김준현, 절친 문세윤 꺾고 최종 우승",연예,5,2019,07,13,19:50,1,1,0,0,0,0,0,0,0,0,0,https://news.naver.com/main/read.nhn?mode=LSD&mid=sec&sid1=106&oid=009&aid=0004391357,1
김태원,'불후의 명곡' 김준현 '녹턴' 무대로 408표 득표..개그스타 특집 최종 우승[종합],연예,5,2019,07,13,19:49,128,125,0,3,0,0,0,0,0,0,0,https://news.naver.com/main/read.nhn?mode=LSD&mid=sec&sid1=106&oid=112&aid=0003187973,1
김태원,"[종합]'불후의명곡' 김준현, 문세윤 꺾고 개그★ 특집 '최종우승'",연예,5,2019,07,13,19:49,3,3,0,0,0,0,0,0,0,0,0,https://news.naver.com/main/read.nhn?mode=LSD&mid=sec&sid1=106&oid=076&aid=0003441618,1
김태원,"'불후' 김준현, 여름특집 개그스타 편 '최종우승' [종합]",연예,5,2019,07,13,19:55,4,4,0,0,0,0,0,0,0,0,0,https://news.naver.com/main/read.nhn?mode=LSD&mid=sec&sid1=106&oid=213&aid=0001118729,1
김태원,"[공연리뷰] 김종서·김경호·부활 ‘2019 포에버 콘서트’, 가평 물들인 ‘록 스피릿’",연예,5,2019,07,13,23:26,19,19,0,0,0,0,0,0,0,0,0,https://news.naver.com/main/read.nhn?mode=LSD&mid=sec&sid1=106&oid=396&aid=0000519544,1
김태원,"[불후의 명곡] 문세윤, 가수 못지 않은 실력...이문세의 ‘옛사랑’ 무대",연예,5,2019,07,13,21:10,15,15,0,0,0,0,0,0,0,0,0,https://news.naver.com/main/read.nhn?mode=LSD&mid=sec&sid1=106&oid=438&aid=0000025136,1
김태원,[불후의 명곡] 개그계의 대부 이봉원 만난 ‘닮은꼴’ 정재형 “귀한 투샷”,연예,5,2019,07,13,21:01,6,6,0,0,0,0,0,0,0,0,0,https://news.naver.com/main/read.nhn?mode=LSD&mid=sec&sid1=106&oid=438&aid=0000025134,1
김태원,[불후의 명곡] “10년 함께 활동” 짙은 우정의 무대 ‘옹알스 - 그래 우리 함께’,연예,5,2019,07,13,21:06,9,9,0,0,0,0,0,0,0,0,0,https://news.naver.com/main/read.nhn?mode=LSD&mid=sec&sid1=106&oid=438&aid=0000025135,1
김태원,‘불후의 명곡’ 옹알스 ‘그래 우리 함께’ 열창…문세윤·이승윤 눈물,연예,5,2019,07,13,20:02,23,20,0,3,0,0,0,0,0,0,0,https://news.naver.com/main/read.nhn?mode=LSD&mid=sec&sid1=106&oid=144&aid=0000620802,1
김태원,가짜가 숨진 독립군 행적 도용 유공 혜택… 보훈처 색출 소극적,사회,6,2019,07,18,5:07,16,0,0,0,13,3,0,0,0,0,0,https://news.naver.com/main/read.nhn?mode=LSD&mid=sec&sid1=102&oid=081&aid=0003014893,1
김태원,"‘록밴드 레전드’ 부활, 2019대구포크페스티벌 출연…22년 만에 재결합 김태원-박완규 주목",연예,6,2019,07,15,20:06,7,7,0,0,0,0,0,0,0,0,0,https://news.naver.com/main/read.nhn?mode=LSD&mid=sec&sid1=106&oid=016&aid=0001558065,1
김태원,‘22년만 재결합’ 김태원X박완규 부활 ‘대구포크페스티벌’ 출격,연예,6,2019,07,15,9:22,3,3,0,0,0,0,0,0,0,0,0,https://news.naver.com/main/read.nhn?mode=LSD&mid=sec&sid1=106&oid=609&aid=0000139574,1
김태원,"'록의 전설' 부활, 대구포크페스티벌 출연",연예,6,2019,07,15,9:49,1,1,0,0,0,0,0,0,0,0,0,https://news.naver.com/main/read.nhn?mode=LSD&mid=sec&sid1=106&oid=018&aid=0004425632,1
김태원,록밴드의 전설 부활 대구포크페스티벌 전격 출연,연예,6,2019,07,15,16:23,2,2,0,0,0,0,0,0,0,0,0,https://news.naver.com/main/read.nhn?mode=LSD&mid=sec&sid1=106&oid=144&aid=0000621088,1
김태원,"박완규 영입한 부활, 대구포크페스티벌 출연",연예,6,2019,07,15,9:42,13,13,0,0,0,0,0,0,0,0,0,https://news.naver.com/main/read.nhn?mode=LSD&mid=sec&sid1=106&oid=477&aid=0000195522,1
김태원,"글로스퍼, MS '인스파이어'에서 블록체인 솔루션 선보여",IT,6,2019,07,16,11:03,1,1,0,0,0,0,0,0,0,0,0,https://news.naver.com/main/read.nhn?mode=LSD&mid=sec&sid1=105&oid=031&aid=0000501094,1
김태원,"[2019 서울컵 대학야구대회] 2전2승 연세대, 강호 동국대 꺾고 서울시대표결정전 진출",스포츠,8,2019,08,03,24:12,10,9,0,0,0,1,0,0,0,0,0,http://sports.news.naver.com/general/news/read.nhn?oid=570&aid=0000000953,1
김태원,[포토]중국에서 암호화폐 거래소 사업 설명하는 김태원 글로스퍼 대표,IT,9,2019,08,09,14:35,5,3,0,0,2,0,0,0,0,0,0,https://news.naver.com/main/read.nhn?mode=LSD&mid=sec&sid1=105&oid=018&aid=0004441924,1
김태원,"[동아포토]한현민-이재형-정진욱, 졸탄쇼",연예,9,2019,08,08,24:31,2,2,0,0,0,0,0,0,0,0,0,https://news.naver.com/main/read.nhn?mode=LSD&mid=sec&sid1=106&oid=382&aid=0000752828,1
김태원,"노민우 ""트랙스 탈퇴 후 내 색깔 찾았다"" [화보]",연예,9,2019,08,06,15:54,32,32,0,0,0,0,0,0,0,0,0,https://news.naver.com/main/read.nhn?mode=LSD&mid=sec&sid1=106&oid=311&aid=0001028861,1
김태원,"노민우 ""4년 공백기 터닝포인트..연예인 내 길 맞나 고민""[화보]",연예,9,2019,08,06,15:44,12,12,0,0,0,0,0,0,0,0,0,https://news.naver.com/main/read.nhn?mode=LSD&mid=sec&sid1=106&oid=112&aid=0003196881,1
김태원,"노민우 “방탄소년단 ‘FAKE LOVE’, 록 느낌 있는 곡” [화보]",연예,9,2019,08,06,15:57,67,67,0,0,0,0,0,0,0,0,0,https://news.naver.com/main/read.nhn?mode=LSD&mid=sec&sid1=106&oid=382&aid=0000752214,1
김태원,함평군 ‘남도의병 역사공원’ 유치 속도 내,사회,9,2019,08,08,10:27,1,1,0,0,0,0,0,0,0,0,0,https://news.naver.com/main/read.nhn?mode=LSD&mid=sec&sid1=102&oid=277&aid=0004515443,1
김태원,"'불청' 김민우, 녹음실 화재→자동차 딜러 된 사연 ""부활 김태원에 용기 얻어""",연예,10,2019,08,14,9:14,4,4,0,0,0,0,0,0,0,0,0,https://news.naver.com/main/read.nhn?mode=LSD&mid=sec&sid1=106&oid=076&aid=0003454474,1
김태원,"'불청' 김민우, 가수→자동차 딜러 된 이유(ft.김태원)(종합)",연예,10,2019,08,14,12:59,25,9,0,16,0,0,0,0,0,0,0,https://news.naver.com/main/read.nhn?mode=LSD&mid=sec&sid1=106&oid=421&aid=0004143924,1
김태원,"""할 수 있다는 용기"" '불청' 지금의 김민우를 만든, 부활 김태원's 한 마디 [핫TV]",연예,10,2019,08,14,7:50,4,4,0,0,0,0,0,0,0,0,0,https://news.naver.com/main/read.nhn?mode=LSD&mid=sec&sid1=106&oid=109&aid=0004067556,1
김태원,"""웃음 머금고 가리"" 일제 맞서 죽음의 항쟁 벌인 '형제 의병장'",사회,10,2019,08,14,8:00,32,24,2,1,5,0,0,0,0,0,0,https://news.naver.com/main/read.nhn?mode=LSD&mid=sec&sid1=102&oid=001&aid=0011018091,1
김태원,"[스브스夜] '불청' 김민우, 부활 김태원과의 일화 공개 ""고객 되겠다는 약속 지켜""",연예,10,2019,08,14,12:52,4,4,0,0,0,0,0,0,0,0,0,https://news.naver.com/main/read.nhn?mode=LSD&mid=sec&sid1=106&oid=416&aid=0000247504,1
김태원,"김민우 사별고백, 파란만장 인생 이야기에 '불청' 시청률 1위",연예,10,2019,08,14,10:39,9,0,0,9,0,0,0,0,0,0,0,https://news.naver.com/main/read.nhn?mode=LSD&mid=sec&sid1=106&oid=215&aid=0000802935,1
김태원,"'불청' 김민우, 새 친구로 등장…자동차 딜러로 전향한 이유 공개 [종합]",연예,10,2019,08,14,12:59,241,234,0,7,0,0,0,0,0,0,0,https://news.naver.com/main/read.nhn?mode=LSD&mid=sec&sid1=106&oid=076&aid=0003454403,1
김태원,"'가수→자동차 딜러' 김민우 합류 '불타는청춘', 화요 예능 1위",연예,10,2019,08,14,9:05,3,3,0,0,0,0,0,0,0,0,0,https://news.naver.com/main/read.nhn?mode=LSD&mid=sec&sid1=106&oid=416&aid=0000247510,1
김태원,"'불타는 청춘' 김민우, 부활 김태원과의 인연 공개…가수데뷔→영업사원 시작까지(종합)",연예,10,2019,08,14,12:50,4,4,0,0,0,0,0,0,0,0,0,https://news.naver.com/main/read.nhn?mode=LSD&mid=sec&sid1=106&oid=112&aid=0003199944,1
김태원,"김민우, 톱가수에서 자동차딜러로 전향한 사연",연예,10,2019,08,14,10:30,1,1,0,0,0,0,0,0,0,0,0,https://news.naver.com/main/read.nhn?mode=LSD&mid=sec&sid1=106&oid=003&aid=0009399635,1
김태원,"[어게인TV] '불타는 청춘' 김민우, 가수→자동차 딜러로 전향한 이유 공개(feat. 김태원)",연예,10,2019,08,14,6:50,2,2,0,0,0,0,0,0,0,0,0,https://news.naver.com/main/read.nhn?mode=LSD&mid=sec&sid1=106&oid=112&aid=0003199953,1
김태원,"'불청' 김민우, 녹음실 화재 딛고 부장급 딜러 등극까지 [전일야화]",연예,10,2019,08,14,6:40,3,3,0,0,0,0,0,0,0,0,0,https://news.naver.com/main/read.nhn?mode=LSD&mid=sec&sid1=106&oid=311&aid=0001032458,1
김태원,"형제 의병장 후손 “불매운동 참여, 나라 위해 싸우는 것”",사회,10,2019,08,14,8:31,5,4,0,1,0,0,0,0,0,0,0,https://news.naver.com/main/read.nhn?mode=LSD&mid=sec&sid1=102&oid=016&aid=0001568401,1
김태원,"김민우 ""자동차 딜러와 가수 병행할 것...장호일·김태원 곡 기다린다""",연예,11,2019,08,21,17:12,20,20,0,0,0,0,0,0,0,0,0,https://news.naver.com/main/read.nhn?mode=LSD&mid=sec&sid1=106&oid=312&aid=0000405511,1
김태원,"[선수권대회] 동국대 석호준 3타점 맹활약, 동국대 8강서 영남대와 다시 격돌",스포츠,11,2019,08,20,21:57,3,3,0,0,0,0,0,0,0,0,0,http://sports.news.naver.com/general/news/read.nhn?oid=573&aid=0000004307,1
김태원,‘러브FM’ 김민우 “음악과 영업 병행 할 것…장호일X김태원 곡 작업 부탁”,연예,11,2019,08,21,9:29,4,4,0,0,0,0,0,0,0,0,0,https://news.naver.com/main/read.nhn?mode=LSD&mid=sec&sid1=106&oid=213&aid=0001125953,1
김태원,"‘러브FM’ 김민우, ‘불타는 청춘’으로 다시 꽃 피운 가수 열정 (feat. 딸바보) [종합]",연예,11,2019,08,21,9:46,13,13,0,0,0,0,0,0,0,0,0,https://news.naver.com/main/read.nhn?mode=LSD&mid=sec&sid1=106&oid=213&aid=0001125955,1
김태원,"썰빵, 부코페와 함께[포토엔HD]",연예,11,2019,08,23,20:43,2,2,0,0,0,0,0,0,0,0,0,https://news.naver.com/main/read.nhn?mode=LSD&mid=sec&sid1=106&oid=609&aid=0000160169,1
김태원,"""이건 횡포고 폭력이다"" 시나위 신대철은 왜 분노했을까",연예,12,2019,08,30,15:50,6,6,0,0,0,0,0,0,0,0,0,https://news.naver.com/main/read.nhn?mode=LSD&mid=sec&sid1=106&oid=047&aid=0002238596,-1
김태원,'평양냉면 장인' 김태원씨 별세,사회,12,2019,08,27,3:07,6,2,0,3,0,1,0,0,0,0,0,https://news.naver.com/main/read.nhn?mode=LSD&mid=sec&sid1=102&oid=023&aid=0003469687,1
김태원,'평양냉면 장인' 김태원 전 벽제갈비·봉피양 조리장 별세,경제,12,2019,08,26,18:05,4,0,0,4,0,0,0,0,0,0,0,https://news.naver.com/main/read.nhn?mode=LSD&mid=sec&sid1=101&oid=421&aid=0004163891,1
김태원,"송파구, 유명강사 학부모 특강…구글 김태원 상무 초정",사회,12,2019,08,26,14:11,1,0,1,0,0,0,0,0,0,0,0,https://news.naver.com/main/read.nhn?mode=LSD&mid=sec&sid1=102&oid=003&aid=0009418371,1
김태원,"글로스퍼·하이콘, 월드블록체인서밋 마블스 2019 참가",경제,12,2019,08,31,10:13,3,1,0,0,2,0,0,0,0,0,0,https://news.naver.com/main/read.nhn?mode=LSD&mid=sec&sid1=101&oid=003&aid=0009428569,1
김태원,"“아, 배~ 싫어” “생일 초대리스트서 뺄거야”",생활,13,2019,09,02,7:02,323,35,1,0,284,3,0,0,0,0,0,https://news.naver.com/main/read.nhn?mode=LSD&mid=sec&sid1=103&oid=469&aid=0000418560,1
김태원,"""승무 등 무형문화재 인정예고 부당…이의제기할 것""",생활,13,2019,09,06,23:35,10,0,0,0,2,8,0,0,0,0,0,https://news.naver.com/main/read.nhn?mode=LSD&mid=sec&sid1=103&oid=001&aid=0011068448,1
김태원,"'아이콘택트' 부활 김태원 ""너는 꽃이 될 자격이 있어"" 박완규 격려",연예,14,2019,09,10,7:58,7,6,0,1,0,0,0,0,0,0,0,https://news.naver.com/main/read.nhn?mode=LSD&mid=sec&sid1=106&oid=076&aid=0003466464,1
김태원,"'아이콘택트' 부활 김태원 출연, 23년 만에 선글라스 벗고 진지하게 응시",연예,14,2019,09,09,11:33,1,1,0,0,0,0,0,0,0,0,0,https://news.naver.com/main/read.nhn?mode=LSD&mid=sec&sid1=106&oid=011&aid=0003616258,1
김태원,"'아이콘택트' 박완규 ""김태원? 제 심장의 반 같은 존재""",연예,14,2019,09,09,23:03,17,17,0,0,0,0,0,0,0,0,0,https://news.naver.com/main/read.nhn?mode=LSD&mid=sec&sid1=106&oid=015&aid=0004206724,1
김태원,"[TV북마크] ‘아이콘택트’ 김태원, 박완규 격려 “부활 50주년에 한 잔 하자”",연예,14,2019,09,10,8:02,3,3,0,0,0,0,0,0,0,0,0,https://news.naver.com/main/read.nhn?mode=LSD&mid=sec&sid1=106&oid=382&aid=0000760460,1
김태원,"'아이콘택트' 김태원, 20년 만에 돌아온 박완규에 ""꽃이 될 자격있어""",연예,14,2019,09,10,10:41,19,19,0,0,0,0,0,0,0,0,0,https://news.naver.com/main/read.nhn?mode=LSD&mid=sec&sid1=106&oid=052&aid=0001341029,1
김태원,"‘아이콘택트’ 김태원, 23년 만 선글라스 벗은 이유는? [M+TV컷]",연예,14,2019,09,09,21:30,17,17,0,0,0,0,0,0,0,0,0,https://news.naver.com/main/read.nhn?mode=LSD&mid=sec&sid1=106&oid=057&aid=0001380981,1
김태원,‘아이콘택트’ 박완규 “김태원은 내게 친정엄마 같은 존재”,연예,14,2019,09,09,22:44,11,11,0,0,0,0,0,0,0,0,0,https://news.naver.com/main/read.nhn?mode=LSD&mid=sec&sid1=106&oid=213&aid=0001129938,1
김태원,"[KBW 2019] ""블록체인, 공공서비스 혁신 위한 핵심기술""",IT,16,2019,09,27,16:09,7,4,0,0,1,2,0,0,0,0,0,https://news.naver.com/main/read.nhn?mode=LSD&mid=sec&sid1=105&oid=014&aid=0004301403,1
김태원,[명단 전문] '조국 퇴진' 시국선언 대학교수 3265명 명단 공개…총 4366명 참여,사회,16,2019,09,27,14:22,"4,109","4,029",7,0,58,15,0,0,0,0,0,https://news.naver.com/main/read.nhn?mode=LSD&mid=sec&sid1=102&oid=023&aid=0003476445,1
김태원,"곽경택 감독 ""한국전쟁 영화 '장사리', 반공보단 반전 새겼죠""",생활,16,2019,09,28,11:05,70,67,0,2,1,0,0,0,0,0,0,https://news.naver.com/main/read.nhn?mode=LSD&mid=sec&sid1=103&oid=025&aid=0002940791,1
김태원,'블록페스타 2019' 개막…공공 블록체인 발전 어떻게?,IT,16,2019,09,27,15:02,2,1,0,0,1,0,0,0,0,0,0,https://news.naver.com/main/read.nhn?mode=LSD&mid=sec&sid1=105&oid=031&aid=0000510369,1
김태원,부활 김태원·박완규 “10월 콘서트에서 다시 시작하는 부활 볼 것” [스타요술램프],연예,17,2019,10,05,16:32,16,16,0,0,0,0,0,0,0,0,0,https://news.naver.com/main/read.nhn?mode=LSD&mid=sec&sid1=106&oid=022&aid=0003403090,1
김태원,"부활 출신 김동명, 10월 27일 결혼…주례 김태원·축가 황치열",연예,17,2019,10,02,13:52,52,52,0,0,0,0,0,0,0,0,0,https://news.naver.com/main/read.nhn?mode=LSD&mid=sec&sid1=106&oid=052&aid=0001349342,1
김태원,22년 만에 다시 쓰는 전설… 밴드 부활이 바란 소원은? [스타요술램프],연예,17,2019,10,05,16:32,3,3,0,0,0,0,0,0,0,0,0,https://news.naver.com/main/read.nhn?mode=LSD&mid=sec&sid1=106&oid=022&aid=0003403089,1
김태원,"부활, 박완규 11대 보컬 합류 후 콘서트 '본 어게인'",연예,17,2019,10,03,7:30,14,14,0,0,0,0,0,0,0,0,0,https://news.naver.com/main/read.nhn?mode=LSD&mid=sec&sid1=106&oid=241&aid=0002963594,1
김태원,"'개그콘서트' 윤형빈, '가짜 뉴스' 앵커로 변신",연예,17,2019,09,29,11:20,8,8,0,0,0,0,0,0,0,0,0,https://news.naver.com/main/read.nhn?mode=LSD&mid=sec&sid1=106&oid=079&aid=0003274792,1
김태원,"‘부활’ 김동명, 27일 품절남 된다…김태원 주례-황치열 축가[종합]",연예,17,2019,10,02,14:49,13,13,0,0,0,0,0,0,0,0,0,https://news.naver.com/main/read.nhn?mode=LSD&mid=sec&sid1=106&oid=009&aid=0004437783,1
김태원,"부활 출신 김동명, 27일 결혼…주례 김태원·축가 황치열",연예,17,2019,10,02,9:14,41,41,0,0,0,0,0,0,0,0,0,https://news.naver.com/main/read.nhn?mode=LSD&mid=sec&sid1=106&oid=311&aid=0001053838,1
김태원,"[단독] ‘부활’ 김동명, ’6년 연인‘과 27일 결혼...김태원 주례-황치열 축가",연예,17,2019,10,02,7:26,160,160,0,0,0,0,0,0,0,0,0,https://news.naver.com/main/read.nhn?mode=LSD&mid=sec&sid1=106&oid=009&aid=0004437414,1
김태원,"부활 출신 김동명, 27일 결혼 ‘김태원 주례’",연예,17,2019,10,02,9:47,10,10,0,0,0,0,0,0,0,0,0,https://news.naver.com/main/read.nhn?mode=LSD&mid=sec&sid1=106&oid=609&aid=0000180754,1
김태원,"'개그콘서트' 윤형빈의 새 코너 '가짜 뉴스', 후배들과 단단히 뭉쳤다",연예,17,2019,09,29,11:09,2,2,0,0,0,0,0,0,0,0,0,https://news.naver.com/main/read.nhn?mode=LSD&mid=sec&sid1=106&oid=468&aid=0000568779,1
김태원,"'개그콘서트' 윤형빈, 새 코너 '가짜 뉴스' 선보인다",연예,17,2019,09,29,10:05,2,2,0,0,0,0,0,0,0,0,0,https://news.naver.com/main/read.nhn?mode=LSD&mid=sec&sid1=106&oid=109&aid=0004092765,1
김태원,"[종합] `불후의 명곡` 김태원X박완규 부활, 故 백설희 편 최종 우승으로 부활하다",연예,18,2019,10,12,19:48,8,8,0,0,0,0,0,0,0,0,0,https://news.naver.com/main/read.nhn?mode=LSD&mid=sec&sid1=106&oid=009&aid=0004443164,1
김태원,"'불후' 전영록, 부활 김태원X박완규에 ""母가 쳐다보고 있는 것 같아"" [★밤TView]",연예,18,2019,10,12,20:28,2,2,0,0,0,0,0,0,0,0,0,https://news.naver.com/main/read.nhn?mode=LSD&mid=sec&sid1=106&oid=108&aid=0002816572,1
김태원,`새 음원` `포비아`로 돌아온 부활 출신 `괴물성대` 김동명,생활,18,2019,10,12,6:02,28,25,0,0,2,1,0,0,0,0,0,https://news.naver.com/main/read.nhn?mode=LSD&mid=sec&sid1=103&oid=009&aid=0004443023,1
김태원,"[단독] ‘부활’ 김동명, 가수인생 2막...‘포비아’ 발표하고 새 출발",연예,18,2019,10,08,15:32,36,36,0,0,0,0,0,0,0,0,0,https://news.naver.com/main/read.nhn?mode=LSD&mid=sec&sid1=106&oid=009&aid=0004440974,1
김태원,"'불후의 명곡' 김태원X박완규, '봄날은 간다'로 故 백설희 편 최종 우승…전영록 극찬[종합]",연예,18,2019,10,12,20:03,30,29,0,1,0,0,0,0,0,0,0,https://news.naver.com/main/read.nhn?mode=LSD&mid=sec&sid1=106&oid=076&aid=0003480511,1
김태원,"""부활이 부활했다""..'불후의 명곡' 부활, 故백설희 편 최종 우승[종합]",연예,18,2019,10,12,20:19,6,6,0,0,0,0,0,0,0,0,0,https://news.naver.com/main/read.nhn?mode=LSD&mid=sec&sid1=106&oid=112&aid=0003222411,1
김태원,"'불후의 명곡' 부활, 故 백설희 특집 우승…전영록 ""최고의 로커"" [종합]",연예,18,2019,10,12,19:48,9,9,0,0,0,0,0,0,0,0,0,https://news.naver.com/main/read.nhn?mode=LSD&mid=sec&sid1=106&oid=311&aid=0001058622,1
김태원,박완규 “부활 탈퇴 후 20년동안 후회로 살아” 뭉클 고백,연예,18,2019,10,12,18:21,7,7,0,0,0,0,0,0,0,0,0,https://news.naver.com/main/read.nhn?mode=LSD&mid=sec&sid1=106&oid=609&aid=0000186667,1
김태원,'불후의 명곡' 박완규 심경고백! “부활 탈퇴 후 20여년 동안 후회해”,연예,18,2019,10,12,16:35,11,11,0,0,0,0,0,0,0,0,0,https://news.naver.com/main/read.nhn?mode=LSD&mid=sec&sid1=106&oid=015&aid=0004222631,1
김태원,'불후의 명곡' 박완규 심경고백 “부활 탈퇴 후 20여년 동안 후회해”,연예,18,2019,10,12,18:20,17,17,0,0,0,0,0,0,0,0,0,https://news.naver.com/main/read.nhn?mode=LSD&mid=sec&sid1=106&oid=076&aid=0003480490,1
김태원,"‘불후의명곡’ 박완규 심경고백 “부활 탈퇴 후회, 힘들게 지냈다”",연예,18,2019,10,12,9:43,2,2,0,0,0,0,0,0,0,0,0,https://news.naver.com/main/read.nhn?mode=LSD&mid=sec&sid1=106&oid=382&aid=0000768107,1
김태원,"이승환과 동갑인 연예인, 누가 있을까? 연예계 대표 동안 신승훈은?",연예,18,2019,10,10,22:26,4,4,0,0,0,0,0,0,0,0,0,https://news.naver.com/main/read.nhn?mode=LSD&mid=sec&sid1=106&oid=088&aid=0000615541,1
김태원,"'개콘' 이동윤-이광섭-김태원-임재백-복현규-엄지윤, 개그 오페라 첫 선",연예,19,2019,10,18,15:47,4,4,0,0,0,0,0,0,0,0,0,https://news.naver.com/main/read.nhn?mode=LSD&mid=sec&sid1=106&oid=109&aid=0004104286,1
김태원,"김태원 글로스퍼 “블록체인 사업, 이젠 수익화 고민할 때”",IT,19,2019,10,17,17:19,2,1,0,0,0,1,0,0,0,0,0,https://news.naver.com/main/read.nhn?mode=LSD&mid=sec&sid1=105&oid=092&aid=0002172681,1
김태원,"[어게인TV]""22년 만에 재합류""..'불후의명곡' 부활, 록의 거장들 최종 우승",연예,19,2019,10,13,6:51,10,10,0,0,0,0,0,0,0,0,0,https://news.naver.com/main/read.nhn?mode=LSD&mid=sec&sid1=106&oid=112&aid=0003222452,1
김태원,'개그콘서트' 객석 참여형 새 코너 '개그 오페라' 20일 첫 공개,연예,19,2019,10,18,16:12,5,5,0,0,0,0,0,0,0,0,0,https://news.naver.com/main/read.nhn?mode=LSD&mid=sec&sid1=106&oid=052&aid=0001355505,1
김태원,"'개콘' 새 코너 '개그 오페라-누가 죄인인가?', 참여형 새 코너 눈길",연예,19,2019,10,18,17:14,3,3,0,0,0,0,0,0,0,0,0,https://news.naver.com/main/read.nhn?mode=LSD&mid=sec&sid1=106&oid=468&aid=0000578646,1
김태원,"‘개그콘서트’, 새 코너 ‘누가 죄인인가’ 관객 참여형 코너…기대감 UP",연예,19,2019,10,18,9:55,5,5,0,0,0,0,0,0,0,0,0,https://news.naver.com/main/read.nhn?mode=LSD&mid=sec&sid1=106&oid=410&aid=0000634620,1
김태원,"'개그콘서트', 새 코너 '개그 오페라-누가 죄인인가?' 선보인다",연예,19,2019,10,18,16:21,2,2,0,0,0,0,0,0,0,0,0,https://news.naver.com/main/read.nhn?mode=LSD&mid=sec&sid1=106&oid=312&aid=0000415467,1
김태원,“부활이 새롭게 부활” 20년만 재회에도 영원한 클래스 입증 ‘불후’[어제TV],연예,19,2019,10,13,6:14,2,2,0,0,0,0,0,0,0,0,0,https://news.naver.com/main/read.nhn?mode=LSD&mid=sec&sid1=106&oid=609&aid=0000186785,1
김태원,"'불후의 명곡' 박완규 ""부활 탈퇴 후 후회로 힘들었다"" 심경고백",연예,19,2019,10,13,8:38,6,6,0,0,0,0,0,0,0,0,0,https://news.naver.com/main/read.nhn?mode=LSD&mid=sec&sid1=106&oid=404&aid=0000254292,1
김태원,"'라디오쇼' 김태원 ""멤버 탈퇴? 떠난다면 잡을 여력도 없다""",연예,20,2019,10,25,11:24,5,4,0,1,0,0,0,0,0,0,0,https://news.naver.com/main/read.nhn?mode=LSD&mid=sec&sid1=106&oid=112&aid=0003227340,1
김태원,부활 김태원 “박완규 고음 듣기 싫었는데 살빼니 목소리 좋아”,연예,20,2019,10,25,11:30,10,10,0,0,0,0,0,0,0,0,0,https://news.naver.com/main/read.nhn?mode=LSD&mid=sec&sid1=106&oid=609&aid=0000193011,1
김태원,"노회찬을 만든"" '세번의 쿠데타 주역' 박정희를 만나다",오피니언,20,2019,10,26,24:21,43,11,0,0,30,2,0,0,0,0,0,https://news.naver.com/main/read.nhn?mode=LSD&mid=sec&sid1=110&oid=002&aid=0002108490,1
김태원,그림 그리는 신부의 열다섯 번째 전시회,생활,20,2019,10,21,3:02,1,1,0,0,0,0,0,0,0,0,0,https://news.naver.com/main/read.nhn?mode=LSD&mid=sec&sid1=103&oid=020&aid=0003248144,1
김태원,[10·26 40주년]②국내외 문건·증언으로 재구성한 10·26(1),정치,20,2019,10,25,6:00,16,8,0,1,7,0,0,0,0,0,0,https://news.naver.com/main/read.nhn?mode=LSD&mid=sec&sid1=100&oid=001&aid=0011167487,1
김태원,"부활 김태원 “탈퇴하는 멤버 잡을 여력 없어, 너무들 나가니까”",연예,20,2019,10,25,11:41,3,3,0,0,0,0,0,0,0,0,0,https://news.naver.com/main/read.nhn?mode=LSD&mid=sec&sid1=106&oid=609&aid=0000193020,1
김태원,"""보험같은 관계""…'라디오쇼'김태원X박완규, 20년 만의 화해…레전드의 '부활'(종합)",연예,20,2019,10,25,24:04,21,21,0,0,0,0,0,0,0,0,0,https://news.naver.com/main/read.nhn?mode=LSD&mid=sec&sid1=106&oid=112&aid=0003227359,1
김태원,[10·26 40주년]③국내외 문건·증언으로 재구성한 10·26(2),정치,20,2019,10,25,6:00,10,6,0,0,3,1,0,0,0,0,0,https://news.naver.com/main/read.nhn?mode=LSD&mid=sec&sid1=100&oid=001&aid=0011167488,1
김태원,"‘개그콘서트’ 3주년 닭살커플 임재백-엄지윤, 술자리 사건의 전말은?",연예,21,2019,11,02,10:41,2,2,0,0,0,0,0,0,0,0,0,https://news.naver.com/main/read.nhn?mode=LSD&mid=sec&sid1=106&oid=410&aid=0000639968,1
김태원,"‘부활’ 김동명, 오늘(27일) ‘6년 교제’ 여자친구와 결혼...김태원 주례[MK이슈]",연예,21,2019,10,27,7:02,21,21,0,0,0,0,0,0,0,0,0,https://news.naver.com/main/read.nhn?mode=LSD&mid=sec&sid1=106&oid=009&aid=0004451950,1
김태원,"사회주의자의 친동생 박정희, '두고 보자'",생활,21,2019,11,02,11:54,39,8,0,0,31,0,0,0,0,0,0,https://news.naver.com/main/read.nhn?mode=LSD&mid=sec&sid1=103&oid=002&aid=0002109322,1
김태원,"‘개콘-NEW 누가 죄인인가’ 임재백♥엄지윤, 위기→대유잼 뮤지컬 코미디",연예,21,2019,11,02,15:00,2,2,0,0,0,0,0,0,0,0,0,https://news.naver.com/main/read.nhn?mode=LSD&mid=sec&sid1=106&oid=382&aid=0000773757,1
김태원,'개콘' 뮤지컬 개그 코너 '누가 죄인인가'..웃음+귀호강 예고,연예,21,2019,11,02,10:43,4,4,0,0,0,0,0,0,0,0,0,https://news.naver.com/main/read.nhn?mode=LSD&mid=sec&sid1=106&oid=108&aid=0002820932,1
김태원,"'누가 죄인인가' 임재백-엄지윤, 3주년 닭살커플 갈라서게 한 죄인 누구?('개그콘서트')",연예,21,2019,11,02,14:57,3,3,0,0,0,0,0,0,0,0,0,https://news.naver.com/main/read.nhn?mode=LSD&mid=sec&sid1=106&oid=112&aid=0003230579,1
김태원,"'개콘-누가 죄인인가' 임재백-엄지윤, 꿀성대로 빅재미 부르는 NEW 뮤지컬 코미디",연예,21,2019,11,02,15:13,3,3,0,0,0,0,0,0,0,0,0,https://news.naver.com/main/read.nhn?mode=LSD&mid=sec&sid1=106&oid=311&aid=0001068927,1
김태원,"이주하-김아현, '2019 전통시장 홍보모델 선발대회' 은상 쾌거",연예,21,2019,10,30,13:59,1,1,0,0,0,0,0,0,0,0,0,https://news.naver.com/main/read.nhn?mode=LSD&mid=sec&sid1=106&oid=215&aid=0000820047,1
김태원,"글로스퍼홀딩스, GMR머티리얼즈 최대주주로…블록체인 신사업 추진",경제,21,2019,10,31,15:54,3,2,0,0,1,0,0,0,0,0,0,https://news.naver.com/main/read.nhn?mode=LSD&mid=sec&sid1=101&oid=003&aid=0009535347,1
김태원,전문예술법인·단체 경영 우수 사례 발표,생활,21,2019,10,29,8:35,2,1,1,0,0,0,0,0,0,0,0,https://news.naver.com/main/read.nhn?mode=LSD&mid=sec&sid1=103&oid=014&aid=0004317590,1
김태원,"김태원, '개콘-누가 죄인인가' 출연...예상못한 헤어스타일 공개",연예,22,2019,11,08,15:35,2,2,0,0,0,0,0,0,0,0,0,https://news.naver.com/main/read.nhn?mode=LSD&mid=sec&sid1=106&oid=052&aid=0001363428,1
김태원,[부고] 김관봉씨 外,사회,22,2019,11,08,12:08,1,0,0,1,0,0,0,0,0,0,0,https://news.naver.com/main/read.nhn?mode=LSD&mid=sec&sid1=102&oid=025&aid=0002951192,1
김태원,"`개그콘서트` 김태원, 위원장으로 보이게 한 범인 누구?",연예,22,2019,11,08,17:08,1,1,0,0,0,0,0,0,0,0,0,https://news.naver.com/main/read.nhn?mode=LSD&mid=sec&sid1=106&oid=009&aid=0004460511,1
김태원,"'개콘' 김태원, 희망은 공유 현실은 위원장…흥미진진 미용실 [Oh!쎈 컷]",연예,22,2019,11,08,15:42,1,1,0,0,0,0,0,0,0,0,0,https://news.naver.com/main/read.nhn?mode=LSD&mid=sec&sid1=106&oid=109&aid=0004117137,1
김태원,"‘개그콘서트’ 김태원, ‘누가 죄인인가’ 코너 선사..공유와 북쪽 위원장 사이",연예,22,2019,11,08,11:48,1,1,0,0,0,0,0,0,0,0,0,https://news.naver.com/main/read.nhn?mode=LSD&mid=sec&sid1=106&oid=014&aid=0004324161,1
김태원,"김태원, '개콘' 코너 '누가 죄인인가'서 초강력 비주얼..'꿀성대 개그'",연예,22,2019,11,08,8:53,3,3,0,0,0,0,0,0,0,0,0,https://news.naver.com/main/read.nhn?mode=LSD&mid=sec&sid1=106&oid=108&aid=0002822372,1
김태원,"김태원 건강이상 고백, ""쇼크로 4개월간 생사기로… 술 끊었다""",연예,23,2019,11,15,9:48,2,1,0,1,0,0,0,0,0,0,0,https://news.naver.com/main/read.nhn?mode=LSD&mid=sec&sid1=106&oid=408&aid=0000081310,1
김태원,“동물용 구충제 복용‘민간 셀프 임상현실’ 안타깝다”,생활,23,2019,11,15,11:02,2,2,0,0,0,0,0,0,0,0,0,https://news.naver.com/main/read.nhn?mode=LSD&mid=sec&sid1=103&oid=016&aid=0001602658,1
김태원,"김태원 고백 ""내 인생에서 술 하나 더 끊었다"" 쇼크로 생사 기로까지",연예,23,2019,11,15,3:36,4,1,0,3,0,0,0,0,0,0,0,https://news.naver.com/main/read.nhn?mode=LSD&mid=sec&sid1=106&oid=015&aid=0004241933,1
김태원,"'마이웨이' 김태원, 건강이상 고백 ""쇼크로 4개월간 생사 기로, 알코올 끊었다""",연예,23,2019,11,14,24:07,2,1,0,1,0,0,0,0,0,0,0,https://news.naver.com/main/read.nhn?mode=LSD&mid=sec&sid1=106&oid=404&aid=0000256489,1
김태원,"김태원 ""최근 패혈증 재발로 생사 고비 넘겨""",생활,24,2019,11,20,9:10,17,8,0,8,1,0,0,0,0,0,0,https://news.naver.com/main/read.nhn?mode=LSD&mid=sec&sid1=103&oid=001&aid=0011224111,1
김태원,"김태원 ""최근 패혈증 재발…후유증으로 후각 잃었다""",연예,24,2019,11,21,1:35,13,0,0,13,0,0,0,0,0,0,0,https://news.naver.com/main/read.nhn?mode=LSD&mid=sec&sid1=106&oid=025&aid=0002954455,1
김태원,[TV조선] 다시 한번 부활하는 김태원,연예,24,2019,11,20,3:04,2,2,0,0,0,0,0,0,0,0,0,https://news.naver.com/main/read.nhn?mode=LSD&mid=sec&sid1=106&oid=023&aid=0003487916,1
김태원,‘마이웨이’ 계속 쓰려져도 부활 이뤄내는 김태원의 삶 [콕TV],연예,24,2019,11,21,6:51,1,0,0,1,0,0,0,0,0,0,0,https://news.naver.com/main/read.nhn?mode=LSD&mid=sec&sid1=106&oid=213&aid=0001141464,1
김태원,"‘부활' 김태원 ""패혈증 재발, 죽느냐 사느냐 했었다""",연예,24,2019,11,20,9:54,3,1,0,2,0,0,0,0,0,0,0,https://news.naver.com/main/read.nhn?mode=LSD&mid=sec&sid1=106&oid=003&aid=0009566287,1
김태원,"'마이웨이' 김태원 ""최근 패혈증 재발로 생사기로 놓였었다""",연예,24,2019,11,20,9:14,10,6,0,4,0,0,0,0,0,0,0,https://news.naver.com/main/read.nhn?mode=LSD&mid=sec&sid1=106&oid=421&aid=0004314596,1
김태원,"김태원, ""패혈증 재발로 생사고비 넘겨""…'마이웨이'서 근황 공개",연예,24,2019,11,20,11:39,1,1,0,0,0,0,0,0,0,0,0,https://news.naver.com/main/read.nhn?mode=LSD&mid=sec&sid1=106&oid=215&aid=0000825553,1
김태원,"‘마이웨이’ 김태원, 예능서 자취 감춘 이유 “죽느냐 사느냐..”",연예,24,2019,11,20,13:42,6,2,0,4,0,0,0,0,0,0,0,https://news.naver.com/main/read.nhn?mode=LSD&mid=sec&sid1=106&oid=081&aid=0003045120,1
김태원,"'마이웨이' 김태원 ""박완규, 평생 함께 가고 싶은 선물 같은 존재""",연예,24,2019,11,20,13:32,9,9,0,0,0,0,0,0,0,0,0,https://news.naver.com/main/read.nhn?mode=LSD&mid=sec&sid1=106&oid=076&aid=0003499313,1
김태원,‘마이웨이’ 김태원 “‘사랑할수록’으로 부활…故김재기에 미안한 마음”,연예,24,2019,11,20,22:38,2,0,0,2,0,0,0,0,0,0,0,https://news.naver.com/main/read.nhn?mode=LSD&mid=sec&sid1=106&oid=410&aid=0000645616,1
김태원,"‘마이웨이’ 김태원, 고 김재기 회상 “지금도 생각하면 먹먹하다”",연예,24,2019,11,20,22:52,1,0,0,0,0,0,1,0,0,0,0,https://news.naver.com/main/read.nhn?mode=LSD&mid=sec&sid1=106&oid=009&aid=0004467700,1
김태원,"마이웨이 김태원 “패혈증 생사기로, 발달장애 아들 이제 소통” 고백 [어제TV]",연예,24,2019,11,21,6:32,1,0,0,1,0,0,0,0,0,0,0,https://news.naver.com/main/read.nhn?mode=LSD&mid=sec&sid1=106&oid=609&aid=0000206149,1
김태원,"[단독]김민우 ""마음의 상처 치유하라는 김태원 권유로 컴백""(인터뷰)",연예,25,2019,11,28,10:49,17,17,0,0,0,0,0,0,0,0,0,https://news.naver.com/main/read.nhn?mode=LSD&mid=sec&sid1=106&oid=018&aid=0004526652,-1
김태원,"[MBN 뉴스앤이슈] 김민우, 신곡 '케익'으로 가수 복귀…부활 김태원 작사·작곡",사회,25,2019,11,28,18:45,2,2,0,0,0,0,0,0,0,0,0,https://news.naver.com/main/read.nhn?mode=LSD&mid=sec&sid1=102&oid=057&aid=0001399440,1
김태원,"[단독]'사랑일 뿐야' 김민우, 17년 만에 가수 복귀",연예,25,2019,11,28,9:17,25,25,0,0,0,0,0,0,0,0,0,https://news.naver.com/main/read.nhn?mode=LSD&mid=sec&sid1=106&oid=018&aid=0004526521,1
김태원,송혜교·안정환·김태원 세관신고서 유출…전화번호·집주소 샜다(`8뉴스`),연예,26,2019,12,02,7:40,1,1,0,0,0,0,0,0,0,0,0,https://news.naver.com/main/read.nhn?mode=LSD&mid=sec&sid1=106&oid=009&aid=0004474049,1
김태원,송혜교부터 정의선 현대차 부회장까지 '개인정보' 털렸다,사회,26,2019,12,02,15:54,10,0,0,0,10,0,0,0,0,0,0,https://news.naver.com/main/read.nhn?mode=LSD&mid=sec&sid1=102&oid=015&aid=0004250935,1
김태원,"송혜교·안정환, 세관신고서 유출…""공항 세관원이 빼돌려""",연예,26,2019,12,02,13:59,3,3,0,0,0,0,0,0,0,0,0,https://news.naver.com/main/read.nhn?mode=LSD&mid=sec&sid1=106&oid=076&aid=0003504145,1
김태원,죽봉대로에 선 죽봉(竹峰) 김태원 의병장 동상,사회,27,2019,12,12,18:51,1,1,0,0,0,0,0,0,0,0,0,https://news.naver.com/main/read.nhn?mode=LSD&mid=sec&sid1=102&oid=001&aid=0011273275,1
김태원,"대전 대덕구, '가짜독립운동가' 김태원 어록비와 생애비 철거",사회,27,2019,12,13,13:56,1,1,0,0,0,0,0,0,0,0,0,https://news.naver.com/main/read.nhn?mode=LSD&mid=sec&sid1=102&oid=047&aid=0002249768,1
김태원,"토종 1세대 코인 '하이콘', 대표 지분처분 루머로 15% 급락",IT,27,2019,12,13,8:24,9,1,0,0,1,7,0,0,0,0,0,https://news.naver.com/main/read.nhn?mode=LSD&mid=sec&sid1=105&oid=421&aid=0004355818,1
김태원,"글로스퍼, 중소벤처기업부장관 표창 수상…1세대 블록체인 전문가 산업 공로 인정",경제,27,2019,12,11,13:54,1,1,0,0,0,0,0,0,0,0,0,https://news.naver.com/main/read.nhn?mode=LSD&mid=sec&sid1=101&oid=277&aid=0004587595,1
김태원,"[TEN 인터뷰] 김민우 ""김태원 형님이 선물해준 '케익', 지금 꼭 부르고 싶었던 노래""",연예,28,2019,12,20,17:24,54,54,0,0,0,0,0,0,0,0,0,https://news.naver.com/main/read.nhn?mode=LSD&mid=sec&sid1=106&oid=312&aid=0000426731,1
김태원,줄소송에 CEO 잠적설까지...심란한 연말 보내는 韓 블록체인 업계,IT,28,2019,12,18,14:57,7,0,0,1,5,1,0,0,0,0,0,https://news.naver.com/main/read.nhn?mode=LSD&mid=sec&sid1=105&oid=014&aid=0004345132,1
김태원,"[이동형의뉴스정면승부] ""김민우가 누구예요?"" 나는 가요톱텐 골든컵 2관왕!",생활,29,2019,12,27,19:52,1,1,0,0,0,0,0,0,0,0,0,https://news.naver.com/main/read.nhn?mode=LSD&mid=sec&sid1=103&oid=052&aid=0001381789,1
김태원,“사실상 암 완치 판정 100만 넘어서”…생존율도 ↑,사회,29,2019,12,25,8:28,89,62,0,6,18,3,0,0,0,0,0,https://news.naver.com/main/read.nhn?mode=LSD&mid=sec&sid1=102&oid=056&aid=0010776443,1
김태원,"KAIST, 국제 자율무인선 알고리즘 경진대회 우승",IT,29,2019,12,26,9:24,4,4,0,0,0,0,0,0,0,0,0,https://news.naver.com/main/read.nhn?mode=LSD&mid=sec&sid1=105&oid=018&aid=0004543632,1
김태원,"[심지훈이 만난 사람] “14년간 65회 식물탐사 디카 4대 바꿔 5만2,000장 찍었죠”",사회,30,2020,01,03,8:39,3,3,0,0,0,0,0,0,0,0,0,https://news.naver.com/main/read.nhn?mode=LSD&mid=sec&sid1=102&oid=469&aid=0000454087,1
김태원,"'푸른거탑' 김호창, '좋은가요' 깜짝 등장..친구와 더블루 '그대와 함께'로 추억소환",연예,30,2020,01,04,23:35,27,26,0,1,0,0,0,0,0,0,0,https://news.naver.com/main/read.nhn?mode=LSD&mid=sec&sid1=106&oid=404&aid=0000259394,1
김태원,[2020 대구경북 신년교례회] 자리를 빛내주신 분들께 감사드립니다,정치,30,2020,01,02,22:13,3,1,1,0,1,0,0,0,0,0,0,https://news.naver.com/main/read.nhn?mode=LSD&mid=sec&sid1=100&oid=088&aid=0000627166,1
김태원,'좋은가요' 오늘(4일) 첫 방송 관전포인트 #무공해 무대 #명곡,연예,30,2020,01,04,11:37,39,39,0,0,0,0,0,0,0,0,0,https://news.naver.com/main/read.nhn?mode=LSD&mid=sec&sid1=106&oid=076&aid=0003516002,1
김태원,"'좋은가요', 첫 방송에 베이비복스 특별 게스트 출연",연예,30,2020,01,04,11:36,7,7,0,0,0,0,0,0,0,0,0,https://news.naver.com/main/read.nhn?mode=LSD&mid=sec&sid1=106&oid=312&aid=0000429057,1
김태원,음악동창회 ‘좋은가요’ 오늘(4일) 첫 방송…관전포인트 공개,연예,30,2020,01,04,14:55,2,2,0,0,0,0,0,0,0,0,0,https://news.naver.com/main/read.nhn?mode=LSD&mid=sec&sid1=106&oid=144&aid=0000650127,1
김태원,"'좋은가요' 오늘(4일) 첫방송, 추억+감동 안길 음악동창회 '관전포인트는?'",연예,30,2020,01,04,22:11,9,9,0,0,0,0,0,0,0,0,0,https://news.naver.com/main/read.nhn?mode=LSD&mid=sec&sid1=106&oid=404&aid=0000259392,1
김태원,"'TV는사랑을싣고' 박완규, 김태원에 질색..""꿈에도 나와""",연예,31,2020,01,10,19:53,2,2,0,0,0,0,0,0,0,0,0,https://news.naver.com/main/read.nhn?mode=LSD&mid=sec&sid1=106&oid=108&aid=0002835619,1
김태원,"'TV는 사랑을 싣고' 박완규 ""부활 김태원, 제2의 인생 스승"" [전일야화]",연예,31,2020,01,11,6:30,7,7,0,0,0,0,0,0,0,0,0,https://news.naver.com/main/read.nhn?mode=LSD&mid=sec&sid1=106&oid=311&aid=0001098230,1
김태원,"전·현직 의원, 전직 시장, 40대 일꾼… '고양을' 경쟁 후끈",사회,31,2020,01,10,6:00,4,0,1,0,3,0,0,0,0,0,0,https://news.naver.com/main/read.nhn?mode=LSD&mid=sec&sid1=102&oid=003&aid=0009647844,1
김태원,"'좋은가요' 부천 랩소디, 결승 진출..유열 울린 뭉클한 무대 '감동+추억' 선사 (종합)",연예,31,2020,01,05,12:51,16,16,0,0,0,0,0,0,0,0,0,https://news.naver.com/main/read.nhn?mode=LSD&mid=sec&sid1=106&oid=404&aid=0000259395,1
김태원,"'TV는 사랑을 싣고' 박완규, ""'부활'은 동아줄… 김태원은 제2의 스승"" [어저께TV]",연예,31,2020,01,11,6:53,17,11,0,6,0,0,0,0,0,0,0,https://news.naver.com/main/read.nhn?mode=LSD&mid=sec&sid1=106&oid=109&aid=0004148728,1
김태원,"‘티비사랑’ 박완규, 인생스승과 20년 만의 재회 ‘눈물+큰절’ [콕TV]",연예,31,2020,01,10,20:44,9,9,0,0,0,0,0,0,0,0,0,https://news.naver.com/main/read.nhn?mode=LSD&mid=sec&sid1=106&oid=213&aid=0001149484,1
김태원,뺑소니 음주운전자 추격해 잡은 시민들…'우리동네 시민경찰' 선정,사회,32,2020,01,17,14:22,2,0,2,0,0,0,0,0,0,0,0,https://news.naver.com/main/read.nhn?mode=LSD&mid=sec&sid1=102&oid=421&aid=0004414161,1
김태원,[불후의 명곡] 스승과 제자가 꾸미는 감동의 무대...김태원&백청강 - 희나리,연예,33,2020,01,25,20:58,50,50,0,0,0,0,0,0,0,0,0,https://news.naver.com/main/read.nhn?mode=LSD&mid=sec&sid1=106&oid=438&aid=0000027467,1
김태원,"'불후의 명곡' 송가인X숙행, 김태원X백청강에 패배 ""광탈했다""",연예,33,2020,01,25,18:46,26,26,0,0,0,0,0,0,0,0,0,https://news.naver.com/main/read.nhn?mode=LSD&mid=sec&sid1=106&oid=312&aid=0000432730,1
김태원,"‘불후’ 황치열-강남, 설운도 ‘쌈바의 여인’ 열창…김태원-백청강 꺾고 1승",연예,33,2020,01,25,19:36,70,70,0,0,0,0,0,0,0,0,0,https://news.naver.com/main/read.nhn?mode=LSD&mid=sec&sid1=106&oid=057&aid=0001414960,1
김태원,"'불후' 김태원X백청강, 미성의 '희나리' 감성 폭발",연예,33,2020,01,25,18:40,63,63,0,0,0,0,0,0,0,0,0,https://news.naver.com/main/read.nhn?mode=LSD&mid=sec&sid1=106&oid=421&aid=0004426604,1
김태원,"'불후의 명곡' 김태원 ""백청강, 연변에서 본 순간 빛이 났다"" 극찬",연예,33,2020,01,25,18:10,37,37,0,0,0,0,0,0,0,0,0,https://news.naver.com/main/read.nhn?mode=LSD&mid=sec&sid1=106&oid=117&aid=0003326642,1
김태원,‘불후의 명곡’ 숙행&송가인 ‘모나리자’ 락스피릿 폭발…백청강&김태원 승,연예,33,2020,01,25,18:46,38,38,0,0,0,0,0,0,0,0,0,https://news.naver.com/main/read.nhn?mode=LSD&mid=sec&sid1=106&oid=112&aid=0003261058,1
김태원,"`불후의 명곡` 황치열X강남, 잔망 브라더스 등극... 김태원X백청강 제치고 첫 승",연예,33,2020,01,25,19:37,27,27,0,0,0,0,0,0,0,0,0,https://news.naver.com/main/read.nhn?mode=LSD&mid=sec&sid1=106&oid=009&aid=0004506349,1
김태원,[불후의 명곡] 동갑내기 절친들의 신나는 무대...마흔파이브 - 꿍따리 샤바라,연예,33,2020,01,25,21:01,6,6,0,0,0,0,0,0,0,0,0,https://news.naver.com/main/read.nhn?mode=LSD&mid=sec&sid1=106&oid=438&aid=0000027468,1
김태원,"[불후의 명곡] ‘정글에서 만난 우정’ 황치열-강남, ‘쌈바의 여인’으로 설 특집 우승",연예,33,2020,01,25,21:06,94,94,0,0,0,0,0,0,0,0,0,https://news.naver.com/main/read.nhn?mode=LSD&mid=sec&sid1=106&oid=438&aid=0000027469,1
김태원,"[불후의 명곡] 트로트 절친 송가인&숙행, ‘로커’로 변신하다... 조용필의 ‘모나리자’",연예,33,2020,01,25,20:54,31,31,0,0,0,0,0,0,0,0,0,https://news.naver.com/main/read.nhn?mode=LSD&mid=sec&sid1=106&oid=438&aid=0000027466,1
김태원,"`불후의 명곡` 김태원X백청강, 강적 송가인X숙행 제치고 `친구특집` 첫 승",연예,33,2020,01,25,18:49,92,92,0,0,0,0,0,0,0,0,0,https://news.naver.com/main/read.nhn?mode=LSD&mid=sec&sid1=106&oid=009&aid=0004506344,1
김태원,"황석정·김용우, 송가인·숙행, 양치승·최은주 등 절친들의 '불후의명곡'",연예,33,2020,01,25,18:01,7,7,0,0,0,0,0,0,0,0,0,https://news.naver.com/main/read.nhn?mode=LSD&mid=sec&sid1=106&oid=031&aid=0000523118,1
김태원,"1월28일 김재규와 부하들, 살아서 나눈 마지막 인사는… [오래 전 ‘이날’]",사회,34,2020,01,28,1:59,90,8,2,19,54,7,0,0,0,0,0,https://news.naver.com/main/read.nhn?mode=LSD&mid=sec&sid1=102&oid=032&aid=0002988208,1
김태원,‘불후의 명곡’서 파워 무대 합작 숙행·송가인 ‘무대 비하인드컷’ 공개,연예,34,2020,01,28,20:12,154,154,0,0,0,0,0,0,0,0,0,https://news.naver.com/main/read.nhn?mode=LSD&mid=sec&sid1=106&oid=022&aid=0003433813,1
김태원,"‘불후의 명곡’ 송가인X숙행, 도전 정신도 우정도 만점[어제TV]",연예,34,2020,01,26,6:05,19,19,0,0,0,0,0,0,0,0,0,https://news.naver.com/main/read.nhn?mode=LSD&mid=sec&sid1=106&oid=609&aid=0000238723,1
김태원,[어게인TV] ‘불후의 명곡’ 황치열&강남 브로맨스 무대로 우승,연예,34,2020,01,26,6:50,126,126,0,0,0,0,0,0,0,0,0,https://news.naver.com/main/read.nhn?mode=LSD&mid=sec&sid1=106&oid=112&aid=0003261088,1
김태원,[순간포착] 두 눈 감은 '남산의 부장' 김재규,사회,34,2020,02,01,8:00,19,0,0,15,3,1,0,0,0,0,0,https://news.naver.com/main/read.nhn?mode=LSD&mid=sec&sid1=102&oid=001&aid=0011370785,1
김태원,일산의 ‘與’ 얼굴이 바뀐다?,정치,34,2020,02,01,15:02,336,7,1,0,327,1,0,0,0,0,0,https://news.naver.com/main/read.nhn?mode=LSD&mid=sec&sid1=100&oid=008&aid=0004349687,1
김태원,"숙행X송가인, '불후의 명곡' 출연자들과 화기애애 인증샷 ""반가웠어요""",연예,34,2020,01,28,14:10,174,174,0,0,0,0,0,0,0,0,0,https://news.naver.com/main/read.nhn?mode=LSD&mid=sec&sid1=106&oid=241&aid=0002999772,1
김태원,"숙행, 송가인과 화사한 투샷 “함께해서 더 편한 마음”[SNS★컷]",연예,34,2020,01,28,10:02,134,134,0,0,0,0,0,0,0,0,0,https://news.naver.com/main/read.nhn?mode=LSD&mid=sec&sid1=106&oid=609&aid=0000239380,1
김태원,"'불후' 황치열X강남, 정글쌈바 케미로 완성한 값진 우승[어저께TV]",연예,34,2020,01,26,6:52,140,140,0,0,0,0,0,0,0,0,0,https://news.naver.com/main/read.nhn?mode=LSD&mid=sec&sid1=106&oid=109&aid=0004155507,1
김태원,[인사] 의성군,사회,34,2020,01,30,16:57,1,1,0,0,0,0,0,0,0,0,0,https://news.naver.com/main/read.nhn?mode=LSD&mid=sec&sid1=102&oid=088&aid=0000630775,1
김태원,"'복면가왕', 청하X김태원X김조한 활약 예고…관심집중",연예,35,2020,02,07,11:45,4,4,0,0,0,0,0,0,0,0,0,https://news.naver.com/main/read.nhn?mode=LSD&mid=sec&sid1=106&oid=311&aid=0001109126,1
김태원,"'복면가왕' 청하에게 도전장 내민 복면가수, 0.5배속 '벌써 12시' 댄스!",연예,35,2020,02,07,14:19,9,9,0,0,0,0,0,0,0,0,0,https://news.naver.com/main/read.nhn?mode=LSD&mid=sec&sid1=106&oid=408&aid=0000086498,1
김태원,"""이런 경험 처음""…'복면가왕' 퍼포 퀸 청하도 당황, 더 섹시해진 '벌써 12시'",연예,35,2020,02,07,24:30,2,2,0,0,0,0,0,0,0,0,0,https://news.naver.com/main/read.nhn?mode=LSD&mid=sec&sid1=106&oid=015&aid=0004286222,-1
김태원,‘복면가왕’ 0.5배속 ‘벌써 12시’에 청하도 당황 “이런 경험 처음”,연예,35,2020,02,07,11:07,7,7,0,0,0,0,0,0,0,0,0,https://news.naver.com/main/read.nhn?mode=LSD&mid=sec&sid1=106&oid=382&aid=0000796535,-1
김태원,"한식벽제그룹 ‘봉피양’, 돌아왔새우 이벤트 실시",경제,35,2020,02,03,10:34,1,1,0,0,0,0,0,0,0,0,0,https://news.naver.com/main/read.nhn?mode=LSD&mid=sec&sid1=101&oid=311&aid=0001106875,1
김태원,"[전문]김태원 시의원, 해외 출장 비판에 ""대변인실은 뭐 좀 했습니까?""",사회,36,2020,02,15,11:09,38,1,0,0,36,1,0,0,0,0,0,https://news.naver.com/main/read.nhn?mode=LSD&mid=sec&sid1=102&oid=088&aid=0000632973,1
김태원,"‘복면가왕’ 김성주, 김태원의 냉철한 분석+돌직구 감상평에 ‘어질’",연예,36,2020,02,15,9:19,7,7,0,0,0,0,0,0,0,0,0,https://news.naver.com/main/read.nhn?mode=LSD&mid=sec&sid1=106&oid=408&aid=0000086927,1
김태원,"'개그콘서트' 류근지-서태훈-김태원, KBS의 복덩이들‥무한매력 오픈",연예,36,2020,02,09,15:10,8,8,0,0,0,0,0,0,0,0,0,https://news.naver.com/main/read.nhn?mode=LSD&mid=sec&sid1=106&oid=112&aid=0003265980,1
김태원,신봉선 “언니? 아니고 ‘김태원 선배님’과 ‘복면가왕’ 촬영중” 웃음,연예,36,2020,02,10,11:37,2,2,0,0,0,0,0,0,0,0,0,https://news.naver.com/main/read.nhn?mode=LSD&mid=sec&sid1=106&oid=022&aid=0003437128,1
김태원,‘복면가왕’ 몰디브=김형묵...“연습 위해 쓴 노래방 비용 60만원”,연예,36,2020,02,09,19:14,9,9,0,0,0,0,0,0,0,0,0,https://news.naver.com/main/read.nhn?mode=LSD&mid=sec&sid1=106&oid=312&aid=0000434964,1
김태원,‘복면가왕’ 부활 김태원이 극찬한 복면 가수는? “특허를 내야 할 창법”,연예,36,2020,02,15,23:47,4,4,0,0,0,0,0,0,0,0,0,https://news.naver.com/main/read.nhn?mode=LSD&mid=sec&sid1=106&oid=469&aid=0000467344,1
김태원,"개그-진행-노래 ‘다 되는’ 3인방, 류근지·서태훈·김태원에게 ‘개콘’이란?",연예,36,2020,02,09,11:53,1,1,0,0,0,0,0,0,0,0,0,https://news.naver.com/main/read.nhn?mode=LSD&mid=sec&sid1=106&oid=410&aid=0000667896,1
김태원,"류근지-김태원-서태훈 ""'개콘', 젊음 바친 곳이자 명함…인연 만난 곳""",연예,36,2020,02,09,10:14,3,3,0,0,0,0,0,0,0,0,0,https://news.naver.com/main/read.nhn?mode=LSD&mid=sec&sid1=106&oid=109&aid=0004162658,1
김태원,"류근지·서태훈·김태원, 우직하게 ‘개콘’ 지킨 아이디어 뱅크들",연예,36,2020,02,09,20:23,2,2,0,0,0,0,0,0,0,0,0,https://news.naver.com/main/read.nhn?mode=LSD&mid=sec&sid1=106&oid=213&aid=0001153129,1
김태원,"류근지·서태훈·김태원, 생소한 조합…‘개그콘서트’는 나에게 무엇?",연예,36,2020,02,09,10:50,6,6,0,0,0,0,0,0,0,0,0,https://news.naver.com/main/read.nhn?mode=LSD&mid=sec&sid1=106&oid=057&aid=0001419173,1
김태원,"""이런 경험 처음""…청하도 당황, 색다른 '벌써 12시'",연예,36,2020,02,09,12:11,7,7,0,0,0,0,0,0,0,0,0,https://news.naver.com/main/read.nhn?mode=LSD&mid=sec&sid1=106&oid=018&aid=0004571644,-1
김태원,"""언니?"" 신봉선과 다정 투샷…뒷모습의 주인공은? [★해시태그]",연예,36,2020,02,10,19:38,22,22,0,0,0,0,0,0,0,0,0,https://news.naver.com/main/read.nhn?mode=LSD&mid=sec&sid1=106&oid=311&aid=0001110171,1
김태원,"‘복면가왕’ 몰디브는 명품 악역배우 김형묵, 모히또 2R 진출",연예,36,2020,02,09,18:40,4,4,0,0,0,0,0,0,0,0,0,https://news.naver.com/main/read.nhn?mode=LSD&mid=sec&sid1=106&oid=609&aid=0000245263,1
김태원,"'복면가왕' 모히또, 배우 김형묵 제치고 2라운드 진출",연예,36,2020,02,09,18:43,2,2,0,0,0,0,0,0,0,0,0,https://news.naver.com/main/read.nhn?mode=LSD&mid=sec&sid1=106&oid=112&aid=0003266014,1
김태원,"'두시만세' 김민우 ""부활 김태원, 과거 제 결혼식에서 축가 불러줘""",연예,37,2020,02,21,15:31,5,5,0,0,0,0,0,0,0,0,0,https://news.naver.com/main/read.nhn?mode=LSD&mid=sec&sid1=106&oid=112&aid=0003270464,1
김태원,"'복면가왕' 김희철, 데뷔 16년 차 가수 본업 찾은 '반전 가창력' [SC리뷰]",연예,37,2020,02,17,9:15,36,36,0,0,0,0,0,0,0,0,0,https://news.naver.com/main/read.nhn?mode=LSD&mid=sec&sid1=106&oid=076&aid=0003531981,1
김태원,"“윤종신·김정민 가수 만든 장본인” 김민우, 가요계 역사 썼다(종합)",연예,37,2020,02,21,15:56,11,11,0,0,0,0,0,0,0,0,0,https://news.naver.com/main/read.nhn?mode=LSD&mid=sec&sid1=106&oid=609&aid=0000250653,1
김태원,'복면가왕' 가왕 '낭랑18세' 5연승…승희·조진수·김희철·다영 정체 공개(종합),연예,37,2020,02,16,19:50,20,19,0,1,0,0,0,0,0,0,0,https://news.naver.com/main/read.nhn?mode=LSD&mid=sec&sid1=106&oid=421&aid=0004465478,1
김태원,"""노래하는 거 정말 좋아해""..'복면가왕' 김희철, 상상도 못한 정체 등판 [어저께TV]",연예,37,2020,02,17,6:52,36,36,0,0,0,0,0,0,0,0,0,https://news.naver.com/main/read.nhn?mode=LSD&mid=sec&sid1=106&oid=109&aid=0004167249,1
김태원,“교통사고 탓 무대 못서” 김희철 복면가왕 의외의 가창력 경악[어제TV],연예,37,2020,02,17,6:00,5,5,0,0,0,0,0,0,0,0,0,https://news.naver.com/main/read.nhn?mode=LSD&mid=sec&sid1=106&oid=609&aid=0000248297,1
김태원,"김태원 SK이노베이션 E&P사업대표 ""운영권 중심으로 사업 재편""",경제,37,2020,02,21,11:38,3,1,0,0,2,0,0,0,0,0,0,https://news.naver.com/main/read.nhn?mode=LSD&mid=sec&sid1=101&oid=014&aid=0004376649,1
김태원,"[종합]""사춘기라 뽀뽀 안 해""..'두시만세' 김민우가 밝힌 #딸 #케익 #김태원",연예,37,2020,02,21,15:59,1,1,0,0,0,0,0,0,0,0,0,https://news.naver.com/main/read.nhn?mode=LSD&mid=sec&sid1=106&oid=112&aid=0003270482,1
김태원,"'복면가왕', 낭랑18세 5연승 달성…김희철X다영X승희X조진수 활약 [엑's 리뷰]",연예,37,2020,02,17,11:25,1,1,0,0,0,0,0,0,0,0,0,https://news.naver.com/main/read.nhn?mode=LSD&mid=sec&sid1=106&oid=311&aid=0001112948,1
김태원,"'복면가왕' 낭랑18세, 파죽지세 5연승..김희철·우주소녀 다영 탈락 '반전' [종합]",연예,37,2020,02,17,7:52,1,1,0,0,0,0,0,0,0,0,0,https://news.naver.com/main/read.nhn?mode=LSD&mid=sec&sid1=106&oid=109&aid=0004167273,1
김태원,'복면가왕' 김희철X낭랑18세 무대 시청률 10.1%…반전은 계속,연예,37,2020,02,17,8:44,9,9,0,0,0,0,0,0,0,0,0,https://news.naver.com/main/read.nhn?mode=LSD&mid=sec&sid1=106&oid=468&aid=0000627227,1
김태원,"'복면가왕' 낭랑18세, 5연승 성공… 다영-김희철-조진수-승희, 정체공개!",연예,37,2020,02,17,9:08,8,8,0,0,0,0,0,0,0,0,0,https://news.naver.com/main/read.nhn?mode=LSD&mid=sec&sid1=106&oid=408&aid=0000087031,1
김태원,"‘복면가왕’ 낭랑18세 5연승, 브라키오=우주소녀 다영·김희철 아쉽다(종합)",연예,37,2020,02,16,19:47,10,10,0,0,0,0,0,0,0,0,0,https://news.naver.com/main/read.nhn?mode=LSD&mid=sec&sid1=106&oid=609&aid=0000248224,1
김태원,'복면가왕' 김희철 3R 반전 탈락·우주소녀 다영 가왕 좌절..낭랑18세 5연승 [종합],연예,37,2020,02,16,19:51,12,12,0,0,0,0,0,0,0,0,0,https://news.naver.com/main/read.nhn?mode=LSD&mid=sec&sid1=106&oid=109&aid=0004167137,1
김태원,"'복면가왕' 김희철 ""교통사고 후 오랜만에 무대...너무 행복했다""",연예,37,2020,02,17,11:35,77,76,0,0,0,0,0,0,0,1,0,https://news.naver.com/main/read.nhn?mode=LSD&mid=sec&sid1=106&oid=052&aid=0001401917,1
김태원,"'복면가왕' 김희철, ""교통사고로 무대 못 선지 오래..옛 추억에 잠겼다""",연예,37,2020,02,17,11:55,14,14,0,0,0,0,0,0,0,0,0,https://news.naver.com/main/read.nhn?mode=LSD&mid=sec&sid1=106&oid=241&aid=0003004766,1
김태원,"김희철 ""교통사고로 무대 못 선지 오래…'복면가왕' 덕에 행복""",연예,37,2020,02,17,13:40,15,15,0,0,0,0,0,0,0,0,0,https://news.naver.com/main/read.nhn?mode=LSD&mid=sec&sid1=106&oid=421&aid=0004466647,1
김태원,"`복면가왕` 김희철 ""출연위해 이수만 선생님과 LA여행 포기""",연예,37,2020,02,17,13:25,17,17,0,0,0,0,0,0,0,0,0,https://news.naver.com/main/read.nhn?mode=LSD&mid=sec&sid1=106&oid=009&aid=0004518930,-1
김태원,"전남도교육청, 역사 속에서 배우는 '남도민주평화길' 개발",사회,38,2020,02,26,14:42,3,3,0,0,0,0,0,0,0,0,0,https://news.naver.com/main/read.nhn?mode=LSD&mid=sec&sid1=102&oid=014&aid=0004379360,1
김태원,"'세일즈맨' 김민우, 다시 '가수 김민우'?…민해경·김태원 응원",연예,39,2020,03,04,12:01,28,28,0,0,0,0,0,0,0,0,0,https://news.naver.com/main/read.nhn?mode=LSD&mid=sec&sid1=106&oid=031&aid=0000528002,1
김태원,"‘마이웨이’ 김민우 “부활 김태원, 재기 위해 내 딸 보며 쓴 곡 ‘케익’ 선물”",연예,39,2020,03,03,13:39,12,12,0,0,0,0,0,0,0,0,0,https://news.naver.com/main/read.nhn?mode=LSD&mid=sec&sid1=106&oid=009&aid=0004528893,1
김태원,"김민우 “13년만 차 사준단 약속 지킨 김태원, 자비로 신곡 선물도”[결정적장면]",연예,39,2020,03,05,6:00,34,33,0,1,0,0,0,0,0,0,0,https://news.naver.com/main/read.nhn?mode=LSD&mid=sec&sid1=106&oid=609&aid=0000254798,1
김태원,'광교시대' 열며 더 젊어진 한화갤러리아..40대 임원 전진배치,경제,39,2020,03,05,4:45,8,2,1,0,3,2,0,0,0,0,0,https://news.naver.com/main/read.nhn?mode=LSD&mid=sec&sid1=101&oid=008&aid=0004369782,1
김태원,"[U-리그] 홍익대-성균관대, 주전 세터에 달린 2020시즌 향방",스포츠,39,2020,03,05,09:28,8,5,0,2,0,0,0,0,0,0,1,http://sports.news.naver.com/volleyball/news/read.nhn?oid=530&aid=0000005350,1
김태원,"[종합] '인생다큐 마이웨이' 가수 김민우, 인기가수→슈퍼맨 아빠가 되기까지",연예,39,2020,03,04,22:59,9,8,0,1,0,0,0,0,0,0,0,https://news.naver.com/main/read.nhn?mode=LSD&mid=sec&sid1=106&oid=112&aid=0003274873,1
김태원,"'마이웨이' 김민우, 극단적 선택 고백···자동차 세일즈맨으로 제2의 인생",연예,39,2020,03,04,21:32,1,1,0,0,0,0,0,0,0,0,0,https://news.naver.com/main/read.nhn?mode=LSD&mid=sec&sid1=106&oid=011&aid=0003704822,1
김태원,"'마이웨이' 김민우, 아내 잃고 딸과 살아가는 삶...기필코 봄날은 온다 [콕TV]",연예,39,2020,03,04,22:57,18,2,0,16,0,0,0,0,0,0,0,https://news.naver.com/main/read.nhn?mode=LSD&mid=sec&sid1=106&oid=213&aid=0001156373,1
김태원,"'마이웨이' 김민우 ""재기 실패한 후 극단적 생각하기도""",연예,39,2020,03,03,17:35,3,3,0,0,0,0,0,0,0,0,0,https://news.naver.com/main/read.nhn?mode=LSD&mid=sec&sid1=106&oid=312&aid=0000438030,1
김태원,"김민우, 자동차 판매원 제2 전성기 '인생 다큐' 공개",연예,39,2020,03,03,14:26,116,112,0,4,0,0,0,0,0,0,0,https://news.naver.com/main/read.nhn?mode=LSD&mid=sec&sid1=106&oid=003&aid=0009735084,1
김태원,인하대 졸업 박서정씨 지구온난화가 남극의 작은 해양생물에 미치는 영향 밝혀내,사회,39,2020,03,05,17:57,4,4,0,0,0,0,0,0,0,0,0,https://news.naver.com/main/read.nhn?mode=LSD&mid=sec&sid1=102&oid=005&aid=0001295924,1
김태원,[생활보물] 부활 김태원 “이런 사랑 받을 자격 있나” 되묻게 한 지휘봉,생활,40,2020,03,13,20:02,6,6,0,0,0,0,0,0,0,0,0,https://news.naver.com/main/read.nhn?mode=LSD&mid=sec&sid1=103&oid=025&aid=0002983873,1
김태원,"전·현직 지방의원 6명, 정상환 예비후보 지지 선언",사회,40,2020,03,13,18:19,5,2,0,0,3,0,0,0,0,0,0,https://news.naver.com/main/read.nhn?mode=LSD&mid=sec&sid1=102&oid=079&aid=0003335883,1
김태원,"부활 김태원 “작년 8월 행사장서 쓰러져, 이게 끝인가 했다”",생활,41,2020,03,16,12:07,17,10,0,7,0,0,0,0,0,0,0,https://news.naver.com/main/read.nhn?mode=LSD&mid=sec&sid1=103&oid=025&aid=0002984228,1
김태원,부활 김태원 “작년 8월 행사장서 쓰러져…이게 끝인가 했다”,생활,41,2020,03,15,11:01,"2,221","1,794",35,236,118,38,0,0,0,0,0,https://news.naver.com/main/read.nhn?mode=LSD&mid=sec&sid1=103&oid=025&aid=0002984045,1
김태원,"'최고 여성 유튜브 스타' 김민아의 이런 모습, 좀 어색한데",연예,41,2020,03,19,13:39,33,31,0,1,0,0,1,0,0,0,0,https://news.naver.com/main/read.nhn?mode=LSD&mid=sec&sid1=106&oid=047&aid=0002262092,1
김태원,"고양을, 70년대생들 다자경쟁 구도...무주공산 승자는?",사회,41,2020,03,20,6:00,1,1,0,0,0,0,0,0,0,0,0,https://news.naver.com/main/read.nhn?mode=LSD&mid=sec&sid1=102&oid=003&aid=0009767378,1
김태원,"[TF인터뷰] 아나운서 출신 한준호, 고양을 출사표...""정치는 숙명""",정치,41,2020,03,19,5:00,140,26,0,0,112,2,0,0,0,0,0,https://news.naver.com/main/read.nhn?mode=LSD&mid=sec&sid1=100&oid=629&aid=0000019428,1
김태원,[4·15 총선 격전지] 경기 고양정-민주당 이용우 vs 통합당 김현아,정치,41,2020,03,16,14:51,6,4,0,0,1,1,0,0,0,0,0,https://news.naver.com/main/read.nhn?mode=LSD&mid=sec&sid1=100&oid=053&aid=0000027154,1
김태원,"[4·15격전지]고양시을, 정치신인들 대결구도에 진보정당 도전장",사회,42,2020,03,22,7:00,2,0,0,0,2,0,0,0,0,0,0,https://news.naver.com/main/read.nhn?mode=LSD&mid=sec&sid1=102&oid=421&aid=0004535759,1
김태원,글로스퍼랩스 대표이사 변경,경제,42,2020,03,27,17:57,1,1,0,0,0,0,0,0,0,0,0,https://news.naver.com/main/read.nhn?mode=LSD&mid=sec&sid1=101&oid=005&aid=0001304953,1
김태원,장 마감 후 기업공시[3월 27일],경제,42,2020,03,27,18:52,2,0,0,0,1,1,0,0,0,0,0,https://news.naver.com/main/read.nhn?mode=LSD&mid=sec&sid1=101&oid=011&aid=0003716223,1
김태원,`이구리와 핑크란마`…세계 정상급 록보컬 부부가 한국에 있다,생활,42,2020,03,28,6:02,9,6,0,0,3,0,0,0,0,0,0,https://news.naver.com/main/read.nhn?mode=LSD&mid=sec&sid1=103&oid=009&aid=0004545993,1
김태원,"[격전! 고양 벨트⑤] '초접전' 고양을, 새얼굴 대결…한준호 VS 함경우",정치,43,2020,04,01,6:30,40,31,1,0,6,2,0,0,0,0,0,https://news.naver.com/main/read.nhn?mode=LSD&mid=sec&sid1=100&oid=119&aid=0002392690,1
김태원,[연예수첩] 시선 강탈! 화제의 1분,연예,43,2020,03,30,8:40,98,98,0,0,0,0,0,0,0,0,0,https://news.naver.com/main/read.nhn?mode=LSD&mid=sec&sid1=106&oid=056&aid=0010811114,1
김태원,"김민우 ""아내와 갑작스런 사별, 딸 덕분에 극복"" (인터뷰④)",연예,43,2020,04,01,13:53,15,10,0,5,0,0,0,0,0,0,0,https://news.naver.com/main/read.nhn?mode=LSD&mid=sec&sid1=106&oid=427&aid=0000036061,1
김태원,"유승민 ""이번 총선은 경제위기 극복하는 선택""(종합)",정치,43,2020,04,03,17:19,201,180,3,0,17,1,0,0,0,0,0,https://news.naver.com/main/read.nhn?mode=LSD&mid=sec&sid1=100&oid=001&aid=0011522056,1
김태원,"""서민 표심 잡아라"" 대구 수성을 '용지대첩' 시작",정치,43,2020,04,02,17:54,23,17,0,0,4,2,0,0,0,0,0,https://news.naver.com/main/read.nhn?mode=LSD&mid=sec&sid1=100&oid=088&aid=0000641738,1
김태원,"[레이더P] 무주공산 대결 ② 경기 고양을, 아나운서 vs 당직자 vs 전직 비례",정치,43,2020,04,02,14:21,31,5,1,0,24,1,0,0,0,0,0,https://news.naver.com/main/read.nhn?mode=LSD&mid=sec&sid1=100&oid=009&aid=0004549505,1
김태원,"[SC핫포커스]'선발 파워피처'를 향한 LG의 갈망, 이상규-이민호 성장할까",스포츠,43,2020,03,31,09:49,63,41,0,0,8,0,0,0,0,0,14,http://sports.news.naver.com/kbaseball/news/read.nhn?oid=076&aid=0003548668,1
김태원,"유승민 ""이번 총선은 경제위기 극복하는 선택""",정치,43,2020,04,03,14:19,131,115,0,1,14,1,0,0,0,0,0,https://news.naver.com/main/read.nhn?mode=LSD&mid=sec&sid1=100&oid=001&aid=0011521259,1
김태원,"유승민 ""이번 총선은 경제위기 극복을 위한 선택""",정치,43,2020,04,03,14:43,7,5,0,0,2,0,0,0,0,0,0,https://news.naver.com/main/read.nhn?mode=LSD&mid=sec&sid1=100&oid=057&aid=0001439951,1
김태원,[프로야구 손자병법] 17 김태원과 상옥추제(上屋抽梯),스포츠,44,2020,04,10,12:49,1,1,0,0,0,0,0,0,0,0,0,http://sports.news.naver.com/kbaseball/news/read.nhn?oid=425&aid=0000104943,1
김태원,스산한 사회를 위로하는 바람꽃의 `비와 외로움`,생활,44,2020,04,11,15:02,10,10,0,0,0,0,0,0,0,0,0,https://news.naver.com/main/read.nhn?mode=LSD&mid=sec&sid1=103&oid=009&aid=0004555252,1
김태원,[단독]김태원·김종서·박완규 '대한외국인' 출격..부활 특집,연예,44,2020,04,05,9:00,5,5,0,0,0,0,0,0,0,0,0,https://news.naver.com/main/read.nhn?mode=LSD&mid=sec&sid1=106&oid=108&aid=0002853721,1
김태원,"[유튜브 리뷰] 골프, 패션 보러? 아니, 환상의 티키타카 보러!",생활,44,2020,04,11,11:07,14,6,0,0,8,0,0,0,0,0,0,https://news.naver.com/main/read.nhn?mode=LSD&mid=sec&sid1=103&oid=036&aid=0000043013,1
김태원,"하이콘, 빗썸 '코로나19' 극복 기부 캠페인에 동참",IT,44,2020,04,06,14:27,1,1,0,0,0,0,0,0,0,0,0,https://news.naver.com/main/read.nhn?mode=LSD&mid=sec&sid1=105&oid=468&aid=0000645010,1
김태원,애국지사 후손들 “친일·반민족 ‘TV조선·채널A’ 재승인 반대”,사회,45,2020,04,15,19:16,"1,121",949,12,0,149,11,0,0,0,0,0,https://news.naver.com/main/read.nhn?mode=LSD&mid=sec&sid1=102&oid=028&aid=0002493715,1
김태원,"박정희 체제의 종말 열흘 전, 이 사건이 있었다",생활,45,2020,04,16,13:52,97,30,1,5,50,11,0,0,0,0,0,https://news.naver.com/main/read.nhn?mode=LSD&mid=sec&sid1=103&oid=047&aid=0002266762,1
김태원,"대구시의회, 제274회 임시회 개회",사회,45,2020,04,18,24:12,1,0,0,0,0,1,0,0,0,0,0,https://news.naver.com/main/read.nhn?mode=LSD&mid=sec&sid1=102&oid=002&aid=0002131023,1
김태원,끝날 때까지 끝난 것이 아니다,정치,45,2020,04,12,10:32,144,78,2,1,53,10,0,0,0,0,0,https://news.naver.com/main/read.nhn?mode=LSD&mid=sec&sid1=100&oid=028&aid=0002493190,1
김태원,"독립운동가·후손 1544명 ""TV조선·채널A 재승인 취소하라""",정치,45,2020,04,14,13:30,875,729,12,2,107,25,0,0,0,0,0,https://news.naver.com/main/read.nhn?mode=LSD&mid=sec&sid1=100&oid=006&aid=0000102167,1
김태원,"이상규-홍창기, LG 우승 도전의 '비밀병기' 될까",스포츠,45,2020,04,14,10:10,51,35,0,0,13,0,0,0,0,0,3,http://sports.news.naver.com/kbaseball/news/read.nhn?oid=047&aid=0002266146,1
김태원,"`대한외국인` 부활 김태원, 김종서·박완규 애정 과시 [MK★TV컷]",연예,46,2020,04,21,23:22,1,1,0,0,0,0,0,0,0,0,0,https://news.naver.com/main/read.nhn?mode=LSD&mid=sec&sid1=106&oid=410&aid=0000686595,1
김태원,‘대한외국인’ 김종서X김태원X박완규 출격에 외국인들도 기립박수…박완규 반전 성적에 깜짝,연예,46,2020,04,22,20:40,5,5,0,0,0,0,0,0,0,0,0,https://news.naver.com/main/read.nhn?mode=LSD&mid=sec&sid1=106&oid=112&aid=0003291228,1
김태원,"[기고] 그 많던 펭귄 밥, 누가 다 먹었을까 / 김태원",오피니언,46,2020,04,23,15:46,25,21,0,4,0,0,0,0,0,0,0,https://news.naver.com/main/read.nhn?mode=LSD&mid=sec&sid1=110&oid=028&aid=0002494772,1
김태원,[프로야구 손자병법] 21 백인천의 속전속결(速戰速決),스포츠,46,2020,04,24,07:02,7,5,0,0,2,0,0,0,0,0,0,http://sports.news.naver.com/kbaseball/news/read.nhn?oid=425&aid=0000105220,1
김태원,"'대한외국인' 김종서 ""부활 역대 보컬 중 박완규가 가장 뛰어나""",연예,46,2020,04,21,11:43,9,9,0,0,0,0,0,0,0,0,0,https://news.naver.com/main/read.nhn?mode=LSD&mid=sec&sid1=106&oid=076&aid=0003556981,1
김태원,"중고 전교 10등 박완규, 입도 못 떼고 퀴즈 두번 다 광탈 망신 ‘대한외국인’[어제TV]",연예,46,2020,04,23,6:01,8,8,0,0,0,0,0,0,0,0,0,https://news.naver.com/main/read.nhn?mode=LSD&mid=sec&sid1=106&oid=609&aid=0000269873,1
김태원,"'대한외국인' 김태원 ""김종서는 비 개인 날씨…박완규는 폭우 같은 목소리""",연예,46,2020,04,21,11:46,2,2,0,0,0,0,0,0,0,0,0,https://news.naver.com/main/read.nhn?mode=LSD&mid=sec&sid1=106&oid=076&aid=0003556983,1
김태원,"김태원 ""부활 보컬 중 김종서는 비 갠 날씨, 박완규는 쏟아지는 폭우""",연예,46,2020,04,21,11:18,4,4,0,0,0,0,0,0,0,0,0,https://news.naver.com/main/read.nhn?mode=LSD&mid=sec&sid1=106&oid=117&aid=0003354440,1
김태원,"'대한외국인' 김태원 ""김종서는 비 개인 날씨, 박완규는 폭우 같은 사람""",연예,46,2020,04,21,11:06,2,2,0,0,0,0,0,0,0,0,0,https://news.naver.com/main/read.nhn?mode=LSD&mid=sec&sid1=106&oid=112&aid=0003290582,1
김태원,"'대한외국인' 박완규, 학창시절 전교 1등 우등생 브레인 증명.. 퀴즈 실력은?",연예,46,2020,04,22,20:02,13,13,0,0,0,0,0,0,0,0,0,https://news.naver.com/main/read.nhn?mode=LSD&mid=sec&sid1=106&oid=015&aid=0004329052,1
김태원,‘대한외국인’ 박완규 충격의 1단계 탈락…김종서 “박완규 역대 보컬 중 최고” 극찬,연예,46,2020,04,22,21:13,4,4,0,0,0,0,0,0,0,0,0,https://news.naver.com/main/read.nhn?mode=LSD&mid=sec&sid1=106&oid=112&aid=0003291236,1
김태원,"'대한외국인' 박완규 ""전교 회장 출신, 도내 학력 평가 1등까지 해봤다“",연예,46,2020,04,22,11:03,10,10,0,0,0,0,0,0,0,0,0,https://news.naver.com/main/read.nhn?mode=LSD&mid=sec&sid1=106&oid=076&aid=0003557554,1
김태원,‘대한외국인’ 김종서가 뽑은 부활 역대 최고 보컬은?,연예,46,2020,04,21,23:56,5,5,0,0,0,0,0,0,0,0,0,https://news.naver.com/main/read.nhn?mode=LSD&mid=sec&sid1=106&oid=469&aid=0000489635,1
김태원,"'대한외국인' 김종서 ""부활 역대 보컬 박완규 가장 뛰어나""",연예,46,2020,04,21,11:22,4,4,0,0,0,0,0,0,0,0,0,https://news.naver.com/main/read.nhn?mode=LSD&mid=sec&sid1=106&oid=109&aid=0004194773,1
김태원,‘대한외국인’ 김종서 “부활 역대 보컬 중 박완규가 가장 뛰어나”,연예,46,2020,04,21,11:41,5,5,0,0,0,0,0,0,0,0,0,https://news.naver.com/main/read.nhn?mode=LSD&mid=sec&sid1=106&oid=144&aid=0000667912,1
김태원,[어게인TV]”에이스 탈락에 제작진 멘붕”…‘대한외국인’ 박완규 충격의 재탈락,연예,46,2020,04,23,6:30,3,3,0,0,0,0,0,0,0,0,0,https://news.naver.com/main/read.nhn?mode=LSD&mid=sec&sid1=106&oid=112&aid=0003291295,1
김태원,"‘대한외국인’ 김종서 “부활 창단 멤버, 아마추어 때 초석 다져”",연예,46,2020,04,22,20:47,3,3,0,0,0,0,0,0,0,0,0,https://news.naver.com/main/read.nhn?mode=LSD&mid=sec&sid1=106&oid=609&aid=0000269837,1
김태원,‘대한외국인’ 김종서 “내가 부활 1대 보컬... 탈퇴 후 이승철 들어와”,연예,46,2020,04,22,20:45,11,11,0,0,0,0,0,0,0,0,0,https://news.naver.com/main/read.nhn?mode=LSD&mid=sec&sid1=106&oid=213&aid=0001161275,1
김태원,"[포토] 김태원, 넘사벽 카리스마",연예,47,2020,04,28,14:33,8,8,0,0,0,0,0,0,0,0,0,https://news.naver.com/main/read.nhn?mode=LSD&mid=sec&sid1=106&oid=241&aid=0003019350,1
김태원,지역구 국회의원 바뀐 TK 지방의원들 '좌불안석',정치,47,2020,04,29,17:23,6,2,0,0,2,2,0,0,0,0,0,https://news.naver.com/main/read.nhn?mode=LSD&mid=sec&sid1=100&oid=088&aid=0000645449,1
김태원,[카드뉴스] 그 많던 펭귄 밥 누가 다 먹었을까,생활,47,2020,04,30,10:42,2,0,0,2,0,0,0,0,0,0,0,https://news.naver.com/main/read.nhn?mode=LSD&mid=sec&sid1=103&oid=028&aid=0002495578,1
김태원,"안전성평가연구소, 18주년 설립기념 맞아 국민건강과 안전사회실현 역할 다짐",사회,47,2020,04,29,16:44,2,2,0,0,0,0,0,0,0,0,0,https://news.naver.com/main/read.nhn?mode=LSD&mid=sec&sid1=102&oid=030&aid=0002880657,1
김태원,"부활 김태원, 유튜버 대열 합류…'김태원클라쓰'",연예,49,2020,05,13,17:43,2,2,0,0,0,0,0,0,0,0,0,https://news.naver.com/main/read.nhn?mode=LSD&mid=sec&sid1=106&oid=003&aid=0009860806,1
김태원,"[K5리그] '멀티골' 한그루, ""내심 해트트릭 기대했는데, 아쉽다""",스포츠,49,2020,05,16,19:04,16,12,0,0,1,0,0,0,0,0,3,http://sports.news.naver.com/kfootball/news/read.nhn?oid=450&aid=0000063186,1
김태원,[K5리그] '한그루 멀티골' 벽산플레이어스 개막전서 새벽녘 5-0 완파,스포츠,49,2020,05,16,19:04,16,13,0,0,0,0,0,0,0,0,3,http://sports.news.naver.com/kfootball/news/read.nhn?oid=450&aid=0000063187,1
김태원,`김태원클라쓰` 유튜브 채널 오픈,연예,49,2020,05,13,9:26,1,1,0,0,0,0,0,0,0,0,0,https://news.naver.com/main/read.nhn?mode=LSD&mid=sec&sid1=106&oid=029&aid=0002597781,1
김태원,"김태원, 이태원 아닌 '김태원 클라쓰' 채널 오픈",연예,49,2020,05,13,13:50,1,1,0,0,0,0,0,0,0,0,0,https://news.naver.com/main/read.nhn?mode=LSD&mid=sec&sid1=106&oid=312&aid=0000445702,1
김태원,부활 김태원 유튜브 채널 오픈…랜선 오디션 개최 [공식],연예,49,2020,05,13,9:22,7,7,0,0,0,0,0,0,0,0,0,https://news.naver.com/main/read.nhn?mode=LSD&mid=sec&sid1=106&oid=382&aid=0000819730,1
김태원,사회적 거리두기의 달인 '김태원' 자가격리의 꿀팁 공개,연예,50,2020,05,17,19:31,13,11,0,1,0,0,1,0,0,0,0,https://news.naver.com/main/read.nhn?mode=LSD&mid=sec&sid1=106&oid=117&aid=0003364109,1
김태원,5월20일 '10.26 사건' 김재규 사형 확정 [오래 전 '이날'],오피니언,50,2020,05,20,12:45,3,0,0,3,0,0,0,0,0,0,0,https://news.naver.com/main/read.nhn?mode=LSD&mid=sec&sid1=110&oid=032&aid=0003009996,1
김태원,"[영상] 김재규가 밝힌 10·26 그날, 재판 육성녹음 전격 입수",정치,50,2020,05,21,19:09,481,103,9,18,337,14,0,0,0,0,0,https://news.naver.com/main/read.nhn?mode=LSD&mid=sec&sid1=100&oid=025&aid=0003002636,1
김태원,"80일 만에 본 친구 팔짱끼려하자, 선생님 “2m 떨어져”",사회,50,2020,05,21,12:04,40,0,1,5,32,2,0,0,0,0,0,https://news.naver.com/main/read.nhn?mode=LSD&mid=sec&sid1=102&oid=025&aid=0003002360,1
김태원,"염태영 수원시장 ""학교감염 위험 차단에 노력""",정치,50,2020,05,20,17:15,1,1,0,0,0,0,0,0,0,0,0,https://news.naver.com/main/read.nhn?mode=LSD&mid=sec&sid1=100&oid=018&aid=0004645300,1
김태원,"김태원 대구시의원, 수성인재육성장학재단에 100만원 전달",사회,51,2020,05,28,16:31,1,1,0,0,0,0,0,0,0,0,0,https://news.naver.com/main/read.nhn?mode=LSD&mid=sec&sid1=102&oid=088&aid=0000649264,1
김태원,"""역사를 구하려""...'10.26 사건' 김재규 유족 40년 만에 재심 청구",사회,51,2020,05,26,20:31,500,106,3,1,382,8,0,0,0,0,0,https://news.naver.com/main/read.nhn?mode=LSD&mid=sec&sid1=102&oid=052&aid=0001444766,1
김태원,"[U-리그 팀 프리뷰]④ 재도약 노리는 성균관대, 관건은 중앙&한쪽 날개",스포츠,51,2020,05,27,08:40,10,6,0,0,1,0,0,0,0,0,3,http://sports.news.naver.com/volleyball/news/read.nhn?oid=530&aid=0000005626,1
김태원,"""내란 아니다"" 김재규 유족 재심 청구…실현 가능할까",사회,51,2020,05,28,3:59,164,28,0,1,133,2,0,0,0,0,0,https://news.naver.com/main/read.nhn?mode=LSD&mid=sec&sid1=102&oid=003&aid=0009884796,1
김태원,김재규 유족 40년 만에 재심 청구…“판결보다 역사 구한다”,사회,51,2020,05,26,21:51,54,14,0,0,39,1,0,0,0,0,0,https://news.naver.com/main/read.nhn?mode=LSD&mid=sec&sid1=102&oid=056&aid=0010841603,1
김태원,김재규 유족 40년 만에 재심 청구…“판결보다 역사 구한다”,사회,51,2020,05,26,19:28,26,2,0,1,23,0,0,0,0,0,0,https://news.naver.com/main/read.nhn?mode=LSD&mid=sec&sid1=102&oid=056&aid=0010841456,1
김태원,"""역사를 구하려""...'10.26 사건' 김재규 유족 40년 만에 재심 청구",사회,51,2020,05,26,22:36,100,28,0,0,72,0,0,0,0,0,0,https://news.naver.com/main/read.nhn?mode=LSD&mid=sec&sid1=102&oid=052&aid=0001444790,1
