강소라,"강소라, 진정한 봄의 여신..""산뜻산뜻해""",연예,0,2019,06,04,15:41,10,10,0,0,0,0,0,0,0,0,0,https://news.naver.com/main/read.nhn?mode=LSD&mid=sec&sid1=106&oid=112&aid=0003172174,1
강소라,"강소라, 만화 찢은 알라딘 자스민 공주[SNS★컷]",연예,0,2019,06,05,6:38,13,13,0,0,0,0,0,0,0,0,0,https://news.naver.com/main/read.nhn?mode=LSD&mid=sec&sid1=106&oid=609&aid=0000119097,1
강소라,"강소라 '눈빛'만으로 번지는 핑크빛 섹시 매력, 청초한데 신비로워",연예,0,2019,06,05,8:31,1,1,0,0,0,0,0,0,0,0,0,https://news.naver.com/main/read.nhn?mode=LSD&mid=sec&sid1=106&oid=011&aid=0003565430,1
강소라,"강소라, ""산뜻산뜻...봄봄해""...꽃보다 이쁜girl!",연예,0,2019,06,06,10:12,6,6,0,0,0,0,0,0,0,0,0,https://news.naver.com/main/read.nhn?mode=LSD&mid=sec&sid1=106&oid=117&aid=0003226738,1
강소라,"강소라, 청순 폭발하는 미모… 러블리 여신",연예,0,2019,06,04,22:01,16,15,0,1,0,0,0,0,0,0,0,https://news.naver.com/main/read.nhn?mode=LSD&mid=sec&sid1=106&oid=117&aid=0003226084,1
강소라,"강소라, 꽃보다 더 아름다운 비주얼 [★해시태그]",연예,0,2019,06,04,16:58,9,9,0,0,0,0,0,0,0,0,0,https://news.naver.com/main/read.nhn?mode=LSD&mid=sec&sid1=106&oid=311&aid=0000999543,1
강소라,"강소라, 벚꽃과 함께 봄의 여신 비주얼[★SNS]",연예,0,2019,06,04,16:33,13,13,0,0,0,0,0,0,0,0,0,https://news.naver.com/main/read.nhn?mode=LSD&mid=sec&sid1=106&oid=404&aid=0000245182,1
강소라,"강소라, 벚꽃 기죽이는 봄의 여신 “봄봄해”[SNS★컷]",연예,0,2019,06,04,16:17,5,5,0,0,0,0,0,0,0,0,0,https://news.naver.com/main/read.nhn?mode=LSD&mid=sec&sid1=106&oid=609&aid=0000118830,1
강소라,섹시한 강소라는 잠시 안녕... 청순 핑크요정으로 변신,연예,0,2019,06,05,12:25,14,14,0,0,0,0,0,0,0,0,0,https://news.naver.com/main/read.nhn?mode=LSD&mid=sec&sid1=106&oid=213&aid=0001110351,1
강소라,"강소라, 핑크공주로 변신..""굴욕無 여신 미모""",연예,0,2019,06,05,7:04,7,7,0,0,0,0,0,0,0,0,0,https://news.naver.com/main/read.nhn?mode=LSD&mid=sec&sid1=106&oid=112&aid=0003172379,1
강소라,"강소라, 일상에서도 세젤예…더위도 못 막는 미모",연예,1,2019,06,15,11:26,42,42,0,0,0,0,0,0,0,0,0,https://news.naver.com/main/read.nhn?mode=LSD&mid=sec&sid1=106&oid=112&aid=0003176328,1
강소라,"""산책 후 눈 풀림""…미녀 강소라, 또다시 '셀카바보' 입증",연예,1,2019,06,09,19:16,18,16,0,2,0,0,0,0,0,0,0,https://news.naver.com/main/read.nhn?mode=LSD&mid=sec&sid1=106&oid=213&aid=0001111027,1
강소라,"강소라 근황, 여배우의 짙은 이목구비 [M+★SNS]",연예,1,2019,06,15,18:04,1,1,0,0,0,0,0,0,0,0,0,https://news.naver.com/main/read.nhn?mode=LSD&mid=sec&sid1=106&oid=057&aid=0001359242,1
강소라,"‘굴욕 각도? NO’ 강소라, 아무렇게 찍어도 여배우 미모[SNS★컷]",연예,1,2019,06,15,15:36,8,7,0,1,0,0,0,0,0,0,0,https://news.naver.com/main/read.nhn?mode=LSD&mid=sec&sid1=106&oid=609&aid=0000124168,1
강소라,"""지친다 지쳐""..강소라, 눈 풀려도 세젤예 포스",연예,1,2019,06,09,15:44,23,23,0,0,0,0,0,0,0,0,0,https://news.naver.com/main/read.nhn?mode=LSD&mid=sec&sid1=106&oid=112&aid=0003173822,1
강소라,"“산책 후 눈 풀림” 강소라, 지쳐도 미모는 열일중[SNS★컷]",연예,1,2019,06,09,15:31,4,4,0,0,0,0,0,0,0,0,0,https://news.naver.com/main/read.nhn?mode=LSD&mid=sec&sid1=106&oid=609&aid=0000120955,1
강소라,"강소라, 무슨 일이야? 눈 풀린 셀카 근황 [★해시태그]",연예,1,2019,06,10,10:20,3,3,0,0,0,0,0,0,0,0,0,https://news.naver.com/main/read.nhn?mode=LSD&mid=sec&sid1=106&oid=311&aid=0001002007,1
강소라,"""단아한 미소""..강소라, 날씨도 미모도 맑음",연예,2,2019,06,22,14:47,9,9,0,0,0,0,0,0,0,0,0,https://news.naver.com/main/read.nhn?mode=LSD&mid=sec&sid1=106&oid=241&aid=0002928288,1
강소라,"""제대로 설레네""..강소라, 햇살 닮은 화사한 미모",연예,2,2019,06,22,14:06,25,24,0,1,0,0,0,0,0,0,0,https://news.naver.com/main/read.nhn?mode=LSD&mid=sec&sid1=106&oid=112&aid=0003179169,1
강소라,강소라 '또렷한 이목구비…청순미 가득한 미모',연예,2,2019,06,16,7:34,10,10,0,0,0,0,0,0,0,0,0,https://news.naver.com/main/read.nhn?mode=LSD&mid=sec&sid1=106&oid=117&aid=0003231418,1
강소라,"""셀카바보 탈출""…강소라, 물오른 여신 미모 '깜짝'",연예,2,2019,06,22,13:44,6,6,0,0,0,0,0,0,0,0,0,https://news.naver.com/main/read.nhn?mode=LSD&mid=sec&sid1=106&oid=213&aid=0001113658,1
강소라,"강소라, 어떤 각도도 문제 NO ‘역대급 청순美’[SNS★컷]",연예,2,2019,06,22,15:52,5,4,0,1,0,0,0,0,0,0,0,https://news.naver.com/main/read.nhn?mode=LSD&mid=sec&sid1=106&oid=609&aid=0000127559,-1
강소라,"무섭게 다가오는 여름철, 피부홈케어에 효과적인 피부미용기기 셀리턴 LED마스크 ‘플래티넘’ 출시",생활,2,2019,06,19,10:20,8,8,0,0,0,0,0,0,0,0,0,https://news.naver.com/main/read.nhn?mode=LSD&mid=sec&sid1=103&oid=016&aid=0001547924,1
강소라,"피부 좋아지는 법에 효과적인 홈케어 피부관리기 LED 마스크, ‘셀리턴 플래티넘’ 주목",생활,2,2019,06,19,16:55,8,8,0,0,0,0,0,0,0,0,0,https://news.naver.com/main/read.nhn?mode=LSD&mid=sec&sid1=103&oid=311&aid=0001006979,1
강소라,"박서준 강소라 셀리턴, 토스 행운퀴즈 '숫자' 정답은? 동반CF도 관심폭발",생활,3,2019,06,24,15:11,2,1,0,0,1,0,0,0,0,0,0,https://news.naver.com/main/read.nhn?mode=LSD&mid=sec&sid1=103&oid=011&aid=0003574882,1
강소라,"[포토] 강소라, '유창한 중국어로 인사~'",연예,3,2019,06,24,16:01,81,75,0,6,0,0,0,0,0,0,0,https://news.naver.com/main/read.nhn?mode=LSD&mid=sec&sid1=106&oid=076&aid=0003433079,1
강소라,[TEN PHOTO] 강소라 '한 송이 꽃',연예,3,2019,06,24,17:24,1,1,0,0,0,0,0,0,0,0,0,https://news.naver.com/main/read.nhn?mode=LSD&mid=sec&sid1=106&oid=312&aid=0000394803,1
강소라,[포토;뷰] 강소라 순백의 여신미,연예,3,2019,06,24,16:12,3,3,0,0,0,0,0,0,0,0,0,https://news.naver.com/main/read.nhn?mode=LSD&mid=sec&sid1=106&oid=016&aid=0001549913,1
강소라,"""식전빵은 사랑""..강소라, 잔망스러운 먹방 요정",연예,4,2019,06,30,17:28,107,104,0,3,0,0,0,0,0,0,0,https://news.naver.com/main/read.nhn?mode=LSD&mid=sec&sid1=106&oid=112&aid=0003182433,1
강소라,"강소라, 굴욕無 순수 미모‥반려견과 뽐낸 내추럴 매력",연예,5,2019,07,11,17:00,9,9,0,0,0,0,0,0,0,0,0,https://news.naver.com/main/read.nhn?mode=LSD&mid=sec&sid1=106&oid=112&aid=0003187081,1
강소라,"국내 입양률 저조…구포 가축시장 개들, 해외 입양 추진",사회,5,2019,07,08,18:20,1,0,0,1,0,0,0,0,0,0,0,https://news.naver.com/main/read.nhn?mode=LSD&mid=sec&sid1=102&oid=055&aid=0000743656,1
강소라,"강소라, 반려견 향한 꿀 뚝뚝 눈빛 “마사지 단골 고객님”[SNS★컷]",연예,5,2019,07,11,17:48,27,27,0,0,0,0,0,0,0,0,0,https://news.naver.com/main/read.nhn?mode=LSD&mid=sec&sid1=106&oid=609&aid=0000137978,1
강소라,"[인터뷰①] '단 하나의 사랑' 김보미 ""조연→주연, 강소라가 많은 조언""",연예,6,2019,07,19,8:30,11,11,0,0,0,0,0,0,0,0,0,https://news.naver.com/main/read.nhn?mode=LSD&mid=sec&sid1=106&oid=241&aid=0002939328,1
강소라,"강소라, 민폐하객 등극? 최근 이렇게 변했어? “빵 하나의 행복”",연예,7,2019,07,22,22:26,68,66,0,2,0,0,0,0,0,0,0,https://news.naver.com/main/read.nhn?mode=LSD&mid=sec&sid1=106&oid=469&aid=0000407619,1
강소라,"[인터뷰②] 김보미 ""`써니` 날 잡아준 작품…강소라 조언 도움돼""",연예,9,2019,08,08,7:02,5,5,0,0,0,0,0,0,0,0,0,https://news.naver.com/main/read.nhn?mode=LSD&mid=sec&sid1=106&oid=009&aid=0004406331,1
강소라,"마약 수배자, 車 버리고 도주…특공대 출신 경찰에 덜미",사회,9,2019,08,09,21:16,6,3,2,0,0,1,0,0,0,0,0,https://news.naver.com/main/read.nhn?mode=LSD&mid=sec&sid1=102&oid=055&aid=0000751051,1
강소라,"""하루 3만보""…강소라, 여행 속에서도 빛나는 미모",연예,10,2019,08,16,13:19,36,35,0,1,0,0,0,0,0,0,0,https://news.naver.com/main/read.nhn?mode=LSD&mid=sec&sid1=106&oid=112&aid=0003200884,1
강소라,"강소라, 입 쩍 벌리고 하품…내숭제로 털털",연예,10,2019,08,17,6:00,11,11,0,0,0,0,0,0,0,0,0,https://news.naver.com/main/read.nhn?mode=LSD&mid=sec&sid1=106&oid=117&aid=0003261089,1
강소라,"강소라, 민낯도 예쁘네…수수한 패션에도 빛나는 비주얼",연예,10,2019,08,15,18:00,44,43,0,1,0,0,0,0,0,0,0,https://news.naver.com/main/read.nhn?mode=LSD&mid=sec&sid1=106&oid=112&aid=0003200561,1
강소라,"강소라, 이렇게 예쁜 여행자…피렌체에 뜬 여신",연예,10,2019,08,12,17:07,30,29,0,1,0,0,0,0,0,0,0,https://news.naver.com/main/read.nhn?mode=LSD&mid=sec&sid1=106&oid=076&aid=0003453717,1
강소라,"강소라, 스위스 빛낸 레깅스 패션... 롱다리 미녀의 포스",연예,10,2019,08,13,21:01,4,3,0,1,0,0,0,0,0,0,0,https://news.naver.com/main/read.nhn?mode=LSD&mid=sec&sid1=106&oid=213&aid=0001124381,1
강소라,"강소라, 스위스 여행 中 '멍' 때리는 귀여운 근황 [★해시태그]",연예,10,2019,08,14,18:50,9,9,0,0,0,0,0,0,0,0,0,https://news.naver.com/main/read.nhn?mode=LSD&mid=sec&sid1=106&oid=311&aid=0001032881,1
강소라,"강소라, 하품해도 예뻐…""하루 3만보, 지친다"" [★해시태그]",연예,10,2019,08,16,16:37,19,18,0,1,0,0,0,0,0,0,0,https://news.naver.com/main/read.nhn?mode=LSD&mid=sec&sid1=106&oid=311&aid=0001033591,1
강소라,"'하품하는 모습도 예뻐'..강소라, 언제 어디서나 아름다움[★SHOT!]",연예,10,2019,08,16,20:15,39,39,0,0,0,0,0,0,0,0,0,https://news.naver.com/main/read.nhn?mode=LSD&mid=sec&sid1=106&oid=109&aid=0004069049,1
강소라,"강소라, 앉아있어도 긴 105cm 롱다리[SNS★컷]",연예,10,2019,08,16,13:23,7,7,0,0,0,0,0,0,0,0,0,https://news.naver.com/main/read.nhn?mode=LSD&mid=sec&sid1=106&oid=609&aid=0000155777,1
강소라,"강소라, 수수한 여행 인증샷…""3만보 지친다""",연예,10,2019,08,16,19:24,29,28,0,1,0,0,0,0,0,0,0,https://news.naver.com/main/read.nhn?mode=LSD&mid=sec&sid1=106&oid=213&aid=0001125090,1
강소라,"강소라, 피렌체서 포착된 근황 “다리길이 105cm의 위엄”",연예,10,2019,08,12,18:01,123,121,0,2,0,0,0,0,0,0,0,https://news.naver.com/main/read.nhn?mode=LSD&mid=sec&sid1=106&oid=081&aid=0003020982,1
강소라,"강소라, 다리길이 105cm의 털털한 핫팬츠룩 '안 꾸며서 더 예쁘다'[★SNS]",연예,10,2019,08,12,21:05,15,15,0,0,0,0,0,0,0,0,0,https://news.naver.com/main/read.nhn?mode=LSD&mid=sec&sid1=106&oid=404&aid=0000250160,1
강소라,"강소라, 쭉 뻗은 각선미..모델이 안 부러워",연예,10,2019,08,12,21:46,19,17,0,2,0,0,0,0,0,0,0,https://news.naver.com/main/read.nhn?mode=LSD&mid=sec&sid1=106&oid=112&aid=0003199425,1
강소라,"강소라, 이탈리아 피렌체에서 여유로운 일상 [★해시태그]",연예,10,2019,08,12,18:03,13,13,0,0,0,0,0,0,0,0,0,https://news.naver.com/main/read.nhn?mode=LSD&mid=sec&sid1=106&oid=311&aid=0001031771,1
강소라,"강소라, 수수한 운동복 차림에도 빛나는 비율 [★해시태그]",연예,10,2019,08,13,17:18,6,6,0,0,0,0,0,0,0,0,0,https://news.naver.com/main/read.nhn?mode=LSD&mid=sec&sid1=106&oid=311&aid=0001032249,1
강소라,"강소라, 스위스 취리히 여행中 레깅스 입어도 빛나는 각선미 [★SHOT!]",연예,10,2019,08,13,17:17,17,17,0,0,0,0,0,0,0,0,0,https://news.naver.com/main/read.nhn?mode=LSD&mid=sec&sid1=106&oid=109&aid=0004067278,1
강소라,"강소라, 타이트한 운동복 차림에도 각선미 자랑 '군살제로'",연예,10,2019,08,13,24:29,14,14,0,0,0,0,0,0,0,0,0,https://news.naver.com/main/read.nhn?mode=LSD&mid=sec&sid1=106&oid=112&aid=0003199664,1
강소라,"'털털 매력 끝판왕'…강소라, 굴욕 없는 민낯 공개",연예,11,2019,08,19,17:46,4,4,0,0,0,0,0,0,0,0,0,https://news.naver.com/main/read.nhn?mode=LSD&mid=sec&sid1=106&oid=117&aid=0003262036,1
강소라,"강소라, 편안한 루체른 여행…민낯에도 빛나는 미모 [★SHOT!]",연예,11,2019,08,20,15:31,9,9,0,0,0,0,0,0,0,0,0,https://news.naver.com/main/read.nhn?mode=LSD&mid=sec&sid1=106&oid=109&aid=0004070750,1
강소라,"""내 사진 촬영 그만""…강소라, 母와 여행중 귀여운 티격태격",연예,11,2019,08,18,16:33,86,85,0,1,0,0,0,0,0,0,0,https://news.naver.com/main/read.nhn?mode=LSD&mid=sec&sid1=106&oid=112&aid=0003201509,1
강소라,"강소라, 스위스서 여전한 미모…티셔츠·민낯에도 빛나",연예,11,2019,08,21,12:24,17,17,0,0,0,0,0,0,0,0,0,https://news.naver.com/main/read.nhn?mode=LSD&mid=sec&sid1=106&oid=277&aid=0004521811,1
강소라,"영화 ‘써니’ 출연 강소라, 스위스에서도 여신 자태",연예,11,2019,08,23,17:53,5,4,0,1,0,0,0,0,0,0,0,https://news.naver.com/main/read.nhn?mode=LSD&mid=sec&sid1=106&oid=417&aid=0000441713,1
강소라,"강소라, 무보정 비주얼로 털털한 매력 뿜뿜 '母와 여행 중'",연예,11,2019,08,19,14:02,12,12,0,0,0,0,0,0,0,0,0,https://news.naver.com/main/read.nhn?mode=LSD&mid=sec&sid1=106&oid=112&aid=0003201814,1
강소라,"강소라, 스위스에서 전한 근황…민낯도 아름다워 [★해시태그]",연예,11,2019,08,19,17:25,6,6,0,0,0,0,0,0,0,0,0,https://news.naver.com/main/read.nhn?mode=LSD&mid=sec&sid1=106&oid=311&aid=0001034609,1
강소라,"강소라, 스위스서도 빛나는 민낯 ‘청순 그 자체’[SNS★컷]",연예,11,2019,08,20,17:21,1,1,0,0,0,0,0,0,0,0,0,https://news.naver.com/main/read.nhn?mode=LSD&mid=sec&sid1=106&oid=609&aid=0000157958,1
강소라,"""엄마, 사진은 그만""..강소라, 현실 모녀의 친근감 넘치는 근황 [★SHOT!]",연예,11,2019,08,18,19:08,10,10,0,0,0,0,0,0,0,0,0,https://news.naver.com/main/read.nhn?mode=LSD&mid=sec&sid1=106&oid=109&aid=0004069847,1
강소라,"강소라, ""엄마...사진은...그만...""...여배우의 품격은 살짝 내려 놓고...",연예,11,2019,08,18,14:25,34,34,0,0,0,0,0,0,0,0,0,https://news.naver.com/main/read.nhn?mode=LSD&mid=sec&sid1=106&oid=117&aid=0003261524,1
강소라,"‘매일 리즈 갱신’ 강소라, 꽃기죽이는 여신 미모",연예,12,2019,08,28,23:44,13,13,0,0,0,0,0,0,0,0,0,https://news.naver.com/main/read.nhn?mode=LSD&mid=sec&sid1=106&oid=469&aid=0000417471,1
강소라,"[스브스타] ""여행에만 집중한다""…배우 강소라, 꾸밈없는 유럽 여행 눈길",연예,12,2019,08,26,11:50,38,38,0,0,0,0,0,0,0,0,0,https://news.naver.com/main/read.nhn?mode=LSD&mid=sec&sid1=106&oid=055&aid=0000754415,1
강소라,"강소라, 아빠와 즐거운 가족노래방 ""관객은 두 마리 강아지""",연예,12,2019,08,26,7:27,25,25,0,0,0,0,0,0,0,0,0,https://news.naver.com/main/read.nhn?mode=LSD&mid=sec&sid1=106&oid=112&aid=0003204488,1
강소라,"강소라, 꽃도 질투할 상큼美 ‘예쁨 한도 초과’[SNS★컷]",연예,12,2019,08,28,14:19,10,10,0,0,0,0,0,0,0,0,0,https://news.naver.com/main/read.nhn?mode=LSD&mid=sec&sid1=106&oid=609&aid=0000162152,1
강소라,"강소라, 각도 무시하는 민낯 셀카 ‘더욱 물오른 미모’[SNS★컷]",연예,12,2019,08,28,8:54,2,2,0,0,0,0,0,0,0,0,0,https://news.naver.com/main/read.nhn?mode=LSD&mid=sec&sid1=106&oid=609&aid=0000161954,1
강소라,"""초근접도 굴욕無""…강소라, 자체발광 민낯",연예,12,2019,08,28,7:17,8,8,0,0,0,0,0,0,0,0,0,https://news.naver.com/main/read.nhn?mode=LSD&mid=sec&sid1=106&oid=117&aid=0003266297,1
강소라,"강소라, 유쾌만발 가족 노래방...""강아지 두 마리가 관객""",연예,12,2019,08,26,10:51,7,7,0,0,0,0,0,0,0,0,0,https://news.naver.com/main/read.nhn?mode=LSD&mid=sec&sid1=106&oid=009&aid=0004415981,1
강소라,"팬텀, 강소라와 함께 한 가을 화보 공개",,13,2019,09,02,24:50,4,3,1,0,0,0,0,0,0,0,0,https://news.naver.com/main/read.nhn?mode=LSD&mid=sec&oid=018&aid=0004460311,1
강소라,"여행 장소에 걸맞은 옷차림, 이방인에게 자신감을 준다 [정소영의 아는 패션]",생활,13,2019,09,06,16:24,24,6,0,1,15,2,0,0,0,0,0,https://news.naver.com/main/read.nhn?mode=LSD&mid=sec&sid1=103&oid=032&aid=0002961674,1
강소라,"강소라, 가을 필드의 그녀 [화보]",연예,13,2019,09,02,8:58,3,3,0,0,0,0,0,0,0,0,0,https://news.naver.com/main/read.nhn?mode=LSD&mid=sec&sid1=106&oid=144&aid=0000629333,1
강소라,"[Y패션] 강소라, 스포츠 브랜드 FW 화보 공개…명품 각선미 과시",연예,13,2019,09,02,9:23,14,14,0,0,0,0,0,0,0,0,0,https://news.naver.com/main/read.nhn?mode=LSD&mid=sec&sid1=106&oid=052&aid=0001337822,1
강소라,"강소라, 가을 분위기 물씬 스포티룩...""넘사벽 세련美""[화보]",연예,13,2019,09,02,8:24,3,3,0,0,0,0,0,0,0,0,0,https://news.naver.com/main/read.nhn?mode=LSD&mid=sec&sid1=106&oid=112&aid=0003207379,1
강소라,"동국제약, ‘센시아 다리건강 페스티벌’ 참가자 모집",생활,13,2019,09,04,20:02,1,1,0,0,0,0,0,0,0,0,0,https://news.naver.com/main/read.nhn?mode=LSD&mid=sec&sid1=103&oid=020&aid=0003239375,1
강소라,"""민낯에도 입체적 미모""…강소라, 반려견과 추석연휴 한강 나들이",연예,15,2019,09,15,7:46,10,10,0,0,0,0,0,0,0,0,0,https://news.naver.com/main/read.nhn?mode=LSD&mid=sec&sid1=106&oid=112&aid=0003211999,1
강소라,"""여자들 방학 중 日 가서 몸 판다""…동의대 교수도 막말",사회,15,2019,09,17,21:04,108,21,6,0,78,3,0,0,0,0,0,https://news.naver.com/main/read.nhn?mode=LSD&mid=sec&sid1=102&oid=055&aid=0000759238,1
강소라,"""여자들, 방학 때 일본서 몸 판다""…또 교수 망언 파문",사회,15,2019,09,18,7:42,95,26,4,1,60,4,0,0,0,0,0,https://news.naver.com/main/read.nhn?mode=LSD&mid=sec&sid1=102&oid=055&aid=0000759291,1
강소라,"강소라, 반려견과 한강 나들이 ‘민낯도 그저 러블리’[SNS★컷]",연예,15,2019,09,15,8:34,9,8,0,1,0,0,0,0,0,0,0,https://news.naver.com/main/read.nhn?mode=LSD&mid=sec&sid1=106&oid=609&aid=0000170802,1
강소라,강소라 '씩씩하게 걷기'[엑's HD포토],연예,16,2019,09,28,14:04,2,2,0,0,0,0,0,0,0,0,0,https://news.naver.com/main/read.nhn?mode=LSD&mid=sec&sid1=106&oid=311&aid=0001052222,1
강소라,"[포토]강소라, 미모가 반짝!",연예,16,2019,09,28,13:40,2,2,0,0,0,0,0,0,0,0,0,https://news.naver.com/main/read.nhn?mode=LSD&mid=sec&sid1=106&oid=112&aid=0003217086,1
강소라,"[포토]강소라, 무공해 청정 미소",연예,16,2019,09,28,13:41,3,3,0,0,0,0,0,0,0,0,0,https://news.naver.com/main/read.nhn?mode=LSD&mid=sec&sid1=106&oid=112&aid=0003217088,1
강소라,"[포토]강소라, 매력 터지는 눈웃음",연예,16,2019,09,28,13:34,2,2,0,0,0,0,0,0,0,0,0,https://news.naver.com/main/read.nhn?mode=LSD&mid=sec&sid1=106&oid=112&aid=0003217083,1
강소라,"[포토]강소라, 선한 얼굴이 매력적",연예,16,2019,09,28,13:29,36,35,0,1,0,0,0,0,0,0,0,https://news.naver.com/main/read.nhn?mode=LSD&mid=sec&sid1=106&oid=112&aid=0003217079,1
강소라,"[포토]강소라, 진정한 자체발광 미모",연예,16,2019,09,28,13:35,33,32,0,1,0,0,0,0,0,0,0,https://news.naver.com/main/read.nhn?mode=LSD&mid=sec&sid1=106&oid=112&aid=0003217084,1
강소라,"강소라, 함께 걸어요[포토엔HD]",연예,16,2019,09,28,13:38,1,1,0,0,0,0,0,0,0,0,0,https://news.naver.com/main/read.nhn?mode=LSD&mid=sec&sid1=106&oid=609&aid=0000178760,1
강소라,"[포토]강소라, 티 없이 맑은 미모",연예,16,2019,09,28,13:31,24,24,0,0,0,0,0,0,0,0,0,https://news.naver.com/main/read.nhn?mode=LSD&mid=sec&sid1=106&oid=112&aid=0003217081,1
강소라,강소라 '흰티에 청바지 입고도 빛나는 건강 미인'[엑's HD화보],연예,17,2019,09,29,7:00,4,4,0,0,0,0,0,0,0,0,0,https://news.naver.com/main/read.nhn?mode=LSD&mid=sec&sid1=106&oid=311&aid=0001052420,1
강소라,"화장실 유독가스에 쓰러진 여고생, 뇌손상으로 끝내 사망",사회,17,2019,09,30,20:53,54,3,1,25,25,0,0,0,0,0,0,https://news.naver.com/main/read.nhn?mode=LSD&mid=sec&sid1=102&oid=055&aid=0000762196,1
강소라,태풍에 부산서 산사태로 4명 매몰…매몰자 2명 수색,사회,17,2019,10,03,20:17,2,0,0,0,2,0,0,0,0,0,0,https://news.naver.com/main/read.nhn?mode=LSD&mid=sec&sid1=102&oid=055&aid=0000762918,1
강소라,"‘오늘도 리즈갱신’ 강소라, 각도 무시하는 ‘조각미녀’",연예,18,2019,10,12,19:19,23,21,0,2,0,0,0,0,0,0,0,https://news.naver.com/main/read.nhn?mode=LSD&mid=sec&sid1=106&oid=469&aid=0000430162,1
강소라,"강소라, 카메라 정면샷에도 굴욕 無…'만찢녀 비주얼'",연예,18,2019,10,11,11:32,9,9,0,0,0,0,0,0,0,0,0,https://news.naver.com/main/read.nhn?mode=LSD&mid=sec&sid1=106&oid=076&aid=0003480042,1
강소라,"강소라, 옆모습만 봐도 완벽한 미인..여신의 실사판",연예,18,2019,10,11,22:12,15,15,0,0,0,0,0,0,0,0,0,https://news.naver.com/main/read.nhn?mode=LSD&mid=sec&sid1=106&oid=112&aid=0003222185,1
강소라,강소라 표 셀카는 언제나 정직,연예,18,2019,10,10,20:44,11,11,0,0,0,0,0,0,0,0,0,https://news.naver.com/main/read.nhn?mode=LSD&mid=sec&sid1=106&oid=213&aid=0001135015,1
강소라,"CJ CGV, 제10회 한-인니 영화제 개최…강소라 홍보대사 참석",연예,18,2019,10,10,9:03,3,3,0,0,0,0,0,0,0,0,0,https://news.naver.com/main/read.nhn?mode=LSD&mid=sec&sid1=106&oid=468&aid=0000574229,1
강소라,"""쭉 뻗은 각선미""..강소라, 부러운 다리길이의 소유자",연예,18,2019,10,10,14:55,6,6,0,0,0,0,0,0,0,0,0,https://news.naver.com/main/read.nhn?mode=LSD&mid=sec&sid1=106&oid=112&aid=0003221591,1
강소라,하춘화 역 맡았던 강소라 “인도네시아판 ‘써니’가 더 아기자기”,연예,18,2019,10,11,4:43,12,12,0,0,0,0,0,0,0,0,0,https://news.naver.com/main/read.nhn?mode=LSD&mid=sec&sid1=106&oid=469&aid=0000429769,1
강소라,"강소라, 초근접에도 굴욕無..셀카 찍을 맛 나는 얼굴",연예,18,2019,10,11,7:08,21,20,0,1,0,0,0,0,0,0,0,https://news.naver.com/main/read.nhn?mode=LSD&mid=sec&sid1=106&oid=112&aid=0003221764,1
강소라,"강소라 정면 셀카, ‘얼굴 꽉 채운 이목구비’",연예,18,2019,10,11,9:44,12,12,0,0,0,0,0,0,0,0,0,https://news.naver.com/main/read.nhn?mode=LSD&mid=sec&sid1=106&oid=469&aid=0000429821,1
강소라,"강소라, 셀카 이렇게 잘 찍었나? 매혹 눈빛에 심쿵[SNS★컷]",연예,18,2019,10,11,9:27,1,1,0,0,0,0,0,0,0,0,0,https://news.naver.com/main/read.nhn?mode=LSD&mid=sec&sid1=106&oid=609&aid=0000186016,1
강소라,"""그냥 여신이네""..강소라, 클래스 다른 미모",연예,18,2019,10,10,8:59,9,9,0,0,0,0,0,0,0,0,0,https://news.naver.com/main/read.nhn?mode=LSD&mid=sec&sid1=106&oid=112&aid=0003221368,1
강소라,"강소라, 귀여움이 한도 초과 [★해시태그]",연예,18,2019,10,10,19:43,17,16,0,1,0,0,0,0,0,0,0,https://news.naver.com/main/read.nhn?mode=LSD&mid=sec&sid1=106&oid=311&aid=0001057892,1
강소라,"‘여신답네’ 강소라, 각도의 중요성 무시하는 완벽 미모[SNS★컷]",연예,18,2019,10,10,13:34,3,3,0,0,0,0,0,0,0,0,0,https://news.naver.com/main/read.nhn?mode=LSD&mid=sec&sid1=106&oid=609&aid=0000185529,1
강소라,"CGV, 제10회 한국-인도네시아 영화제 개최…강소라 참석",연예,18,2019,10,10,9:46,2,2,0,0,0,0,0,0,0,0,0,https://news.naver.com/main/read.nhn?mode=LSD&mid=sec&sid1=106&oid=382&aid=0000767539,1
강소라,"강소라, 제10회 한국-인도네시아 영화제 홍보대사",연예,18,2019,10,10,9:07,8,8,0,0,0,0,0,0,0,0,0,https://news.naver.com/main/read.nhn?mode=LSD&mid=sec&sid1=106&oid=312&aid=0000413889,1
강소라,여자기숙사서 성폭행 시도했는데…'필름 끊겨' 집행유예?,사회,20,2019,10,23,1:12,642,3,3,2,626,8,0,0,0,0,0,https://news.naver.com/main/read.nhn?mode=LSD&mid=sec&sid1=102&oid=055&aid=0000766960,1
강소라,女 기숙사 침입·성폭행 시도했는데…취했다고 집행유예?,사회,20,2019,10,23,2:52,38,0,0,0,35,3,0,0,0,0,0,https://news.naver.com/main/read.nhn?mode=LSD&mid=sec&sid1=102&oid=055&aid=0000766963,-1
강소라,"""경호원님과 복붙""..강소라, 비율로 압도하는 순백의 슈트핏",연예,21,2019,10,29,15:25,8,8,0,0,0,0,0,0,0,0,0,https://news.naver.com/main/read.nhn?mode=LSD&mid=sec&sid1=106&oid=241&aid=0002974121,1
강소라,"강소라, 여배우의 야간산행 “털털 그 자체”",연예,21,2019,10,30,12:03,17,16,0,1,0,0,0,0,0,0,0,https://news.naver.com/main/read.nhn?mode=LSD&mid=sec&sid1=106&oid=213&aid=0001138256,1
강소라,"강소라, 화이트 슈트로 뽐낸 완벽 비주얼 [★해시태그]",연예,21,2019,10,29,16:48,14,14,0,0,0,0,0,0,0,0,0,https://news.naver.com/main/read.nhn?mode=LSD&mid=sec&sid1=106&oid=311&aid=0001067012,1
강소라,리메이크작 흥행 뒤엔…극장 그 이상의 ‘컬처플렉스’,연예,21,2019,10,31,20:36,4,4,0,0,0,0,0,0,0,0,0,https://news.naver.com/main/read.nhn?mode=LSD&mid=sec&sid1=106&oid=028&aid=0002473283,1
강소라,"강소라 야간 산행 인증샷, 건강미 넘치는 셀카[SNS★컷]",연예,21,2019,10,29,22:20,70,70,0,0,0,0,0,0,0,0,0,https://news.naver.com/main/read.nhn?mode=LSD&mid=sec&sid1=106&oid=609&aid=0000195172,1
강소라,"""경호원님과 복붙""…강소라, 화이트 슈트로 뽐낸 '범접불가' 비율 [★SHOT!]",연예,21,2019,10,29,9:42,11,11,0,0,0,0,0,0,0,0,0,https://news.naver.com/main/read.nhn?mode=LSD&mid=sec&sid1=106&oid=109&aid=0004111052,1
강소라,"강소라, 쭉 뻗은 넘사벽 기럭지…새하얀 슈트핏에 숨멎",연예,21,2019,10,29,10:55,5,5,0,0,0,0,0,0,0,0,0,https://news.naver.com/main/read.nhn?mode=LSD&mid=sec&sid1=106&oid=112&aid=0003228589,1
강소라,"""수수해도 빛나""..강소라, 미인은 역시 다르네요",연예,21,2019,10,30,7:55,5,5,0,0,0,0,0,0,0,0,0,https://news.naver.com/main/read.nhn?mode=LSD&mid=sec&sid1=106&oid=112&aid=0003228974,1
강소라,"강소라, 츄리닝 입고 '아차산 야간산행'",연예,21,2019,10,30,11:03,5,5,0,0,0,0,0,0,0,0,0,https://news.naver.com/main/read.nhn?mode=LSD&mid=sec&sid1=106&oid=417&aid=0000465650,1
강소라,"강소라, 겨울 여신의 패딩 패션...""우아한 분위기"" [화보]",연예,23,2019,11,14,9:55,2,2,0,0,0,0,0,0,0,0,0,https://news.naver.com/main/read.nhn?mode=LSD&mid=sec&sid1=106&oid=076&aid=0003496486,1
강소라,40층서 '위험한 낙하'…100층 넘는 엘시티도 노렸었다,사회,23,2019,11,12,23:35,98,6,4,3,83,2,0,0,0,0,0,https://news.naver.com/main/read.nhn?mode=LSD&mid=sec&sid1=102&oid=055&aid=0000771768,1
강소라,"강소라, 분위기마저 겨울 여신 [화보]",연예,23,2019,11,14,9:43,3,3,0,0,0,0,0,0,0,0,0,https://news.naver.com/main/read.nhn?mode=LSD&mid=sec&sid1=106&oid=213&aid=0001140649,1
강소라,"강소라, 입술 쭉...멍한 표정도 청순한 천생 여배우 [★해시태그]",연예,24,2019,11,22,18:16,10,10,0,0,0,0,0,0,0,0,0,https://news.naver.com/main/read.nhn?mode=LSD&mid=sec&sid1=106&oid=311&aid=0001078472,1
강소라,"강소라, 멍 때려도 예뻐…흰 셔츠로 완성한 청순 여신 비주얼",연예,24,2019,11,22,24:57,12,12,0,0,0,0,0,0,0,0,0,https://news.naver.com/main/read.nhn?mode=LSD&mid=sec&sid1=106&oid=112&aid=0003238542,1
강소라,"강소라, 추운 날씨에도 열일 미모 ‘길거리가 런웨이’",연예,24,2019,11,21,17:44,8,8,0,0,0,0,0,0,0,0,0,https://news.naver.com/main/read.nhn?mode=LSD&mid=sec&sid1=106&oid=469&aid=0000442187,1
강소라,"강소라, 모델 뺨치는 '시크' 워킹..'잔망'매력은 덤",연예,24,2019,11,20,19:42,4,4,0,0,0,0,0,0,0,0,0,https://news.naver.com/main/read.nhn?mode=LSD&mid=sec&sid1=106&oid=108&aid=0002824989,1
강소라,"강소라, 횡단보도서도 돋보이는 비주얼[SNS★컷]",연예,24,2019,11,20,19:05,19,19,0,0,0,0,0,0,0,0,0,https://news.naver.com/main/read.nhn?mode=LSD&mid=sec&sid1=106&oid=609&aid=0000206062,1
강소라,"강소라, 조각이래도 믿을 만한 옆태 ‘멍한 표정도 예쁘네’[SNS★컷]",연예,24,2019,11,22,15:06,11,11,0,0,0,0,0,0,0,0,0,https://news.naver.com/main/read.nhn?mode=LSD&mid=sec&sid1=106&oid=609&aid=0000207170,1
강소라,"강소라, 모델 뺨치는 각선미...일상이 화보 [똑똑SNS]",연예,24,2019,11,21,9:49,2,2,0,0,0,0,0,0,0,0,0,https://news.naver.com/main/read.nhn?mode=LSD&mid=sec&sid1=106&oid=410&aid=0000645654,1
강소라,강소라.늘씬 몸매 자랑한 패딩핏…서있기만 해도 화보,연예,24,2019,11,21,9:39,1,1,0,0,0,0,0,0,0,0,0,https://news.naver.com/main/read.nhn?mode=LSD&mid=sec&sid1=106&oid=112&aid=0003237931,1
강소라,"“뿌염완료” 강소라, 최근 근황 보니? ‘클로즈업 부르는 여신 미모’",연예,25,2019,11,24,11:03,24,24,0,0,0,0,0,0,0,0,0,https://news.naver.com/main/read.nhn?mode=LSD&mid=sec&sid1=106&oid=469&aid=0000442731,1
강소라,15년 차 기수의 극단적 선택…유서로 '마사회 비리' 폭로,사회,25,2019,11,29,20:51,149,2,0,14,127,6,0,0,0,0,0,https://news.naver.com/main/read.nhn?mode=LSD&mid=sec&sid1=102&oid=055&aid=0000775552,1
강소라,부산서 1톤 트럭 '인도 돌진'…길 가던 60대 2명 사망,사회,25,2019,11,26,7:58,41,0,0,11,29,1,0,0,0,0,0,https://news.naver.com/main/read.nhn?mode=LSD&mid=sec&sid1=102&oid=055&aid=0000774684,1
강소라,"인도 돌진한 트럭, 보행자 친 뒤 승합차에 '쾅'…4명 사상",사회,25,2019,11,25,21:05,8,0,0,2,6,0,0,0,0,0,0,https://news.naver.com/main/read.nhn?mode=LSD&mid=sec&sid1=102&oid=055&aid=0000774617,1
강소라,"""신선도 100% 코미디"" 안재홍X강소라 '해치지않아' 1월15일 개봉[공식]",연예,26,2019,12,06,9:32,27,27,0,0,0,0,0,0,0,0,0,https://news.naver.com/main/read.nhn?mode=LSD&mid=sec&sid1=106&oid=241&aid=0002986046,1
강소라,"안재홍X강소라 '해치지않아', 티저 예고편 공개…제2의 '극한직업' 되나",연예,26,2019,12,06,10:27,2,2,0,0,0,0,0,0,0,0,0,https://news.naver.com/main/read.nhn?mode=LSD&mid=sec&sid1=106&oid=468&aid=0000601194,1
강소라,"안재홍X강소라 '해치지않아', 2020년 1월 15일 개봉 확정",연예,26,2019,12,05,19:02,12,12,0,0,0,0,0,0,0,0,0,https://news.naver.com/main/read.nhn?mode=LSD&mid=sec&sid1=106&oid=311&aid=0001083677,1
강소라,"'해치지않아' 안재홍→전여빈, 동산파크 5인방의 고군분투 예고",연예,26,2019,12,07,9:01,11,11,0,0,0,0,0,0,0,0,0,https://news.naver.com/main/read.nhn?mode=LSD&mid=sec&sid1=106&oid=311&aid=0001084218,1
강소라,"강소라, 가식 없는 푸근한 미소 ""먹방트립, 하루 다섯끼""",연예,26,2019,12,01,8:06,55,54,0,1,0,0,0,0,0,0,0,https://news.naver.com/main/read.nhn?mode=LSD&mid=sec&sid1=106&oid=112&aid=0003241797,1
강소라,"""몸에 좋대""…'불법 말벌꿀' 막 먹다가 저세상 간다",사회,26,2019,12,05,20:58,107,17,6,3,73,8,0,0,0,0,0,https://news.naver.com/main/read.nhn?mode=LSD&mid=sec&sid1=102&oid=055&aid=0000776786,1
강소라,안재홍X강소라 '해치지않아' 내년 1월15일 개봉…출퇴근길포스터 2종,연예,26,2019,12,06,16:23,14,14,0,0,0,0,0,0,0,0,0,https://news.naver.com/main/read.nhn?mode=LSD&mid=sec&sid1=106&oid=112&aid=0003243898,1
강소라,"""웃음지수 100% 보장""…안재홍·강소라 '해치지않아' 포스터 2종 공개",연예,26,2019,12,06,16:55,8,8,0,0,0,0,0,0,0,0,0,https://news.naver.com/main/read.nhn?mode=LSD&mid=sec&sid1=106&oid=117&aid=0003309263,1
강소라,안재홍X강소라 ‘해치지않아’ 제2의 ‘극한직업’ 될까,연예,26,2019,12,06,8:04,13,13,0,0,0,0,0,0,0,0,0,https://news.naver.com/main/read.nhn?mode=LSD&mid=sec&sid1=106&oid=609&aid=0000214506,1
강소라,"'해치지않아', 내년 1월 15일 개봉…안재홍→강소라 티저",연예,26,2019,12,06,10:04,13,13,0,0,0,0,0,0,0,0,0,https://news.naver.com/main/read.nhn?mode=LSD&mid=sec&sid1=106&oid=421&aid=0004344479,1
강소라,"강소라X안재홍 ‘해치지않아’, 내년 1월 15일 개봉 확정 [MK★무비컷]",연예,26,2019,12,06,16:03,7,7,0,0,0,0,0,0,0,0,0,https://news.naver.com/main/read.nhn?mode=LSD&mid=sec&sid1=106&oid=410&aid=0000650303,1
강소라,안재홍x강소라 '해치지않아' 1월 15일 개봉확정,연예,26,2019,12,06,8:19,6,6,0,0,0,0,0,0,0,0,0,https://news.naver.com/main/read.nhn?mode=LSD&mid=sec&sid1=106&oid=213&aid=0001143980,1
강소라,"'해치지 않아' 안재홍x강소라, 1월 15일 개봉..웃음지수 100%[공식]",연예,26,2019,12,06,8:06,4,4,0,0,0,0,0,0,0,0,0,https://news.naver.com/main/read.nhn?mode=LSD&mid=sec&sid1=106&oid=109&aid=0004131194,1
강소라,“콜라 먹는 북극곰?”…‘해치치 않아’ 1월 15일 개봉 확정,연예,26,2019,12,05,19:11,2,2,0,0,0,0,0,0,0,0,0,https://news.naver.com/main/read.nhn?mode=LSD&mid=sec&sid1=106&oid=382&aid=0000781567,1
강소라,"안재홍·강소라의 코미디 영화 '해치지 않아', 내년 1월 15일 개봉",연예,26,2019,12,05,18:50,20,20,0,0,0,0,0,0,0,0,0,https://news.naver.com/main/read.nhn?mode=LSD&mid=sec&sid1=106&oid=117&aid=0003308909,1
강소라,안재홍→강소라 독특 코미디 ‘해치지않아’ 1월15일 개봉(공식입장),연예,26,2019,12,05,18:28,28,28,0,0,0,0,0,0,0,0,0,https://news.naver.com/main/read.nhn?mode=LSD&mid=sec&sid1=106&oid=609&aid=0000214295,1
강소라,"강소라, 수수한 일상 속 빛나는 비주얼…심쿵부르는 눈맞춤",연예,26,2019,12,01,14:57,15,14,0,1,0,0,0,0,0,0,0,https://news.naver.com/main/read.nhn?mode=LSD&mid=sec&sid1=106&oid=112&aid=0003241902,1
강소라,"강소라, 훠궈 먹은 후 넋나간 표정...귀여움 폭발 근황 [★해시태그]",연예,27,2019,12,13,18:37,22,22,0,0,0,0,0,0,0,0,0,https://news.naver.com/main/read.nhn?mode=LSD&mid=sec&sid1=106&oid=311&aid=0001086700,1
강소라,"강소라 엘사놀이 화제, 천우희도 빵 터진 열연 [EN스타]",연예,27,2019,12,11,10:26,15,15,0,0,0,0,0,0,0,0,0,https://news.naver.com/main/read.nhn?mode=LSD&mid=sec&sid1=106&oid=081&aid=0003050287,1
강소라,"'해치지않아' 강소라, 동물원 사자가 된 사연",연예,27,2019,12,11,9:28,6,6,0,0,0,0,0,0,0,0,0,https://news.naver.com/main/read.nhn?mode=LSD&mid=sec&sid1=106&oid=213&aid=0001144590,1
강소라,"이러니 안 반해? 강소라, 돋보이는 ‘여신 아우라’",연예,27,2019,12,10,22:56,25,25,0,0,0,0,0,0,0,0,0,https://news.naver.com/main/read.nhn?mode=LSD&mid=sec&sid1=106&oid=469&aid=0000447508,1
강소라,"'해치지않아' 강소라, '털털'한 사자로 파격 변신..역대급 1인 2역 완벽 소화",연예,27,2019,12,12,12:56,5,5,0,0,0,0,0,0,0,0,0,https://news.naver.com/main/read.nhn?mode=LSD&mid=sec&sid1=106&oid=011&aid=0003665122,1
강소라,"강소라, 겨울왕국2 엘사 립싱크‥천우희·박솔미 폭소[SNS★컷]",연예,27,2019,12,12,8:16,7,7,0,0,0,0,0,0,0,0,0,https://news.naver.com/main/read.nhn?mode=LSD&mid=sec&sid1=106&oid=609&aid=0000217275,1
강소라,"안재홍·강소라, `해치지 않아`로 첫 코미디 호흡 ‘기대 폭발’",연예,27,2019,12,10,8:04,12,12,0,0,0,0,0,0,0,0,0,https://news.naver.com/main/read.nhn?mode=LSD&mid=sec&sid1=106&oid=009&aid=0004479196,1
강소라,"강소라, '겨울왕국2' 엘사 따라잡기···천우희X박솔미 '폭소'",연예,27,2019,12,11,13:46,5,5,0,0,0,0,0,0,0,0,0,https://news.naver.com/main/read.nhn?mode=LSD&mid=sec&sid1=106&oid=312&aid=0000425283,1
강소라,강소라 '겨울왕국2' 엘사에 완벽 몰입..천우희 폭소,연예,27,2019,12,11,19:12,59,58,0,1,0,0,0,0,0,0,0,https://news.naver.com/main/read.nhn?mode=LSD&mid=sec&sid1=106&oid=108&aid=0002829479,1
강소라,"강소라 엘사놀이, ‘겨울왕국2’ OST 부르며 폭풍 열연...`싱크로율 100%`",연예,27,2019,12,11,9:41,13,12,0,1,0,0,0,0,0,0,0,https://news.naver.com/main/read.nhn?mode=LSD&mid=sec&sid1=106&oid=009&aid=0004480054,1
강소라,강소라 엘사놀이→‘해치지 않아’ 사자 변신…유쾌 모먼트,연예,27,2019,12,11,9:43,19,19,0,0,0,0,0,0,0,0,0,https://news.naver.com/main/read.nhn?mode=LSD&mid=sec&sid1=106&oid=382&aid=0000782728,1
강소라,"'해치지않아' 강소라, '털털'한 사자로 파격 변신",연예,27,2019,12,11,8:21,7,6,0,1,0,0,0,0,0,0,0,https://news.naver.com/main/read.nhn?mode=LSD&mid=sec&sid1=106&oid=076&aid=0003507599,1
강소라,"'해치지 않아', 사자가 된 강소라",연예,27,2019,12,11,8:28,7,7,0,0,0,0,0,0,0,0,0,https://news.naver.com/main/read.nhn?mode=LSD&mid=sec&sid1=106&oid=241&aid=0002987042,1
강소라,"'해치지않아' 강소라, 사자로 파격 변신?…역대급 1인 2역 예고",연예,27,2019,12,11,10:00,5,5,0,0,0,0,0,0,0,0,0,https://news.naver.com/main/read.nhn?mode=LSD&mid=sec&sid1=106&oid=117&aid=0003310723,1
강소라,"강소라, 이런 모습 처음이야‥싱크로율100% '엘사놀이' 폭소만발 [★SHOT!]",연예,27,2019,12,10,19:22,25,24,0,1,0,0,0,0,0,0,0,https://news.naver.com/main/read.nhn?mode=LSD&mid=sec&sid1=106&oid=109&aid=0004133307,1
강소라,강소라는 엘사놀이 중... 격정 립싱크 “유쾌”,연예,27,2019,12,10,23:53,21,21,0,0,0,0,0,0,0,0,0,https://news.naver.com/main/read.nhn?mode=LSD&mid=sec&sid1=106&oid=213&aid=0001144555,1
강소라,"강소라, 유쾌 발랄한 엘사 놀이...""숨겨진 세상"" [★해시태그]",연예,27,2019,12,10,18:48,47,47,0,0,0,0,0,0,0,0,0,https://news.naver.com/main/read.nhn?mode=LSD&mid=sec&sid1=106&oid=311&aid=0001085405,1
강소라,"안재홍X강소라, '해치지 않아' 스틸 공개..저 세상 코미디",연예,27,2019,12,09,11:29,8,8,0,0,0,0,0,0,0,0,0,https://news.naver.com/main/read.nhn?mode=LSD&mid=sec&sid1=106&oid=404&aid=0000257997,1
강소라,안재홍·강소라 '해치지 않아' 동물원서 각종 동물로 대변신 '요절복통',연예,27,2019,12,09,16:50,8,8,0,0,0,0,0,0,0,0,0,https://news.naver.com/main/read.nhn?mode=LSD&mid=sec&sid1=106&oid=015&aid=0004254492,1
강소라,안재홍 강소라 ‘해치지 않아’ 스틸 공개.. 새해 웃음 폭탄 예고,연예,27,2019,12,09,10:12,4,4,0,0,0,0,0,0,0,0,0,https://news.naver.com/main/read.nhn?mode=LSD&mid=sec&sid1=106&oid=081&aid=0003049635,1
강소라,"“선 넘는 동물들”…‘해치지않아’ 안재홍→강소라, 기상천외 위장근무",연예,27,2019,12,09,9:40,10,10,0,0,0,0,0,0,0,0,0,https://news.naver.com/main/read.nhn?mode=LSD&mid=sec&sid1=106&oid=382&aid=0000782068,1
강소라,"""안재홍X강소라의 신선도 100% 코미디""…'해치지 않아', 메인 예고편 공개",연예,28,2019,12,21,9:54,6,6,0,0,0,0,0,0,0,0,0,https://news.naver.com/main/read.nhn?mode=LSD&mid=sec&sid1=106&oid=117&aid=0003314653,1
강소라,"'해치지 않아' 강소라 ""극중 영장류 役 탐났다""",연예,28,2019,12,21,11:18,16,16,0,0,0,0,0,0,0,0,0,https://news.naver.com/main/read.nhn?mode=LSD&mid=sec&sid1=106&oid=427&aid=0000035167,1
강소라,"강소라, 더 성숙해진 미모",연예,28,2019,12,18,11:46,4,4,0,0,0,0,0,0,0,0,0,https://news.naver.com/main/read.nhn?mode=LSD&mid=sec&sid1=106&oid=005&aid=0001269682,1
강소라,"[포토] 강소라, '사자 포즈가 귀여워~'",연예,28,2019,12,18,24:39,2,2,0,0,0,0,0,0,0,0,0,https://news.naver.com/main/read.nhn?mode=LSD&mid=sec&sid1=106&oid=015&aid=0004259449,1
강소라,"'해치지않아' 감독 ""당당한 매력의 강소라, 사자와 닮았다""",연예,28,2019,12,18,11:35,5,5,0,0,0,0,0,0,0,0,0,https://news.naver.com/main/read.nhn?mode=LSD&mid=sec&sid1=106&oid=241&aid=0002988852,1
강소라,"[T포토] 강소라 ""사자 연기했어요""",연예,28,2019,12,18,11:19,1,1,0,0,0,0,0,0,0,0,0,https://news.naver.com/main/read.nhn?mode=LSD&mid=sec&sid1=106&oid=213&aid=0001145610,1
강소라,[T포토] 강소라 '너무 웃겨요',연예,28,2019,12,18,11:55,3,3,0,0,0,0,0,0,0,0,0,https://news.naver.com/main/read.nhn?mode=LSD&mid=sec&sid1=106&oid=213&aid=0001145636,1
강소라,"[포토] 강소라, ‘말문 막히는 각선미’",연예,28,2019,12,18,13:25,1,1,0,0,0,0,0,0,0,0,0,https://news.naver.com/main/read.nhn?mode=LSD&mid=sec&sid1=106&oid=014&aid=0004345021,1
강소라,"""무엇을 상상하든 그 이상""…영화 '해치지 않아'",연예,28,2019,12,21,11:18,15,15,0,0,0,0,0,0,0,0,0,https://news.naver.com/main/read.nhn?mode=LSD&mid=sec&sid1=106&oid=119&aid=0002372137,1
강소라,"[포토]김성오, 전여빈, 안재홍, 강소라, 박영규 '동산파크'로 놀러",연예,28,2019,12,18,13:24,2,2,0,0,0,0,0,0,0,0,0,https://news.naver.com/main/read.nhn?mode=LSD&mid=sec&sid1=106&oid=468&aid=0000605705,1
강소라,"강소라, 인형 미모 폭발",연예,28,2019,12,18,11:12,1,1,0,0,0,0,0,0,0,0,0,https://news.naver.com/main/read.nhn?mode=LSD&mid=sec&sid1=106&oid=421&aid=0004364068,1
강소라,"강소라, 클래스가 다른 미모",연예,28,2019,12,18,13:39,1,1,0,0,0,0,0,0,0,0,0,https://news.naver.com/main/read.nhn?mode=LSD&mid=sec&sid1=106&oid=005&aid=0001269710,1
강소라,"'해치지않아' 감독 ""강소라, 당차고 당당한 매력..사자役 싱크로율↑""",연예,28,2019,12,18,11:19,4,4,0,0,0,0,0,0,0,0,0,https://news.naver.com/main/read.nhn?mode=LSD&mid=sec&sid1=106&oid=076&aid=0003510496,1
강소라,"`해치지않아` 감독 ""강소라 당당한 매력, 사자와 닮아""",연예,28,2019,12,18,11:42,5,5,0,0,0,0,0,0,0,0,0,https://news.naver.com/main/read.nhn?mode=LSD&mid=sec&sid1=106&oid=009&aid=0004484555,1
강소라,"[포토] 강소라, 사자 들고",연예,28,2019,12,18,11:11,2,2,0,0,0,0,0,0,0,0,0,https://news.naver.com/main/read.nhn?mode=LSD&mid=sec&sid1=106&oid=468&aid=0000605648,1
강소라,[T포토] 강소라 '플래시 세례 받으며 등장',연예,28,2019,12,18,11:41,7,7,0,0,0,0,0,0,0,0,0,https://news.naver.com/main/read.nhn?mode=LSD&mid=sec&sid1=106&oid=213&aid=0001145617,1
강소라,"[포토]강소라, '너무 웃겨요'",연예,28,2019,12,18,11:37,1,1,0,0,0,0,0,0,0,0,0,https://news.naver.com/main/read.nhn?mode=LSD&mid=sec&sid1=106&oid=241&aid=0002988853,1
강소라,[T포토] 강소라 '백만불짜리 각선미',연예,28,2019,12,18,24:20,1,1,0,0,0,0,0,0,0,0,0,https://news.naver.com/main/read.nhn?mode=LSD&mid=sec&sid1=106&oid=213&aid=0001145649,1
강소라,"[공식] '해치지않아' 안재홍X강소라, 29일 '동물농장' 내레이션 도전",연예,29,2019,12,27,9:27,6,6,0,0,0,0,0,0,0,0,0,https://news.naver.com/main/read.nhn?mode=LSD&mid=sec&sid1=106&oid=076&aid=0003513345,1
강소라,"'동물농장' 강소라X안재홍이 전하는 감동스토리, 길 위의 생명 그 후",연예,29,2019,12,28,1:06,1,1,0,0,0,0,0,0,0,0,0,https://news.naver.com/main/read.nhn?mode=LSD&mid=sec&sid1=106&oid=011&aid=0003672429,1
강소라,"'해치지않아' 안재홍X강소라, 오는 29일 'TV 동물농장' 스페셜 내레이션 도전",연예,29,2019,12,28,1:03,1,1,0,0,0,0,0,0,0,0,0,https://news.naver.com/main/read.nhn?mode=LSD&mid=sec&sid1=106&oid=011&aid=0003672428,1
강소라,"강소라X안재홍, 연말특집 '동물농장' 출연...29일 방송",연예,29,2019,12,27,16:18,2,2,0,0,0,0,0,0,0,0,0,https://news.naver.com/main/read.nhn?mode=LSD&mid=sec&sid1=106&oid=312&aid=0000427665,1
강소라,‘얼굴천재’ 차은우→‘하의실종’ 강소라까지...스타의 사복패션 BEST5 [MK패션 PICK],연예,29,2019,12,23,7:02,11,11,0,0,0,0,0,0,0,0,0,https://news.naver.com/main/read.nhn?mode=LSD&mid=sec&sid1=106&oid=410&aid=0000654798,1
강소라,"'해치지않아' 안재홍X강소라, 'TV 동물농장' 스페셜 내레이션 출격",연예,29,2019,12,27,8:39,1,1,0,0,0,0,0,0,0,0,0,https://news.naver.com/main/read.nhn?mode=LSD&mid=sec&sid1=106&oid=241&aid=0002990976,1
강소라,"'해치지않아' 안재홍-강소라, 'TV동물농장' 스페셜 내레이션 도전",연예,29,2019,12,27,8:12,3,3,0,0,0,0,0,0,0,0,0,https://news.naver.com/main/read.nhn?mode=LSD&mid=sec&sid1=106&oid=076&aid=0003513317,1
강소라,"‘해치지않아’ 안재홍X강소라, 29일 ‘동물농장’ 내레이션 참여",연예,29,2019,12,27,9:23,1,1,0,0,0,0,0,0,0,0,0,https://news.naver.com/main/read.nhn?mode=LSD&mid=sec&sid1=106&oid=382&aid=0000786493,1
강소라,‘동물농장’서 보는 강소라 안재홍이라니,연예,29,2019,12,27,16:15,2,2,0,0,0,0,0,0,0,0,0,https://news.naver.com/main/read.nhn?mode=LSD&mid=sec&sid1=106&oid=609&aid=0000224496,1
강소라,'동물농장' 강소라·안재홍이 전하는 '동물들의 감동스토리',연예,29,2019,12,27,16:16,15,15,0,0,0,0,0,0,0,0,0,https://news.naver.com/main/read.nhn?mode=LSD&mid=sec&sid1=106&oid=076&aid=0003513439,1
강소라,"‘동물농장’ 연말특집, 강소라-안재홍이 전하는 감동 스토리",연예,29,2019,12,27,17:03,8,8,0,0,0,0,0,0,0,0,0,https://news.naver.com/main/read.nhn?mode=LSD&mid=sec&sid1=106&oid=396&aid=0000535437,1
강소라,"'런닝맨' 강소라X김성오, 新예능 신생아의 탄생",연예,30,2020,01,04,16:38,26,26,0,0,0,0,0,0,0,0,0,https://news.naver.com/main/read.nhn?mode=LSD&mid=sec&sid1=106&oid=468&aid=0000611406,1
강소라,'해치지않아' 안재홍·강소라·전여빈…털·땀·눈물로 만든 제작기,연예,30,2020,01,03,10:05,1,1,0,0,0,0,0,0,0,0,0,https://news.naver.com/main/read.nhn?mode=LSD&mid=sec&sid1=106&oid=015&aid=0004267578,1
강소라,"'철파엠' 안재홍 ""'해치지않아' 500만 동원시 강소라·박영규 함께 재출연""",연예,30,2020,01,03,11:04,4,4,0,0,0,0,0,0,0,0,0,https://news.naver.com/main/read.nhn?mode=LSD&mid=sec&sid1=106&oid=277&aid=0004599574,1
강소라,[포토] 강소라 '순백의 각선미 요정',연예,30,2019,12,30,16:17,9,9,0,0,0,0,0,0,0,0,0,https://news.naver.com/main/read.nhn?mode=LSD&mid=sec&sid1=106&oid=241&aid=0002991899,1
강소라,[포토] '사자역할' 강소라 '귀엽게 어흥~',연예,30,2019,12,30,17:12,1,1,0,0,0,0,0,0,0,0,0,https://news.naver.com/main/read.nhn?mode=LSD&mid=sec&sid1=106&oid=076&aid=0003514306,1
강소라,"강소라, 촉촉한 눈빛",연예,30,2019,12,30,16:16,6,6,0,0,0,0,0,0,0,0,0,https://news.naver.com/main/read.nhn?mode=LSD&mid=sec&sid1=106&oid=421&aid=0004383341,1
강소라,"강소라, 눈부신 화이트",연예,30,2019,12,30,17:37,1,1,0,0,0,0,0,0,0,0,0,https://news.naver.com/main/read.nhn?mode=LSD&mid=sec&sid1=106&oid=005&aid=0001273433,1
강소라,[포토] 강소라-전여빈 '사자와 나무늘보',연예,30,2019,12,30,16:57,1,1,0,0,0,0,0,0,0,0,0,https://news.naver.com/main/read.nhn?mode=LSD&mid=sec&sid1=106&oid=241&aid=0002991944,1
강소라,"강소라, 반려견 밍키와 행복 일상 '청순 민낯 눈길'",연예,30,2020,01,02,11:17,8,8,0,0,0,0,0,0,0,0,0,https://news.naver.com/main/read.nhn?mode=LSD&mid=sec&sid1=106&oid=082&aid=0000970962,1
강소라,[포토] 강소라 '거침없는 착석',연예,30,2019,12,30,16:26,2,2,0,0,0,0,0,0,0,0,0,https://news.naver.com/main/read.nhn?mode=LSD&mid=sec&sid1=106&oid=241&aid=0002991904,1
강소라,"'런닝맨' 강소라X김성오, 순진무구 '예능 신생아 매력' 폭발",연예,30,2020,01,04,11:47,13,13,0,0,0,0,0,0,0,0,0,https://news.naver.com/main/read.nhn?mode=LSD&mid=sec&sid1=106&oid=076&aid=0003516004,1
강소라,런닝맨 강소라X김성오X안재홍X전여빈 '예능 신고식',연예,30,2020,01,04,16:37,1,1,0,0,0,0,0,0,0,0,0,https://news.naver.com/main/read.nhn?mode=LSD&mid=sec&sid1=106&oid=016&aid=0001620651,1
강소라,'런닝맨' 강소라X김성오X안재홍X전여빈 '예능 신생아 매력',연예,30,2020,01,04,16:03,13,13,0,0,0,0,0,0,0,0,0,https://news.naver.com/main/read.nhn?mode=LSD&mid=sec&sid1=106&oid=015&aid=0004268112,1
강소라,‘런닝맨’ 안재홍x강소라x김성오x전여빈 출격…역대급 게스트,연예,30,2020,01,04,11:50,9,9,0,0,0,0,0,0,0,0,0,https://news.naver.com/main/read.nhn?mode=LSD&mid=sec&sid1=106&oid=382&aid=0000788552,1
강소라,‘해치지않아’ 안재홍x강소라x박영규 털·땀·눈물 제작기 영상 공개,연예,30,2020,01,03,10:13,7,7,0,0,0,0,0,0,0,0,0,https://news.naver.com/main/read.nhn?mode=LSD&mid=sec&sid1=106&oid=382&aid=0000788365,1
강소라,"'해치지않아' 안재홍X강소라부터 전여빈의 털, 땀, 눈물",연예,30,2020,01,03,9:04,1,1,0,0,0,0,0,0,0,0,0,https://news.naver.com/main/read.nhn?mode=LSD&mid=sec&sid1=106&oid=108&aid=0002833924,1
강소라,"""털-땀 그리고 눈물"" '해치지않아' 안재홍X강소라X박영규X김성오X전여빈의 환상 케미",연예,30,2020,01,03,13:22,4,3,0,1,0,0,0,0,0,0,0,https://news.naver.com/main/read.nhn?mode=LSD&mid=sec&sid1=106&oid=112&aid=0003253186,1
강소라,"안재홍 “‘해치지 않아’ 500만 돌파 공약, 강소라·박영규 모실 것”",연예,30,2020,01,03,9:26,7,5,0,2,0,0,0,0,0,0,0,https://news.naver.com/main/read.nhn?mode=LSD&mid=sec&sid1=106&oid=022&aid=0003427091,1
강소라,"안재홍 ""'해치지않아' 500만 동원시 강소라·박영규 함께 '철파엠' 재출연""",연예,30,2020,01,03,8:32,2,2,0,0,0,0,0,0,0,0,0,https://news.naver.com/main/read.nhn?mode=LSD&mid=sec&sid1=106&oid=311&aid=0001094621,1
강소라,"`철파엠` 안재홍 ""`해치지않아` 500만 돌파하면 강소라→박영규와 출연할 것""",연예,30,2020,01,03,8:43,1,1,0,0,0,0,0,0,0,0,0,https://news.naver.com/main/read.nhn?mode=LSD&mid=sec&sid1=106&oid=009&aid=0004493781,1
강소라,[TEN PHOTO] 강소라 '보는 순간 심쿵',연예,30,2019,12,30,16:54,1,1,0,0,0,0,0,0,0,0,0,https://news.naver.com/main/read.nhn?mode=LSD&mid=sec&sid1=106&oid=312&aid=0000428188,1
강소라,[포토] 강소라 '순백의 사자랍니다',연예,30,2019,12,30,17:28,1,1,0,0,0,0,0,0,0,0,0,https://news.naver.com/main/read.nhn?mode=LSD&mid=sec&sid1=106&oid=241&aid=0002991952,1
강소라,[포토] 강소라 '사랑스러운 어흥~',연예,30,2019,12,30,17:30,1,1,0,0,0,0,0,0,0,0,0,https://news.naver.com/main/read.nhn?mode=LSD&mid=sec&sid1=106&oid=241&aid=0002991956,1
강소라,"강소라, 롱다리 미인",연예,30,2019,12,30,17:04,2,2,0,0,0,0,0,0,0,0,0,https://news.naver.com/main/read.nhn?mode=LSD&mid=sec&sid1=106&oid=421&aid=0004383509,1
강소라,"강소라, 귀여운 사자",연예,30,2019,12,30,16:56,1,1,0,0,0,0,0,0,0,0,0,https://news.naver.com/main/read.nhn?mode=LSD&mid=sec&sid1=106&oid=421&aid=0004383488,1
강소라,"'아는 형님' 강소라·안재홍·전여빈·김성오, '예.보.배'의 '빵' 터지는 매력 [종합]",연예,31,2020,01,11,22:59,19,19,0,0,0,0,0,0,0,0,0,https://news.naver.com/main/read.nhn?mode=LSD&mid=sec&sid1=106&oid=241&aid=0002996188,1
강소라,"'아는형님' 강소라 ""안재홍, 나와 닮아…입술 두껍고 얼굴 살 있어""",연예,31,2020,01,11,21:28,3,3,0,0,0,0,0,0,0,0,0,https://news.naver.com/main/read.nhn?mode=LSD&mid=sec&sid1=106&oid=421&aid=0004403719,1
강소라,"'아는형님' 강호동 ""강소라, 제수씨였다""...이특과 '우결' 언급",연예,31,2020,01,11,22:29,14,13,0,1,0,0,0,0,0,0,0,https://news.naver.com/main/read.nhn?mode=LSD&mid=sec&sid1=106&oid=076&aid=0003518849,1
강소라,"'아는형님' 강소라 ""대표작 '써니', 웃음 터져서 캐스팅됐다""",연예,31,2020,01,11,21:38,2,2,0,0,0,0,0,0,0,0,0,https://news.naver.com/main/read.nhn?mode=LSD&mid=sec&sid1=106&oid=421&aid=0004403723,1
강소라,"강소라, 우월한 교복 자태 ""'아는형님' 본방사수"" [★해시태그]",연예,31,2020,01,11,21:48,1,1,0,0,0,0,0,0,0,0,0,https://news.naver.com/main/read.nhn?mode=LSD&mid=sec&sid1=106&oid=311&aid=0001098445,1
강소라,"'아는형님' 강소라가 밝힌 캐스팅 비화..""'써니' 감독 사진 붙여뒀다"" [★밤TView]",연예,31,2020,01,11,22:52,7,7,0,0,0,0,0,0,0,0,0,https://news.naver.com/main/read.nhn?mode=LSD&mid=sec&sid1=106&oid=108&aid=0002835783,1
강소라,"'아는형님' 강소라x안재홍x전여빈x김성오, 영화 데뷔 일화 '공개'",연예,31,2020,01,11,21:29,1,1,0,0,0,0,0,0,0,0,0,https://news.naver.com/main/read.nhn?mode=LSD&mid=sec&sid1=106&oid=112&aid=0003256242,1
강소라,'아는형님' 바지터진 안재홍→강소라·전여빈 반전매력…'예보배' 활약(종합),연예,31,2020,01,11,22:41,2,2,0,0,0,0,0,0,0,0,0,https://news.naver.com/main/read.nhn?mode=LSD&mid=sec&sid1=106&oid=421&aid=0004403744,1
강소라,"강소라 ""안재홍과 닮았다는 얘기 많이 들었다"" (아는 형님)",연예,31,2020,01,11,21:50,7,7,0,0,0,0,0,0,0,0,0,https://news.naver.com/main/read.nhn?mode=LSD&mid=sec&sid1=106&oid=241&aid=0002996186,1
강소라,‘아는형님’ 강소라 “안재홍과 닮았다는 말 많이 들었다” 폭소,연예,31,2020,01,11,21:25,56,55,0,1,0,0,0,0,0,0,0,https://news.naver.com/main/read.nhn?mode=LSD&mid=sec&sid1=106&oid=410&aid=0000660428,1
강소라,"강소라 ""안재홍과 닮았다는 소리 들어봤다"" 폭소 ('아는형님')",연예,31,2020,01,11,21:32,1,1,0,0,0,0,0,0,0,0,0,https://news.naver.com/main/read.nhn?mode=LSD&mid=sec&sid1=106&oid=117&aid=0003322151,1
강소라,"강소라 “쌍꺼풀 진하고 입술 도톰한 안재홍, 나와 닮아 좋아했다”",연예,31,2020,01,11,21:21,11,11,0,0,0,0,0,0,0,0,0,https://news.naver.com/main/read.nhn?mode=LSD&mid=sec&sid1=106&oid=609&aid=0000232263,1
강소라,"'아는형님' 강호동 ""강소라, 제수씨였다""...과거 인연 소환",연예,31,2020,01,11,21:25,8,8,0,0,0,0,0,0,0,0,0,https://news.naver.com/main/read.nhn?mode=LSD&mid=sec&sid1=106&oid=213&aid=0001149543,1
강소라,"'아는형님' 강소라, 강호동 '제수씨' 호칭에 ""이특과 결혼했다가 이혼""",연예,31,2020,01,11,22:16,8,8,0,0,0,0,0,0,0,0,0,https://news.naver.com/main/read.nhn?mode=LSD&mid=sec&sid1=106&oid=311&aid=0001098450,1
강소라,"'아형' 강호동, 강소라 출연에 반색 ""과거 제수씨, '강남매'로도 불렸다""",연예,31,2020,01,11,21:41,9,9,0,0,0,0,0,0,0,0,0,https://news.naver.com/main/read.nhn?mode=LSD&mid=sec&sid1=106&oid=241&aid=0002996185,1
강소라,"강소라 ""대표작 '써니', 빵 터진 웃음으로 캐스팅"" (아는 형님)",연예,31,2020,01,11,22:06,5,5,0,0,0,0,0,0,0,0,0,https://news.naver.com/main/read.nhn?mode=LSD&mid=sec&sid1=106&oid=241&aid=0002996187,1
강소라,"`아는 형님` 강소라, 영화 써니 캐스팅 비화 공개",연예,31,2020,01,11,21:46,5,5,0,0,0,0,0,0,0,0,0,https://news.naver.com/main/read.nhn?mode=LSD&mid=sec&sid1=106&oid=009&aid=0004498753,1
강소라,"[종합]'아는형님' 강소라, 써니 오디션 ""감독님 사진에 인사하는 연습했었다""",연예,31,2020,01,11,22:35,6,6,0,0,0,0,0,0,0,0,0,https://news.naver.com/main/read.nhn?mode=LSD&mid=sec&sid1=106&oid=112&aid=0003256252,1
강소라,"[집중탐구 더 스타④] 강소라 ""힘든 것 잘 털어내는 성격""",연예,32,2020,01,18,24:07,6,6,0,0,0,0,0,0,0,0,0,https://news.naver.com/main/read.nhn?mode=LSD&mid=sec&sid1=106&oid=427&aid=0000035410,1
강소라,"[팝인터뷰③]강소라 ""예쁜 역할이 제일 힘들어..민폐 안 되는 게 배우로서 소망""",연예,32,2020,01,18,15:31,58,58,0,0,0,0,0,0,0,0,0,https://news.naver.com/main/read.nhn?mode=LSD&mid=sec&sid1=106&oid=112&aid=0003258685,1
강소라,"[집중탐구 더 스타①] 강소라, '해치지 않아'서 사자 변신",연예,32,2020,01,18,24:00,10,10,0,0,0,0,0,0,0,0,0,https://news.naver.com/main/read.nhn?mode=LSD&mid=sec&sid1=106&oid=427&aid=0000035407,1
강소라,"강소라 ‘어두운 극장,밝히는 미모’[포토엔HD]",연예,32,2020,01,18,20:27,5,5,0,0,0,0,0,0,0,0,0,https://news.naver.com/main/read.nhn?mode=LSD&mid=sec&sid1=106&oid=609&aid=0000235906,1
강소라,"[팝인터뷰②]강소라 ""1년 공백기, 여유와 건강한 라이프스타일 생각하게 된 시기""",연예,32,2020,01,18,15:31,53,53,0,0,0,0,0,0,0,0,0,https://news.naver.com/main/read.nhn?mode=LSD&mid=sec&sid1=106&oid=112&aid=0003258684,1
강소라,"[팝인터뷰①]'해치지않아' 강소라 ""생애 첫 사자 연기, 무게감에 익숙해지려 노력했죠""",연예,32,2020,01,18,15:30,15,15,0,0,0,0,0,0,0,0,0,https://news.naver.com/main/read.nhn?mode=LSD&mid=sec&sid1=106&oid=112&aid=0003258683,1
강소라,강소라 ‘무대인사는 언제나 신나요~~’[포토엔HD],연예,32,2020,01,18,20:45,2,2,0,0,0,0,0,0,0,0,0,https://news.naver.com/main/read.nhn?mode=LSD&mid=sec&sid1=106&oid=609&aid=0000235928,1
강소라,강소라 ‘이렇게 예쁜 사자 봤어?’[포토엔HD],연예,32,2020,01,18,20:21,5,5,0,0,0,0,0,0,0,0,0,https://news.naver.com/main/read.nhn?mode=LSD&mid=sec&sid1=106&oid=609&aid=0000235897,1
강소라,강소라 ‘입장부터 싱글벙글 사자미소’ [포토엔HD],연예,32,2020,01,18,20:26,3,3,0,0,0,0,0,0,0,0,0,https://news.naver.com/main/read.nhn?mode=LSD&mid=sec&sid1=106&oid=609&aid=0000235904,1
강소라,강소라 ‘장난감 별 뒤에 숨을 수 있는 작은 얼굴~’[포토엔HD],연예,32,2020,01,18,20:49,5,5,0,0,0,0,0,0,0,0,0,https://news.naver.com/main/read.nhn?mode=LSD&mid=sec&sid1=106&oid=609&aid=0000235931,1
강소라,"강소라, 자체발광 비주얼 뿜뿜…'해치지 않아' 100만 돌파 축하",연예,33,2020,01,25,18:02,42,41,0,1,0,0,0,0,0,0,0,https://news.naver.com/main/read.nhn?mode=LSD&mid=sec&sid1=106&oid=112&aid=0003261054,1
강소라,"'해치지않아', 100만 관객 돌파…안재홍→강소라 깜찍 인증샷 공개",연예,33,2020,01,24,8:12,12,10,0,2,0,0,0,0,0,0,0,https://news.naver.com/main/read.nhn?mode=LSD&mid=sec&sid1=106&oid=468&aid=0000618836,1
강소라,"[인터뷰] 강소라, 인생작 만났다 ‘해치지 않아’",연예,33,2020,01,20,20:38,31,31,0,0,0,0,0,0,0,0,0,https://news.naver.com/main/read.nhn?mode=LSD&mid=sec&sid1=106&oid=011&aid=0003683442,1
강소라,[TEN PHOTO]강소라 '뒤돌아 보면 심쿵',연예,33,2020,01,19,14:19,5,5,0,0,0,0,0,0,0,0,0,https://news.naver.com/main/read.nhn?mode=LSD&mid=sec&sid1=106&oid=312&aid=0000431759,1
강소라,"강소라, 팬에게 화관 선물 받고 오예~ 깜찍한 V[포토엔HD]",연예,33,2020,01,19,18:58,5,5,0,0,0,0,0,0,0,0,0,https://news.naver.com/main/read.nhn?mode=LSD&mid=sec&sid1=106&oid=609&aid=0000236224,1
강소라,"[공식]권상우, 2020년 1월 영화배우 브랜드 평판 첫 1위…2위 안재홍·3위 한석규",연예,33,2020,01,25,8:50,23,23,0,0,0,0,0,0,0,0,0,https://news.naver.com/main/read.nhn?mode=LSD&mid=sec&sid1=106&oid=076&aid=0003523557,1
강소라,"권상우, 1月 영화배우 브랜드 평판 1위..2위 안재홍-3위 한석규",연예,33,2020,01,25,8:41,28,27,0,1,0,0,0,0,0,0,0,https://news.naver.com/main/read.nhn?mode=LSD&mid=sec&sid1=106&oid=112&aid=0003260914,1
강소라,"권상우, 1월 영화배우 브랜드평판 1위…2위 안재홍·3위 한석규",연예,33,2020,01,25,8:18,7,7,0,0,0,0,0,0,0,0,0,https://news.naver.com/main/read.nhn?mode=LSD&mid=sec&sid1=106&oid=009&aid=0004506233,1
강소라,"'해치지 않아' 100만 돌파..안재홍→강소라, 감사 인증샷",연예,33,2020,01,24,17:17,19,19,0,0,0,0,0,0,0,0,0,https://news.naver.com/main/read.nhn?mode=LSD&mid=sec&sid1=106&oid=108&aid=0002838383,1
강소라,"‘해치지 않아’, 100만 관객 돌파…강소라→안재홍 훈훈한 감사 인증샷",연예,33,2020,01,24,17:05,12,12,0,0,0,0,0,0,0,0,0,https://news.naver.com/main/read.nhn?mode=LSD&mid=sec&sid1=106&oid=057&aid=0001414803,1
강소라,안재홍X강소라X박영규X김성오X전여빈 ‘해치지않아’ 100만 돌파 인증샷,연예,33,2020,01,24,14:41,5,5,0,0,0,0,0,0,0,0,0,https://news.naver.com/main/read.nhn?mode=LSD&mid=sec&sid1=106&oid=609&aid=0000238416,1
강소라,"셀리턴, 'LED마스크 득템 기회를 잡아라' 신규 TV광고 기념 이벤트 진행",경제,33,2020,01,22,17:29,5,5,0,0,0,0,0,0,0,0,0,https://news.naver.com/main/read.nhn?mode=LSD&mid=sec&sid1=101&oid=022&aid=0003432654,1
강소라,셀리턴 ‘NEW 뮤즈를 맞춰라’…광고 인증샷 이벤트,,33,2020,01,22,17:53,11,10,1,0,0,0,0,0,0,0,0,https://news.naver.com/main/read.nhn?mode=LSD&mid=sec&sid1=004&oid=117&aid=0003325852,1
강소라,[TEN PHOTO]강소라 '팬래터 받고 꽃미소',연예,33,2020,01,19,14:17,2,2,0,0,0,0,0,0,0,0,0,https://news.naver.com/main/read.nhn?mode=LSD&mid=sec&sid1=106&oid=312&aid=0000431758,1
강소라,[TEN PHOTO]강소라 '춤추는 귀여운 사자',연예,33,2020,01,19,14:21,2,1,0,1,0,0,0,0,0,0,0,https://news.naver.com/main/read.nhn?mode=LSD&mid=sec&sid1=106&oid=312&aid=0000431761,1
강소라,[TEN PHOTO]강소라 '박스오피스 1위의 미모',연예,33,2020,01,19,14:40,7,7,0,0,0,0,0,0,0,0,0,https://news.naver.com/main/read.nhn?mode=LSD&mid=sec&sid1=106&oid=312&aid=0000431768,1
강소라,"강소라, ‘우월 비율신’다운 넘사벽 청바지 핏",연예,34,2020,01,26,15:10,53,52,0,1,0,0,0,0,0,0,0,https://news.naver.com/main/read.nhn?mode=LSD&mid=sec&sid1=106&oid=009&aid=0004506462,1
강소라,"강소라, 각선미 돋보이는 무보정 청바지 핏 '8등신 인증' [★SHOT!]",연예,34,2020,01,26,18:01,36,35,0,1,0,0,0,0,0,0,0,https://news.naver.com/main/read.nhn?mode=LSD&mid=sec&sid1=106&oid=109&aid=0004155694,1
강소라,"강소라, 우월한 다리 길이+비율 완벽한 청바지 핏..귀엽게 브이",연예,34,2020,01,26,13:16,45,45,0,0,0,0,0,0,0,0,0,https://news.naver.com/main/read.nhn?mode=LSD&mid=sec&sid1=106&oid=112&aid=0003261160,1
강소라,[TEN PHOTO] 강소라 '러블리 아우라',연예,34,2020,01,26,13:40,1,1,0,0,0,0,0,0,0,0,0,https://news.naver.com/main/read.nhn?mode=LSD&mid=sec&sid1=106&oid=312&aid=0000432796,1
강소라,"""하얗게 불태웠다""…'해치지않아' 털·땀·흥 터진 촬영 비하인드",연예,34,2020,01,28,13:22,6,6,0,0,0,0,0,0,0,0,0,https://news.naver.com/main/read.nhn?mode=LSD&mid=sec&sid1=106&oid=241&aid=0002999755,1
강소라,강소라 ‘뭘 해도 러블리 매력~’[포토엔HD],연예,34,2020,01,26,13:38,1,1,0,0,0,0,0,0,0,0,0,https://news.naver.com/main/read.nhn?mode=LSD&mid=sec&sid1=106&oid=609&aid=0000238849,1
강소라,안재홍·강소라·김성오·전여빈 '해치지 않아' VOD 서비스,연예,35,2020,02,04,24:28,1,1,0,0,0,0,0,0,0,0,0,https://news.naver.com/main/read.nhn?mode=LSD&mid=sec&sid1=106&oid=003&aid=0009684278,1
강소라,"강소라X김연경, 이시언도 감탄한 눈부신 우정 [★SHOT!]",연예,35,2020,02,02,8:20,22,22,0,0,0,0,0,0,0,0,0,https://news.naver.com/main/read.nhn?mode=LSD&mid=sec&sid1=106&oid=109&aid=0004158595,1
강소라,안재홍 “멜로가 체질‘ 함께한 전여빈 잘돼 좋다..응원중”[EN:인터뷰],연예,35,2020,02,07,6:01,5,5,0,0,0,0,0,0,0,0,0,https://news.naver.com/main/read.nhn?mode=LSD&mid=sec&sid1=106&oid=609&aid=0000244325,1
강소라,"강소라, 배구여제 김연경 만났다 “웰컴 투 코리아”[SNS★컷]",연예,35,2020,02,02,9:24,10,10,0,0,0,0,0,0,0,0,0,https://news.naver.com/main/read.nhn?mode=LSD&mid=sec&sid1=106&oid=609&aid=0000242128,1
강소라,강소라 “예능 출연? 끝도없이 망가질까 내 자신이 겁나”[EN:인터뷰],연예,36,2020,02,13,7:03,5,5,0,0,0,0,0,0,0,0,0,https://news.naver.com/main/read.nhn?mode=LSD&mid=sec&sid1=106&oid=609&aid=0000246784,1
강소라,"강소라, '집으로 가는 길' 스페셜 DJ 출격...""5일간 퇴근길 책임진다""(공식)",연예,37,2020,02,17,16:19,12,12,0,0,0,0,0,0,0,0,0,https://news.naver.com/main/read.nhn?mode=LSD&mid=sec&sid1=106&oid=052&aid=0001402058,1
강소라,"""민낯 미모 빼꼼""..강소라, 세상 러블리한 양갈래머리",연예,37,2020,02,19,7:53,18,17,0,1,0,0,0,0,0,0,0,https://news.naver.com/main/read.nhn?mode=LSD&mid=sec&sid1=106&oid=112&aid=0003269455,1
강소라,"강소라 ""빵 안 먹고는 인격 유지 힘들어"" 솔직 ('집으로 가는 길')",연예,37,2020,02,18,12:00,92,91,0,1,0,0,0,0,0,0,0,https://news.naver.com/main/read.nhn?mode=LSD&mid=sec&sid1=106&oid=117&aid=0003334421,1
강소라,"강소라 ""'미생' 유창했던 러시아어, 이성민 선배님이 더 자랑해"" ('집으로 가는 길')",연예,37,2020,02,17,18:54,24,24,0,0,0,0,0,0,0,0,0,https://news.naver.com/main/read.nhn?mode=LSD&mid=sec&sid1=106&oid=117&aid=0003334343,1
강소라,"강소라, DJ 도전…SBS ""5일간 소이현 라디오 스페셜DJ""",연예,37,2020,02,17,16:03,25,25,0,0,0,0,0,0,0,0,0,https://news.naver.com/main/read.nhn?mode=LSD&mid=sec&sid1=106&oid=421&aid=0004467165,1
강소라,"강소라, ‘집으로 가는 길’ 스페셜 DJ 출격 [공식]",연예,37,2020,02,17,16:01,10,10,0,0,0,0,0,0,0,0,0,https://news.naver.com/main/read.nhn?mode=LSD&mid=sec&sid1=106&oid=382&aid=0000799096,1
강소라,"강소라, 소이현 대신 5일간 '집으로 가는 길' 스페셜 DJ 출격",연예,37,2020,02,17,17:41,14,14,0,0,0,0,0,0,0,0,0,https://news.naver.com/main/read.nhn?mode=LSD&mid=sec&sid1=106&oid=416&aid=0000255296,1
강소라,배우 강소라 라디오 DJ 변신…소이현 대타 '집으로 가는 길' 진행,연예,37,2020,02,17,16:21,6,6,0,0,0,0,0,0,0,0,0,https://news.naver.com/main/read.nhn?mode=LSD&mid=sec&sid1=106&oid=031&aid=0000525813,1
강소라,"강소라, 미모만큼 아름다운 팬♥…""선물 고마워요"" [★해시태그]",연예,37,2020,02,19,16:20,9,9,0,0,0,0,0,0,0,0,0,https://news.naver.com/main/read.nhn?mode=LSD&mid=sec&sid1=106&oid=311&aid=0001114290,1
강소라,"강소라→천우희 '써니', 추억 자극하는 음악+영상미…""우리는 하나였다""",연예,39,2020,03,02,16:05,8,8,0,0,0,0,0,0,0,0,0,https://news.naver.com/main/read.nhn?mode=LSD&mid=sec&sid1=106&oid=311&aid=0001118768,1
강소라,"강소라, `비와 당신의 이야기` 검토 중…천우희와 `써니` 후 9년만 재회?",연예,40,2020,03,11,9:48,12,12,0,0,0,0,0,0,0,0,0,https://news.naver.com/main/read.nhn?mode=LSD&mid=sec&sid1=106&oid=009&aid=0004534119,1
강소라,"[단독]강소라X천우희, '비와 당신의 이야기' 확정..'써니' 이후 9년만 재회(종합)",연예,40,2020,03,10,18:46,226,225,0,1,0,0,0,0,0,0,0,https://news.naver.com/main/read.nhn?mode=LSD&mid=sec&sid1=106&oid=109&aid=0004178283,1
강소라,"[더 스타③] 유승호, 상대 배우 빛나게 하는 배려심",연예,40,2020,03,11,10:56,32,32,0,0,0,0,0,0,0,0,0,https://news.naver.com/main/read.nhn?mode=LSD&mid=sec&sid1=106&oid=427&aid=0000035873,1
강소라,박보검부터 공유까지 '원더랜드' 출연 外 [위클리무비],연예,40,2020,03,14,9:00,102,101,0,1,0,0,0,0,0,0,0,https://news.naver.com/main/read.nhn?mode=LSD&mid=sec&sid1=106&oid=108&aid=0002848957,1
강소라,"천우희, 영화 '비와 당신의 이야기' 고사 지내다..""무사, 무탈, 안녕, 흥행""",연예,40,2020,03,10,20:59,17,17,0,0,0,0,0,0,0,0,0,https://news.naver.com/main/read.nhn?mode=LSD&mid=sec&sid1=106&oid=112&aid=0003276794,1
강소라,강소라 측 “‘비와 당신의 이야기’ 특별출연 긍정검토 중”(공식입장),연예,40,2020,03,11,10:33,5,5,0,0,0,0,0,0,0,0,0,https://news.naver.com/main/read.nhn?mode=LSD&mid=sec&sid1=106&oid=609&aid=0000256725,1
강소라,"강소라, '비와당신' 출연 검토중..천우희와 '써니' 재회할까",연예,40,2020,03,11,9:34,8,8,0,0,0,0,0,0,0,0,0,https://news.naver.com/main/read.nhn?mode=LSD&mid=sec&sid1=106&oid=108&aid=0002848337,1
강소라,"천우희, 강하늘과 호흡 ‘비와 당신의 이야기’ 고사 참석...“무사·무탈·안녕·흥행”",연예,40,2020,03,11,14:42,70,68,0,2,0,0,0,0,0,0,0,https://news.naver.com/main/read.nhn?mode=LSD&mid=sec&sid1=106&oid=009&aid=0004534416,1
강소라,"[공식입장] 강소라, 천우희와 재회할까…""'비와 당신의 이야기' 긍정 검토 중""",연예,40,2020,03,10,18:14,20,20,0,0,0,0,0,0,0,0,0,https://news.naver.com/main/read.nhn?mode=LSD&mid=sec&sid1=106&oid=117&aid=0003341199,1
강소라,"배우 강소라, 강하늘X천우희 주연 ‘비와 당신의 이야기’ 합류 “긍정 검토 중”",연예,40,2020,03,10,22:14,32,32,0,0,0,0,0,0,0,0,0,https://news.naver.com/main/read.nhn?mode=LSD&mid=sec&sid1=106&oid=144&aid=0000661015,1
강소라,"[단독]강소라, '비와 당신의 이야기' 캐스팅..강하늘x천우희 만난다",연예,40,2020,03,10,17:34,65,65,0,0,0,0,0,0,0,0,0,https://news.naver.com/main/read.nhn?mode=LSD&mid=sec&sid1=106&oid=109&aid=0004178241,1
강소라,"천우희, 단발이 체질!..화이트데이 백+케이크 선물 받았나? [★SHOT!]",연예,40,2020,03,14,9:38,15,15,0,0,0,0,0,0,0,0,0,https://news.naver.com/main/read.nhn?mode=LSD&mid=sec&sid1=106&oid=109&aid=0004179584,1
강소라,"주목받는 신예 박주희, 강소라·임시완과 한솥밥",연예,41,2020,03,20,14:21,1,1,0,0,0,0,0,0,0,0,0,https://news.naver.com/main/read.nhn?mode=LSD&mid=sec&sid1=106&oid=021&aid=0002421627,1
강소라,"박주희, 플럼에이앤씨 계약···임시완·강소라와 한솥밥",연예,41,2020,03,16,9:21,1,1,0,0,0,0,0,0,0,0,0,https://news.naver.com/main/read.nhn?mode=LSD&mid=sec&sid1=106&oid=003&aid=0009758033,1
강소라,"박주희, 플럼에이앤씨에 새 둥지…강소라·임시완과 한솥밥 [공식입장]",연예,41,2020,03,17,12:19,1,1,0,0,0,0,0,0,0,0,0,https://news.naver.com/main/read.nhn?mode=LSD&mid=sec&sid1=106&oid=311&aid=0001123879,1
강소라,"[창간20주년] 배우 이병헌 ""아이뉴스24는 희망과 감동을 주는 언론""",사회,41,2020,03,20,1:01,38,20,2,0,15,1,0,0,0,0,0,https://news.naver.com/main/read.nhn?mode=LSD&mid=sec&sid1=102&oid=031&aid=0000530503,1
강소라,‘뷰티풀 드라마’ 공유하고 셀리턴 LED마스크 받자,생활,41,2020,03,20,15:36,6,5,0,0,1,0,0,0,0,0,0,https://news.naver.com/main/read.nhn?mode=LSD&mid=sec&sid1=103&oid=018&aid=0004602105,1
강소라,"박주희, 플럼에이앤씨와 전속계약…강소라X임시완과 한솥밥[공식]",연예,41,2020,03,16,8:51,1,1,0,0,0,0,0,0,0,0,0,https://news.naver.com/main/read.nhn?mode=LSD&mid=sec&sid1=106&oid=468&aid=0000636634,1
강소라,"박주희, 강소라·임시완과 한솥밥…플럼 行",연예,41,2020,03,16,8:21,1,1,0,0,0,0,0,0,0,0,0,https://news.naver.com/main/read.nhn?mode=LSD&mid=sec&sid1=106&oid=144&aid=0000661845,1
강소라,"박주희, 플럼에이앤씨와 전속계약 체결…강소라&임시완과 한솥밥",연예,41,2020,03,16,8:21,4,4,0,0,0,0,0,0,0,0,0,https://news.naver.com/main/read.nhn?mode=LSD&mid=sec&sid1=106&oid=215&aid=0000855785,1
강소라,"'밥블유2' 강소라 ""언니들 번호를 얻으러 왔다. 100% 사심 출연""",연예,42,2020,03,26,14:12,48,48,0,0,0,0,0,0,0,0,0,https://news.naver.com/main/read.nhn?mode=LSD&mid=sec&sid1=106&oid=052&aid=0001420043,1
강소라,"'밥블레스유2' 강소라 ""안해본 다이어트 없어…기버터 추천""",연예,42,2020,03,27,12:10,21,20,0,1,0,0,0,0,0,0,0,https://news.naver.com/main/read.nhn?mode=LSD&mid=sec&sid1=106&oid=277&aid=0004650418,1
강소라,"[RE:TV] '밥블레스유2' 강소라 ""번호 알고 싶어서 왔다""…100% 사심 출연",연예,42,2020,03,27,5:30,21,21,0,0,0,0,0,0,0,0,0,https://news.naver.com/main/read.nhn?mode=LSD&mid=sec&sid1=106&oid=421&aid=0004546965,1
강소라,"'밥블레스유2' 강소라, 김숙 '미생' 분장에 웃음버튼 고장 '폭소'",연예,42,2020,03,26,21:19,8,8,0,0,0,0,0,0,0,0,0,https://news.naver.com/main/read.nhn?mode=LSD&mid=sec&sid1=106&oid=312&aid=0000440406,1
강소라,"'밥블레스유2' 박나래, 알고 보니 모태똥손···허당미 폭발",연예,42,2020,03,27,9:25,1,1,0,0,0,0,0,0,0,0,0,https://news.naver.com/main/read.nhn?mode=LSD&mid=sec&sid1=106&oid=011&aid=0003715826,1
강소라,'밥블2' 강소라 밝힌 #똥손 #다이어트 #'미생물' 패러디 #사심 출연[종합],연예,42,2020,03,26,20:53,82,82,0,0,0,0,0,0,0,0,0,https://news.naver.com/main/read.nhn?mode=LSD&mid=sec&sid1=106&oid=076&aid=0003547303,1
강소라,"'밥블레스유' 강소라, ""송김박장 번호 얻으려 출연""",연예,42,2020,03,26,11:33,4,4,0,0,0,0,0,0,0,0,0,https://news.naver.com/main/read.nhn?mode=LSD&mid=sec&sid1=106&oid=404&aid=0000263585,1
강소라,"'밥블레스유2' 강소라, 최연소 인생언니로 출격..알고보니 '성덕'",연예,42,2020,03,26,13:34,3,3,0,0,0,0,0,0,0,0,0,https://news.naver.com/main/read.nhn?mode=LSD&mid=sec&sid1=106&oid=076&aid=0003547009,1
강소라,"'밥블레스유2' 강소라 ""언니들 번호 얻으러 왔다"" 무한애정",연예,42,2020,03,26,15:39,13,13,0,0,0,0,0,0,0,0,0,https://news.naver.com/main/read.nhn?mode=LSD&mid=sec&sid1=106&oid=312&aid=0000440387,1
강소라,"강소라 ""다이어트 다 해봤다…원푸드는 실패"" ('밥블레스유')",연예,42,2020,03,27,12:00,10,10,0,0,0,0,0,0,0,0,0,https://news.naver.com/main/read.nhn?mode=LSD&mid=sec&sid1=106&oid=117&aid=0003346666,1
강소라,"'밥블레스유2' 강소라, ""원푸드 다이어트 실패! 고구마·닭가슴살 요리해 먹어"" [어저께TV]",연예,42,2020,03,27,6:52,1,1,0,0,0,0,0,0,0,0,0,https://news.naver.com/main/read.nhn?mode=LSD&mid=sec&sid1=106&oid=109&aid=0004184866,1
강소라,"'밥블레스유2' 강소라 ""오로지 사심에서 출연, 번호 좀""",연예,42,2020,03,27,13:20,10,10,0,0,0,0,0,0,0,0,0,https://news.naver.com/main/read.nhn?mode=LSD&mid=sec&sid1=106&oid=008&aid=0004384509,1
강소라,"강소라, `밥블레스유2` 멤버들에 팬심 고백? ""번호 받으러 나와""",연예,42,2020,03,27,24:05,4,4,0,0,0,0,0,0,0,0,0,https://news.naver.com/main/read.nhn?mode=LSD&mid=sec&sid1=106&oid=009&aid=0004545494,1
강소라,[종합] '밥블레스유2' 남도 음식 먹방→인생 언니 강소라 '솔직 매력 폭발',연예,42,2020,03,27,12:00,17,17,0,0,0,0,0,0,0,0,0,https://news.naver.com/main/read.nhn?mode=LSD&mid=sec&sid1=106&oid=117&aid=0003346667,1
강소라,"""고무줄 바지 입었다""…'밥블레스유2' 강소라, 내숭 없는 먹방+털털 입담 [전일야화]",연예,42,2020,03,27,10:15,23,23,0,0,0,0,0,0,0,0,0,https://news.naver.com/main/read.nhn?mode=LSD&mid=sec&sid1=106&oid=311&aid=0001128069,1
강소라,강소라 “고구마·닭가슴살 다이어트 실패…기버터 추천”,연예,42,2020,03,26,22:14,17,17,0,0,0,0,0,0,0,0,0,https://news.naver.com/main/read.nhn?mode=LSD&mid=sec&sid1=106&oid=469&aid=0000481520,1
강소라,"'밥블레스유2' 강소라, 다이어트 팁 공유 ""기버터 먹으면 스트레스 풀린다""",연예,42,2020,03,26,20:30,6,5,0,1,0,0,0,0,0,0,0,https://news.naver.com/main/read.nhn?mode=LSD&mid=sec&sid1=106&oid=112&aid=0003282258,1
강소라,"'밥블레스유2' 강소라 ""다이어트 다 해봤다…원푸드는 실패""",연예,42,2020,03,26,20:28,22,22,0,0,0,0,0,0,0,0,0,https://news.naver.com/main/read.nhn?mode=LSD&mid=sec&sid1=106&oid=421&aid=0004546831,1
강소라,"박나래, 강소라와 다이어트 팁 공유 “8주동안 9㎏ 감량 경험”",연예,42,2020,03,26,20:34,10,9,0,1,0,0,0,0,0,0,0,https://news.naver.com/main/read.nhn?mode=LSD&mid=sec&sid1=106&oid=609&aid=0000261340,1
강소라,"강소라, 장도연과 똥손연대 결성 “요리할 때 대장금 OST 들어”[결정적장면]",연예,42,2020,03,27,6:00,4,4,0,0,0,0,0,0,0,0,0,https://news.naver.com/main/read.nhn?mode=LSD&mid=sec&sid1=106&oid=609&aid=0000261377,1
강소라,"김숙, 강소라 폭소 부른 ‘미생’ 헌정 패션‥박나래 “스티븐 시갈 같아”",연예,42,2020,03,26,20:19,26,26,0,0,0,0,0,0,0,0,0,https://news.naver.com/main/read.nhn?mode=LSD&mid=sec&sid1=106&oid=609&aid=0000261338,1
강소라,"‘밥블레스유2’ 박나래, 알고 보니 모태똥손…숨겨뒀던 허당美",연예,42,2020,03,27,7:42,1,1,0,0,0,0,0,0,0,0,0,https://news.naver.com/main/read.nhn?mode=LSD&mid=sec&sid1=106&oid=382&aid=0000808628,1
강소라,"‘밥블레스유2’ 야무진 박나래, 알고보니 똥손이었다 [간밤TV]",연예,42,2020,03,27,7:48,61,59,0,2,0,0,0,0,0,0,0,https://news.naver.com/main/read.nhn?mode=LSD&mid=sec&sid1=106&oid=144&aid=0000663823,1
강소라,"'밥블레스유2' 박나래, 모태똥손→김칫국물 몸개그 '웃음폭탄' 투척",연예,42,2020,03,27,7:44,3,3,0,0,0,0,0,0,0,0,0,https://news.naver.com/main/read.nhn?mode=LSD&mid=sec&sid1=106&oid=076&aid=0003547344,1
강소라,"""경상도 개그 오류→19禁 코미디""…박나래, '밥블레스유2' 찢은 예능감",연예,42,2020,03,27,9:10,1,1,0,0,0,0,0,0,0,0,0,https://news.naver.com/main/read.nhn?mode=LSD&mid=sec&sid1=106&oid=076&aid=0003547385,1
강소라,"""빅스비"" 불렀더니 강소라가 ""안녕하세요""",IT,43,2020,04,02,10:57,11,9,1,0,1,0,0,0,0,0,0,https://news.naver.com/main/read.nhn?mode=LSD&mid=sec&sid1=105&oid=092&aid=0002185107,1
강소라,"천우희, '비와 당신의 이야기' 출연 확정…촬영 시작",연예,43,2020,03,29,20:33,18,18,0,0,0,0,0,0,0,0,0,https://news.naver.com/main/read.nhn?mode=LSD&mid=sec&sid1=106&oid=003&aid=0009783763,1
강소라,'빅스비'에 강소라·김소현·김예원 목소리가...,IT,43,2020,04,02,24:20,16,12,2,0,2,0,0,0,0,0,0,https://news.naver.com/main/read.nhn?mode=LSD&mid=sec&sid1=105&oid=011&aid=0003718734,1
강소라,“빅스비” 불렀더니…강소라가 답했다,IT,43,2020,04,02,10:26,7,5,0,0,2,0,0,0,0,0,0,https://news.naver.com/main/read.nhn?mode=LSD&mid=sec&sid1=105&oid=032&aid=0003001441,1
강소라,"""삼성 빅스비에 '강소라·김소현·김예원' 목소리가…""",IT,43,2020,04,02,11:38,34,21,9,0,4,0,0,0,0,0,0,https://news.naver.com/main/read.nhn?mode=LSD&mid=sec&sid1=105&oid=001&aid=0011517779,1
강소라,"천우희, '앵커' 이어 '비와 당신의 이야기' 출연 확정",연예,43,2020,03,30,10:17,2,2,0,0,0,0,0,0,0,0,0,https://news.naver.com/main/read.nhn?mode=LSD&mid=sec&sid1=106&oid=396&aid=0000544910,1
강소라,"배우 강소라, SNS에 사진 3장 공개",생활,44,2020,04,10,17:52,14,9,2,0,3,0,0,0,0,0,0,https://news.naver.com/main/read.nhn?mode=LSD&mid=sec&sid1=103&oid=241&aid=0003015702,1
강소라,"내 폰에 날씨 물었더니, 강소라가 속삭여주네",IT,45,2020,04,14,3:04,113,76,4,2,26,5,0,0,0,0,0,https://news.naver.com/main/read.nhn?mode=LSD&mid=sec&sid1=105&oid=023&aid=0003523326,1
강소라,"블랙모노키니의 '리버풀녀' 정유나, 코로나19로 쉬고 있는 프리미어리그에 응원을 보내요",연예,45,2020,04,18,10:46,2,2,0,0,0,0,0,0,0,0,0,https://news.naver.com/main/read.nhn?mode=LSD&mid=sec&sid1=106&oid=468&aid=0000649447,1
강소라,"[아무튼, 주말] 공유가 재워주고 아이린이 깨워주고",생활,46,2020,04,25,3:03,6,5,0,0,0,1,0,0,0,0,0,https://news.naver.com/main/read.nhn?mode=LSD&mid=sec&sid1=103&oid=023&aid=0003526377,1
강소라,"강소라, 코로나19 여파 속 귀여운 마스크 인증샷 ""댕댕이냐 냥냥이냐""",연예,46,2020,04,20,15:53,13,13,0,0,0,0,0,0,0,0,0,https://news.naver.com/main/read.nhn?mode=LSD&mid=sec&sid1=106&oid=076&aid=0003556675,1
강소라,"강소라 ""조금만 더 힘냅시다"" 코로나19 마스크 인증샷",연예,46,2020,04,20,15:20,2,2,0,0,0,0,0,0,0,0,0,https://news.naver.com/main/read.nhn?mode=LSD&mid=sec&sid1=106&oid=009&aid=0004560255,1
강소라,"강소라, 여배우의 마스크 착용법…이렇게 귀여우면 반칙",연예,46,2020,04,20,10:52,22,22,0,0,0,0,0,0,0,0,0,https://news.naver.com/main/read.nhn?mode=LSD&mid=sec&sid1=106&oid=112&aid=0003290121,1
강소라,"강소라, 고양이 OR 강아지로 변신?..귀염가득 일상",연예,46,2020,04,20,11:11,6,5,0,1,0,0,0,0,0,0,0,https://news.naver.com/main/read.nhn?mode=LSD&mid=sec&sid1=106&oid=108&aid=0002857243,1
강소라,"""조금만 더 힘냅시다""…강소라, 깜찍 마스크 착용샷 [★해시태그]",연예,46,2020,04,20,11:07,7,7,0,0,0,0,0,0,0,0,0,https://news.naver.com/main/read.nhn?mode=LSD&mid=sec&sid1=106&oid=311&aid=0001136377,1
강소라,"세리박스의 새로운 얼굴 된 김태희, 광고 비하인드 컷 통해 아름다움 보여줘",생활,46,2020,04,21,14:02,3,3,0,0,0,0,0,0,0,0,0,https://news.naver.com/main/read.nhn?mode=LSD&mid=sec&sid1=103&oid=076&aid=0003557130,1
강소라,"강소라, 마스크로 가려도 예뻐…우월한 비율 '눈길'",연예,47,2020,05,02,17:01,64,63,0,1,0,0,0,0,0,0,0,https://news.naver.com/main/read.nhn?mode=LSD&mid=sec&sid1=106&oid=312&aid=0000444586,1
강소라,"""얼굴 크기, 실화?""…강소라, 어마무시 '비율 깡패' [★SHOT!]",연예,47,2020,05,02,14:24,10,10,0,0,0,0,0,0,0,0,0,https://news.naver.com/main/read.nhn?mode=LSD&mid=sec&sid1=106&oid=109&aid=0004199817,1
강소라,"강소라, 황금연휴 나들이 근황 ""습하다 습해""…돋보이는 8등신 [★해시태그]",연예,47,2020,05,02,17:53,24,24,0,0,0,0,0,0,0,0,0,https://news.naver.com/main/read.nhn?mode=LSD&mid=sec&sid1=106&oid=311&aid=0001141448,1
강소라,"""부럽다 부러워"" 강소라, 완벽한 몸매 비율+청순美",연예,47,2020,05,02,14:15,50,50,0,0,0,0,0,0,0,0,0,https://news.naver.com/main/read.nhn?mode=LSD&mid=sec&sid1=106&oid=076&aid=0003561703,1
강소라,"강소라, 백만불짜리 각선미 자랑 ‘예쁨 한도 초과’[SNS★컷]",연예,47,2020,05,02,16:42,17,16,0,1,0,0,0,0,0,0,0,https://news.naver.com/main/read.nhn?mode=LSD&mid=sec&sid1=106&oid=609&aid=0000273099,1
강소라,"강소라, '비와 당신의 이야기' 특별출연...""강하늘·천우희, 반가웠다""",연예,47,2020,04,27,10:20,19,19,0,0,0,0,0,0,0,0,0,https://news.naver.com/main/read.nhn?mode=LSD&mid=sec&sid1=106&oid=052&aid=0001433099,1
강소라,"김연경, 文대통령 이어 '덕분에 챌린지' 참여…김숙·강소라·백승호 지목",생활,47,2020,04,28,20:19,6,6,0,0,0,0,0,0,0,0,0,https://news.naver.com/main/read.nhn?mode=LSD&mid=sec&sid1=103&oid=082&aid=0000999275,1
강소라,"강소라 '비와당신의이야기' 특별출연 ""강하늘·천우희 재회 반가워""[공식]",연예,47,2020,04,27,8:17,5,5,0,0,0,0,0,0,0,0,0,https://news.naver.com/main/read.nhn?mode=LSD&mid=sec&sid1=106&oid=241&aid=0003018912,1
강소라,강소라 '비와 당신의 이야기' 특별출연...강하늘과 6년 만에 재회,연예,47,2020,04,27,9:24,2,2,0,0,0,0,0,0,0,0,0,https://news.naver.com/main/read.nhn?mode=LSD&mid=sec&sid1=106&oid=416&aid=0000257620,1
강소라,"강소라, 강하늘·천우희와 의리 지켰다…'비와 당신의 이야기' 특별 출연",연예,47,2020,04,27,9:40,9,9,0,0,0,0,0,0,0,0,0,https://news.naver.com/main/read.nhn?mode=LSD&mid=sec&sid1=106&oid=421&aid=0004607848,1
강소라,강소라 '비와 당신의 이야기' 특별 출연…강하늘·천우희와 재회,연예,47,2020,04,27,10:01,4,4,0,0,0,0,0,0,0,0,0,https://news.naver.com/main/read.nhn?mode=LSD&mid=sec&sid1=106&oid=312&aid=0000443944,1
강소라,"'배구 여제' 김연경, 문 대통령 지목받아 '덕분에 챌린지' 참여",정치,47,2020,04,28,18:31,10,7,0,0,3,0,0,0,0,0,0,https://news.naver.com/main/read.nhn?mode=LSD&mid=sec&sid1=100&oid=001&aid=0011577936,1
강소라,김연경 “우리나라 최고!”…문 대통령 지목받아 ‘덕분에 챌린지’,스포츠,47,2020,04,28,20:26,18,9,0,0,5,2,0,0,0,0,2,http://sports.news.naver.com/volleyball/news/read.nhn?oid=022&aid=0003460817,1
강소라,문 대통령 지목받은 ‘캡틴’ 김연경 #덕분에 챌린지,스포츠,47,2020,04,28,19:49,22,12,0,0,9,0,0,0,0,0,1,http://sports.news.naver.com/volleyball/news/read.nhn?oid=005&aid=0001316149,1
강소라,김연경도 ‘덕분에챌린지’,스포츠,47,2020,04,29,03:02,56,33,0,1,10,1,0,0,0,0,11,http://sports.news.naver.com/volleyball/news/read.nhn?oid=020&aid=0003283486,1
강소라,文 대통령 지목으로 '덕분에 챌린지' 참여한 '배구여제' 김연경,스포츠,47,2020,04,29,06:43,8,4,0,0,2,0,0,0,0,0,2,http://sports.news.naver.com/volleyball/news/read.nhn?oid=468&aid=0000653231,1
강소라,"문 대통령 덕분에…김연경 '덕분에 챌린지' 동참 ""의료진 존경""",생활,47,2020,04,29,9:23,7,5,0,0,2,0,0,0,0,0,0,https://news.naver.com/main/read.nhn?mode=LSD&mid=sec&sid1=103&oid=015&aid=0004332552,1
강소라,"강소라, 얼굴도 마음도 예쁜 덕분에챌린지 참여 ""다음은 임시완님 함께 해주세요""",연예,48,2020,05,07,17:49,24,24,0,0,0,0,0,0,0,0,0,https://news.naver.com/main/read.nhn?mode=LSD&mid=sec&sid1=106&oid=112&aid=0003295978,1
강소라,"강소라, 빠져드는 밝은 에너지…운동복 입고 명품몸매 자랑",연예,48,2020,05,03,22:00,93,91,0,2,0,0,0,0,0,0,0,https://news.naver.com/main/read.nhn?mode=LSD&mid=sec&sid1=106&oid=112&aid=0003294624,1
강소라,"강소라, '사냥의 시간' 후기..""내 마음을 사냥해버렸다""",연예,48,2020,05,04,6:05,29,28,0,1,0,0,0,0,0,0,0,https://news.naver.com/main/read.nhn?mode=LSD&mid=sec&sid1=106&oid=108&aid=0002860331,1
강소라,"""응원합니다""…강소라, '덕분에 챌린지' 동참…임시완 지목 [★해시태그]",연예,48,2020,05,07,17:51,17,16,0,0,0,0,1,0,0,0,0,https://news.naver.com/main/read.nhn?mode=LSD&mid=sec&sid1=106&oid=311&aid=0001143476,1
강소라,"강소라, 덕분에챌린지 임시완 지목 “코로나19와 싸워주셔서 감사”[SNS★컷]",연예,48,2020,05,07,17:38,9,9,0,0,0,0,0,0,0,0,0,https://news.naver.com/main/read.nhn?mode=LSD&mid=sec&sid1=106&oid=609&aid=0000274810,1
강소라,"임시완, 강소라 지목으로 ‘덕분에 챌린지’ 동참 [똑똑SNS]",연예,49,2020,05,12,13:19,33,31,0,0,0,0,2,0,0,0,0,https://news.naver.com/main/read.nhn?mode=LSD&mid=sec&sid1=106&oid=410&aid=0000692470,1
강소라,"""최소 30kg은 빼야지~"" 옥주현x강소라x박보람, 다이어트 女신 7명 [OSEN TV]",연예,49,2020,05,12,10:02,15,11,0,4,0,0,0,0,0,0,0,https://news.naver.com/main/read.nhn?mode=LSD&mid=sec&sid1=106&oid=109&aid=0004204596,1
강소라,"임시완, 덕분에 챌린지 참여 ""진심으로 감사""…여진구·수현 지목 [★해시태그]",연예,49,2020,05,12,13:24,15,15,0,0,0,0,0,0,0,0,0,https://news.naver.com/main/read.nhn?mode=LSD&mid=sec&sid1=106&oid=311&aid=0001145217,1
강소라,인니판 ‘7번방의 선물’ 개봉박두... 한국 영화 리메이크 바람,세계,49,2020,05,13,11:53,22,16,5,0,1,0,0,0,0,0,0,https://news.naver.com/main/read.nhn?mode=LSD&mid=sec&sid1=104&oid=469&aid=0000495863,1
강소라,"임시완, 강소라 지목으로 '덕분에챌린지' 동참..""진심으로 감사해""[★SHOT!]",연예,49,2020,05,12,14:04,15,15,0,0,0,0,0,0,0,0,0,https://news.naver.com/main/read.nhn?mode=LSD&mid=sec&sid1=106&oid=109&aid=0004204671,1
강소라,"임시완, 강소라 이어 덕분에 챌린지 동참 “여진구 수현 지목”",연예,49,2020,05,12,13:44,11,11,0,0,0,0,0,0,0,0,0,https://news.naver.com/main/read.nhn?mode=LSD&mid=sec&sid1=106&oid=609&aid=0000276437,1
강소라,"임시완, 덕분에 챌린지 동참…다음 도전자 여진구·수현",연예,49,2020,05,12,13:50,12,12,0,0,0,0,0,0,0,0,0,https://news.naver.com/main/read.nhn?mode=LSD&mid=sec&sid1=106&oid=009&aid=0004573151,1
강소라,"강소라, 마스크도 못 감추는 미모…'러블리'의 의인화",연예,50,2020,05,22,14:04,12,12,0,0,0,0,0,0,0,0,0,https://news.naver.com/main/read.nhn?mode=LSD&mid=sec&sid1=106&oid=117&aid=0003366419,1
강소라,"강소라, 무보정 직찍 이 정도? ‘청바지 여신’",연예,50,2020,05,22,18:16,38,33,0,1,0,0,3,0,0,1,0,https://news.naver.com/main/read.nhn?mode=LSD&mid=sec&sid1=106&oid=469&aid=0000498861,1
강소라,"강소라, 후드티에 청바지만 입어도 넘사벽 비주얼..여신미가 뚝뚝",연예,50,2020,05,22,14:12,21,19,0,0,0,0,1,0,0,1,0,https://news.naver.com/main/read.nhn?mode=LSD&mid=sec&sid1=106&oid=112&aid=0003300871,1
강소라,"강소라, 마스크 써도 가려지지 않는 청순함 ""야외 티타임"" [★해시태그]",연예,50,2020,05,18,17:39,54,24,0,1,0,0,5,0,0,24,0,https://news.naver.com/main/read.nhn?mode=LSD&mid=sec&sid1=106&oid=311&aid=0001148150,1
강소라,"강소라, 야외 티타임 중 청순미 폭발…마스크 뚫고 나오는 밝은 에너지",연예,50,2020,05,17,21:59,40,27,0,1,0,0,7,0,1,4,0,https://news.naver.com/main/read.nhn?mode=LSD&mid=sec&sid1=106&oid=112&aid=0003299052,1
강소라,"강소라, 마스크도 못 가린 빛나는 비주얼...`우월한 기럭지`",연예,50,2020,05,22,14:55,9,7,0,1,0,0,0,0,0,1,0,https://news.naver.com/main/read.nhn?mode=LSD&mid=sec&sid1=106&oid=009&aid=0004580348,1
강소라,"강소라, 마스크 뚫고 청순美 자랑…우월한 비율은 덤 [★해시태그]",연예,50,2020,05,22,15:53,8,6,0,0,0,0,0,0,0,2,0,https://news.naver.com/main/read.nhn?mode=LSD&mid=sec&sid1=106&oid=311&aid=0001150416,1
강소라,"강소라, 일상에서도 빛나는 기럭지..마스크로 가려지지 않는 미모[★SHOT!]",연예,50,2020,05,22,14:06,5,4,0,0,0,0,0,0,0,1,0,https://news.naver.com/main/read.nhn?mode=LSD&mid=sec&sid1=106&oid=109&aid=0004211096,1
강소라,"베리굿 조현, 데뷔 당시 모습 충격 고백",연예,50,2020,05,19,14:12,160,101,0,6,0,0,15,1,1,36,0,https://news.naver.com/main/read.nhn?mode=LSD&mid=sec&sid1=106&oid=005&aid=0001322740,1
강소라,"'비스' 조현 ""데뷔 당시 'SNL' 움짤 본 아버지 졸도""",연예,50,2020,05,19,17:11,10,3,0,1,0,0,4,0,0,2,0,https://news.naver.com/main/read.nhn?mode=LSD&mid=sec&sid1=106&oid=468&aid=0000660106,1
강소라,"'비스' 베리굿 조현 ""'SNL 코리아' 출연에 아버지 졸도""",연예,50,2020,05,19,14:12,33,24,0,0,0,0,3,0,0,6,0,https://news.naver.com/main/read.nhn?mode=LSD&mid=sec&sid1=106&oid=076&aid=0003569775,1
강소라,"'비스' 베리굿 조현 ""아버지, 'SNL 검스녀' 움짤 보고 졸도""",연예,50,2020,05,19,17:46,3,1,0,0,0,0,2,0,0,0,0,https://news.naver.com/main/read.nhn?mode=LSD&mid=sec&sid1=106&oid=421&aid=0004646604,1
강소라,"강소라 반려견과 인증샷 ""꼬미밍키야, 김치""",연예,51,2020,05,29,9:13,6,6,0,0,0,0,0,0,0,0,0,https://news.naver.com/main/read.nhn?mode=LSD&mid=sec&sid1=106&oid=029&aid=0002601098,1
강소라,"강소라, 수수한 민낯+귀여운 표정 ""반려견과 가족사진"" 찰칵",연예,51,2020,05,28,15:31,90,78,0,1,0,0,0,0,0,11,0,https://news.naver.com/main/read.nhn?mode=LSD&mid=sec&sid1=106&oid=076&aid=0003575148,1
강소라,"강소라, 휴대폰 속 '강소라AI'와 대화 ""하이 빅스비""",연예,51,2020,05,27,16:14,25,21,0,0,0,0,2,0,0,2,0,https://news.naver.com/main/read.nhn?mode=LSD&mid=sec&sid1=106&oid=108&aid=0002866065,1
강소라,"부산 고3 확진자, 조퇴하고 검사받은 뒤 PC방 갔다",사회,51,2020,05,30,20:28,"1,478",20,5,20,"1,409",24,0,0,0,0,0,https://news.naver.com/main/read.nhn?mode=LSD&mid=sec&sid1=102&oid=055&aid=0000818175,1
강소라,"수지-설현-제니 계보 잇는 청하, 2년 연속 스프라이트 모델 발탁",연예,51,2020,05,26,9:37,47,31,0,1,0,0,4,8,0,3,0,https://news.naver.com/main/read.nhn?mode=LSD&mid=sec&sid1=106&oid=468&aid=0000662454,1
강소라,"강소라, 반려견 두 마리와 유쾌한 근황",연예,51,2020,05,29,7:24,12,10,0,1,0,0,1,0,0,0,0,https://news.naver.com/main/read.nhn?mode=LSD&mid=sec&sid1=106&oid=009&aid=0004584691,1
강소라,강소라 반려견과 찍은 사진 공개…봄 햇살 아래서 여유 만끽,연예,51,2020,05,29,12:02,3,3,0,0,0,0,0,0,0,0,0,https://news.naver.com/main/read.nhn?mode=LSD&mid=sec&sid1=106&oid=015&aid=0004349686,1
강소라,"""가족사진""…강소라, 반려견 2마리와 '웃음꽃'",연예,51,2020,05,29,9:11,8,8,0,0,0,0,0,0,0,0,0,https://news.naver.com/main/read.nhn?mode=LSD&mid=sec&sid1=106&oid=312&aid=0000447529,1
강소라,"강소라, 노메이크업 실화야?",연예,51,2020,05,28,16:05,112,93,0,6,0,0,0,2,0,11,0,https://news.naver.com/main/read.nhn?mode=LSD&mid=sec&sid1=106&oid=469&aid=0000500671,1
강소라,"강소라, 반려견과 가족사진…독보적 청순美 자랑 [★해시태그]",연예,51,2020,05,28,16:29,1,1,0,0,0,0,0,0,0,0,0,https://news.naver.com/main/read.nhn?mode=LSD&mid=sec&sid1=106&oid=311&aid=0001153128,1
강소라,"""자연광이 좋아"" 강소라, 일상에서도 빛나는 청순미..빠져드는 눈빛 [★SHOT!]",연예,51,2020,05,28,16:12,11,9,0,0,0,0,1,0,0,1,0,https://news.naver.com/main/read.nhn?mode=LSD&mid=sec&sid1=106&oid=109&aid=0004214374,1
