강동원,"강동원, 브이로그 2편..배정남과 '현실 형제' 케미 폭발",연예,0,2019,06,08,12:50,1,1,0,0,0,0,0,0,0,0,0,https://news.naver.com/main/read.nhn?mode=LSD&mid=sec&sid1=106&oid=011&aid=0003566852,1
강동원,강동원. 8일 브이로그 2편 공개…배정남과 ‘티격태격 형제 케미’,연예,0,2019,06,07,9:44,1,1,0,0,0,0,0,0,0,0,0,https://news.naver.com/main/read.nhn?mode=LSD&mid=sec&sid1=106&oid=144&aid=0000614440,1
강동원,"주형진, 3년 만에 신곡 ""강동원과의 여행에서 영감 받아""",연예,0,2019,06,07,11:18,14,14,0,0,0,0,0,0,0,0,0,https://news.naver.com/main/read.nhn?mode=LSD&mid=sec&sid1=106&oid=079&aid=0003235682,1
강동원,"[N인터뷰]② 안보현 ""모델→배우, 차승원·강동원 우러러보며 결심""",연예,0,2019,06,07,8:00,12,12,0,0,0,0,0,0,0,0,0,https://news.naver.com/main/read.nhn?mode=LSD&mid=sec&sid1=106&oid=421&aid=0004029050,1
강동원,"2019년의 이한열, ‘한 장’이 촉발한 기억의 증식 [김창길의 사진공책]",생활,0,2019,06,05,15:36,8,1,2,3,2,0,0,0,0,0,0,https://news.naver.com/main/read.nhn?mode=LSD&mid=sec&sid1=103&oid=032&aid=0002944176,1
강동원,"[스브스타]""무편집본 주세요""…강동원 일상 브이로그, 공개 2일 만에 100만 뷰 돌파",연예,0,2019,06,03,16:03,16,16,0,0,0,0,0,0,0,0,0,https://news.naver.com/main/read.nhn?mode=LSD&mid=sec&sid1=106&oid=055&aid=0000735960,1
강동원,"배우 강동원 브이로그 2편, 배정남과 ‘현실 형제’ 케미",연예,0,2019,06,08,12:11,9,9,0,0,0,0,0,0,0,0,0,https://news.naver.com/main/read.nhn?mode=LSD&mid=sec&sid1=106&oid=018&aid=0004396788,1
강동원,"강동원, 2살 어린 배정남과 '현실 형제' 케미 폭발",연예,0,2019,06,07,10:44,3,3,0,0,0,0,0,0,0,0,0,https://news.naver.com/main/read.nhn?mode=LSD&mid=sec&sid1=106&oid=076&aid=0003426277,1
강동원,"강동원, 배정남과 현실형제 케미 “빨리 벗어, 내놔”",연예,0,2019,06,07,9:31,2,2,0,0,0,0,0,0,0,0,0,https://news.naver.com/main/read.nhn?mode=LSD&mid=sec&sid1=106&oid=081&aid=0003004850,1
강동원,"“강동원과 여행서 영감”…주형진, 신곡 ‘쉼’ 발표",연예,0,2019,06,07,11:05,7,7,0,0,0,0,0,0,0,0,0,https://news.naver.com/main/read.nhn?mode=LSD&mid=sec&sid1=106&oid=014&aid=0004241138,1
강동원,"강동원, '브이로그' 3편..LA빈티지 숍 탐방&쇼핑 도우미 변신",연예,1,2019,06,15,12:22,2,2,0,0,0,0,0,0,0,0,0,https://news.naver.com/main/read.nhn?mode=LSD&mid=sec&sid1=106&oid=011&aid=0003570497,1
강동원,[Y기획] 강동원·백종원·김태호PD도 뛰어든 유튜브 세계의 매력,연예,1,2019,06,13,15:48,3,3,0,0,0,0,0,0,0,0,0,https://news.naver.com/main/read.nhn?mode=LSD&mid=sec&sid1=106&oid=052&aid=0001306444,1
강동원,강동원·강다니엘…SNS서 베일 벗은 스타들,연예,1,2019,06,11,8:31,754,754,0,0,0,0,0,0,0,0,0,https://news.naver.com/main/read.nhn?mode=LSD&mid=sec&sid1=106&oid=422&aid=0000378708,1
강동원,"강동원 ""원래 예능 이렇게 찍어?""[Oh!쎈 리뷰②]",연예,1,2019,06,09,15:02,122,121,0,1,0,0,0,0,0,0,0,https://news.naver.com/main/read.nhn?mode=LSD&mid=sec&sid1=106&oid=109&aid=0004025734,1
강동원,"강동원, V로그서 쇼핑 도우미 변신…3개 국어 '언어 능력자'",연예,1,2019,06,14,9:27,2,2,0,0,0,0,0,0,0,0,0,https://news.naver.com/main/read.nhn?mode=LSD&mid=sec&sid1=106&oid=117&aid=0003230574,1
강동원,강동원이 일상을 공개하다니 '충격+신선'[Oh!쎈 리뷰①],연예,1,2019,06,09,13:02,93,93,0,0,0,0,0,0,0,0,0,https://news.naver.com/main/read.nhn?mode=LSD&mid=sec&sid1=106&oid=109&aid=0004025668,1
강동원,"""형은 완벽주의자""…배정남이 본 강동원[Oh!쎈 리뷰③]",연예,1,2019,06,09,15:02,20,20,0,0,0,0,0,0,0,0,0,https://news.naver.com/main/read.nhn?mode=LSD&mid=sec&sid1=106&oid=109&aid=0004025735,1
강동원,"강동원, 숨겨왔던 기타 실력 공개…반전매력 어디까지",연예,2,2019,06,21,9:08,8,8,0,0,0,0,0,0,0,0,0,https://news.naver.com/main/read.nhn?mode=LSD&mid=sec&sid1=106&oid=468&aid=0000523446,1
강동원,"영화 '사자' 박서준, 강동원에 이은 훈남 '구마사제'로 변신※",연예,2,2019,06,20,24:39,42,42,0,0,0,0,0,0,0,0,0,https://news.naver.com/main/read.nhn?mode=LSD&mid=sec&sid1=106&oid=404&aid=0000246454,1
강동원,"[문화] 신세경, 천우희, 배두나, 강동원 공통점은?",생활,2,2019,06,17,10:01,19,13,3,1,2,0,0,0,0,0,0,https://news.naver.com/main/read.nhn?mode=LSD&mid=sec&sid1=103&oid=037&aid=0000026619,1
강동원,"“안 친 지가 언젠데”..강동원, 숨겨둔 기타 실력 공개",연예,2,2019,06,21,9:42,8,8,0,0,0,0,0,0,0,0,0,https://news.naver.com/main/read.nhn?mode=LSD&mid=sec&sid1=106&oid=410&aid=0000597317,1
강동원,"강동원, 브이로그서 숨겨둔 기타 실력 공개...깜짝 놀랄 즉석 연주",연예,2,2019,06,21,9:29,1,1,0,0,0,0,0,0,0,0,0,https://news.naver.com/main/read.nhn?mode=LSD&mid=sec&sid1=106&oid=312&aid=0000394251,1
강동원,"강동원, 브이로그 4편 공개…숨겨둔 기타 실력 대방출",연예,2,2019,06,21,9:26,2,2,0,0,0,0,0,0,0,0,0,https://news.naver.com/main/read.nhn?mode=LSD&mid=sec&sid1=106&oid=117&aid=0003234297,1
강동원,"강동원, 절친과 술 마시며 기타 연주 실력 과시",연예,2,2019,06,21,11:16,26,26,0,0,0,0,0,0,0,0,0,https://news.naver.com/main/read.nhn?mode=LSD&mid=sec&sid1=106&oid=469&aid=0000398871,1
강동원,연상호 감독 '반도' 크랭크인…강동원·이정현 주연,생활,3,2019,06,28,14:29,4,4,0,0,0,0,0,0,0,0,0,https://news.naver.com/main/read.nhn?mode=LSD&mid=sec&sid1=103&oid=001&aid=0010920250,1
강동원,"하정우, 신세경, 강동원... 아는 사람만 아는 이들의 공통점",연예,3,2019,06,26,14:12,4,4,0,0,0,0,0,0,0,0,0,https://news.naver.com/main/read.nhn?mode=LSD&mid=sec&sid1=106&oid=047&aid=0002231497,1
강동원,"'부산행' 그 후 4년...'반도', 강동원·이정현 출연 확정",연예,3,2019,06,28,15:43,30,29,0,1,0,0,0,0,0,0,0,https://news.naver.com/main/read.nhn?mode=LSD&mid=sec&sid1=106&oid=052&aid=0001312528,1
강동원,'부산행' 4년 뒤…강동원 '반도' 촬영 돌입,연예,3,2019,06,28,16:35,31,30,0,1,0,0,0,0,0,0,0,https://news.naver.com/main/read.nhn?mode=LSD&mid=sec&sid1=106&oid=079&aid=0003243319,1
강동원,"강동원, 좀비물 '반도'로 컴백…24일 촬영 시작",연예,3,2019,06,28,17:40,40,40,0,0,0,0,0,0,0,0,0,https://news.naver.com/main/read.nhn?mode=LSD&mid=sec&sid1=106&oid=416&aid=0000245553,1
강동원,강동원·이정현 영화 '반도'···'부산행' 그후 4년,연예,3,2019,06,28,17:47,7,7,0,0,0,0,0,0,0,0,0,https://news.naver.com/main/read.nhn?mode=LSD&mid=sec&sid1=106&oid=003&aid=0009313882,1
강동원,"""송혜교가 만났던 남자들은…"" 강용석 발언에 네티즌 갑론을박",사회,3,2019,06,29,5:50,"1,283",613,18,24,581,47,0,0,0,0,0,https://news.naver.com/main/read.nhn?mode=LSD&mid=sec&sid1=102&oid=023&aid=0003457408,1
강동원,"“송혜교 드라마만 하면”…강용석, 男 배우들 실명 언급",사회,3,2019,06,29,8:52,24,12,0,1,11,0,0,0,0,0,0,https://news.naver.com/main/read.nhn?mode=LSD&mid=sec&sid1=102&oid=016&aid=0001552059,1
강동원,"""송혜교가 만난 남자들"" 강용석 실명 나열에 네티즌들 일제히 비판",연예,3,2019,06,29,13:36,217,205,0,12,0,0,0,0,0,0,0,https://news.naver.com/main/read.nhn?mode=LSD&mid=sec&sid1=106&oid=117&aid=0003238591,1
강동원,"강용석 ""송혜교가 만난 남자들""...'실명 언급+합성 사진' 논란",,3,2019,06,29,10:26,8,2,0,0,6,0,0,0,0,0,0,https://news.naver.com/main/read.nhn?mode=LSD&mid=sec&sid1=004&oid=450&aid=0000052795,-1
강동원,"“송혜교 작품마다 남자 만나” 강용석, 男배우들 실명 언급",사회,3,2019,06,28,20:19,"8,017","1,871",98,76,"5,803",169,0,0,0,0,0,https://news.naver.com/main/read.nhn?mode=LSD&mid=sec&sid1=102&oid=005&aid=0001212288,1
강동원,"강동원, 할리우드 진출 이유·LA 생활 직접 밝혔다",연예,4,2019,07,06,24:44,14,14,0,0,0,0,0,0,0,0,0,https://news.naver.com/main/read.nhn?mode=LSD&mid=sec&sid1=106&oid=015&aid=0004171437,1
강동원,"강동원, 배정남 성대모사 “와 장난 아니에요!” 폭소",연예,4,2019,07,06,21:14,19,19,0,0,0,0,0,0,0,0,0,https://news.naver.com/main/read.nhn?mode=LSD&mid=sec&sid1=106&oid=057&aid=0001365285,1
강동원,황교안 대표 말처럼 하는 나라가 있다고?,오피니언,4,2019,07,03,13:11,16,10,1,0,4,1,0,0,0,0,0,https://news.naver.com/main/read.nhn?mode=LSD&mid=sec&sid1=110&oid=006&aid=0000097593,1
강동원,"강용석, 송혜교 송중기와 결혼 전 사귄 남자배우 읊자…김용호 ""강동원 빠졌다""",생활,4,2019,06,30,10:17,"1,728",253,35,13,"1,396",31,0,0,0,0,0,https://news.naver.com/main/read.nhn?mode=LSD&mid=sec&sid1=103&oid=015&aid=0004167739,1
강동원,"강동원 ""할리우드 진출, 韓 영화 시장 넓히고 싶었다""",연예,4,2019,07,06,9:36,12,12,0,0,0,0,0,0,0,0,0,https://news.naver.com/main/read.nhn?mode=LSD&mid=sec&sid1=106&oid=468&aid=0000530466,1
강동원,"'모노튜브' 강동원 ""할리우드 진출, 현지 관계자들 반응? '핸섬'""",연예,4,2019,07,06,10:32,17,17,0,0,0,0,0,0,0,0,0,https://news.naver.com/main/read.nhn?mode=LSD&mid=sec&sid1=106&oid=421&aid=0004079163,1
강동원,"법알못｜강용석·김용호·김세의, 송중기-송혜교 이슈 편승하려 과거 연인 강제소환",사회,4,2019,06,30,11:18,262,28,2,1,231,0,0,0,0,0,0,https://news.naver.com/main/read.nhn?mode=LSD&mid=sec&sid1=102&oid=015&aid=0004167755,1
강동원,정두홍 무술감독이 말하는 정우성·강동원의 액션 스타일,연예,5,2019,07,12,15:41,1,1,0,0,0,0,0,0,0,0,0,https://news.naver.com/main/read.nhn?mode=LSD&mid=sec&sid1=106&oid=079&aid=0003248311,1
강동원,"강동원 ""할리우드 관계자들, 내 나이 20대 중후반으로 본다""",연예,5,2019,07,09,11:10,22,22,0,0,0,0,0,0,0,0,0,https://news.naver.com/main/read.nhn?mode=LSD&mid=sec&sid1=106&oid=404&aid=0000247812,1
강동원,유튜브 ‘강동원&친구들’ 배정남 외전편 공개된다,연예,5,2019,07,13,9:45,1,1,0,0,0,0,0,0,0,0,0,https://news.naver.com/main/read.nhn?mode=LSD&mid=sec&sid1=106&oid=144&aid=0000620734,1
강동원,"'강동원&친구들' 배정남, LA 빈티지 새벽시장 폭풍 쇼핑",연예,5,2019,07,13,10:41,18,17,0,1,0,0,0,0,0,0,0,https://news.naver.com/main/read.nhn?mode=LSD&mid=sec&sid1=106&oid=018&aid=0004424151,1
강동원,"정두홍 무술감독 ""정우성 파워풀한 액션, 강동원 아름다운 액션""",연예,5,2019,07,12,15:01,1,1,0,0,0,0,0,0,0,0,0,https://news.naver.com/main/read.nhn?mode=LSD&mid=sec&sid1=106&oid=241&aid=0002936527,1
강동원,"'방구석1열' 정두홍 감독 ""정우성·강동원의 액션 스타일은…""",연예,5,2019,07,12,13:27,3,3,0,0,0,0,0,0,0,0,0,https://news.naver.com/main/read.nhn?mode=LSD&mid=sec&sid1=106&oid=076&aid=0003441249,1
강동원,"'방구석1열' 정두홍 감독, 배우 정우성·강동원의 액션 스타일 공개",연예,5,2019,07,12,13:54,1,1,0,0,0,0,0,0,0,0,0,https://news.naver.com/main/read.nhn?mode=LSD&mid=sec&sid1=106&oid=437&aid=0000214849,1
강동원,"""낯가림 완벽 해제"" 강동원, 브이로그 시리즈 6편 20일(오늘) 공개",연예,6,2019,07,20,9:42,5,5,0,0,0,0,0,0,0,0,0,https://news.naver.com/main/read.nhn?mode=LSD&mid=sec&sid1=106&oid=468&aid=0000537222,1
강동원,"""은혜로운 사제핏""…'사자' 박서준, 강동원 잇는 사제복 신드롬 일으킬까",연예,6,2019,07,18,16:22,18,18,0,0,0,0,0,0,0,0,0,https://news.naver.com/main/read.nhn?mode=LSD&mid=sec&sid1=106&oid=076&aid=0003443901,1
강동원,"'검블유' 임수정, ""강동원과 다시 한 번 작품하고파""※",연예,6,2019,07,19,14:53,6,6,0,0,0,0,0,0,0,0,0,https://news.naver.com/main/read.nhn?mode=LSD&mid=sec&sid1=106&oid=404&aid=0000248607,1
강동원,영화 '마스터' 18일 OCN에서 방송 '이병헌vs강동원vs김우빈의 두뇌대결 그린 영화',연예,6,2019,07,18,21:46,1,1,0,0,0,0,0,0,0,0,0,https://news.naver.com/main/read.nhn?mode=LSD&mid=sec&sid1=106&oid=015&aid=0004178351,1
강동원,"'군도:민란의 시대' 하정우X강동원X조진웅, 백성을 구하라",연예,6,2019,07,19,16:32,2,2,0,0,0,0,0,0,0,0,0,https://news.naver.com/main/read.nhn?mode=LSD&mid=sec&sid1=106&oid=311&aid=0001020987,1
강동원,"강동원·박서준 잇는 배성우 ""내가 가장 현실적""",연예,6,2019,07,16,14:01,5,5,0,0,0,0,0,0,0,0,0,https://news.naver.com/main/read.nhn?mode=LSD&mid=sec&sid1=106&oid=018&aid=0004426622,1
강동원,"""너무 간단하네""…강동원, 마지막 만찬 '꽃게탕 요리사' 자신만만 변신",연예,6,2019,07,20,9:58,4,4,0,0,0,0,0,0,0,0,0,https://news.naver.com/main/read.nhn?mode=LSD&mid=sec&sid1=106&oid=015&aid=0004179038,1
강동원,"강동원, 오늘(20일) 브이로그 6편 공개…‘꽃게탕 요리사’ 변신",연예,6,2019,07,20,9:42,3,3,0,0,0,0,0,0,0,0,0,https://news.naver.com/main/read.nhn?mode=LSD&mid=sec&sid1=106&oid=382&aid=0000748154,1
강동원,"강동원, 꽃게탕 요리사로 변신...“너무 간단하네” 자신만만",연예,6,2019,07,20,11:16,35,35,0,0,0,0,0,0,0,0,0,https://news.naver.com/main/read.nhn?mode=LSD&mid=sec&sid1=106&oid=312&aid=0000399732,1
강동원,"강동원, 브이로그 시리즈 6편 20일(오늘) 공개…‘마지막 만찬’ 도전",연예,6,2019,07,20,9:56,25,25,0,0,0,0,0,0,0,0,0,https://news.naver.com/main/read.nhn?mode=LSD&mid=sec&sid1=106&oid=009&aid=0004395545,1
강동원,"'사자' 박서준, '검은 사제들' 강동원 잇는 여심 저격 사제복 [Oh!쎈 컷]",연예,6,2019,07,18,7:38,17,17,0,0,0,0,0,0,0,0,0,https://news.naver.com/main/read.nhn?mode=LSD&mid=sec&sid1=106&oid=109&aid=0004052080,1
강동원,"'마스터' 이병헌X김우빈X강동원, 속고 속이는 추격전이 시작된다",연예,6,2019,07,18,16:45,7,7,0,0,0,0,0,0,0,0,0,https://news.naver.com/main/read.nhn?mode=LSD&mid=sec&sid1=106&oid=311&aid=0001020423,1
강동원,"[N현장] '변신' 배성우 ""사제 역…강동원 등과 차별점? 가장 실제 같아""",연예,6,2019,07,16,11:46,5,5,0,0,0,0,0,0,0,0,0,https://news.naver.com/main/read.nhn?mode=LSD&mid=sec&sid1=106&oid=421&aid=0004095719,1
강동원,"'변신' 배성우 ""강동원·박서준 이어 사제복? 가장 실제 가깝다""",연예,6,2019,07,16,11:51,2,2,0,0,0,0,0,0,0,0,0,https://news.naver.com/main/read.nhn?mode=LSD&mid=sec&sid1=106&oid=112&aid=0003188853,1
강동원,"'뭉쳐야 찬다' 허재·이만기 사랑받는 새 멤버...""스포츠계 강동원""",연예,7,2019,07,26,14:38,6,6,0,0,0,0,0,0,0,0,0,https://news.naver.com/main/read.nhn?mode=LSD&mid=sec&sid1=106&oid=018&aid=0004433198,1
강동원,설리 남자변신 모습은 '남궁민·믹키유천·강동원·라이관린' 조각 꽃미남,사회,7,2019,07,27,16:34,2,1,1,0,0,0,0,0,0,0,0,https://news.naver.com/main/read.nhn?mode=LSD&mid=sec&sid1=102&oid=082&aid=0000927501,1
강동원,"[인터뷰③] 안성기 ""'검은사제들' 속 강동원 참고하고 싶었지만..무서워서 못 봐 """,연예,7,2019,07,24,13:53,1,1,0,0,0,0,0,0,0,0,0,https://news.naver.com/main/read.nhn?mode=LSD&mid=sec&sid1=106&oid=076&aid=0003446046,1
강동원,‘뭉쳐야 찬다’ 괴물 막내 합류 예고 “스포츠계 강동원” [결정적장면],연예,7,2019,07,26,6:18,1,1,0,0,0,0,0,0,0,0,0,https://news.naver.com/main/read.nhn?mode=LSD&mid=sec&sid1=106&oid=609&aid=0000145329,1
강동원,'사제' 강동원과 '사제복' 박서준의 차이점,연예,7,2019,07,23,17:35,33,33,0,0,0,0,0,0,0,0,0,https://news.naver.com/main/read.nhn?mode=LSD&mid=sec&sid1=106&oid=213&aid=0001120649,1
강동원,'뭉쳐야 찬다' 새 멤버는 누구?…'강동원 닮은 외모',연예,7,2019,07,26,15:24,3,3,0,0,0,0,0,0,0,0,0,https://news.naver.com/main/read.nhn?mode=LSD&mid=sec&sid1=106&oid=015&aid=0004182324,1
강동원,‘뭉쳐야 찬다’ 새 멤버 영입…‘스포츠계 강동원’ 막내 멤버 누굴까,연예,7,2019,07,26,14:00,9,9,0,0,0,0,0,0,0,0,0,https://news.naver.com/main/read.nhn?mode=LSD&mid=sec&sid1=106&oid=009&aid=0004399315,1
강동원,"'뭉쳐야 찬다' 새 멤버 영입...제작진 ""사랑 듬뿍 받는 막내""",연예,7,2019,07,26,13:43,44,44,0,0,0,0,0,0,0,0,0,https://news.naver.com/main/read.nhn?mode=LSD&mid=sec&sid1=106&oid=052&aid=0001323661,1
강동원,"[인터뷰 종합] ""대중 소통 위해 '사자' 선택""…안성기, 韓영화 62년간 지킨 뚝심",연예,7,2019,07,24,15:52,4,4,0,0,0,0,0,0,0,0,0,https://news.naver.com/main/read.nhn?mode=LSD&mid=sec&sid1=106&oid=076&aid=0003446134,1
강동원,"강동원과의 여행, 그리고 힐링…주형진, '쉼' 뮤직비디오 공개",연예,8,2019,08,03,14:11,17,17,0,0,0,0,0,0,0,0,0,https://news.naver.com/main/read.nhn?mode=LSD&mid=sec&sid1=106&oid=015&aid=0004186436,1
강동원,"[SC리뷰]'뭉쳐야 찬다' 2m 장신 '배구계 강동원' 김요한 수혈, 2호골 작렬→유니폼 획득",연예,8,2019,08,02,8:40,13,13,0,0,0,0,0,0,0,0,0,https://news.naver.com/main/read.nhn?mode=LSD&mid=sec&sid1=106&oid=076&aid=0003449390,1
강동원,"이나영, 강동원과 이루어질 수 없는 사랑♥ 했었다?!※",연예,8,2019,07,31,17:43,1,1,0,0,0,0,0,0,0,0,0,https://news.naver.com/main/read.nhn?mode=LSD&mid=sec&sid1=106&oid=404&aid=0000249312,1
강동원,"[‘사자’ VS ‘검은 사제들’] 공포감은 줄었지만, 늘어난 즐길거리",연예,8,2019,07,31,16:17,16,16,0,0,0,0,0,0,0,0,0,https://news.naver.com/main/read.nhn?mode=LSD&mid=sec&sid1=106&oid=016&aid=0001563999,1
강동원,"주형진, 강동원과 함께한 ‘특별한 여행’…‘쉼’ MV 공개",연예,8,2019,08,03,11:09,7,7,0,0,0,0,0,0,0,0,0,https://news.naver.com/main/read.nhn?mode=LSD&mid=sec&sid1=106&oid=014&aid=0004271690,1
강동원,"‘뭉찬’ 김동현, ‘배구계 강동원’ 김요한 2m 키에 깜짝 “진짜 크시네”",연예,8,2019,08,02,10:09,9,9,0,0,0,0,0,0,0,0,0,https://news.naver.com/main/read.nhn?mode=LSD&mid=sec&sid1=106&oid=609&aid=0000148972,1
강동원,'뭉쳐야 찬다' 2049 타겟시청률 5주 연속 동시간대 1위,연예,8,2019,08,02,10:57,20,20,0,0,0,0,0,0,0,0,0,https://news.naver.com/main/read.nhn?mode=LSD&mid=sec&sid1=106&oid=011&aid=0003597110,1
강동원,"'뭉쳐야 찬다' 김요한, 막내 합류→첫 골 기록…'어쩌다FC' 유니폼 획득",연예,8,2019,08,02,11:14,40,40,0,0,0,0,0,0,0,0,0,https://news.naver.com/main/read.nhn?mode=LSD&mid=sec&sid1=106&oid=076&aid=0003449506,1
강동원,"'뭉쳐야 찬다', 2049 세대가 가장 좋아하는 목요 프로그램 등극…전시간대 1위",연예,8,2019,08,02,10:01,32,32,0,0,0,0,0,0,0,0,0,https://news.naver.com/main/read.nhn?mode=LSD&mid=sec&sid1=106&oid=015&aid=0004185909,1
강동원,'뭉쳐야 찬다' 木 2049 시청률 1위…분당 최고 6%까지,연예,8,2019,08,02,9:47,26,26,0,0,0,0,0,0,0,0,0,https://news.naver.com/main/read.nhn?mode=LSD&mid=sec&sid1=106&oid=311&aid=0001027359,1
강동원,"'씨네타운' 배성우 ""사제 역, 강동원·김윤석 꽃미남 계보에 죄송""",연예,9,2019,08,08,11:49,1,1,0,0,0,0,0,0,0,0,0,https://news.naver.com/main/read.nhn?mode=LSD&mid=sec&sid1=106&oid=117&aid=0003257232,1
강동원,"한국 영화에서 흔해진 '구마', 여기서 시작됐다",연예,9,2019,08,04,24:09,12,12,0,0,0,0,0,0,0,0,0,https://news.naver.com/main/read.nhn?mode=LSD&mid=sec&sid1=106&oid=047&aid=0002235731,1
강동원,"'검은 사제들' 김윤석X강동원, 소녀를 구하기 위한 위험한 예식",연예,9,2019,08,09,14:57,2,2,0,0,0,0,0,0,0,0,0,https://news.naver.com/main/read.nhn?mode=LSD&mid=sec&sid1=106&oid=311&aid=0001030635,1
강동원,"tvN 무비나잇, 17일 영화 '검은 사제들' 방영...'김윤석, 강동원 주연'",연예,10,2019,08,17,12:12,4,4,0,0,0,0,0,0,0,0,0,https://news.naver.com/main/read.nhn?mode=LSD&mid=sec&sid1=106&oid=015&aid=0004193857,1
강동원,"김태우X손호영 호우, 강동원표 살인미소 ‘패러디 천재’",연예,10,2019,08,13,11:16,2,2,0,0,0,0,0,0,0,0,0,https://news.naver.com/main/read.nhn?mode=LSD&mid=sec&sid1=106&oid=081&aid=0003021163,1
강동원,[클립트렌드] 요즘 TV선 농구대통령·핵잠수함·배구 강동원이 뜬다,생활,10,2019,08,15,8:00,9,8,0,0,1,0,0,0,0,0,0,https://news.naver.com/main/read.nhn?mode=LSD&mid=sec&sid1=103&oid=001&aid=0011020517,1
강동원,"god 유닛 호영·태우, '늑대의 유혹' 강동원 패러디 티저 공개",연예,10,2019,08,13,8:26,9,9,0,0,0,0,0,0,0,0,0,https://news.naver.com/main/read.nhn?mode=LSD&mid=sec&sid1=106&oid=421&aid=0004142019,1
강동원,'늑대의 유혹' 강동원으로 변신한 김태우X손호영…'호우의 유혹',연예,10,2019,08,13,17:16,2,2,0,0,0,0,0,0,0,0,0,https://news.naver.com/main/read.nhn?mode=LSD&mid=sec&sid1=106&oid=213&aid=0001124310,1
강동원,"'데뷔D-3' 김태우X손호영 HoooW, 강동원으로 변신‥'호우의 유혹' 무빙포토",연예,10,2019,08,13,7:09,2,2,0,0,0,0,0,0,0,0,0,https://news.naver.com/main/read.nhn?mode=LSD&mid=sec&sid1=106&oid=112&aid=0003199494,1
강동원,"新유닛 김태우X손호영, 이번엔 강동원 변신…'늑대의 유혹' 패러디",연예,10,2019,08,13,7:13,1,1,0,0,0,0,0,0,0,0,0,https://news.naver.com/main/read.nhn?mode=LSD&mid=sec&sid1=106&oid=311&aid=0001031852,1
강동원,"'골든슬럼버' 강동원X한효주, 내가 도망친 순간 모두가 위험해졌다",연예,11,2019,08,23,16:03,1,1,0,0,0,0,0,0,0,0,0,https://news.naver.com/main/read.nhn?mode=LSD&mid=sec&sid1=106&oid=311&aid=0001036837,1
강동원,"강동원 주연 영화 ‘골든슬럼버’, 오늘(23일) 주요 포털 실검 장식한 이유는?",연예,11,2019,08,23,23:51,7,7,0,0,0,0,0,0,0,0,0,https://news.naver.com/main/read.nhn?mode=LSD&mid=sec&sid1=106&oid=469&aid=0000416078,1
강동원,"‘변신’ 배성우 “강동원은 꽃미남, 난 사제보단 삼촌 느낌”[EN:인터뷰]",연예,11,2019,08,24,7:20,3,3,0,0,0,0,0,0,0,0,0,https://news.naver.com/main/read.nhn?mode=LSD&mid=sec&sid1=106&oid=609&aid=0000160260,1
강동원,'무신사 플랙 패밀리세일' 랜덤 쿠폰 퀴즈…정답 공개,경제,11,2019,08,23,10:04,16,3,0,1,12,0,0,0,0,0,0,https://news.naver.com/main/read.nhn?mode=LSD&mid=sec&sid1=101&oid=311&aid=0001036668,1
강동원,"강동원X한효주 '골든슬럼버', OCN서 방영 중… 어떤 내용?",연예,11,2019,08,23,18:19,4,4,0,0,0,0,0,0,0,0,0,https://news.naver.com/main/read.nhn?mode=LSD&mid=sec&sid1=106&oid=417&aid=0000441721,1
강동원,'썸바이벌 1+1' 공대 강동원·주지훈VS여대 조보아·혜리·로제 등장 [TV@픽],연예,11,2019,08,20,9:37,4,4,0,0,0,0,0,0,0,0,0,https://news.naver.com/main/read.nhn?mode=LSD&mid=sec&sid1=106&oid=213&aid=0001125654,1
강동원,"[배틀트립] 유민상, “생고기 먹은 뒤에 양념고기” 이동갈비를 즐기는 꿀팁 공개",연예,11,2019,08,18,11:49,1,1,0,0,0,0,0,0,0,0,0,https://news.naver.com/main/read.nhn?mode=LSD&mid=sec&sid1=106&oid=438&aid=0000025532,1
강동원,"[배틀트립] 유민상, 실내 서핑 도전...시작부터 남다른 물보라+민상을 감당하기엔 역부족 파도",연예,11,2019,08,18,11:59,4,4,0,0,0,0,0,0,0,0,0,https://news.naver.com/main/read.nhn?mode=LSD&mid=sec&sid1=106&oid=438&aid=0000025533,1
강동원,"[배틀트립] 140kg유민상, ‘실내 스카이다이빙’ 성공? 민상인력의 법칙 발동(그런데 강사가 너무 힘들어보여)",연예,11,2019,08,18,24:05,1,1,0,0,0,0,0,0,0,0,0,https://news.naver.com/main/read.nhn?mode=LSD&mid=sec&sid1=106&oid=438&aid=0000025534,1
강동원,"공유, 올해는 제발 열애설 났으면 하는 스타 1위",연예,11,2019,08,19,11:10,4,4,0,0,0,0,0,0,0,0,0,https://news.naver.com/main/read.nhn?mode=LSD&mid=sec&sid1=106&oid=011&aid=0003604892,1
강동원,"공유, 올해는 제발 열애설 났으면 하는 스타 1위...2위는 하정우",연예,11,2019,08,19,10:09,5,0,0,5,0,0,0,0,0,0,0,https://news.naver.com/main/read.nhn?mode=LSD&mid=sec&sid1=106&oid=117&aid=0003261795,1
강동원,"플랙, '화보장인' 강동원과 함께한 2019 가을/겨울 컬렉션",생활,12,2019,08,30,5:33,7,5,1,0,1,0,0,0,0,0,0,https://news.naver.com/main/read.nhn?mode=LSD&mid=sec&sid1=103&oid=417&aid=0000443923,1
강동원,"'군도 : 민란의 시대' 하정우X강동원, 망할 세상 백성을 구하라",연예,12,2019,08,26,16:41,2,2,0,0,0,0,0,0,0,0,0,https://news.naver.com/main/read.nhn?mode=LSD&mid=sec&sid1=106&oid=311&aid=0001038036,1
강동원,[기고] 나에게 집중하는 시간 ‘목공’,오피니언,12,2019,08,30,17:16,2,1,1,0,0,0,0,0,0,0,0,https://news.naver.com/main/read.nhn?mode=LSD&mid=sec&sid1=110&oid=011&aid=0003611708,1
강동원,"강동원, 가을 패션 공개…""데님핏 장인""",연예,12,2019,08,29,18:59,14,14,0,0,0,0,0,0,0,0,0,https://news.naver.com/main/read.nhn?mode=LSD&mid=sec&sid1=106&oid=008&aid=0004270468,1
강동원,"강동원, 말이 필요없는 화보 장인의 아우라",연예,12,2019,08,29,15:35,7,7,0,0,0,0,0,0,0,0,0,https://news.naver.com/main/read.nhn?mode=LSD&mid=sec&sid1=106&oid=382&aid=0000757888,1
강동원,"장성규, 또 선 넘었다..“장동건·강동원·원빈 사진들 속 날 찾기 실패”[★SHOT!]",연예,13,2019,09,07,15:20,40,38,0,2,0,0,0,0,0,0,0,https://news.naver.com/main/read.nhn?mode=LSD&mid=sec&sid1=106&oid=109&aid=0004082148,1
강동원,"아련(?˘?˘? ) + 오글오글(?_?), 2000년대 인터넷 소설 원작 영화들",연예,13,2019,09,03,10:45,6,6,0,0,0,0,0,0,0,0,0,https://news.naver.com/main/read.nhn?mode=LSD&mid=sec&sid1=106&oid=140&aid=0000040789,1
강동원,"지창욱, 유튜브 하루 만에 조회수 10만 돌파",연예,13,2019,09,02,14:41,95,95,0,0,0,0,0,0,0,0,0,https://news.naver.com/main/read.nhn?mode=LSD&mid=sec&sid1=106&oid=609&aid=0000164613,1
강동원,"장성규, 정우성→고수와 나란히 ""못 찾겠다 꾀꼬리""",연예,13,2019,09,07,15:53,15,14,0,1,0,0,0,0,0,0,0,https://news.naver.com/main/read.nhn?mode=LSD&mid=sec&sid1=106&oid=108&aid=0002808922,1
강동원,"장성규, ""정우성-장동건 등과 나란히...나를 찾는데 결국 실패...""",연예,13,2019,09,07,13:49,23,22,0,1,0,0,0,0,0,0,0,https://news.naver.com/main/read.nhn?mode=LSD&mid=sec&sid1=106&oid=117&aid=0003271164,1
강동원,"'창궐'-'미쓰백'까지, 오늘의 추석 TV 특선 영화는?",연예,14,2019,09,12,10:52,7,7,0,0,0,0,0,0,0,0,0,https://news.naver.com/main/read.nhn?mode=LSD&mid=sec&sid1=106&oid=079&aid=0003269414,1
강동원,유튜브 생태계 서열..선두에 신세경 떠오르는 지창욱,연예,14,2019,09,10,8:00,29,29,0,0,0,0,0,0,0,0,0,https://news.naver.com/main/read.nhn?mode=LSD&mid=sec&sid1=106&oid=241&aid=0002956395,1
강동원,"이나영→강동원, 과거 스타들★ 황당 인터뷰※",연예,15,2019,09,20,16:57,2,2,0,0,0,0,0,0,0,0,0,https://news.naver.com/main/read.nhn?mode=LSD&mid=sec&sid1=106&oid=404&aid=0000252771,1
강동원,"‘영화보장’ 황제성, 원빈·강동원 닮은 꼴 졸업사진 공개",연예,15,2019,09,20,10:46,1,1,0,0,0,0,0,0,0,0,0,https://news.naver.com/main/read.nhn?mode=LSD&mid=sec&sid1=106&oid=382&aid=0000762545,1
강동원,"‘악플의 밤’ 지상렬 “신인 시절 공유, 강동원 연기 지도했었다”",연예,15,2019,09,20,20:38,1,1,0,0,0,0,0,0,0,0,0,https://news.naver.com/main/read.nhn?mode=LSD&mid=sec&sid1=106&oid=112&aid=0003214284,1
강동원,"‘악플의 밤’ 지상렬, 뜻밖의 과거 이력 “강동원-공유 연기 선생님이었다”",연예,15,2019,09,20,8:02,2,2,0,0,0,0,0,0,0,0,0,https://news.naver.com/main/read.nhn?mode=LSD&mid=sec&sid1=106&oid=417&aid=0000450953,1
강동원,"'악플의 밤' 지상렬X천명훈, 대표 악플에 솔직히 답했다 [종합]",연예,15,2019,09,20,21:15,1,1,0,0,0,0,0,0,0,0,0,https://news.naver.com/main/read.nhn?mode=LSD&mid=sec&sid1=106&oid=311&aid=0001048709,1
강동원,"'악플의 밤' 지상렬, 한때 배우병 고백… ""유해진 정도는 될 줄 알았다"" [어저께TV]",연예,15,2019,09,21,6:53,6,5,0,1,0,0,0,0,0,0,0,https://news.naver.com/main/read.nhn?mode=LSD&mid=sec&sid1=106&oid=109&aid=0004088077,1
강동원,"'송은이 김숙의 영화보장' 황제성, 원빈 강동원 닮은 꼴 졸업사진 공개",연예,15,2019,09,20,10:27,1,1,0,0,0,0,0,0,0,0,0,https://news.naver.com/main/read.nhn?mode=LSD&mid=sec&sid1=106&oid=011&aid=0003621619,1
강동원,"‘영화보장’ 황제성, 졸업사진 공개, 강동원·원빈과 닮은꼴? [M+TV컷]",연예,15,2019,09,20,21:40,1,1,0,0,0,0,0,0,0,0,0,https://news.naver.com/main/read.nhn?mode=LSD&mid=sec&sid1=106&oid=057&aid=0001383402,1
강동원,"'악플의 밤' 지상렬 ""과거 강동원·공유 연기선생님이었다"" [포인트:톡]",연예,15,2019,09,19,9:55,1,1,0,0,0,0,0,0,0,0,0,https://news.naver.com/main/read.nhn?mode=LSD&mid=sec&sid1=106&oid=311&aid=0001047681,1
강동원,"'악플의밤' 지상렬, 공유·강동원 연기선생님? ""내구성 좋아, 될 사람들""",연예,15,2019,09,19,8:46,1,1,0,0,0,0,0,0,0,0,0,https://news.naver.com/main/read.nhn?mode=LSD&mid=sec&sid1=106&oid=241&aid=0002958568,1
강동원,[종합]'악플의 밤' 천명훈X지상렬이 해명한 #자숙러 #일회용 게스트,연예,15,2019,09,20,20:56,2,2,0,0,0,0,0,0,0,0,0,https://news.naver.com/main/read.nhn?mode=LSD&mid=sec&sid1=106&oid=076&aid=0003470829,1
강동원,"""죄수복도 패션""..'나쁜 녀석들' 장기용→'검사외전' 강동원, 스타일 끝판왕",연예,16,2019,09,24,8:28,7,7,0,0,0,0,0,0,0,0,0,https://news.naver.com/main/read.nhn?mode=LSD&mid=sec&sid1=106&oid=109&aid=0004089618,1
강동원,아쉬운 점 많았지만... '검은 사제들' 칭찬할 수밖에 없었다,연예,16,2019,09,25,17:04,12,12,0,0,0,0,0,0,0,0,0,https://news.naver.com/main/read.nhn?mode=LSD&mid=sec&sid1=106&oid=047&aid=0002241310,1
강동원,‘배우왓수다’ 공효진 “상대 배우 복? 인정.. 뿌듯하다”,연예,16,2019,09,27,21:24,12,12,0,0,0,0,0,0,0,0,0,https://news.naver.com/main/read.nhn?mode=LSD&mid=sec&sid1=106&oid=112&aid=0003216945,1
강동원,죄수복도 강동원 김래원 임시완 장기용이 입으면 화보가 된다,연예,16,2019,09,24,11:11,11,11,0,0,0,0,0,0,0,0,0,https://news.naver.com/main/read.nhn?mode=LSD&mid=sec&sid1=106&oid=609&aid=0000175979,1
강동원,"'나쁜 녀석들: 더 무비' 장기용부터 임시완까지, 죄수복도 패션 스타일로 소화",연예,16,2019,09,25,15:11,31,31,0,0,0,0,0,0,0,0,0,https://news.naver.com/main/read.nhn?mode=LSD&mid=sec&sid1=106&oid=011&aid=0003624462,1
강동원,"한혜진 ""모델과 연애한 적 없어""",연예,16,2019,09,24,10:21,7,7,0,0,0,0,0,0,0,0,0,https://news.naver.com/main/read.nhn?mode=LSD&mid=sec&sid1=106&oid=404&aid=0000252952,1
강동원,"한혜진 ""모델 남자친구, 한 번도 사귄 적 없다"" ('호구의 차트')",연예,16,2019,09,24,12:00,6,6,0,0,0,0,0,0,0,0,0,https://news.naver.com/main/read.nhn?mode=LSD&mid=sec&sid1=106&oid=117&aid=0003277426,1
강동원,"'배우왓수다' 공효진 ""김래원→김수현, 상대배우 복 있다""",연예,16,2019,09,27,21:31,13,13,0,0,0,0,0,0,0,0,0,https://news.naver.com/main/read.nhn?mode=LSD&mid=sec&sid1=106&oid=117&aid=0003279358,1
강동원,"천리마마트 이동휘, 장동건→강동원‥직원들 외국 이름에 경악[결정적장면]",연예,17,2019,10,05,6:00,17,17,0,0,0,0,0,0,0,0,0,https://news.naver.com/main/read.nhn?mode=LSD&mid=sec&sid1=106&oid=609&aid=0000182783,1
강동원,"[DA:인터뷰①] ‘미스터 기간제’ 한소은 “이상형=강동원, 죽기 전에 한 번이라도 만나고파”",연예,17,2019,10,03,24:56,16,16,0,0,0,0,0,0,0,0,0,https://news.naver.com/main/read.nhn?mode=LSD&mid=sec&sid1=106&oid=382&aid=0000765884,1
강동원,"‘뮤직쇼’ 서영은, 가을에 돌아온 발라드 여신 #강동원 #전국투어 #남편(종합)",연예,17,2019,10,03,16:01,3,3,0,0,0,0,0,0,0,0,0,https://news.naver.com/main/read.nhn?mode=LSD&mid=sec&sid1=106&oid=609&aid=0000181601,1
강동원,주원 “고등학교→뮤지컬배우 때 별명 강동원” 얼마나 닮았나[결정적장면],연예,17,2019,10,03,6:01,13,13,0,0,0,0,0,0,0,0,0,https://news.naver.com/main/read.nhn?mode=LSD&mid=sec&sid1=106&oid=609&aid=0000181383,1
강동원,영화 1987 실검 등장에 강동원 기부 2억 재조명,연예,18,2019,10,11,22:19,7,7,0,0,0,0,0,0,0,0,0,https://news.naver.com/main/read.nhn?mode=LSD&mid=sec&sid1=106&oid=088&aid=0000615667,1
강동원,이정현 “‘반도’ 촬영끝” 인증샷…#부산행그후4년 #연상호#강동원,연예,18,2019,10,11,14:46,23,23,0,0,0,0,0,0,0,0,0,https://news.naver.com/main/read.nhn?mode=LSD&mid=sec&sid1=106&oid=009&aid=0004442706,1
강동원,"주원, 후드티 뒤집어써도 잘생겼네 ‘강동원 닮은꼴 입증’[SNS★컷]",연예,18,2019,10,10,16:31,6,6,0,0,0,0,0,0,0,0,0,https://news.naver.com/main/read.nhn?mode=LSD&mid=sec&sid1=106&oid=609&aid=0000185714,1
강동원,"'아이돌룸' 온앤오프 MK, 강동원·정우성과 외모 동급이라고 생각",연예,18,2019,10,08,19:05,17,17,0,0,0,0,0,0,0,0,0,https://news.naver.com/main/read.nhn?mode=LSD&mid=sec&sid1=106&oid=421&aid=0004238656,1
강동원,'한서희와 열애 의혹' 정다은 누구?…'얼짱시대' 출신 강동원 닮은꼴,연예,18,2019,10,06,10:42,3,2,0,1,0,0,0,0,0,0,0,https://news.naver.com/main/read.nhn?mode=LSD&mid=sec&sid1=106&oid=117&aid=0003283046,1
강동원,"이정현 “‘반도’ 촬영끝” 인증샷, ‘부산행’ 그후 4년 #연상호 #강동원",연예,18,2019,10,11,14:24,24,24,0,0,0,0,0,0,0,0,0,https://news.naver.com/main/read.nhn?mode=LSD&mid=sec&sid1=106&oid=117&aid=0003285566,1
강동원,"이정현, '반도' 촬영 끝 인증샷 공개[★해시태그]",연예,18,2019,10,11,14:57,5,5,0,0,0,0,0,0,0,0,0,https://news.naver.com/main/read.nhn?mode=LSD&mid=sec&sid1=106&oid=311&aid=0001058311,1
강동원,"이정현 “영화 ‘반도’ 촬영 끝, 2020년 여름 많이 기대해주세요”[SNS★컷]",연예,18,2019,10,11,17:33,2,2,0,0,0,0,0,0,0,0,0,https://news.naver.com/main/read.nhn?mode=LSD&mid=sec&sid1=106&oid=609&aid=0000186349,1
강동원,정다은 누구? #한서희 열애설 #`얼짱시대` 출신 #리틀 강동원,연예,18,2019,10,07,7:32,1,1,0,0,0,0,0,0,0,0,0,https://news.naver.com/main/read.nhn?mode=LSD&mid=sec&sid1=106&oid=009&aid=0004439867,1
강동원,"정다은 ""남성호르몬 2번 맞아…12살 연상女와 혼인신고 하려다""",연예,18,2019,10,07,15:34,18,8,0,10,0,0,0,0,0,0,0,https://news.naver.com/main/read.nhn?mode=LSD&mid=sec&sid1=106&oid=015&aid=0004219989,1
강동원,'한서희 열애설' 정다은 #'얼짱시대' 출신 #리틀 강동원 #작곡가,연예,18,2019,10,06,10:29,1,1,0,0,0,0,0,0,0,0,0,https://news.naver.com/main/read.nhn?mode=LSD&mid=sec&sid1=106&oid=468&aid=0000572019,1
강동원,"'얼짱시대' 정다은 또는 이태균 인스타그램, 남자보다 잘 생긴 여자로 유명",,18,2019,10,06,6:22,15,1,0,0,10,4,0,0,0,0,0,https://news.naver.com/main/read.nhn?mode=LSD&mid=sec&sid1=004&oid=082&aid=0000946855,1
강동원,한서희와 '동성열애설'… 정다은은 누구? #충주 샤이니 #리틀 강동원,연예,18,2019,10,06,15:00,1,1,0,0,0,0,0,0,0,0,0,https://news.naver.com/main/read.nhn?mode=LSD&mid=sec&sid1=106&oid=417&aid=0000456731,1
강동원,'동성연애' 아니라는 한서희·정다은 사진 올리는 이유는?,사회,18,2019,10,06,13:55,243,6,7,2,225,3,0,0,0,0,0,https://news.naver.com/main/read.nhn?mode=LSD&mid=sec&sid1=102&oid=008&aid=0004288077,1
강동원,"[갖고 싶은 ★] 강동원, 죄수복도 후줄근한 면 티도 '화보로 변신'※",연예,19,2019,10,19,16:24,21,21,0,0,0,0,0,0,0,0,0,https://news.naver.com/main/read.nhn?mode=LSD&mid=sec&sid1=106&oid=404&aid=0000254693,1
강동원,"태연, '♥강동원' 이쯤 되면 성공한 덕후※",연예,19,2019,10,16,11:11,5,5,0,0,0,0,0,0,0,0,0,https://news.naver.com/main/read.nhn?mode=LSD&mid=sec&sid1=106&oid=404&aid=0000254508,1
강동원,[따져보니] 사직하자마자 복직…서울대 교수 월급체계 어떻길래,사회,19,2019,10,16,21:20,413,1,1,0,410,1,0,0,0,0,0,https://news.naver.com/main/read.nhn?mode=LSD&mid=sec&sid1=102&oid=448&aid=0000284328,1
강동원,"'연중' 김혜수, 한국인이 사랑하는 싱글스타 1위...공유 2위-강동원 3위 [콕TV]",연예,20,2019,10,25,21:24,29,25,0,4,0,0,0,0,0,0,0,https://news.naver.com/main/read.nhn?mode=LSD&mid=sec&sid1=106&oid=213&aid=0001137733,1
강동원,"강동원의 반전 데뷔 스토리, 내일(21일) ‘풍문쇼’ 공개",연예,20,2019,10,20,18:03,3,3,0,0,0,0,0,0,0,0,0,https://news.naver.com/main/read.nhn?mode=LSD&mid=sec&sid1=106&oid=469&aid=0000432371,1
강동원,"[인터뷰] '어하루' 김영대 ""먼저 좋은 사람이 되면 좋은 배우가 될 것""",연예,20,2019,10,22,19:28,79,79,0,0,0,0,0,0,0,0,0,https://news.naver.com/main/read.nhn?mode=LSD&mid=sec&sid1=106&oid=421&aid=0004263474,1
강동원,‘어하루’ 김영대 “강동원 닮은꼴 수식어? 감사하지만 배우로서 숙제”[EN:인터뷰],연예,20,2019,10,23,11:33,25,25,0,0,0,0,0,0,0,0,0,https://news.naver.com/main/read.nhn?mode=LSD&mid=sec&sid1=106&oid=609&aid=0000191693,1
강동원,"'어하루' 김영대 ""실제 성격? 남주와는 정 반대…유해진 선배 닮고파""[SS인터뷰]",연예,20,2019,10,25,7:23,30,30,0,0,0,0,0,0,0,0,0,https://news.naver.com/main/read.nhn?mode=LSD&mid=sec&sid1=106&oid=468&aid=0000581956,1
강동원,조국 전 장관 미행했나? 이해하기 어려운 스토킹 기사,사회,20,2019,10,23,24:23,37,9,0,0,26,2,0,0,0,0,0,https://news.naver.com/main/read.nhn?mode=LSD&mid=sec&sid1=102&oid=047&aid=0002244404,1
강동원,"조국 전 장관 스토킹, 어디까지 하려는가",오피니언,20,2019,10,23,16:31,39,5,0,0,33,1,0,0,0,0,0,https://news.naver.com/main/read.nhn?mode=LSD&mid=sec&sid1=110&oid=006&aid=0000099349,1
강동원,"알다가도 모를 MZ세대, 그들은 왜 '플랙 강동원 패딩'에 빠졌나",경제,21,2019,10,31,5:02,27,4,2,0,21,0,0,0,0,0,0,https://news.naver.com/main/read.nhn?mode=LSD&mid=sec&sid1=101&oid=025&aid=0002949182,1
강동원,"플랙, 강동원 패딩 화보로 증명한 남신배우의 매력…두 달 뒤에 40살 맞아?",생활,21,2019,10,30,24:00,7,4,3,0,0,0,0,0,0,0,0,https://news.naver.com/main/read.nhn?mode=LSD&mid=sec&sid1=103&oid=016&aid=0001596387,1
강동원,"[의외의 가족 ★②] 공유·강동원, 알고 보니 사돈 지간",연예,21,2019,10,31,9:57,27,27,0,0,0,0,0,0,0,0,0,https://news.naver.com/main/read.nhn?mode=LSD&mid=sec&sid1=106&oid=427&aid=0000034717,1
강동원,"강동원, 유니크하면서도 클래식한 패딩 완벽 소화[화보]",연예,21,2019,10,31,8:42,1,1,0,0,0,0,0,0,0,0,0,https://news.naver.com/main/read.nhn?mode=LSD&mid=sec&sid1=106&oid=112&aid=0003229481,1
강동원,"‘영화보장’ 박지선 “공대생, 체크무늬 셔츠 좋아해‘ 강동원→임시완 소환",연예,21,2019,11,02,9:42,1,1,0,0,0,0,0,0,0,0,0,https://news.naver.com/main/read.nhn?mode=LSD&mid=sec&sid1=106&oid=609&aid=0000197129,1
강동원,무신사 '플랙 강동원 패딩' 정답 공개,사회,21,2019,10,30,10:37,19,9,0,0,10,0,0,0,0,0,0,https://news.naver.com/main/read.nhn?mode=LSD&mid=sec&sid1=102&oid=123&aid=0002214059,1
강동원,"서영은, 올해 나이 47세…훈남 남편 화제 '강동원 닮은꼴'",연예,22,2019,11,05,10:31,7,6,0,1,0,0,0,0,0,0,0,https://news.naver.com/main/read.nhn?mode=LSD&mid=sec&sid1=106&oid=088&aid=0000619181,1
강동원,"김성균 “김남길 강동원과 동갑”, 허성태 “원빈 소지섭과 동갑”[결정적장면]",연예,22,2019,11,03,6:00,2,2,0,0,0,0,0,0,0,0,0,https://news.naver.com/main/read.nhn?mode=LSD&mid=sec&sid1=106&oid=609&aid=0000197333,1
강동원,[따져보니] 8일부터 분양가 상한제 적용…집값 잡을 수 있나,경제,22,2019,11,06,21:07,70,4,1,0,65,0,0,0,0,0,0,https://news.naver.com/main/read.nhn?mode=LSD&mid=sec&sid1=101&oid=448&aid=0000285712,1
강동원,나경원 의혹과 김성태 재판 보도 안 한 TV조선,오피니언,23,2019,11,16,14:28,105,15,0,0,79,11,0,0,0,0,0,https://news.naver.com/main/read.nhn?mode=LSD&mid=sec&sid1=110&oid=006&aid=0000099736,1
강동원,[따져보니] '법무부 장관에게 사전보고'…검찰 반발 이유는?,사회,23,2019,11,15,21:22,45,0,0,0,44,1,0,0,0,0,0,https://news.naver.com/main/read.nhn?mode=LSD&mid=sec&sid1=102&oid=448&aid=0000286292,1
강동원,[따져보니] '수익 창출 중단' 유튜브 조치 논란,정치,23,2019,11,11,21:20,86,0,0,0,83,3,0,0,0,0,0,https://news.naver.com/main/read.nhn?mode=LSD&mid=sec&sid1=100&oid=448&aid=0000286021,-1
강동원,[따져보니] 병원내 CCTV설치 의무화…현실성은?,사회,23,2019,11,12,21:34,5,0,0,0,5,0,0,0,0,0,0,https://news.naver.com/main/read.nhn?mode=LSD&mid=sec&sid1=102&oid=448&aid=0000286089,1
강동원,“과거를 후회하지 마세요”…수능 망친 수험생을 위한 영화,사회,23,2019,11,14,16:11,22,10,1,0,10,1,0,0,0,0,0,https://news.naver.com/main/read.nhn?mode=LSD&mid=sec&sid1=102&oid=020&aid=0003253351,1
강동원,배우 강동원 ‘먹방’ 효과! 美 LA 현지인 입맛 사로잡았다,사회,24,2019,11,21,21:21,19,16,1,0,1,1,0,0,0,0,0,https://news.naver.com/main/read.nhn?mode=LSD&mid=sec&sid1=102&oid=082&aid=0000960003,1
강동원,"강동원, 역시 '패완얼'‥모델 뺨치는 8등신 비율 [화보]",연예,24,2019,11,21,8:40,8,8,0,0,0,0,0,0,0,0,0,https://news.naver.com/main/read.nhn?mode=LSD&mid=sec&sid1=106&oid=112&aid=0003237902,1
강동원,"[따져보니] 美, 주한미군 감축 부인…왜?",정치,24,2019,11,21,21:09,148,3,0,2,138,5,0,0,0,0,0,https://news.naver.com/main/read.nhn?mode=LSD&mid=sec&sid1=100&oid=448&aid=0000286659,1
강동원,"노회찬, '타고난 승부사' 김영삼을 만나다",오피니언,24,2019,11,22,10:26,7,4,0,0,3,0,0,0,0,0,0,https://news.naver.com/main/read.nhn?mode=LSD&mid=sec&sid1=110&oid=002&aid=0002111956,1
강동원,"'백두산' 이병헌, 동원·우성·공유·현빈 이어 北요원 방점 ""예에?""",연예,24,2019,11,19,11:41,6,6,0,0,0,0,0,0,0,0,0,https://news.naver.com/main/read.nhn?mode=LSD&mid=sec&sid1=106&oid=477&aid=0000219232,1
강동원,"'정희' 오연서 ""강동원·차은우 같은 꽃미남? 너무 좋다..주위에 없을 뿐""",연예,25,2019,11,27,13:29,11,11,0,0,0,0,0,0,0,0,0,https://news.naver.com/main/read.nhn?mode=LSD&mid=sec&sid1=106&oid=112&aid=0003240241,1
강동원,"[비현실적 소두★①] 강동원, 남다른 작은 얼굴 크기 자랑",연예,25,2019,11,27,10:22,14,14,0,0,0,0,0,0,0,0,0,https://news.naver.com/main/read.nhn?mode=LSD&mid=sec&sid1=106&oid=427&aid=0000034952,1
강동원,강동원 ‘골든슬럼버’ 화제…어떤 영화?,연예,25,2019,11,28,24:40,2,2,0,0,0,0,0,0,0,0,0,https://news.naver.com/main/read.nhn?mode=LSD&mid=sec&sid1=106&oid=469&aid=0000444105,1
강동원,"오연서 “강동원·차은우 같은 꽃미남, 너무 좋아”",연예,25,2019,11,27,13:39,14,14,0,0,0,0,0,0,0,0,0,https://news.naver.com/main/read.nhn?mode=LSD&mid=sec&sid1=106&oid=609&aid=0000209409,1
강동원,[따져보니] '김기현 첩보 문건' 3명이 엇갈린 해명…왜?,정치,26,2019,12,06,21:09,373,2,2,0,369,0,0,0,0,0,0,https://news.naver.com/main/read.nhn?mode=LSD&mid=sec&sid1=100&oid=448&aid=0000287643,1
강동원,"‘부산행’ 속편 ‘반도’, 프랑스 현지 매체 주목 ‘언제 개봉하나?’",연예,26,2019,12,04,17:52,12,12,0,0,0,0,0,0,0,0,0,https://news.naver.com/main/read.nhn?mode=LSD&mid=sec&sid1=106&oid=081&aid=0003048653,1
강동원,"[따져보니] 맞소송 노소영, 1조원대 재산분할 요구…왜?",사회,26,2019,12,05,21:35,6,5,0,0,1,0,0,0,0,0,0,https://news.naver.com/main/read.nhn?mode=LSD&mid=sec&sid1=102&oid=448&aid=0000287581,1
강동원,[따져보니] 檢이 확보한 '수사관 휴대폰'…'잠금' 안 풀리나,사회,26,2019,12,04,21:18,412,2,0,3,396,11,0,0,0,0,0,https://news.naver.com/main/read.nhn?mode=LSD&mid=sec&sid1=102&oid=448&aid=0000287498,1
강동원,"‘반도’ 측 “내년 8월 개봉? 여름 개봉 목표, 날짜 확정 無”(공식입장)",연예,26,2019,12,04,15:05,8,8,0,0,0,0,0,0,0,0,0,https://news.naver.com/main/read.nhn?mode=LSD&mid=sec&sid1=106&oid=609&aid=0000213401,1
강동원,'한서희 폭행의혹' 정다은 누구? #얼짱시대 #리틀 강동원,연예,27,2019,12,13,7:39,1,0,0,1,0,0,0,0,0,0,0,https://news.naver.com/main/read.nhn?mode=LSD&mid=sec&sid1=106&oid=417&aid=0000482075,1
강동원,"정다은, 한서희 때렸다? 과거 남성호르몬 투약도",사회,27,2019,12,13,7:02,55,3,3,1,46,2,0,0,0,0,0,https://news.naver.com/main/read.nhn?mode=LSD&mid=sec&sid1=102&oid=008&aid=0004324416,1
강동원,[퇴근길] '또 논란' 한서희·정다은… 뭘 하고 싶은 걸까,연예,27,2019,12,13,17:58,1,1,0,0,0,0,0,0,0,0,0,https://news.naver.com/main/read.nhn?mode=LSD&mid=sec&sid1=106&oid=417&aid=0000482443,-1
강동원,"영화 ‘검은 사제들’, 뮤지컬로 재탄생…무대 위 김윤석·강동원은 누구?",연예,28,2019,12,20,11:18,3,3,0,0,0,0,0,0,0,0,0,https://news.naver.com/main/read.nhn?mode=LSD&mid=sec&sid1=106&oid=382&aid=0000784986,1
강동원,[따져보니] 선거개입 의혹에 등장한 靑인물들…무슨 역할?,정치,28,2019,12,19,21:13,47,0,0,1,45,1,0,0,0,0,0,https://news.naver.com/main/read.nhn?mode=LSD&mid=sec&sid1=100&oid=448&aid=0000288440,1
강동원,"고레에다 히로카즈 ""봉준호 감독, 재미있는 사람""",연예,28,2019,12,17,23:19,4,3,0,1,0,0,0,0,0,0,0,https://news.naver.com/main/read.nhn?mode=LSD&mid=sec&sid1=106&oid=079&aid=0003302886,1
강동원,"송강호, 2019년 빛낸 영화배우 1위…마동석 2위·공유 3위",연예,28,2019,12,17,16:10,8,8,0,0,0,0,0,0,0,0,0,https://news.naver.com/main/read.nhn?mode=LSD&mid=sec&sid1=106&oid=241&aid=0002988651,1
강동원,[따져보니] 2년반 동안 18번 부동산대책…盧정부 '닮은꼴',경제,28,2019,12,17,21:19,436,2,0,1,431,2,0,0,0,0,0,https://news.naver.com/main/read.nhn?mode=LSD&mid=sec&sid1=101&oid=448&aid=0000288292,1
강동원,"""집사부일체' 강동원, '힌트요정' 깜짝 출연…멤버들 '환호'",연예,29,2019,12,28,10:26,29,29,0,0,0,0,0,0,0,0,0,https://news.naver.com/main/read.nhn?mode=LSD&mid=sec&sid1=106&oid=076&aid=0003513563,1
강동원,"'집사부일체' 강동원, 힌트요정 깜짝 등장…멤버들 '환호'",연예,29,2019,12,28,13:37,22,22,0,0,0,0,0,0,0,0,0,https://news.naver.com/main/read.nhn?mode=LSD&mid=sec&sid1=106&oid=215&aid=0000834848,1
강동원,"강동원, '집사부일체' 깜짝 등장…멤버들도 반한 순수+능청 매력",연예,29,2019,12,28,10:20,38,38,0,0,0,0,0,0,0,0,0,https://news.naver.com/main/read.nhn?mode=LSD&mid=sec&sid1=106&oid=421&aid=0004380227,1
강동원,"`집사부일체` 강동원, 사부와 특별한 인연""나와 코드 잘 맞는 분""[MK★TV컷]",연예,29,2019,12,28,13:14,2,2,0,0,0,0,0,0,0,0,0,https://news.naver.com/main/read.nhn?mode=LSD&mid=sec&sid1=106&oid=410&aid=0000656103,1
강동원,"'집사부일체' 강동원 ""장준환-문소리와 한 방에서 잠을 잤다""",연예,30,2019,12,29,18:46,63,62,0,1,0,0,0,0,0,0,0,https://news.naver.com/main/read.nhn?mode=LSD&mid=sec&sid1=106&oid=076&aid=0003513852,1
강동원,'집사부일체' 강동원과 동거한 사부는 누구?,연예,30,2019,12,29,6:33,6,6,0,0,0,0,0,0,0,0,0,https://news.naver.com/main/read.nhn?mode=LSD&mid=sec&sid1=106&oid=088&aid=0000626527,1
강동원,"[팝업TV]'집사부일체' 문소리 위해 강동원 출격 ""여전히 저평가 받고 있는 배우""",연예,30,2019,12,30,24:33,6,6,0,0,0,0,0,0,0,0,0,https://news.naver.com/main/read.nhn?mode=LSD&mid=sec&sid1=106&oid=112&aid=0003251611,1
강동원,"'빅4' CJ·롯데·NEW·쇼박스, 2020 라인업?…공유X박보검 '서복'·강동원 '반도' 등 '대작 풍성' [영화 신년기획①]",연예,30,2020,01,02,7:01,90,90,0,0,0,0,0,0,0,0,0,https://news.naver.com/main/read.nhn?mode=LSD&mid=sec&sid1=106&oid=117&aid=0003318619,1
강동원,"[2020 스크린전망] ""송중기X강동원→송강호X이병헌""…2020년 화제작 키워드 셋",연예,30,2020,01,02,7:49,26,26,0,0,0,0,0,0,0,0,0,https://news.naver.com/main/read.nhn?mode=LSD&mid=sec&sid1=106&oid=076&aid=0003515345,1
강동원,"'집사부일체' 100회 특집, 문소리·장준환 부부…강동원 힌트 요정 등장",연예,30,2019,12,30,13:34,7,7,0,0,0,0,0,0,0,0,0,https://news.naver.com/main/read.nhn?mode=LSD&mid=sec&sid1=106&oid=052&aid=0001382521,1
강동원,"[종합]`집사부일체`세기의 커플 문소리♥장준환, 영화같은 러브스토리 공개(ft.강동원)",연예,30,2019,12,29,20:17,10,10,0,0,0,0,0,0,0,0,0,https://news.naver.com/main/read.nhn?mode=LSD&mid=sec&sid1=106&oid=009&aid=0004490969,1
강동원,"'집사부일체' 강동원 ""문소리, 최고지만 내 생각엔 저평가된 배우""",연예,30,2019,12,29,18:46,1,1,0,0,0,0,0,0,0,0,0,https://news.naver.com/main/read.nhn?mode=LSD&mid=sec&sid1=106&oid=241&aid=0002991552,1
강동원,"'집사부일체' 강동원 깜짝 등장…""힌트요정으로 왔어요""",연예,30,2019,12,29,16:49,11,11,0,0,0,0,0,0,0,0,0,https://news.naver.com/main/read.nhn?mode=LSD&mid=sec&sid1=106&oid=015&aid=0004264763,1
강동원,"'집사부일체' 강동원, 힌트 요정으로 등장…""문소리, 저평가받는 배우""",연예,30,2019,12,29,18:58,3,3,0,0,0,0,0,0,0,0,0,https://news.naver.com/main/read.nhn?mode=LSD&mid=sec&sid1=106&oid=416&aid=0000253270,1
강동원,"'집사부일체' 문소리·장준환 감독, 부부 동반 출연…강동원 힌트요정 목소리 등장",연예,30,2019,12,29,19:11,1,1,0,0,0,0,0,0,0,0,0,https://news.naver.com/main/read.nhn?mode=LSD&mid=sec&sid1=106&oid=082&aid=0000970006,1
강동원,"'집사부일체' 강동원, ""장준환 문소리 선배와 함께 한방에서 잠도 잤다""",연예,30,2019,12,29,18:53,4,4,0,0,0,0,0,0,0,0,0,https://news.naver.com/main/read.nhn?mode=LSD&mid=sec&sid1=106&oid=112&aid=0003251360,1
강동원,"'집사부일체' 100회 특집 사부, 문소리♥장준환…강동원 깜짝 힌트요정[종합]",연예,30,2019,12,30,8:21,13,13,0,0,0,0,0,0,0,0,0,https://news.naver.com/main/read.nhn?mode=LSD&mid=sec&sid1=106&oid=018&aid=0004545274,1
강동원,"[TV북마크] 강동원 힌트요정 등장, ‘집사부일체’ 문소리♥장준환 꽁냥 라이프",연예,30,2019,12,30,7:52,11,11,0,0,0,0,0,0,0,0,0,https://news.naver.com/main/read.nhn?mode=LSD&mid=sec&sid1=106&oid=382&aid=0000787084,1
강동원,"'집사부일체' 강동원 ""문소리, 높이 평가받아야""‥♥장준환 '커밍쑨' [어저께TV]",연예,30,2019,12,30,6:52,36,36,0,0,0,0,0,0,0,0,0,https://news.naver.com/main/read.nhn?mode=LSD&mid=sec&sid1=106&oid=109&aid=0004142375,1
강동원,"‘집사부일체’ 문소리♥장준환 부부에 강동원까지, 시청률도 상승",연예,30,2019,12,30,7:51,1,1,0,0,0,0,0,0,0,0,0,https://news.naver.com/main/read.nhn?mode=LSD&mid=sec&sid1=106&oid=609&aid=0000225596,1
강동원,"'집사부일체' 문소리♥장준환, 영화인 부부의 러브스토리 (ft.강동원) [전일야화]",연예,30,2019,12,30,6:35,6,6,0,0,0,0,0,0,0,0,0,https://news.naver.com/main/read.nhn?mode=LSD&mid=sec&sid1=106&oid=311&aid=0001092817,1
강동원,"[어게인TV]'집사부일체' 문소리, 처음엔 칼같이 거절…""나도 결혼할줄은 몰랐어요""",연예,30,2019,12,30,6:51,6,6,0,0,0,0,0,0,0,0,0,https://news.naver.com/main/read.nhn?mode=LSD&mid=sec&sid1=106&oid=112&aid=0003251456,1
강동원,"'집사부일체' 문소리♥장준환 부부, 러브하우스·결혼스토리 공개 [종합]",연예,30,2019,12,29,19:47,11,11,0,0,0,0,0,0,0,0,0,https://news.naver.com/main/read.nhn?mode=LSD&mid=sec&sid1=106&oid=311&aid=0001092733,1
강동원,"[종합]'집사부일체' 문소리♥장준환, 한 편의 영화 같은 러브스토리 (ft.강동원)",연예,30,2019,12,29,19:53,296,293,0,3,0,0,0,0,0,0,0,https://news.naver.com/main/read.nhn?mode=LSD&mid=sec&sid1=106&oid=076&aid=0003513877,1
강동원,"[스브스夜] '집사부일체' 문소리, 장준환 첫 만남에 대해 ""싫었다…고백메일 1년 후 결혼""",연예,30,2019,12,29,20:15,3,3,0,0,0,0,0,0,0,0,0,https://news.naver.com/main/read.nhn?mode=LSD&mid=sec&sid1=106&oid=416&aid=0000253272,1
강동원,"'집사부일체' 문소리♥장준환, 뼛속까지 영화인 부부(ft.♥하우스+결혼스토리) [종합]",연예,30,2019,12,29,19:38,4,4,0,0,0,0,0,0,0,0,0,https://news.naver.com/main/read.nhn?mode=LSD&mid=sec&sid1=106&oid=109&aid=0004142283,1
강동원,"YG 측 ""강동원·차승원·손호준 지난해 재계약""",연예,31,2020,01,10,18:38,49,49,0,0,0,0,0,0,0,0,0,https://news.naver.com/main/read.nhn?mode=LSD&mid=sec&sid1=106&oid=018&aid=0004552973,1
강동원,"YG엔터 ""강동원과 지난해 재계약"" [공식입장]",연예,31,2020,01,10,18:56,29,28,0,1,0,0,0,0,0,0,0,https://news.naver.com/main/read.nhn?mode=LSD&mid=sec&sid1=106&oid=311&aid=0001098095,1
강동원,[Y초점] 계승하거나 확장하거나...호기심 높이는 '세계관 시리즈',연예,31,2020,01,09,13:21,2,2,0,0,0,0,0,0,0,0,0,https://news.naver.com/main/read.nhn?mode=LSD&mid=sec&sid1=106&oid=052&aid=0001386410,1
강동원,강동원 데뷔작 '위풍당당 그녀' 다시본다,연예,31,2020,01,07,11:01,5,5,0,0,0,0,0,0,0,0,0,https://news.naver.com/main/read.nhn?mode=LSD&mid=sec&sid1=106&oid=117&aid=0003320340,1
강동원,[연예수첩] ‘보이지 않는 공포’ 악령에 맞선 스타들,연예,31,2020,01,08,8:38,3,3,0,0,0,0,0,0,0,0,0,https://news.naver.com/main/read.nhn?mode=LSD&mid=sec&sid1=106&oid=056&aid=0010780396,1
강동원,강동원·손호준·차승원 'YG 재계약' 완료(종합),연예,31,2020,01,10,19:35,52,51,0,0,0,0,0,1,0,0,0,https://news.naver.com/main/read.nhn?mode=LSD&mid=sec&sid1=106&oid=241&aid=0002996022,1
강동원,"강동원·손호준·이성경·차승원, 지난해 YG와 재계약 '의리'(종합)",연예,31,2020,01,10,20:37,38,38,0,0,0,0,0,0,0,0,0,https://news.naver.com/main/read.nhn?mode=LSD&mid=sec&sid1=106&oid=421&aid=0004403226,1
강동원,강동원·손호준·차승원 'YG 재계약' 완료…'의리의' YG 재도약할까 [종합],연예,31,2020,01,10,20:31,8,8,0,0,0,0,0,0,0,0,0,https://news.naver.com/main/read.nhn?mode=LSD&mid=sec&sid1=106&oid=076&aid=0003518665,1
강동원,"강동원, YG와 5년째 의리 지켰다..YG 측 ""강동원과 지난해 재계약""[공식]",연예,31,2020,01,10,18:36,27,25,0,2,0,0,0,0,0,0,0,https://news.naver.com/main/read.nhn?mode=LSD&mid=sec&sid1=106&oid=112&aid=0003255997,1
강동원,"강동원 재계약, YG와 의리 지켰다!",연예,31,2020,01,10,20:08,34,29,0,5,0,0,0,0,0,0,0,https://news.naver.com/main/read.nhn?mode=LSD&mid=sec&sid1=106&oid=082&aid=0000973045,1
강동원,"강동원, YG 재계약…5년 인연 이어간다 [공식입장]",연예,31,2020,01,10,19:10,46,46,0,0,0,0,0,0,0,0,0,https://news.naver.com/main/read.nhn?mode=LSD&mid=sec&sid1=106&oid=382&aid=0000790286,1
강동원,"강동원, YG와 인연 이어간다 “지난해 재계약”(공식입장)",연예,31,2020,01,10,18:38,15,15,0,0,0,0,0,0,0,0,0,https://news.naver.com/main/read.nhn?mode=LSD&mid=sec&sid1=106&oid=609&aid=0000231865,1
강동원,강동원·차승원부터 이성경까지 YG에 남는다…빅뱅 재계약도 청신호 켜지나 [종합],연예,31,2020,01,11,12:46,79,79,0,0,0,0,0,0,0,0,0,https://news.naver.com/main/read.nhn?mode=LSD&mid=sec&sid1=106&oid=144&aid=0000651129,1
강동원,"강동원·차승원·손호준·이성경, YG와 재계약…의리 이어간다 [종합]",연예,31,2020,01,11,12:39,26,25,0,1,0,0,0,0,0,0,0,https://news.naver.com/main/read.nhn?mode=LSD&mid=sec&sid1=106&oid=311&aid=0001098200,1
강동원,"`전우치`, 개봉 당시 호평 이은 강동원 활약…무엇?",연예,32,2020,01,15,20:10,8,8,0,0,0,0,0,0,0,0,0,https://news.naver.com/main/read.nhn?mode=LSD&mid=sec&sid1=106&oid=410&aid=0000661485,1
강동원,배정남 “절친 강동원 위해서라면 보증도 설 수 있어”[결정적장면],연예,32,2020,01,16,6:01,15,15,0,0,0,0,0,0,0,0,0,https://news.naver.com/main/read.nhn?mode=LSD&mid=sec&sid1=106&oid=609&aid=0000234386,1
강동원,신세경·한예슬·백현…스타 유튜버 전성시대,생활,32,2020,01,13,17:31,30,23,0,0,7,0,0,0,0,0,0,https://news.naver.com/main/read.nhn?mode=LSD&mid=sec&sid1=103&oid=015&aid=0004273047,1
강동원,"'전우치' 강동원X김윤식X유해진, 액션+코믹 최초 한국형 히어로무비",연예,32,2020,01,15,15:31,4,4,0,0,0,0,0,0,0,0,0,https://news.naver.com/main/read.nhn?mode=LSD&mid=sec&sid1=106&oid=311&aid=0001100038,1
강동원,"강동원 전 의원, 4.15총선 불출마 선언...""정치행보, 시민 뜻 받들 것""",사회,33,2020,01,23,16:36,1,1,0,0,0,0,0,0,0,0,0,https://news.naver.com/main/read.nhn?mode=LSD&mid=sec&sid1=102&oid=002&aid=0002119600,1
강동원,"‘문제적 남자’ 수능만점자 대결 YB 勝, 서울대 강동원 활약",연예,33,2020,01,23,21:28,8,7,0,1,0,0,0,0,0,0,0,https://news.naver.com/main/read.nhn?mode=LSD&mid=sec&sid1=106&oid=112&aid=0003260566,-1
강동원,"""이성민 행님, 강동원 행님""..배정남에게 '행님'이란 [★FULL인터뷰]",연예,33,2020,01,24,10:00,21,20,0,1,0,0,0,0,0,0,0,https://news.naver.com/main/read.nhn?mode=LSD&mid=sec&sid1=106&oid=108&aid=0002838332,1
강동원,"[어게인TV]‘문제적 남자’ 수능만점, 서울대 2번 입학, 서울대 강동원",연예,33,2020,01,24,6:51,1,1,0,0,0,0,0,0,0,0,0,https://news.naver.com/main/read.nhn?mode=LSD&mid=sec&sid1=106&oid=112&aid=0003260604,-1
강동원,"'비스' 김요한, 남다른 비주얼+넘사벽 피지컬 '배구계 강동원'",연예,33,2020,01,20,17:32,8,8,0,0,0,0,0,0,0,0,0,https://news.naver.com/main/read.nhn?mode=LSD&mid=sec&sid1=106&oid=241&aid=0002998325,1
강동원,"'비스' 김요한, 배구계 강동원의 '늑대의 유혹' 우산 신 재연...""남다른 예능감""",연예,33,2020,01,20,14:06,2,2,0,0,0,0,0,0,0,0,0,https://news.naver.com/main/read.nhn?mode=LSD&mid=sec&sid1=106&oid=076&aid=0003521854,1
강동원,"‘비디오스타’ 김요한, 배구계 강동원 명성 위엄…‘늑대의 유혹’ 명장면 재연",연예,33,2020,01,20,17:32,3,3,0,0,0,0,0,0,0,0,0,https://news.naver.com/main/read.nhn?mode=LSD&mid=sec&sid1=106&oid=382&aid=0000792400,1
강동원,"'비디오스타' 김요한, 남다른 비주얼+피지컬… '배구계 강동원'의 숨겨진 예능감 발산!",연예,33,2020,01,20,16:40,3,3,0,0,0,0,0,0,0,0,0,https://news.naver.com/main/read.nhn?mode=LSD&mid=sec&sid1=106&oid=408&aid=0000085457,1
강동원,‘비디오스타’ 배구계 강동원 ‘김요한’ 출연! 숨겨진 예능감 발산,연예,33,2020,01,20,18:21,10,10,0,0,0,0,0,0,0,0,0,https://news.naver.com/main/read.nhn?mode=LSD&mid=sec&sid1=106&oid=469&aid=0000459297,1
강동원,"'욱토크' 연상호 감독, 강동원 배우에게 패배감 느낀 사연",연예,34,2020,01,29,9:26,2,2,0,0,0,0,0,0,0,0,0,https://news.naver.com/main/read.nhn?mode=LSD&mid=sec&sid1=106&oid=076&aid=0003524507,1
강동원,"'욱토크' 연상호 ""그와 내 얼굴의 대비 비참하고 진 것 같았다""…강동원과 영상통화 소감",연예,34,2020,01,29,22:29,6,6,0,0,0,0,0,0,0,0,0,https://news.naver.com/main/read.nhn?mode=LSD&mid=sec&sid1=106&oid=416&aid=0000254560,1
강동원,"배정남 ""허세 있었던 톱모델 시절…지금이 훨씬 행복하다""",생활,34,2020,02,01,10:01,69,53,1,1,13,1,0,0,0,0,0,https://news.naver.com/main/read.nhn?mode=LSD&mid=sec&sid1=103&oid=586&aid=0000011384,1
강동원,"'욱토크' 연상호, '부산행' 감독의 끝없는 도전…'반도' 기대↑ [전일야화]",연예,34,2020,01,30,6:40,9,9,0,0,0,0,0,0,0,0,0,https://news.naver.com/main/read.nhn?mode=LSD&mid=sec&sid1=106&oid=311&aid=0001105283,1
강동원,송중기·박보검·공유·강동원·조인성..꽃미남들이 온다,연예,34,2020,01,27,9:00,326,322,0,4,0,0,0,0,0,0,0,https://news.naver.com/main/read.nhn?mode=LSD&mid=sec&sid1=106&oid=108&aid=0002838712,1
강동원,김요한 ‘배구계의 강동원’[포토엔HD],연예,34,2020,01,26,7:30,5,5,0,0,0,0,0,0,0,0,0,https://news.naver.com/main/read.nhn?mode=LSD&mid=sec&sid1=106&oid=609&aid=0000238729,1
강동원,"'토크가 하고 싶어서' 연상호 감독, 강동원에게 패배감 느낌 사연",연예,34,2020,01,29,9:49,5,5,0,0,0,0,0,0,0,0,0,https://news.naver.com/main/read.nhn?mode=LSD&mid=sec&sid1=106&oid=468&aid=0000620166,1
강동원,"'욱토크' 연상호 감독, 배우 강동원에게 패배감 느낀 사연은?",연예,34,2020,01,29,14:34,1,1,0,0,0,0,0,0,0,0,0,https://news.naver.com/main/read.nhn?mode=LSD&mid=sec&sid1=106&oid=416&aid=0000254539,1
강동원,연상호 감독 “‘반도’ 연출…강동원에게 패배감”,연예,34,2020,01,29,9:42,27,27,0,0,0,0,0,0,0,0,0,https://news.naver.com/main/read.nhn?mode=LSD&mid=sec&sid1=106&oid=382&aid=0000793970,1
강동원,"'욱토크' 연상호 ""강동원과 영상통화로 미팅…얼굴 대비돼 비참했다""",연예,34,2020,01,29,22:22,1,1,0,0,0,0,0,0,0,0,0,https://news.naver.com/main/read.nhn?mode=LSD&mid=sec&sid1=106&oid=311&aid=0001105242,1
강동원,‘욱토크’ 연상호 감독 “공유 이어 강동원과 작업... 영상통화하며 비참”,연예,34,2020,01,29,22:22,6,6,0,0,0,0,0,0,0,0,0,https://news.naver.com/main/read.nhn?mode=LSD&mid=sec&sid1=106&oid=213&aid=0001151623,1
강동원,"'욱토크' 연상호, 강동원과 영상통화 하면서 '지는기분' … ""비참했어요"" [Oh!쎈 리뷰]",연예,34,2020,01,29,22:50,7,7,0,0,0,0,0,0,0,0,0,https://news.naver.com/main/read.nhn?mode=LSD&mid=sec&sid1=106&oid=109&aid=0004157070,1
강동원,"'반도' 연상호 감독, 강동원과 영상통화하다 비참해진 이유는?",연예,34,2020,01,30,9:02,2,2,0,0,0,0,0,0,0,0,0,https://news.naver.com/main/read.nhn?mode=LSD&mid=sec&sid1=106&oid=417&aid=0000498355,1
강동원,영화 ‘반도’로 돌아오는 연상호 감독 #강동원 #좀비물 #부산행,연예,34,2020,01,30,2:20,5,5,0,0,0,0,0,0,0,0,0,https://news.naver.com/main/read.nhn?mode=LSD&mid=sec&sid1=106&oid=057&aid=0001415950,1
강동원,[어게인TV] '이동욱은 토크가 하고 싶어서' 천만 감독 연상호가 말하는 '부산행',연예,34,2020,01,30,6:50,4,4,0,0,0,0,0,0,0,0,0,https://news.naver.com/main/read.nhn?mode=LSD&mid=sec&sid1=106&oid=112&aid=0003262255,1
강동원,‘부산행’ 연상호 감독 “좀비로 팔자를 고칠 줄이야” 토크가 [어제TV],연예,34,2020,01,30,6:03,1,1,0,0,0,0,0,0,0,0,0,https://news.naver.com/main/read.nhn?mode=LSD&mid=sec&sid1=106&oid=609&aid=0000240345,1
강동원,"강동원 전 의원, 민주당 박희승 예비후보 지지 선언",정치,35,2020,02,02,10:06,12,4,0,0,8,0,0,0,0,0,0,https://news.naver.com/main/read.nhn?mode=LSD&mid=sec&sid1=100&oid=001&aid=0011371758,1
강동원,"‘컬투쇼’ 장예원, “배우 강동원, 정말 팬이다”",연예,35,2020,02,04,16:47,8,8,0,0,0,0,0,0,0,0,0,https://news.naver.com/main/read.nhn?mode=LSD&mid=sec&sid1=106&oid=469&aid=0000463626,1
강동원,"[단독] 'MV계 강동원' 모델 정하준, tvN '메모리스트'로 본격 연기 도전",연예,35,2020,02,04,11:21,15,15,0,0,0,0,0,0,0,0,0,https://news.naver.com/main/read.nhn?mode=LSD&mid=sec&sid1=106&oid=076&aid=0003526909,1
강동원,"""옆모습이 강동원인 줄"" 김영대, 베일 듯한 옆태 '만찢男 정석' [★SHOT!]",연예,35,2020,02,03,18:28,19,19,0,0,0,0,0,0,0,0,0,https://news.naver.com/main/read.nhn?mode=LSD&mid=sec&sid1=106&oid=109&aid=0004159356,1
강동원,"[종합]""강동원X라이언 고슬링 초대 원해""..'컬투쇼' 장예원아나, '씨네타운' 새DJ의 포부",연예,35,2020,02,04,15:56,2,2,0,0,0,0,0,0,0,0,0,https://news.naver.com/main/read.nhn?mode=LSD&mid=sec&sid1=106&oid=112&aid=0003264298,1
강동원,'컬투쇼' 장예원이 밝힌 #씨네타운 #닮은꼴 #강동원 [종합],연예,35,2020,02,04,16:06,8,8,0,0,0,0,0,0,0,0,0,https://news.naver.com/main/read.nhn?mode=LSD&mid=sec&sid1=106&oid=311&aid=0001107603,1
강동원,"'컬투쇼' 장예원 ""강동원 배우, 꼭 만나뵙고 싶어…정말 팬이다""",연예,35,2020,02,04,15:57,5,5,0,0,0,0,0,0,0,0,0,https://news.naver.com/main/read.nhn?mode=LSD&mid=sec&sid1=106&oid=311&aid=0001107596,1
강동원,"장예원, ‘씨네타운’ DJ다운 명품 진행 #강동원 #라이언고슬링 #손예진(종합)",연예,35,2020,02,04,16:00,2,2,0,0,0,0,0,0,0,0,0,https://news.naver.com/main/read.nhn?mode=LSD&mid=sec&sid1=106&oid=609&aid=0000243111,1
강동원,[인사] 대법원,사회,35,2020,02,06,19:12,1,1,0,0,0,0,0,0,0,0,0,https://news.naver.com/main/read.nhn?mode=LSD&mid=sec&sid1=102&oid=421&aid=0004449110,1
강동원,[인사] 대법원,사회,35,2020,02,06,18:21,1,1,0,0,0,0,0,0,0,0,0,https://news.naver.com/main/read.nhn?mode=LSD&mid=sec&sid1=102&oid=001&aid=0011384132,1
강동원,"대법원 인사 단행 ""정경심 사건 재판장 송인권 부장판사도 교체""",사회,35,2020,02,06,18:38,3,1,0,0,2,0,0,0,0,0,0,https://news.naver.com/main/read.nhn?mode=LSD&mid=sec&sid1=102&oid=088&aid=0000631836,1
강동원,[아카데미] '기생충' 숨은 공로자들…번역·통역의 힘,생활,36,2020,02,10,14:00,13,10,1,0,1,1,0,0,0,0,0,https://news.naver.com/main/read.nhn?mode=LSD&mid=sec&sid1=103&oid=001&aid=0011390323,1
강동원,[Star&Talk] ‘미스터 주 : 사라진 VIP’ 배정남 | “많은 분량 주연 압박감 개봉날까지 잠 설쳤다”,사회,36,2020,02,10,14:16,8,3,0,0,5,0,0,0,0,0,0,https://news.naver.com/main/read.nhn?mode=LSD&mid=sec&sid1=102&oid=024&aid=0000064564,1
강동원,아카데미 '기생충' 숨은 공로자들…번역·통역의 힘,생활,36,2020,02,10,14:09,5,4,1,0,0,0,0,0,0,0,0,https://news.naver.com/main/read.nhn?mode=LSD&mid=sec&sid1=103&oid=055&aid=0000791620,1
강동원,달시 파켓부터 샤론 최까지…'기생충'의 숨은 공로자들,생활,36,2020,02,10,14:16,24,21,2,0,0,1,0,0,0,0,0,https://news.naver.com/main/read.nhn?mode=LSD&mid=sec&sid1=103&oid=057&aid=0001419535,1
강동원,"황정민X강동원 '검사외전', 검사와 사기꾼의 예측불허 코미디",연예,37,2020,02,17,15:47,3,3,0,0,0,0,0,0,0,0,0,https://news.naver.com/main/read.nhn?mode=LSD&mid=sec&sid1=106&oid=311&aid=0001113097,1
강동원,"[따져보니] 중국인 입국, 안막나 못막나?",정치,37,2020,02,21,21:23,"3,975",12,2,5,"3,939",17,0,0,0,0,0,https://news.naver.com/main/read.nhn?mode=LSD&mid=sec&sid1=100&oid=448&aid=0000292526,1
강동원,영화 ‘부산행’ 속편 ‘반도’ 올해 여름 강타… 강동원·이정현 주연,연예,37,2020,02,18,13:35,31,31,0,0,0,0,0,0,0,0,0,https://news.naver.com/main/read.nhn?mode=LSD&mid=sec&sid1=106&oid=396&aid=0000540471,1
강동원,공유 이어 강동원..좀비떼 이끌고 여름에 온다,연예,38,2020,02,28,14:39,32,32,0,0,0,0,0,0,0,0,0,https://news.naver.com/main/read.nhn?mode=LSD&mid=sec&sid1=106&oid=108&aid=0002846121,1
강동원,"안성기·정우성·강동원 등 영화인 1325명, '포스트 봉준호법' 서명 동참",연예,38,2020,02,27,9:55,9,8,0,1,0,0,0,0,0,0,0,https://news.naver.com/main/read.nhn?mode=LSD&mid=sec&sid1=106&oid=312&aid=0000437453,1
강동원,기생충 다음은 페닌슐라? 강동원 ‘반도’에 쏠리는 기대[무비와치],연예,38,2020,02,29,6:01,128,127,0,1,0,0,0,0,0,0,0,https://news.naver.com/main/read.nhn?mode=LSD&mid=sec&sid1=106&oid=609&aid=0000253259,1
강동원,"안성기 정우성 강동원 영화인 1300명, 영화산업 구조 개선 서명 동참",연예,38,2020,02,26,21:00,20,20,0,0,0,0,0,0,0,0,0,https://news.naver.com/main/read.nhn?mode=LSD&mid=sec&sid1=106&oid=609&aid=0000252332,1
강동원,"'한끼줍쇼' 강호동 ""SF9 로운, '제2의 강동원'이다""",연예,38,2020,02,27,12:00,92,92,0,0,0,0,0,0,0,0,0,https://news.naver.com/main/read.nhn?mode=LSD&mid=sec&sid1=106&oid=117&aid=0003337612,1
강동원,‘배구계 강동원’ 김요한 “손 커서 배구 시작... 지금도 이해 안돼”,연예,38,2020,02,27,9:32,1,1,0,0,0,0,0,0,0,0,0,https://news.naver.com/main/read.nhn?mode=LSD&mid=sec&sid1=106&oid=022&aid=0003442263,1
강동원,"'한끼줍쇼' SF9 로운, 이경규도 반한 '얼굴+예능 천재'…#제2의 강동원 #첫사랑 고백 [MD리뷰]",연예,38,2020,02,27,6:50,49,49,0,0,0,0,0,0,0,0,0,https://news.naver.com/main/read.nhn?mode=LSD&mid=sec&sid1=106&oid=117&aid=0003337633,1
강동원,"'골든슬럼버' 강동원, 한순간 암살범이 된 남자의 도주극",연예,38,2020,02,26,16:27,14,14,0,0,0,0,0,0,0,0,0,https://news.naver.com/main/read.nhn?mode=LSD&mid=sec&sid1=106&oid=311&aid=0001117075,1
강동원,"연상호 감독X강동원 '반도', 여름 개봉 확정(공식)",연예,38,2020,02,28,8:12,36,36,0,0,0,0,0,0,0,0,0,https://news.naver.com/main/read.nhn?mode=LSD&mid=sec&sid1=106&oid=241&aid=0003007212,1
강동원,"강동원 주연 '반도', 런칭 포스터 공개…'부산행' 그 후 4년",연예,38,2020,02,28,8:48,15,15,0,0,0,0,0,0,0,0,0,https://news.naver.com/main/read.nhn?mode=LSD&mid=sec&sid1=106&oid=468&aid=0000631470,1
강동원,"'부산행' 그 후 4년...연상호X강동원 '반도', 올여름 개봉 확정",연예,38,2020,02,28,9:44,18,18,0,0,0,0,0,0,0,0,0,https://news.naver.com/main/read.nhn?mode=LSD&mid=sec&sid1=106&oid=052&aid=0001407303,1
강동원,"'부산행' 그 후…강동원 '반도', 베일 벗다",연예,38,2020,02,28,9:07,25,25,0,0,0,0,0,0,0,0,0,https://news.naver.com/main/read.nhn?mode=LSD&mid=sec&sid1=106&oid=416&aid=0000255719,1
강동원,"안성기 서명동참, 독과점 금지 영화산업 구조개선 요구",연예,38,2020,02,27,10:15,4,4,0,0,0,0,0,0,0,0,0,https://news.naver.com/main/read.nhn?mode=LSD&mid=sec&sid1=106&oid=009&aid=0004525756,1
강동원,"""대기업 규제"" 한목소리 낸 영화인들 '이례적'",연예,38,2020,02,27,14:51,14,14,0,0,0,0,0,0,0,0,0,https://news.naver.com/main/read.nhn?mode=LSD&mid=sec&sid1=106&oid=047&aid=0002258616,1
강동원,"독과점 금지 `포스트 봉준호법`, 서명 1325명 돌파(전문)",연예,38,2020,02,26,21:28,12,12,0,0,0,0,0,0,0,0,0,https://news.naver.com/main/read.nhn?mode=LSD&mid=sec&sid1=106&oid=009&aid=0004525521,1
강동원,"김대명, ‘슬기로운 의사생활’로 안방극장 복귀 ‘기대’",연예,39,2020,03,05,14:23,11,11,0,0,0,0,0,0,0,0,0,https://news.naver.com/main/read.nhn?mode=LSD&mid=sec&sid1=106&oid=215&aid=0000853296,1
강동원,"유연석, 한·프 합작영화 '고요한 아침' 합류할까 ""긍정 논의 중""",연예,39,2020,03,03,13:55,45,45,0,0,0,0,0,0,0,0,0,https://news.naver.com/main/read.nhn?mode=LSD&mid=sec&sid1=106&oid=421&aid=0004498634,1
강동원,[리뷰IS] '슈가맨3' 자탄풍·자자 소환 쌍100불…감탄의 연속,연예,39,2020,03,07,8:31,18,18,0,0,0,0,0,0,0,0,0,https://news.naver.com/main/read.nhn?mode=LSD&mid=sec&sid1=106&oid=241&aid=0003008883,1
강동원,"[따져보니] ""비우호적 외교조치""…중국엔 왜 못하나",정치,39,2020,03,06,21:11,182,2,0,1,177,2,0,0,0,0,0,https://news.naver.com/main/read.nhn?mode=LSD&mid=sec&sid1=100&oid=448&aid=0000293390,1
강동원,"'슈가맨3' 자전거탄풍경X자자, 최초 쌍 100불 성공...불패 정은지 勝 [콕TV]",연예,39,2020,03,06,22:47,67,67,0,0,0,0,0,0,0,0,0,https://news.naver.com/main/read.nhn?mode=LSD&mid=sec&sid1=106&oid=213&aid=0001156637,1
강동원,만능 ‘연’터테이너 연상호의 ‘시청률 매직’,생활,39,2020,03,05,18:20,4,4,0,0,0,0,0,0,0,0,0,https://news.naver.com/main/read.nhn?mode=LSD&mid=sec&sid1=103&oid=028&aid=0002488104,1
강동원,"김대명, '슬기로운 의사생활' 안방 복귀에 거는 기대",연예,39,2020,03,05,13:55,9,9,0,0,0,0,0,0,0,0,0,https://news.naver.com/main/read.nhn?mode=LSD&mid=sec&sid1=106&oid=404&aid=0000262363,1
강동원,"'슬기로운 의사생활' 김대명, '미생'-'마음의 소리' 잇는 변화무쌍 캐릭터 변신 '기대'",연예,39,2020,03,05,13:22,3,2,0,0,0,0,1,0,0,0,0,https://news.naver.com/main/read.nhn?mode=LSD&mid=sec&sid1=106&oid=076&aid=0003538683,1
강동원,"김대명, ‘슬기로운 의사생활’로 안방극장 복귀…변화무쌍 캐릭터 변신",연예,39,2020,03,05,17:42,8,8,0,0,0,0,0,0,0,0,0,https://news.naver.com/main/read.nhn?mode=LSD&mid=sec&sid1=106&oid=410&aid=0000674530,1
강동원,"[단독]유연석, '007'올가 쿠릴렌코와 佛영화 '고요한 아침' 호흡",연예,39,2020,03,03,10:25,70,70,0,0,0,0,0,0,0,0,0,https://news.naver.com/main/read.nhn?mode=LSD&mid=sec&sid1=106&oid=108&aid=0002846744,1
강동원,유연석 측 “한국 프랑스 합작영화 ‘고요한 아침’ 출연 긍정 검토중”(공식입장),연예,39,2020,03,03,15:19,43,43,0,0,0,0,0,0,0,0,0,https://news.naver.com/main/read.nhn?mode=LSD&mid=sec&sid1=106&oid=609&aid=0000254283,1
강동원,"문소리 ""동탄 '소리바' 강동원·송혜교·배용준도 왔다""",연예,40,2020,03,13,7:42,36,36,0,0,0,0,0,0,0,0,0,https://news.naver.com/main/read.nhn?mode=LSD&mid=sec&sid1=106&oid=018&aid=0004596507,1
강동원,"'밥블레스유2' 문소리, 강동원·송혜교 등 화려한 인맥부터 명품 조언까지 '예능감 폭발' [어젯밤TV]",연예,40,2020,03,13,13:49,28,28,0,0,0,0,0,0,0,0,0,https://news.naver.com/main/read.nhn?mode=LSD&mid=sec&sid1=106&oid=117&aid=0003342182,1
강동원,"강동원, 한'반도'로 돌아온다",연예,40,2020,03,13,8:02,45,45,0,0,0,0,0,0,0,0,0,https://news.naver.com/main/read.nhn?mode=LSD&mid=sec&sid1=106&oid=241&aid=0003010037,1
강동원,"'밥블레스유2' 문소리, '소리BAR' ""송혜교, 강동원 왔었다""",연예,40,2020,03,12,20:27,50,50,0,0,0,0,0,0,0,0,0,https://news.naver.com/main/read.nhn?mode=LSD&mid=sec&sid1=106&oid=112&aid=0003277520,1
강동원,"한국은 좁다…강동원 '반도', 해외 포스터 공개",연예,40,2020,03,12,8:34,22,22,0,0,0,0,0,0,0,0,0,https://news.naver.com/main/read.nhn?mode=LSD&mid=sec&sid1=106&oid=416&aid=0000256141,1
강동원,"‘밥블레스유2’ 문소리 “‘소리BAR’, 배용준·강동원·송혜교 왔었다”",연예,40,2020,03,12,21:43,18,18,0,0,0,0,0,0,0,0,0,https://news.naver.com/main/read.nhn?mode=LSD&mid=sec&sid1=106&oid=382&aid=0000804947,1
강동원,"누리꾼이 뽑은 ‘교복 무사통과 불혹 스타’ 1위 은지원…2위 장나라, 3위 강동원",연예,40,2020,03,09,10:41,197,197,0,0,0,0,0,0,0,0,0,https://news.naver.com/main/read.nhn?mode=LSD&mid=sec&sid1=106&oid=144&aid=0000660682,1
강동원,"YG 배우들, 누가 남고 누가 떠났나",연예,40,2020,03,11,24:53,29,29,0,0,0,0,0,0,0,0,0,https://news.naver.com/main/read.nhn?mode=LSD&mid=sec&sid1=106&oid=213&aid=0001157071,1
강동원,"[RE:TV] '밥블레스유2' 문소리 '소리바' 다녀간 스타? ""배용준·강동원·송혜교""",연예,40,2020,03,13,5:30,5,5,0,0,0,0,0,0,0,0,0,https://news.naver.com/main/read.nhn?mode=LSD&mid=sec&sid1=106&oid=421&aid=0004519840,1
강동원,"'밥블레스유2' 문소리 ""동탄엔 '소리바'…배용준·강동원·송혜교 방문해 식사""",연예,40,2020,03,13,12:10,24,24,0,0,0,0,0,0,0,0,0,https://news.naver.com/main/read.nhn?mode=LSD&mid=sec&sid1=106&oid=117&aid=0003342056,1
강동원,"'밥블레스유' 문소리, 동탄 '소리바'  강동원?송혜교?배용준 방문…박나래 ""나도 갈래"" [어저께TV]",연예,40,2020,03,13,6:50,4,4,0,0,0,0,0,0,0,0,0,https://news.naver.com/main/read.nhn?mode=LSD&mid=sec&sid1=106&oid=109&aid=0004179108,1
강동원,"‘밥블레스유2’ 문소리, 솔직함과 명품 조언으로 시청자 사로잡아",연예,40,2020,03,13,10:28,8,8,0,0,0,0,0,0,0,0,0,https://news.naver.com/main/read.nhn?mode=LSD&mid=sec&sid1=106&oid=382&aid=0000805072,1
강동원,"[단독]'밥블레스유2' PD ""문소리, 첫 인생언니 출연에 감사해…슈스스 한혜연 출연 예고""(인터뷰)",연예,40,2020,03,13,10:51,13,13,0,0,0,0,0,0,0,0,0,https://news.naver.com/main/read.nhn?mode=LSD&mid=sec&sid1=106&oid=076&aid=0003541616,1
강동원,"'밥블레스유2' 문소리 ""남편과 비밀 연애 후 결혼, 친구와 절교했다""",연예,40,2020,03,13,10:14,18,18,0,0,0,0,0,0,0,0,0,https://news.naver.com/main/read.nhn?mode=LSD&mid=sec&sid1=106&oid=311&aid=0001122764,1
강동원,"[SC리뷰]'밥블레스유2' 인생언니 문소리, 사이다 공감토크…♥장준환 러브스토리→동탄 소리바까지",연예,40,2020,03,13,8:32,17,17,0,0,0,0,0,0,0,0,0,https://news.naver.com/main/read.nhn?mode=LSD&mid=sec&sid1=106&oid=076&aid=0003541538,1
강동원,"'밥블레스유2' 문소리 ""동탄 소리바? 송혜교·강동원에 밥 해줘""",연예,40,2020,03,12,13:44,71,71,0,0,0,0,0,0,0,0,0,https://news.naver.com/main/read.nhn?mode=LSD&mid=sec&sid1=106&oid=312&aid=0000438944,1
강동원,"'밥블레스유2' 문소리 ""동탄 소리바, 강동원·송혜교도 찾아와""",연예,40,2020,03,12,13:29,32,32,0,0,0,0,0,0,0,0,0,https://news.naver.com/main/read.nhn?mode=LSD&mid=sec&sid1=106&oid=421&aid=0004518549,1
강동원,"'밥블레스유2' 문소리 ""동탄 소리바? 송혜교·강동원에 밥 해줘""",연예,40,2020,03,12,20:18,51,51,0,0,0,0,0,0,0,0,0,https://news.naver.com/main/read.nhn?mode=LSD&mid=sec&sid1=106&oid=076&aid=0003541476,1
강동원,연상호 감독·강동원 '반도' 해외 포스터 공개...올 여름 개봉,연예,40,2020,03,12,8:43,12,12,0,0,0,0,0,0,0,0,0,https://news.naver.com/main/read.nhn?mode=LSD&mid=sec&sid1=106&oid=003&aid=0009752243,1
강동원,"'반도', 해외 포스터 2종…""좀비와 맞서는 강동원""",연예,40,2020,03,12,10:33,12,12,0,0,0,0,0,0,0,0,0,https://news.naver.com/main/read.nhn?mode=LSD&mid=sec&sid1=106&oid=433&aid=0000067724,1
강동원,"강동원 '반도', 해외 포스터 공개…""전세계적 관심""",연예,40,2020,03,12,9:13,16,16,0,0,0,0,0,0,0,0,0,https://news.naver.com/main/read.nhn?mode=LSD&mid=sec&sid1=106&oid=119&aid=0002388545,1
강동원,"연상호X강동원 '반도', 전세계 론칭 포스터 공개..북미→프랑스",연예,40,2020,03,12,8:18,11,11,0,0,0,0,0,0,0,0,0,https://news.naver.com/main/read.nhn?mode=LSD&mid=sec&sid1=106&oid=241&aid=0003009842,1
강동원,"은지원, 당장 교복 입고 고등학교 가도 무사통과할 것 같은 불혹 스타 1위",연예,40,2020,03,09,11:38,402,402,0,0,0,0,0,0,0,0,0,https://news.naver.com/main/read.nhn?mode=LSD&mid=sec&sid1=106&oid=109&aid=0004177728,1
강동원,"은지원, 당장 교복 입고 고등학교 가도 무사통과할 것 같은 불혹 넘긴 스타 1위",연예,40,2020,03,09,11:00,85,85,0,0,0,0,0,0,0,0,0,https://news.naver.com/main/read.nhn?mode=LSD&mid=sec&sid1=106&oid=117&aid=0003340617,1
강동원,[단독]강동원→유연석..3년 진행된 '고요한 아침' 코로나19로 위기 [종합],연예,41,2020,03,16,15:36,285,26,0,259,0,0,0,0,0,0,0,https://news.naver.com/main/read.nhn?mode=LSD&mid=sec&sid1=106&oid=108&aid=0002849395,1
강동원,"[따져보니] 안전자산 달러, 사야하나?",경제,41,2020,03,20,21:36,14,3,0,0,8,3,0,0,0,0,0,https://news.naver.com/main/read.nhn?mode=LSD&mid=sec&sid1=101&oid=448&aid=0000294254,1
강동원,[따져보니] 임상시험 들어갔다는데…코로나 치료약은 언제?,사회,41,2020,03,18,21:19,118,63,1,6,39,9,0,0,0,0,0,https://news.naver.com/main/read.nhn?mode=LSD&mid=sec&sid1=102&oid=448&aid=0000294122,1
강동원,[따져보니] 19일부터 '특별입국절차'…국경 폐쇄 왜 못하나?,사회,41,2020,03,19,21:40,15,0,0,0,14,1,0,0,0,0,0,https://news.naver.com/main/read.nhn?mode=LSD&mid=sec&sid1=102&oid=448&aid=0000294199,1
강동원,"'편애중계', 얼핏 보면 1초 서울대 강동원 등장",연예,42,2020,03,28,10:56,14,12,0,2,0,0,0,0,0,0,0,https://news.naver.com/main/read.nhn?mode=LSD&mid=sec&sid1=106&oid=312&aid=0000440574,1
강동원,"강동원 스틸, '반도' 속 압도적인 눈빛",연예,42,2020,03,24,9:24,14,14,0,0,0,0,0,0,0,0,0,https://news.naver.com/main/read.nhn?mode=LSD&mid=sec&sid1=106&oid=082&aid=0000990854,1
강동원,"강동원X연상호 '반도', 美 인디와이어 선정 '칸 초청 후보작'",연예,42,2020,03,24,7:24,22,22,0,0,0,0,0,0,0,0,0,https://news.naver.com/main/read.nhn?mode=LSD&mid=sec&sid1=106&oid=241&aid=0003012100,1
강동원,"강동원이 온다…'반도', 강렬X압도 스틸 공개",연예,42,2020,03,23,17:08,26,26,0,0,0,0,0,0,0,0,0,https://news.naver.com/main/read.nhn?mode=LSD&mid=sec&sid1=106&oid=468&aid=0000639604,1
강동원,"'편애중계' 김성주→안정환, #연애 상황극 #미팅 비하인드 [전일야화]",연예,42,2020,03,28,7:17,4,4,0,0,0,0,0,0,0,0,0,https://news.naver.com/main/read.nhn?mode=LSD&mid=sec&sid1=106&oid=311&aid=0001128336,1
강동원,[TEN 이슈] '반도' '영웅' 코로나19 뚫고 여름 개봉 '출사표'...대작 줄줄이 대기中,연예,42,2020,03,28,13:12,71,65,0,6,0,0,0,0,0,0,0,https://news.naver.com/main/read.nhn?mode=LSD&mid=sec&sid1=106&oid=312&aid=0000440587,1
강동원,"[TV북마크] ‘편애중계’ 서울대 김유로, 강동원 닮은꼴+반전 말투→초토화",연예,42,2020,03,28,13:56,3,3,0,0,0,0,0,0,0,0,0,https://news.naver.com/main/read.nhn?mode=LSD&mid=sec&sid1=106&oid=382&aid=0000808902,1
강동원,‘편애중계’ 성적 1% 명문대 선수들의 생애 첫 미팅→연애 오답 작렬,연예,42,2020,03,28,9:55,5,5,0,0,0,0,0,0,0,0,0,https://news.naver.com/main/read.nhn?mode=LSD&mid=sec&sid1=106&oid=410&aid=0000680060,1
강동원,"‘편애중계’ 명문대 선수들의 생애 첫 미팅! 성적은 FLEX, 연애는 FAIL?",연예,42,2020,03,28,8:38,5,5,0,0,0,0,0,0,0,0,0,https://news.naver.com/main/read.nhn?mode=LSD&mid=sec&sid1=106&oid=408&aid=0000089557,1
강동원,"""성적은 FLEX, 연애는 FAIL?""..'편애중계', 명문대 3인방의 첫 미팅 도전기",연예,42,2020,03,28,8:03,12,12,0,0,0,0,0,0,0,0,0,https://news.naver.com/main/read.nhn?mode=LSD&mid=sec&sid1=106&oid=112&aid=0003282756,1
강동원,강동원 아닌 연상호 감독에 더 집중된 '반도'. 왜?[SS무비],연예,42,2020,03,24,24:35,23,23,0,0,0,0,0,0,0,0,0,https://news.naver.com/main/read.nhn?mode=LSD&mid=sec&sid1=106&oid=468&aid=0000639894,1
강동원,"""소총 든 강동원과 달려오는 좀비""…'부산행' 후속 '반도', 스틸 첫 공개",연예,42,2020,03,24,8:33,7,7,0,0,0,0,0,0,0,0,0,https://news.naver.com/main/read.nhn?mode=LSD&mid=sec&sid1=106&oid=076&aid=0003545735,1
강동원,'반도' 더욱 업그레이드된 K-좀비와 강동원 스틸 공개,연예,42,2020,03,24,10:42,11,10,0,1,0,0,0,0,0,0,0,https://news.naver.com/main/read.nhn?mode=LSD&mid=sec&sid1=106&oid=408&aid=0000089276,1
강동원,"""압도적이다""..'반도', 좀비 잡는 강동원 첫 스틸 공개",연예,42,2020,03,24,8:26,3,3,0,0,0,0,0,0,0,0,0,https://news.naver.com/main/read.nhn?mode=LSD&mid=sec&sid1=106&oid=108&aid=0002851055,1
강동원,“이준기+강동원 닮은꼴” 편애중계 전원 극찬한 서울대생 비주얼[결정적장면],연예,42,2020,03,28,6:00,7,6,0,1,0,0,0,0,0,0,0,https://news.naver.com/main/read.nhn?mode=LSD&mid=sec&sid1=106&oid=609&aid=0000261755,1
강동원,"[시네마Y] 칸영화제 연기, '반도'에는 호재?…마케팅 효과 극대화",연예,42,2020,03,24,17:07,15,14,0,1,0,0,0,0,0,0,0,https://news.naver.com/main/read.nhn?mode=LSD&mid=sec&sid1=106&oid=416&aid=0000256529,1
강동원,"연상호 '반도' 베일 벗자마자 외신반응↑ ""코로나19 예상 못했지만..""",연예,42,2020,03,24,24:24,5,5,0,0,0,0,0,0,0,0,0,https://news.naver.com/main/read.nhn?mode=LSD&mid=sec&sid1=106&oid=213&aid=0001158307,1
강동원,"[SC이슈] 강동원 주연 '반도', 美인디와이어 선정 칸영화제 韓유일 유력 초청작 언급",연예,42,2020,03,24,10:14,21,21,0,0,0,0,0,0,0,0,0,https://news.naver.com/main/read.nhn?mode=LSD&mid=sec&sid1=106&oid=076&aid=0003545792,1
강동원,연상호 감독의 '반도' 올해 칸 영화제 초청 가능성 ↑[SS무비],연예,42,2020,03,24,11:52,5,5,0,0,0,0,0,0,0,0,0,https://news.naver.com/main/read.nhn?mode=LSD&mid=sec&sid1=106&oid=468&aid=0000639885,1
강동원,"""강동원 vs 좀비""..'반도', '부산행' 뛰어넘는 스케일",연예,42,2020,03,23,17:33,29,28,0,1,0,0,0,0,0,0,0,https://news.naver.com/main/read.nhn?mode=LSD&mid=sec&sid1=106&oid=404&aid=0000263389,1
강동원,"연상호 '반도', 스틸 컷 최초 공개…좀비 잡는 강동원 '일촉즉발'",연예,42,2020,03,23,17:35,18,17,0,1,0,0,0,0,0,0,0,https://news.naver.com/main/read.nhn?mode=LSD&mid=sec&sid1=106&oid=421&aid=0004538779,1
강동원,강동원과 좀비의 사투…'반도' 스틸 최초 공개,연예,42,2020,03,23,17:56,54,54,0,0,0,0,0,0,0,0,0,https://news.naver.com/main/read.nhn?mode=LSD&mid=sec&sid1=106&oid=416&aid=0000256495,1
강동원,"""'부산행' 그 후"" 강동원X이정현 '반도', 첫 스틸 공개",연예,42,2020,03,23,17:10,21,21,0,0,0,0,0,0,0,0,0,https://news.naver.com/main/read.nhn?mode=LSD&mid=sec&sid1=106&oid=312&aid=0000440005,1
강동원,"강동원X연상호 '반도', 예고편 공개..'부산행'보다 빠르고 강렬하다",연예,43,2020,04,02,24:24,34,34,0,0,0,0,0,0,0,0,0,https://news.naver.com/main/read.nhn?mode=LSD&mid=sec&sid1=106&oid=241&aid=0003014179,1
강동원,'붐바스틱은 옛말?' 선거판도 트로트 열풍,정치,43,2020,04,03,6:06,24,12,2,0,9,1,0,0,0,0,0,https://news.naver.com/main/read.nhn?mode=LSD&mid=sec&sid1=100&oid=079&aid=0003344514,1
강동원,[N컷] '편애중계' 동덕여대 김유정 등장…'1초 강동원' 서울대생의 반전,연예,43,2020,04,01,8:53,2,1,0,1,0,0,0,0,0,0,0,https://news.naver.com/main/read.nhn?mode=LSD&mid=sec&sid1=106&oid=421&aid=0004555921,1
강동원,‘가려진 시간’ OCN서 방송 중…강동원·신은수 특급 우정 그린 판타지물,연예,43,2020,04,01,9:43,2,1,0,1,0,0,0,0,0,0,0,https://news.naver.com/main/read.nhn?mode=LSD&mid=sec&sid1=106&oid=009&aid=0004548370,1
강동원,"강동원X이정현 '반도', 예고편 속 '부산행' 뛰어넘는 스케일",연예,43,2020,04,02,14:29,9,9,0,0,0,0,0,0,0,0,0,https://news.naver.com/main/read.nhn?mode=LSD&mid=sec&sid1=106&oid=404&aid=0000264025,1
강동원,"[공식]'부산행' 그 후 4년…'반도', 생존자 강동원, 필사의 사투가 시작됐다",연예,43,2020,04,02,19:00,34,34,0,0,0,0,0,0,0,0,0,https://news.naver.com/main/read.nhn?mode=LSD&mid=sec&sid1=106&oid=076&aid=0003550163,1
강동원,"‘반도’ 강동원·이정현, ‘부산행’ 그 후 4년…1차 예고편 공개",연예,43,2020,04,02,13:10,2,2,0,0,0,0,0,0,0,0,0,https://news.naver.com/main/read.nhn?mode=LSD&mid=sec&sid1=106&oid=005&aid=0001307134,1
강동원,"강동원X연상호 감독 '반도', 1차 예고편 공개…'부산행' 넘을 블록버스터 온다",연예,43,2020,04,02,13:49,6,6,0,0,0,0,0,0,0,0,0,https://news.naver.com/main/read.nhn?mode=LSD&mid=sec&sid1=106&oid=468&aid=0000643796,1
강동원,"'편애중계' 소개팅, '동덕여대 김유정' 등장..'1초 강동원'의 반란",연예,43,2020,04,01,8:41,2,2,0,0,0,0,0,0,0,0,0,https://news.naver.com/main/read.nhn?mode=LSD&mid=sec&sid1=106&oid=108&aid=0002852811,1
강동원,"'편애중계' 동덕여대 김유정 등장…안정환 ""이건 찐이다""",연예,43,2020,04,01,8:29,5,5,0,0,0,0,0,0,0,0,0,https://news.naver.com/main/read.nhn?mode=LSD&mid=sec&sid1=106&oid=468&aid=0000643180,1
강동원,동덕여대 김유정? 얼마나 닮았길래…서장훈 '인정',연예,43,2020,04,01,11:38,7,7,0,0,0,0,0,0,0,0,0,https://news.naver.com/main/read.nhn?mode=LSD&mid=sec&sid1=106&oid=015&aid=0004316825,1
강동원,"봉태규 매니저 심종오, BTS 진·강동원·하석진 닮은꼴 꽃미남 등장(전참시)",연예,44,2020,04,11,23:50,63,61,0,1,0,0,0,0,0,1,0,https://news.naver.com/main/read.nhn?mode=LSD&mid=sec&sid1=106&oid=410&aid=0000683889,1
강동원,"'전참시' 봉태규 매니저, 하석진·강동원·BTS 진 닮은꼴 '눈길'",연예,44,2020,04,11,23:18,19,18,0,1,0,0,0,0,0,0,0,https://news.naver.com/main/read.nhn?mode=LSD&mid=sec&sid1=106&oid=311&aid=0001133704,1
강동원,"강동원 '반도', 1차 예고편 5일만 천만뷰 돌파…국내·외 반응후끈",연예,44,2020,04,06,15:35,21,21,0,0,0,0,0,0,0,0,0,https://news.naver.com/main/read.nhn?mode=LSD&mid=sec&sid1=106&oid=112&aid=0003285627,1
강동원,"올여름 극장가, 한국 영화 '집안싸움' 될까",생활,44,2020,04,05,7:00,3,3,0,0,0,0,0,0,0,0,0,https://news.naver.com/main/read.nhn?mode=LSD&mid=sec&sid1=103&oid=001&aid=0011523374,1
강동원,"[따져보니] n번방 10대 피의자, 처벌 안받는다?",사회,44,2020,04,09,21:47,22,0,0,0,20,2,0,0,0,0,0,https://news.naver.com/main/read.nhn?mode=LSD&mid=sec&sid1=102&oid=448&aid=0000295417,1
강동원,"트로트, 선거판도 싹 다 갈아엎으며 재개발 중!",연예,44,2020,04,09,11:28,1,1,0,0,0,0,0,0,0,0,0,https://news.naver.com/main/read.nhn?mode=LSD&mid=sec&sid1=106&oid=465&aid=0000004228,1
강동원,“방탄소년단 진→강동원 닮은꼴” 봉태규 매니저 ‘전참시’ 첫등장에 주목,연예,44,2020,04,11,23:18,53,51,0,2,0,0,0,0,0,0,0,https://news.naver.com/main/read.nhn?mode=LSD&mid=sec&sid1=106&oid=609&aid=0000266321,1
강동원,"'전참시' 봉태규 ""내 매니저, 나보다 더 연예인 같아"" [별별TV]",연예,44,2020,04,11,23:33,13,13,0,0,0,0,0,0,0,0,0,https://news.naver.com/main/read.nhn?mode=LSD&mid=sec&sid1=106&oid=108&aid=0002855388,1
강동원,"'전참시' 봉태규, 매니저 직접 제보 ""정말 잘 생겼는지 확인 하고 싶어""",연예,44,2020,04,11,23:25,7,7,0,0,0,0,0,0,0,0,0,https://news.naver.com/main/read.nhn?mode=LSD&mid=sec&sid1=106&oid=109&aid=0004191114,1
강동원,"`반도` 1차 예고편으로도 뜨겁다 ""월드클래스""",연예,44,2020,04,06,14:19,8,8,0,0,0,0,0,0,0,0,0,https://news.naver.com/main/read.nhn?mode=LSD&mid=sec&sid1=106&oid=009&aid=0004551573,1
강동원,"""월드클래스""…강동원·이정현 '반도', 예고편 공개 후 전 세계 호평",연예,44,2020,04,06,14:18,19,19,0,0,0,0,0,0,0,0,0,https://news.naver.com/main/read.nhn?mode=LSD&mid=sec&sid1=106&oid=311&aid=0001131436,1
강동원,"'반도', 연상호+강동원의 만남..예고편만으로 전 세계 관심 폭발",연예,44,2020,04,06,15:56,11,11,0,0,0,0,0,0,0,0,0,https://news.naver.com/main/read.nhn?mode=LSD&mid=sec&sid1=106&oid=108&aid=0002854080,1
강동원,"올 여름, 텐트폴 영화들이 던진 승부수… ‘뮬란’과 맞대결",연예,44,2020,04,05,11:29,1,1,0,0,0,0,0,0,0,0,0,https://news.naver.com/main/read.nhn?mode=LSD&mid=sec&sid1=106&oid=005&aid=0001307903,1
강동원,"올여름 극장가, 한국 영화와 디즈니 '뮬란' 경쟁 예정",연예,44,2020,04,05,13:38,1,1,0,0,0,0,0,0,0,0,0,https://news.naver.com/main/read.nhn?mode=LSD&mid=sec&sid1=106&oid=057&aid=0001440320,1
강동원,"올여름 극장가, 한국 영화와 디즈니 '뮬란' 맞붙는다(종합)",생활,44,2020,04,05,9:56,6,4,0,0,2,0,0,0,0,0,0,https://news.naver.com/main/read.nhn?mode=LSD&mid=sec&sid1=103&oid=001&aid=0011523556,1
강동원,"[B하인드] 강동원-공유-이동욱-이정재-정우성-조인성, 이들의 공통점은?",연예,45,2020,04,16,13:39,77,76,0,1,0,0,0,0,0,0,0,https://news.naver.com/main/read.nhn?mode=LSD&mid=sec&sid1=106&oid=408&aid=0000090878,1
강동원,강동원 좀비액션 '반도' 올해 칸서 못 보나…佛정부 개최 제동,생활,45,2020,04,15,14:52,49,2,2,40,3,2,0,0,0,0,0,https://news.naver.com/main/read.nhn?mode=LSD&mid=sec&sid1=103&oid=025&aid=0002993026,1
강동원,"강동원 주연 ‘반도’, 전 세계 유튜버들 열광하는 까닭",연예,45,2020,04,13,8:54,9,9,0,0,0,0,0,0,0,0,0,https://news.naver.com/main/read.nhn?mode=LSD&mid=sec&sid1=106&oid=469&aid=0000486843,1
강동원,"‘전참시’ 봉태규, 강동원·BTS 진 닮은꼴 매니저 폭로…최고 7.8% [MK★TV시청률]",연예,45,2020,04,12,9:50,3,2,0,1,0,0,0,0,0,0,0,https://news.naver.com/main/read.nhn?mode=LSD&mid=sec&sid1=106&oid=410&aid=0000683908,1
강동원,"""'부산행'보다 훨씬 소름""...'반도' 예고편 해외서 후끈",연예,45,2020,04,13,11:18,5,5,0,0,0,0,0,0,0,0,0,https://news.naver.com/main/read.nhn?mode=LSD&mid=sec&sid1=106&oid=003&aid=0009812526,1
강동원,"""'부산행'보다 소름""…'반도' 1차 예고편, 뜨거운 반응",연예,45,2020,04,13,16:00,14,14,0,0,0,0,0,0,0,0,0,https://news.naver.com/main/read.nhn?mode=LSD&mid=sec&sid1=106&oid=119&aid=0002395765,1
강동원,"""'부산행'보다 소름""…'반도', 해외 유튜버·네티즌도 열광",연예,45,2020,04,13,8:42,1,1,0,0,0,0,0,0,0,0,0,https://news.naver.com/main/read.nhn?mode=LSD&mid=sec&sid1=106&oid=421&aid=0004582068,1
강동원,"'전참시' 봉태규vs강동원+BTS 진 닮은꼴 매니저, 질투 폭발+꿀잼 케미..최고 7.8%",연예,45,2020,04,12,7:53,5,5,0,0,0,0,0,0,0,0,0,https://news.naver.com/main/read.nhn?mode=LSD&mid=sec&sid1=106&oid=112&aid=0003287525,1
강동원,"‘전참시’ 봉태규, ‘강동원 닮은 꼴’ 매니저와 유쾌 케미 폭발 [M+TV인사이드]",연예,45,2020,04,12,10:23,1,1,0,0,0,0,0,0,0,0,0,https://news.naver.com/main/read.nhn?mode=LSD&mid=sec&sid1=106&oid=057&aid=0001442950,1
강동원,"강동원, 공대 환상 심어주는 공대 출신 스타 1위...2위는 하석진",연예,45,2020,04,13,10:48,26,26,0,0,0,0,0,0,0,0,0,https://news.naver.com/main/read.nhn?mode=LSD&mid=sec&sid1=106&oid=117&aid=0003352011,1
강동원,"‘전참시’ 홍현희, 조한선 향한 팬심 “‘늑대의 유혹’ 강동원보다 더 좋아했다”",연예,46,2020,04,25,23:09,4,4,0,0,0,0,0,0,0,0,0,https://news.naver.com/main/read.nhn?mode=LSD&mid=sec&sid1=106&oid=057&aid=0001448292,1
강동원,[따져보니] 지원금 자발적 기부…왜 번거로운 방법 택하나,정치,46,2020,04,23,21:23,280,3,0,1,274,2,0,0,0,0,0,https://news.naver.com/main/read.nhn?mode=LSD&mid=sec&sid1=100&oid=448&aid=0000296237,1
강동원,"강동원 주연 '반도', 월드와이드 VR 판권 계약 체결",연예,46,2020,04,20,10:07,6,6,0,0,0,0,0,0,0,0,0,https://news.naver.com/main/read.nhn?mode=LSD&mid=sec&sid1=106&oid=416&aid=0000257364,1
강동원,[팩트체크K] “오거돈에 보궐선거 비용 구상권 청구!”…가능할까?,정치,46,2020,04,24,19:46,113,12,2,0,99,0,0,0,0,0,0,https://news.naver.com/main/read.nhn?mode=LSD&mid=sec&sid1=100&oid=056&aid=0010824966,1
강동원,"이수지, '미라' 찢은 스페셜DJ..신혼 자랑→'부부의세계' 성대모사→라이브 무대까지[종합]",연예,46,2020,04,24,17:18,6,6,0,0,0,0,0,0,0,0,0,https://news.naver.com/main/read.nhn?mode=LSD&mid=sec&sid1=106&oid=112&aid=0003291973,1
강동원,"[따져보니] 수사받는 오거돈, 어떤 처벌 받게 되나",사회,46,2020,04,24,21:07,2,0,0,0,1,1,0,0,0,0,0,https://news.naver.com/main/read.nhn?mode=LSD&mid=sec&sid1=102&oid=448&aid=0000296288,1
강동원,"강동원 '반도', VR 글로벌 판권 계약 체결…전세계 색다른 즐거움 선사",연예,46,2020,04,20,8:40,3,3,0,0,0,0,0,0,0,0,0,https://news.naver.com/main/read.nhn?mode=LSD&mid=sec&sid1=106&oid=112&aid=0003290051,1
강동원,"[공식] '반도', 싱가포르 특효 영상 제작사 비비드쓰리와 VR 글로벌 판권 계약 체결",연예,46,2020,04,20,8:41,2,2,0,0,0,0,0,0,0,0,0,https://news.naver.com/main/read.nhn?mode=LSD&mid=sec&sid1=106&oid=076&aid=0003556274,1
강동원,"강동원, 우산 속 그 남자..좀비 때려잡으러 온다②",연예,47,2020,04,30,11:00,61,61,0,0,0,0,0,0,0,0,0,https://news.naver.com/main/read.nhn?mode=LSD&mid=sec&sid1=106&oid=108&aid=0002859696,1
강동원,[코로나19 後 만나요] 강동원부터 송중기·조인성까지 ①,연예,47,2020,04,30,11:00,53,53,0,0,0,0,0,0,0,0,0,https://news.naver.com/main/read.nhn?mode=LSD&mid=sec&sid1=106&oid=108&aid=0002859697,1
강동원,"[따져보니] 문제 많은 우레탄폼, 왜 계속 사용하나",사회,47,2020,05,01,21:11,1,0,0,0,1,0,0,0,0,0,0,https://news.naver.com/main/read.nhn?mode=LSD&mid=sec&sid1=102&oid=448&aid=0000296680,-1
강동원,재건축 세입자는 못 받고 재개발 세입자는 받는 이것은?,경제,47,2020,05,02,9:44,37,17,0,1,16,3,0,0,0,0,0,https://news.naver.com/main/read.nhn?mode=LSD&mid=sec&sid1=101&oid=277&aid=0004671287,1
강동원,‘정법’ 김요한 “강동원 닮은꼴 별명 많이 들었다” 싱크로율 100%,연예,48,2020,05,09,21:11,8,7,0,0,0,0,0,0,0,1,0,https://news.naver.com/main/read.nhn?mode=LSD&mid=sec&sid1=106&oid=609&aid=0000275579,1
강동원,"황정민→유아인→강동원…포스트 코로나, 기대작 쏟아진다",연예,48,2020,05,07,8:02,49,49,0,0,0,0,0,0,0,0,0,https://news.naver.com/main/read.nhn?mode=LSD&mid=sec&sid1=106&oid=241&aid=0003020974,1
강동원,"강동원도, 송중기도 '여름 컴백'···한국영화 속속 개봉 확정",생활,48,2020,05,07,7:08,32,16,0,0,15,1,0,0,0,0,0,https://news.naver.com/main/read.nhn?mode=LSD&mid=sec&sid1=103&oid=011&aid=0003733548,1
강동원,"좀비잡는 강동원-우주선 탄 송중기, 해외도 난리날 수밖에[무비와치]",연예,48,2020,05,08,6:04,85,82,0,2,0,0,0,0,0,1,0,https://news.naver.com/main/read.nhn?mode=LSD&mid=sec&sid1=106&oid=609&aid=0000274946,1
강동원,"김정화X한혜진, 17년만 `외출`로 뽐낸 `냉동인간 미모`(ft.강동원)",연예,48,2020,05,04,14:04,7,7,0,0,0,0,0,0,0,0,0,https://news.naver.com/main/read.nhn?mode=LSD&mid=sec&sid1=106&oid=009&aid=0004568435,1
강동원,김정화-한혜진 '외출' 앞두고 인증샷 화제…17년 '방부제 미모' 뽐내,연예,48,2020,05,04,17:32,2,2,0,0,0,0,0,0,0,0,0,https://news.naver.com/main/read.nhn?mode=LSD&mid=sec&sid1=106&oid=057&aid=0001450950,1
강동원,"NEW, '반도'로 흥행 4연타 정조준…하반기도 접수할까",연예,48,2020,05,08,7:06,10,10,0,0,0,0,0,0,0,0,0,https://news.naver.com/main/read.nhn?mode=LSD&mid=sec&sid1=106&oid=117&aid=0003360418,1
강동원,"강동원X황정민→'천만감독', 극장가 구원할 ★플레이어 온다[SS무비]",연예,49,2020,05,11,6:00,5,3,0,1,0,0,0,0,0,1,0,https://news.naver.com/main/read.nhn?mode=LSD&mid=sec&sid1=106&oid=468&aid=0000656916,1
강동원,"[夏대전] ""3000만 가능?""…'반도 vs 영웅 vs 승리호' 출사표",연예,49,2020,05,11,8:02,26,23,0,2,0,0,0,0,0,1,0,https://news.naver.com/main/read.nhn?mode=LSD&mid=sec&sid1=106&oid=241&aid=0003021815,1
강동원,불개미 공격 이영표→배 전복 예인 ‘정법’ 첫방 달군 사고[어제TV],연예,49,2020,05,10,6:01,8,8,0,0,0,0,0,0,0,0,0,https://news.naver.com/main/read.nhn?mode=LSD&mid=sec&sid1=106&oid=609&aid=0000275631,1
강동원,"'고향 후배 둔기로 폭행' 50대, 징역 7년…""끔찍한 수법 썼다""",사회,49,2020,05,14,17:56,11,0,0,1,10,0,0,0,0,0,0,https://news.naver.com/main/read.nhn?mode=LSD&mid=sec&sid1=102&oid=277&aid=0004678581,1
강동원,동료 성폭행·촬영하고 술자리서 자랑한 경찰…징역 3년6월,사회,49,2020,05,13,15:10,102,2,0,0,97,3,0,0,0,0,0,https://news.naver.com/main/read.nhn?mode=LSD&mid=sec&sid1=102&oid=005&aid=0001320825,1
강동원,둔기로 얻어맞은 후배 의식불명…가해 50대 징역 7년,사회,49,2020,05,14,16:36,1,1,0,0,0,0,0,0,0,0,0,https://news.naver.com/main/read.nhn?mode=LSD&mid=sec&sid1=102&oid=001&aid=0011609638,1
강동원,고향 후배 둔기로 내리쳐 의식불명…50대 '징역 7년',사회,49,2020,05,14,17:26,2,0,0,0,2,0,0,0,0,0,0,https://news.naver.com/main/read.nhn?mode=LSD&mid=sec&sid1=102&oid=003&aid=0009862937,1
강동원,동료 성폭행 하고 “잠자리 했다” 자랑한 경찰관,사회,49,2020,05,13,11:54,"1,018",3,9,5,981,20,0,0,0,0,0,https://news.naver.com/main/read.nhn?mode=LSD&mid=sec&sid1=102&oid=022&aid=0003464678,1
강동원,동료 경찰관 성폭행후 사진 촬영·유포한 경찰관 징역 3년6월,사회,49,2020,05,13,14:17,12,0,0,0,12,0,0,0,0,0,0,https://news.naver.com/main/read.nhn?mode=LSD&mid=sec&sid1=102&oid=028&aid=0002497064,1
강동원,"법원, '동료 성폭행·영상 유포' 순경에 징역 3년 6개월 선고",사회,49,2020,05,13,11:06,3,0,0,0,3,0,0,0,0,0,0,https://news.naver.com/main/read.nhn?mode=LSD&mid=sec&sid1=102&oid=002&aid=0002133948,1
강동원,동료 성폭행 후 영상 돌려본 경찰관 징역 3년6개월,사회,49,2020,05,13,11:46,1,0,0,0,1,0,0,0,0,0,0,https://news.naver.com/main/read.nhn?mode=LSD&mid=sec&sid1=102&oid=469&aid=0000495860,1
강동원,'반도' '#살아있다'..좀비 만난 강동원X유아인,연예,50,2020,05,22,10:38,18,14,0,0,0,0,4,0,0,0,0,https://news.naver.com/main/read.nhn?mode=LSD&mid=sec&sid1=106&oid=108&aid=0002864765,1
강동원,‘라디오쇼’ 아유미 밝힌 #한달수입 #슈가 #연기욕심 #이상형 강동원(종합),연예,50,2020,05,18,11:56,8,5,0,0,0,0,2,0,0,1,0,https://news.naver.com/main/read.nhn?mode=LSD&mid=sec&sid1=106&oid=609&aid=0000278411,1
강동원,"정의연, 우간다 '김복동 센터' 100곳서 후원받아…현지단체 ""처음부터 거절""",사회,50,2020,05,20,7:49,797,2,1,0,779,15,0,0,0,0,0,https://news.naver.com/main/read.nhn?mode=LSD&mid=sec&sid1=102&oid=448&aid=0000297679,1
강동원,"[TEN 인터뷰] '부부의 세계' 이학주 ""불나방 같은 박인규, 자살로 끝나 미안했죠""",연예,50,2020,05,22,10:16,34,23,0,3,0,0,6,1,1,0,0,https://news.naver.com/main/read.nhn?mode=LSD&mid=sec&sid1=106&oid=312&aid=0000446846,1
강동원,'부산행' 확장판으로 재개봉…'반도' 쿠키 영상은 보너스,연예,50,2020,05,21,14:55,6,5,0,1,0,0,0,0,0,0,0,https://news.naver.com/main/read.nhn?mode=LSD&mid=sec&sid1=106&oid=416&aid=0000258430,1
강동원,스타파워는 옛말…드라마 주름 잡은 관록·신예파워[SS드라마],연예,50,2020,05,18,6:00,15,13,0,0,0,0,1,0,0,1,0,https://news.naver.com/main/read.nhn?mode=LSD&mid=sec&sid1=106&oid=468&aid=0000659505,1
강동원,"`힘을 내요, 미스터리` 등 코로나로 미뤘던 영화 쏟아진다",연예,50,2020,05,23,24:39,4,1,0,0,0,0,0,0,2,1,0,https://news.naver.com/main/read.nhn?mode=LSD&mid=sec&sid1=106&oid=029&aid=0002599786,1
강동원,"'부산행', 확장판으로 재개봉 논의 中…'반도' 쿠키 영상 추가",연예,50,2020,05,21,16:39,6,4,0,1,0,0,1,0,0,0,0,https://news.naver.com/main/read.nhn?mode=LSD&mid=sec&sid1=106&oid=117&aid=0003365936,1
강동원,‘부산행’ 확장판 재개봉→후속작 ‘반도’ 쿠키 영상도 공개,연예,50,2020,05,21,23:56,8,6,0,1,0,0,0,0,1,0,0,https://news.naver.com/main/read.nhn?mode=LSD&mid=sec&sid1=106&oid=057&aid=0001457375,1
강동원,[이슈시계] 韓 좀비물 무한진화중…유아인·강동원의 생존 방식은 다르다,연예,51,2020,05,30,8:40,21,18,0,0,0,0,2,0,0,1,0,https://news.naver.com/main/read.nhn?mode=LSD&mid=sec&sid1=106&oid=312&aid=0000447627,1
강동원,"'허리케인' 박슬기 ""정우성·조인성·박보검·강동원 만남, 전생에 나라 구해""",연예,51,2020,05,24,14:24,66,48,0,1,0,0,14,0,0,3,0,https://news.naver.com/main/read.nhn?mode=LSD&mid=sec&sid1=106&oid=311&aid=0001151020,1
강동원,"[SC초점] ""포스트 봉준호""…칸영화제, 초청작 대신 선정작 발표..韓영화 낭보 이어질까",연예,51,2020,05,29,11:37,5,1,0,0,0,0,1,0,3,0,0,https://news.naver.com/main/read.nhn?mode=LSD&mid=sec&sid1=106&oid=076&aid=0003575734,1
강동원,"코로나19 이후 텐트폴 시장, 대박일까 쪽박일까[무비와치]",연예,51,2020,05,30,6:01,11,6,0,0,0,0,1,0,0,4,0,https://news.naver.com/main/read.nhn?mode=LSD&mid=sec&sid1=106&oid=609&aid=0000283344,1
