김성오,[스포츠 국민 여신①] '빙상 위의 예술가' 김연아,연예,0,2019,06,07,15:22,16,16,0,0,0,0,0,0,0,0,0,https://news.naver.com/main/read.nhn?mode=LSD&mid=sec&sid1=106&oid=427&aid=0000033767,1
김성오,[스포츠 국민 여신③] '모태 미녀+프로 주부' 차유람,연예,0,2019,06,07,15:23,5,5,0,0,0,0,0,0,0,0,0,https://news.naver.com/main/read.nhn?mode=LSD&mid=sec&sid1=106&oid=427&aid=0000033769,1
김성오,[스포츠 국민 여신②] '아이돌 뺨치는 힙스터' 손연재,연예,0,2019,06,07,15:22,5,5,0,0,0,0,0,0,0,0,0,https://news.naver.com/main/read.nhn?mode=LSD&mid=sec&sid1=106&oid=427&aid=0000033768,1
김성오,"[의외의 ★형제③] ""혀심 훔친 매력남""…배성우X배성재",연예,1,2019,06,13,17:02,1,1,0,0,0,0,0,0,0,0,0,https://news.naver.com/main/read.nhn?mode=LSD&mid=sec&sid1=106&oid=427&aid=0000033809,1
김성오,"[의외의 ★형제②] ""연기神 중년배우""…이효정X이기영",연예,1,2019,06,13,17:02,3,3,0,0,0,0,0,0,0,0,0,https://news.naver.com/main/read.nhn?mode=LSD&mid=sec&sid1=106&oid=427&aid=0000033808,1
김성오,"[의외의 ★형제①] ""姓만 다른 진짜형제""…하정우X차현우",연예,1,2019,06,13,17:02,2,2,0,0,0,0,0,0,0,0,0,https://news.naver.com/main/read.nhn?mode=LSD&mid=sec&sid1=106&oid=427&aid=0000033807,1
김성오,"[의외의 ★형제④] ""트롯피 물려받은 사촌형제""…나훈아X나진기",연예,1,2019,06,13,17:03,7,7,0,0,0,0,0,0,0,0,0,https://news.naver.com/main/read.nhn?mode=LSD&mid=sec&sid1=106&oid=427&aid=0000033810,1
김성오,"[스타 ★테크③] 조인성, 이태원 알짜배기 건물 보유",연예,1,2019,06,10,17:41,2,2,0,0,0,0,0,0,0,0,0,https://news.naver.com/main/read.nhn?mode=LSD&mid=sec&sid1=106&oid=427&aid=0000033779,1
김성오,"[스타 ★테크①] 싸이, 신사동 낡은 주택 매입한 이유는?",연예,1,2019,06,10,17:40,7,7,0,0,0,0,0,0,0,0,0,https://news.naver.com/main/read.nhn?mode=LSD&mid=sec&sid1=106&oid=427&aid=0000033777,1
김성오,"[스타 ★테크⑤] 기성용, 순천에 10층짜리 빌딩 소유…임대 수익은?",연예,1,2019,06,10,17:42,40,34,0,6,0,0,0,0,0,0,0,https://news.naver.com/main/read.nhn?mode=LSD&mid=sec&sid1=106&oid=427&aid=0000033781,1
김성오,"[스타 ★테크②] 이병헌, 투자의 달인…'억' 소리나는 건물 월세 수익",연예,1,2019,06,10,17:41,11,9,0,2,0,0,0,0,0,0,0,https://news.naver.com/main/read.nhn?mode=LSD&mid=sec&sid1=106&oid=427&aid=0000033778,1
김성오,"[스타 ★테크④] 김연아, 흑석동 고급빌라 매입…피겨여왕→재테크의 여왕",연예,1,2019,06,10,17:41,26,26,0,0,0,0,0,0,0,0,0,https://news.naver.com/main/read.nhn?mode=LSD&mid=sec&sid1=106&oid=427&aid=0000033780,1
김성오,"[연예계 핫뉴스②] 임시완, 휴가 특혜 논란…왜?",연예,2,2019,06,19,15:10,5,5,0,0,0,0,0,0,0,0,0,https://news.naver.com/main/read.nhn?mode=LSD&mid=sec&sid1=106&oid=427&aid=0000033836,-1
김성오,[연예계 핫뉴스①] '준우승 신화' U-20 대표 팀 금의환향,연예,2,2019,06,19,15:09,1,1,0,0,0,0,0,0,0,0,0,https://news.naver.com/main/read.nhn?mode=LSD&mid=sec&sid1=106&oid=427&aid=0000033835,1
김성오,"[연예계 핫뉴스③] 임시완 팬들, 지지 성명 발표 ""문제 없는 사안""",연예,2,2019,06,19,15:10,21,21,0,0,0,0,0,0,0,0,0,https://news.naver.com/main/read.nhn?mode=LSD&mid=sec&sid1=106&oid=427&aid=0000033837,-1
김성오,"[연예계 핫뉴스④] 소녀시대 태연, 우울증 고백 ""약물 치료 중""",연예,2,2019,06,19,15:10,90,5,0,85,0,0,0,0,0,0,0,https://news.naver.com/main/read.nhn?mode=LSD&mid=sec&sid1=106&oid=427&aid=0000033838,1
김성오,"[스타 ★테크⑤] 아이유·윤아, '부동산 투자계 샛별' 등극",연예,3,2019,06,27,17:59,103,86,0,17,0,0,0,0,0,0,0,https://news.naver.com/main/read.nhn?mode=LSD&mid=sec&sid1=106&oid=427&aid=0000033893,1
김성오,"[스타 ★테크①] 소지섭, 한남동 고급 빌라 매입…용도는?",연예,3,2019,06,27,17:58,3,3,0,0,0,0,0,0,0,0,0,https://news.naver.com/main/read.nhn?mode=LSD&mid=sec&sid1=106&oid=427&aid=0000033889,1
김성오,"[스타 ★테크③] 김태희, 美 LA 인근 23억 주택 매입한 이유는?",연예,3,2019,06,27,17:59,25,22,0,3,0,0,0,0,0,0,0,https://news.naver.com/main/read.nhn?mode=LSD&mid=sec&sid1=106&oid=427&aid=0000033891,1
김성오,"[스타 ★테크④] 이병헌·이민정, LA 20억대 고급주택 매입...""활동 대비""",연예,3,2019,06,27,17:59,24,21,0,3,0,0,0,0,0,0,0,https://news.naver.com/main/read.nhn?mode=LSD&mid=sec&sid1=106&oid=427&aid=0000033892,1
김성오,"[스타 ★테크②] 하정우, 종각 젊음의 거리 빌딩 매입…향후 시세차익은?",연예,3,2019,06,27,17:58,7,2,0,5,0,0,0,0,0,0,0,https://news.naver.com/main/read.nhn?mode=LSD&mid=sec&sid1=106&oid=427&aid=0000033890,1
김성오,"[주간 연예법정③] 경찰, 'YG 압수수색' 예고한 이유는?",연예,4,2019,07,05,14:59,15,9,0,6,0,0,0,0,0,0,0,https://news.naver.com/main/read.nhn?mode=LSD&mid=sec&sid1=106&oid=427&aid=0000033934,1
김성오,"[주간 연예법정⑤] 박상민, 각서 위조됐다면 이자 갚지 않아도 될까",연예,4,2019,07,05,14:59,1,0,0,1,0,0,0,0,0,0,0,https://news.naver.com/main/read.nhn?mode=LSD&mid=sec&sid1=106&oid=427&aid=0000033936,1
김성오,"[주간 연예법정①] 양현석, '성접대 의혹' 공소시효 임박…연장될까?",연예,4,2019,07,05,14:59,3,2,0,1,0,0,0,0,0,0,0,https://news.naver.com/main/read.nhn?mode=LSD&mid=sec&sid1=106&oid=427&aid=0000033932,1
김성오,[송중기·송혜교 파경 미스터리①] 이혼 사유 미묘한 입장차…왜?,연예,4,2019,07,02,17:12,12,5,0,7,0,0,0,0,0,0,0,https://news.naver.com/main/read.nhn?mode=LSD&mid=sec&sid1=106&oid=427&aid=0000033917,1
김성오,"[스타★맞짱①] ""이런 정치인은 처음""…지진희 VS 이정재",연예,4,2019,07,04,15:41,5,5,0,0,0,0,0,0,0,0,0,https://news.naver.com/main/read.nhn?mode=LSD&mid=sec&sid1=106&oid=427&aid=0000033928,1
김성오,[송중기·송혜교 파경 미스터리③] 애꿎은 박보검에 '불똥'…왜?,연예,4,2019,07,02,17:13,12,11,0,1,0,0,0,0,0,0,0,https://news.naver.com/main/read.nhn?mode=LSD&mid=sec&sid1=106&oid=427&aid=0000033919,1
김성오,[송중기·송혜교 파경 미스터리④] 출연 작품 제작진 눈치 못 챘나?,연예,4,2019,07,02,17:13,22,10,0,12,0,0,0,0,0,0,0,https://news.naver.com/main/read.nhn?mode=LSD&mid=sec&sid1=106&oid=427&aid=0000033920,1
김성오,[주간 연예법정②] '성접대 의혹' 양현석 '내사종결' VS '수사 전환',연예,4,2019,07,05,14:59,7,4,0,3,0,0,0,0,0,0,0,https://news.naver.com/main/read.nhn?mode=LSD&mid=sec&sid1=106&oid=427&aid=0000033933,1
김성오,"[송중기·송혜교 파경 미스터리②] 송중기, 이혼 통보 왜 서둘렀나?",연예,4,2019,07,02,17:12,38,15,0,23,0,0,0,0,0,0,0,https://news.naver.com/main/read.nhn?mode=LSD&mid=sec&sid1=106&oid=427&aid=0000033918,1
김성오,"[스타★맞짱②] ""조선시대 첫사랑""…정소민, 첫 사극 도전",연예,5,2019,07,12,15:09,53,51,0,2,0,0,0,0,0,0,0,https://news.naver.com/main/read.nhn?mode=LSD&mid=sec&sid1=106&oid=427&aid=0000033971,1
김성오,"[스타★맞짱①] ""얼굴만 봐도 심장이 쫄깃""…유선, 스릴러퀸 등극",연예,5,2019,07,12,15:08,4,4,0,0,0,0,0,0,0,0,0,https://news.naver.com/main/read.nhn?mode=LSD&mid=sec&sid1=106&oid=427&aid=0000033970,1
김성오,[주간 연예법정③] 송중기·송혜교 이혼에 가족까지 소환…'2차 피해' 대응법은?,연예,5,2019,07,08,15:17,53,22,0,31,0,0,0,0,0,0,0,https://news.naver.com/main/read.nhn?mode=LSD&mid=sec&sid1=106&oid=427&aid=0000033942,-1
김성오,"[주간 연예법정①] 송중기, 송혜교 동의 없이 이혼조정신청 가능한가?",연예,5,2019,07,08,15:16,8,3,0,5,0,0,0,0,0,0,0,https://news.naver.com/main/read.nhn?mode=LSD&mid=sec&sid1=106&oid=427&aid=0000033940,1
김성오,"[주간 연예법정②] 박보검, 송중기·송혜교 이혼에 '불똥'…피해 처벌수위는?",연예,5,2019,07,08,15:16,55,55,0,0,0,0,0,0,0,0,0,https://news.naver.com/main/read.nhn?mode=LSD&mid=sec&sid1=106&oid=427&aid=0000033941,-1
김성오,[주간 연예법정④] 송중기·송혜교 신혼집 추정 우편물·쓰레기까지 추적…문제없나,연예,5,2019,07,08,15:17,2,0,0,2,0,0,0,0,0,0,0,https://news.naver.com/main/read.nhn?mode=LSD&mid=sec&sid1=106&oid=427&aid=0000033943,-1
김성오,"이정현·김성오·서영희· 양동근 '죽지않는 인간들의 밤', 크랭크업",연예,6,2019,07,17,8:53,2,2,0,0,0,0,0,0,0,0,0,https://news.naver.com/main/read.nhn?mode=LSD&mid=sec&sid1=106&oid=311&aid=0001019497,1
김성오,"이정현부터 김성오까지 '죽지않는 인간들의 밤', 크랭크업…하반기 개봉",연예,6,2019,07,16,9:41,4,4,0,0,0,0,0,0,0,0,0,https://news.naver.com/main/read.nhn?mode=LSD&mid=sec&sid1=106&oid=468&aid=0000534929,1
김성오,이정현X김성오X양동근 코믹호러 ‘죽지않는 인간들의 밤’ 크랭크업,연예,6,2019,07,16,8:54,1,1,0,0,0,0,0,0,0,0,0,https://news.naver.com/main/read.nhn?mode=LSD&mid=sec&sid1=106&oid=009&aid=0004392514,1
김성오,'죽지않는 인간들의 밤' 7월 9일 크랭크업..2019년 하반기 화제작,연예,6,2019,07,16,21:48,3,3,0,0,0,0,0,0,0,0,0,https://news.naver.com/main/read.nhn?mode=LSD&mid=sec&sid1=106&oid=011&aid=0003587391,1
김성오,"‘내안의 그놈’ 투자·배급사, ‘암전’?‘죽지않는 밤’으로 천만의 꿈 이룰까",연예,6,2019,07,17,7:16,5,5,0,0,0,0,0,0,0,0,0,https://news.naver.com/main/read.nhn?mode=LSD&mid=sec&sid1=106&oid=009&aid=0004393284,1
김성오,"[단독 인터뷰②] 홍수아 ""스트레스 해소법? 많이 먹는다""",연예,6,2019,07,17,15:22,5,4,0,1,0,0,0,0,0,0,0,https://news.naver.com/main/read.nhn?mode=LSD&mid=sec&sid1=106&oid=427&aid=0000033994,1
김성오,"이상우 ""슬럼프? 올 겨를 없었다"" (인터뷰③)",연예,7,2019,07,24,16:47,20,20,0,0,0,0,0,0,0,0,0,https://news.naver.com/main/read.nhn?mode=LSD&mid=sec&sid1=106&oid=427&aid=0000034030,1
김성오,"이상우 ""한지혜와 재회, 편하게 촬영"" (인터뷰①)",연예,7,2019,07,24,16:46,9,9,0,0,0,0,0,0,0,0,0,https://news.naver.com/main/read.nhn?mode=LSD&mid=sec&sid1=106&oid=427&aid=0000034028,1
김성오,"이상우 ""여장? 굉장히 답답…여성들 고충 공감"" (인터뷰②)",연예,7,2019,07,24,16:46,9,9,0,0,0,0,0,0,0,0,0,https://news.naver.com/main/read.nhn?mode=LSD&mid=sec&sid1=106&oid=427&aid=0000034029,1
김성오,'백희가 돌아왔다' 오늘(31일) 재방송…가슴 뭉클한 이야기 담아낸 드라마,연예,8,2019,07,31,16:49,5,5,0,0,0,0,0,0,0,0,0,https://news.naver.com/main/read.nhn?mode=LSD&mid=sec&sid1=106&oid=277&aid=0004511090,1
김성오,"[스타★맞짱①] ""의학 드라마 神""…'의사요한' 지성",연예,8,2019,07,31,15:32,18,18,0,0,0,0,0,0,0,0,0,https://news.naver.com/main/read.nhn?mode=LSD&mid=sec&sid1=106&oid=427&aid=0000034071,1
김성오,"[스타★맞짱②] ""화제성·존재감 甲""…'의사요한' 이세영",연예,8,2019,07,31,15:33,56,56,0,0,0,0,0,0,0,0,0,https://news.naver.com/main/read.nhn?mode=LSD&mid=sec&sid1=106&oid=427&aid=0000034072,1
김성오,"[인터뷰] 김상윤 더콘텐츠온 대표 “`내안의 그놈` `암전`, 작지만 강한 영화로 내실 추구”",연예,9,2019,08,06,7:02,3,3,0,0,0,0,0,0,0,0,0,https://news.naver.com/main/read.nhn?mode=LSD&mid=sec&sid1=106&oid=009&aid=0004404942,1
김성오,"['엑시트' 파헤치기②] 조정석X윤아, 완벽 호흡…신선한 재난 영화 탄생",연예,9,2019,08,07,15:14,50,50,0,0,0,0,0,0,0,0,0,https://news.naver.com/main/read.nhn?mode=LSD&mid=sec&sid1=106&oid=427&aid=0000034117,1
김성오,['엑시트' 파헤치기①] 흥행 요인? #신선한 소재 #현실 콤비 #쫄깃 액션,연예,9,2019,08,07,15:13,25,25,0,0,0,0,0,0,0,0,0,https://news.naver.com/main/read.nhn?mode=LSD&mid=sec&sid1=106&oid=427&aid=0000034116,1
김성오,신영란 씨 신간 '지워지고 잊혀진 여성독립군열전',생활,10,2019,08,13,10:22,1,1,0,0,0,0,0,0,0,0,0,https://news.naver.com/main/read.nhn?mode=LSD&mid=sec&sid1=103&oid=001&aid=0011016018,1
김성오,"[연예계 핫뉴스②] 양현석, 원정도박·환치기 의혹…끝없는 논란",연예,10,2019,08,12,13:49,2,0,0,2,0,0,0,0,0,0,0,https://news.naver.com/main/read.nhn?mode=LSD&mid=sec&sid1=106&oid=427&aid=0000034134,-1
김성오,"[연예계 핫뉴스③] 허지웅, 악성림프종 투병 8개월 만에 완치",연예,10,2019,08,12,13:50,26,26,0,0,0,0,0,0,0,0,0,https://news.naver.com/main/read.nhn?mode=LSD&mid=sec&sid1=106&oid=427&aid=0000034135,1
김성오,"시흥에서 열린 제 49회 ROAD FC 센트럴리그 정상, 본 주짓수 병점이 차지",스포츠,11,2019,08,24,20:00,3,2,0,0,0,0,0,0,0,0,1,http://sports.news.naver.com/general/news/read.nhn?oid=434&aid=0000005274,1
김성오,[N초점]② '타짜3'→'남산의 부장들'…추석부터 연말까지 영화 라인업,연예,11,2019,08,24,8:00,29,27,0,2,0,0,0,0,0,0,0,https://news.naver.com/main/read.nhn?mode=LSD&mid=sec&sid1=106&oid=421&aid=0004160618,1
김성오,"[주간 연예법정③] 구혜선·안재현, '타인에 험담' 이혼 사유될까",연예,11,2019,08,20,13:38,4,1,0,3,0,0,0,0,0,0,0,https://news.naver.com/main/read.nhn?mode=LSD&mid=sec&sid1=106&oid=427&aid=0000034173,1
김성오,"[주간 연예법정④] 인피니트 엘, 입장문 표절 의혹…""서현과 문장 동일""",연예,11,2019,08,22,11:30,4,1,0,3,0,0,0,0,0,0,0,https://news.naver.com/main/read.nhn?mode=LSD&mid=sec&sid1=106&oid=427&aid=0000034188,1
김성오,"[주간 연예법정⑤] '정유미·나영석 불륜설' 작성·유포자, 벌금형 선고",연예,11,2019,08,22,11:51,1,1,0,0,0,0,0,0,0,0,0,https://news.naver.com/main/read.nhn?mode=LSD&mid=sec&sid1=106&oid=427&aid=0000034189,1
김성오,[주간 연예법정⑥] 최종훈 반성문부터 박한별 탄원서까지…재판에 영향 미칠까?,연예,11,2019,08,22,11:51,1,0,0,1,0,0,0,0,0,0,0,https://news.naver.com/main/read.nhn?mode=LSD&mid=sec&sid1=106&oid=427&aid=0000034190,1
김성오,"[스타★맞짱] ""10년 만에 명품 연기 배틀""…조진웅 VS 손현주",연예,11,2019,08,21,15:56,9,9,0,0,0,0,0,0,0,0,0,https://news.naver.com/main/read.nhn?mode=LSD&mid=sec&sid1=106&oid=427&aid=0000034180,1
김성오,"[주간 연예법정①] 구혜선·안재현, 파경 위기…'권태기' 이혼 사유될까",연예,11,2019,08,20,13:37,8,2,0,6,0,0,0,0,0,0,0,https://news.naver.com/main/read.nhn?mode=LSD&mid=sec&sid1=106&oid=427&aid=0000034171,1
김성오,“한국 여권 보유하고 싶어요” 김성오의 로드FC 도전기,스포츠,12,2019,08,27,08:36,2,2,0,0,0,0,0,0,0,0,0,http://sports.news.naver.com/general/news/read.nhn?oid=410&aid=0000618093,1
김성오,“한국사람 되고 싶어요” 한국인 母 둔 세이고의 도전기,스포츠,12,2019,08,28,08:48,4,3,0,0,0,0,0,0,0,0,1,http://sports.news.naver.com/general/news/read.nhn?oid=117&aid=0003266320,1
김성오,"[연예법정 Q&A②] 구혜선, 안재현 사생활 폭로한 이유는?",연예,12,2019,08,29,15:55,3,3,0,0,0,0,0,0,0,0,0,https://news.naver.com/main/read.nhn?mode=LSD&mid=sec&sid1=106&oid=427&aid=0000034245,1
김성오,"테이 ""먹깨비? 맛 없으면 안 먹는다"" (인터뷰)",연예,12,2019,08,28,15:59,15,15,0,0,0,0,0,0,0,0,0,https://news.naver.com/main/read.nhn?mode=LSD&mid=sec&sid1=106&oid=427&aid=0000034235,1
김성오,"임수향 ""데뷔 10주년, 연예계서 살아남아 감사"" (인터뷰)",연예,12,2019,08,28,15:58,20,20,0,0,0,0,0,0,0,0,0,https://news.naver.com/main/read.nhn?mode=LSD&mid=sec&sid1=106&oid=427&aid=0000034234,1
김성오,"[스타★맞짱①] ""카리스마 대격돌""…김명민 VS 메간 폭스",연예,12,2019,08,26,16:12,1,1,0,0,0,0,0,0,0,0,0,https://news.naver.com/main/read.nhn?mode=LSD&mid=sec&sid1=106&oid=427&aid=0000034214,1
김성오,"[스타★맞짱②] ""국경 뛰어 넘는 연기의 神""…김명민 VS 메간 폭스",연예,12,2019,08,26,16:13,13,12,0,1,0,0,0,0,0,0,0,https://news.naver.com/main/read.nhn?mode=LSD&mid=sec&sid1=106&oid=427&aid=0000034215,1
김성오,"일본 GRACHAN 플라이급 1위 세이고 야마모토, 로드FC에서 ‘김성오’의 이름으로 다시 시작한다!",스포츠,12,2019,08,27,10:40,1,0,0,0,1,0,0,0,0,0,0,http://sports.news.naver.com/general/news/read.nhn?oid=468&aid=0000554031,1
김성오,“한국 사람이 되고 싶어요” 한국인 어머니를 둔 세이고 야마모토의 ROAD FC 도전기,스포츠,12,2019,08,27,09:01,2,2,0,0,0,0,0,0,0,0,0,http://sports.news.naver.com/general/news/read.nhn?oid=434&aid=0000005279,1
김성오,"""한국 사람이 되고 싶어요"" 한국인 어머니에서 자란 야마모토의 ROAD FC 도전기",스포츠,12,2019,08,27,11:42,11,10,0,1,0,0,0,0,0,0,0,http://sports.news.naver.com/general/news/read.nhn?oid=076&aid=0003460599,1
김성오,"[연예법정 Q&A①] 구혜선·안재현, 송송커플 이혼과 다른 점은?",연예,12,2019,08,29,15:55,11,11,0,0,0,0,0,0,0,0,0,https://news.naver.com/main/read.nhn?mode=LSD&mid=sec&sid1=106&oid=427&aid=0000034244,1
김성오,"[연예법정 Q&A③] 안재현·구혜선 파경…""이혼소송 1년 정도 걸릴 것""",연예,12,2019,08,29,15:56,13,7,0,6,0,0,0,0,0,0,0,https://news.naver.com/main/read.nhn?mode=LSD&mid=sec&sid1=106&oid=427&aid=0000034246,1
김성오,"김성오 측 ""'우아한 친구들' 출연 확정""..2년만 안방 복귀(공식)",연예,13,2019,09,05,17:47,18,18,0,0,0,0,0,0,0,0,0,https://news.naver.com/main/read.nhn?mode=LSD&mid=sec&sid1=106&oid=108&aid=0002808519,1
김성오,"[연예계 핫뉴스②] 박해미, 공식석상서 눈물…""견디기 어려웠다""",연예,13,2019,09,04,16:23,12,1,0,11,0,0,0,0,0,0,0,https://news.naver.com/main/read.nhn?mode=LSD&mid=sec&sid1=106&oid=427&aid=0000034268,1
김성오,"[연예계 핫뉴스①] 구혜선·안재현, 폭로전 후 엇갈린 행보 '관심 집중'",연예,13,2019,09,04,16:22,1,0,0,1,0,0,0,0,0,0,0,https://news.naver.com/main/read.nhn?mode=LSD&mid=sec&sid1=106&oid=427&aid=0000034267,1
김성오,편성표를 탐색하는 시청자를 위한 추석특집 안내서 1(영화),연예,14,2019,09,11,13:02,6,5,0,1,0,0,0,0,0,0,0,https://news.naver.com/main/read.nhn?mode=LSD&mid=sec&sid1=106&oid=079&aid=0003269155,1
김성오,15일 KBS2 추석특선 영화로 '성난황소' 방영...마동석표 범죄액션영화,연예,15,2019,09,15,21:53,10,10,0,0,0,0,0,0,0,0,0,https://news.naver.com/main/read.nhn?mode=LSD&mid=sec&sid1=106&oid=015&aid=0004208799,1
김성오,"'다큐 3일' 15일 추석연휴 결방, 대체 프로그램은?",연예,15,2019,09,15,13:40,1,1,0,0,0,0,0,0,0,0,0,https://news.naver.com/main/read.nhn?mode=LSD&mid=sec&sid1=106&oid=088&aid=0000611737,1
김성오,10년전 '연예고시' 패스했던 마지막 공채탤런트들의 오늘,연예,15,2019,09,20,16:35,5,5,0,0,0,0,0,0,0,0,0,https://news.naver.com/main/read.nhn?mode=LSD&mid=sec&sid1=106&oid=079&aid=0003272050,1
김성오,"[스타★맞짱③] ""16년 만에 재회""…'가장 보통의 연애' 김래원·공효진",연예,15,2019,09,20,16:57,20,20,0,0,0,0,0,0,0,0,0,https://news.naver.com/main/read.nhn?mode=LSD&mid=sec&sid1=106&oid=427&aid=0000034388,1
김성오,"[방송소식] 장기용, 마닐라 팬미팅 개최 外",생활,15,2019,09,20,15:08,4,3,0,0,1,0,0,0,0,0,0,https://news.naver.com/main/read.nhn?mode=LSD&mid=sec&sid1=103&oid=001&aid=0011092855,1
김성오,"[스타★맞짱②] ""6년 만의 재회""…'배가본드'이승기·배수지",연예,15,2019,09,20,16:57,77,77,0,0,0,0,0,0,0,0,0,https://news.naver.com/main/read.nhn?mode=LSD&mid=sec&sid1=106&oid=427&aid=0000034387,1
김성오,"'SBS 스페셜' 2009년 선발된 SBS 마지막 공채탤런트, 그 후 10년",연예,15,2019,09,20,13:54,2,2,0,0,0,0,0,0,0,0,0,https://news.naver.com/main/read.nhn?mode=LSD&mid=sec&sid1=106&oid=076&aid=0003470644,1
김성오,"‘SBS스페셜’ 10년 전 마지막 공채 탤런트, 297대 1 경쟁률 뚫었지만",연예,15,2019,09,20,13:48,1,1,0,0,0,0,0,0,0,0,0,https://news.naver.com/main/read.nhn?mode=LSD&mid=sec&sid1=106&oid=609&aid=0000173908,1
김성오,"[스타★맞짱①] ""다시 만난 환상 호흡""…이승기·배수지 VS 김래원·공효진",연예,15,2019,09,20,16:56,28,28,0,0,0,0,0,0,0,0,0,https://news.naver.com/main/read.nhn?mode=LSD&mid=sec&sid1=106&oid=427&aid=0000034386,1
김성오,"김호창·이가현·김태희·석진이·김수안…'SBS스페셜' 마지막 공채 탤런트 11기 14명, 그 후 10년",연예,16,2019,09,22,15:07,32,23,0,9,0,0,0,0,0,0,0,https://news.naver.com/main/read.nhn?mode=LSD&mid=sec&sid1=106&oid=031&aid=0000509572,1
김성오,"[스타★맞짱③] ""노력파 액션 여신""…배수지 VS 김아중",연예,16,2019,09,27,13:43,32,32,0,0,0,0,0,0,0,0,0,https://news.naver.com/main/read.nhn?mode=LSD&mid=sec&sid1=106&oid=427&aid=0000034439,1
김성오,"[스타★맞짱①] ""첩보 액션 도전""…'배가본드' 배수지",연예,16,2019,09,27,13:42,27,27,0,0,0,0,0,0,0,0,0,https://news.naver.com/main/read.nhn?mode=LSD&mid=sec&sid1=106&oid=427&aid=0000034437,1
김성오,"10년 전 297대1 경쟁률 뚫었던 14명, 그들의 현재",사회,16,2019,09,25,11:57,7,3,0,1,3,0,0,0,0,0,0,https://news.naver.com/main/read.nhn?mode=LSD&mid=sec&sid1=102&oid=047&aid=0002241237,1
김성오,"[트로트 라이징★②] 숙행 ""'미스트롯' 출연, 열정 알아봐줘 감사""",연예,16,2019,09,25,11:26,36,36,0,0,0,0,0,0,0,0,0,https://news.naver.com/main/read.nhn?mode=LSD&mid=sec&sid1=106&oid=427&aid=0000034417,1
김성오,"[트로트 라이징★①] 조정민 ""'군통령' 수식어? 어색하고 부끄럽다""",연예,16,2019,09,25,11:25,4,4,0,0,0,0,0,0,0,0,0,https://news.naver.com/main/read.nhn?mode=LSD&mid=sec&sid1=106&oid=427&aid=0000034416,1
김성오,"[트로트 라이징★③] 노지훈 ""무대에 많이 서고 싶어 트로트 선택""",연예,16,2019,09,25,11:26,2,2,0,0,0,0,0,0,0,0,0,https://news.naver.com/main/read.nhn?mode=LSD&mid=sec&sid1=106&oid=427&aid=0000034418,1
김성오,'SBS 스페셜' 2009년 공채 탤런트 근황 공개…SNl 김태희도 화제,연예,16,2019,09,22,10:36,11,10,0,1,0,0,0,0,0,0,0,https://news.naver.com/main/read.nhn?mode=LSD&mid=sec&sid1=106&oid=088&aid=0000612807,1
김성오,"김성오 ""아내 최유진? 첫 키스신 후 호감 생겨""",연예,17,2019,10,01,23:28,11,11,0,0,0,0,0,0,0,0,0,https://news.naver.com/main/read.nhn?mode=LSD&mid=sec&sid1=106&oid=015&aid=0004217437,1
김성오,"[종합]`한밤` 지코, 옛날 노래에서 얻은 `작곡 영감`… ""뒤로 달리는 사람은 없을 것 같더라""",연예,17,2019,10,01,21:57,12,12,0,0,0,0,0,0,0,0,0,https://news.naver.com/main/read.nhn?mode=LSD&mid=sec&sid1=106&oid=009&aid=0004437331,1
김성오,"[안방극장 노년★②] 김영옥 ""연기는 내게 밥 같은 존재""",연예,17,2019,10,02,11:42,1,1,0,0,0,0,0,0,0,0,0,https://news.naver.com/main/read.nhn?mode=LSD&mid=sec&sid1=106&oid=427&aid=0000034474,1
김성오,김성오 “아내 최유진과 첫 키스신 후 호감 생겼다”[결정적장면],연예,17,2019,10,01,22:05,2,2,0,0,0,0,0,0,0,0,0,https://news.naver.com/main/read.nhn?mode=LSD&mid=sec&sid1=106&oid=609&aid=0000180621,1
김성오,"'한밤' 김성오 ""아내 최유진과 키스 연기 후 호감 생겼다""",연예,17,2019,10,01,23:35,23,21,0,2,0,0,0,0,0,0,0,https://news.naver.com/main/read.nhn?mode=LSD&mid=sec&sid1=106&oid=311&aid=0001053744,1
김성오,"낮선자의 침입, 현실공포 담은 영화 '도어락' 내용은",연예,17,2019,10,03,15:27,1,1,0,0,0,0,0,0,0,0,0,https://news.naver.com/main/read.nhn?mode=LSD&mid=sec&sid1=106&oid=417&aid=0000455969,-1
김성오,"귀화 원하는 일본 단체 1위 세이고, 어머니의 나라 한국에서 ROAD FC 데뷔 꿈 이뤄",스포츠,18,2019,10,11,07:01,3,3,0,0,0,0,0,0,0,0,0,http://sports.news.naver.com/general/news/read.nhn?oid=434&aid=0000005348,1
김성오,"[스타★맞짱②] ""소탈·털털 매력""…'우아한 가' 이장우",연예,18,2019,10,11,11:24,25,25,0,0,0,0,0,0,0,0,0,https://news.naver.com/main/read.nhn?mode=LSD&mid=sec&sid1=106&oid=427&aid=0000034540,1
김성오,"[스타★맞짱①] ""순박·섹시 반전 매력""…'동백꽃 필 무렵' 강하늘",연예,18,2019,10,11,11:23,18,17,0,1,0,0,0,0,0,0,0,https://news.naver.com/main/read.nhn?mode=LSD&mid=sec&sid1=106&oid=427&aid=0000034539,1
김성오,"[한국영화 전설★④] 엄앵란, 60년대 영화 흥행의 아이콘 등극",연예,18,2019,10,09,24:36,2,2,0,0,0,0,0,0,0,0,0,https://news.naver.com/main/read.nhn?mode=LSD&mid=sec&sid1=106&oid=427&aid=0000034521,1
김성오,"[한국영화 전설★②] 엄앵란 ""故 신성일과 나는 부부 아닌 동지""",연예,18,2019,10,09,24:36,8,7,0,1,0,0,0,0,0,0,0,https://news.naver.com/main/read.nhn?mode=LSD&mid=sec&sid1=106&oid=427&aid=0000034519,1
김성오,"[한국영화 전설★③] 김지미 ""다양한 시도 해야 배우 생명 길어진다""",연예,18,2019,10,09,24:36,4,3,0,1,0,0,0,0,0,0,0,https://news.naver.com/main/read.nhn?mode=LSD&mid=sec&sid1=106&oid=427&aid=0000034520,1
김성오,"[한국영화 전설★①] 김지미, 4번의 결혼·이혼…""나는 아내가 필요한 사람""",연예,18,2019,10,09,24:35,2,2,0,0,0,0,0,0,0,0,0,https://news.naver.com/main/read.nhn?mode=LSD&mid=sec&sid1=106&oid=427&aid=0000034518,1
김성오,"[한국영화 전설★⑤] 김지미, 부국제 위해 美서 입국…관객과 즐거운 시간",연예,18,2019,10,09,24:36,3,3,0,0,0,0,0,0,0,0,0,https://news.naver.com/main/read.nhn?mode=LSD&mid=sec&sid1=106&oid=427&aid=0000034522,1
김성오,"[스타★맞짱①] ""위로 전하는 캐릭터 변신""…'동백꽃 필 무렵' 공효진",연예,18,2019,10,07,8:18,83,82,0,1,0,0,0,0,0,0,0,https://news.naver.com/main/read.nhn?mode=LSD&mid=sec&sid1=106&oid=427&aid=0000034496,1
김성오,"'귀화 희망' 세이고, 어머니의 나라 한국서 ROAD FC 데뷔",스포츠,18,2019,10,11,17:40,2,0,0,0,0,1,0,0,0,0,1,http://sports.news.naver.com/general/news/read.nhn?oid=117&aid=0003285704,1
김성오,"일본 세이고 ""어머니 고향, 한국서 성공하고 싶다""",스포츠,18,2019,10,11,19:02,16,13,0,0,1,1,0,0,0,0,1,http://sports.news.naver.com/general/news/read.nhn?oid=396&aid=0000529062,1
김성오,"귀화 원하는 일본 단체 1위 세이고, 어머니의 나라 한국에서 ROAD FC 데뷔 꿈 이뤄",스포츠,18,2019,10,11,14:49,8,4,0,0,1,2,0,0,0,0,1,http://sports.news.naver.com/general/news/read.nhn?oid=109&aid=0004100280,1
김성오,"[스타★맞짱②] ""유일무이 카리스마""…'우아한 가' 배종옥",연예,19,2019,10,19,11:22,78,76,0,2,0,0,0,0,0,0,0,https://news.naver.com/main/read.nhn?mode=LSD&mid=sec&sid1=106&oid=427&aid=0000034607,1
김성오,"[스타★맞짱①] ""카리스마·존재감 폭발""…'시크릿부티크' 김선아",연예,19,2019,10,19,11:21,3,3,0,0,0,0,0,0,0,0,0,https://news.naver.com/main/read.nhn?mode=LSD&mid=sec&sid1=106&oid=427&aid=0000034606,1
김성오,"[스타★맞짱③] ""절친 케미 발산""…'82년생 김지영' 정유미·공유",연예,19,2019,10,17,11:28,72,71,0,1,0,0,0,0,0,0,0,https://news.naver.com/main/read.nhn?mode=LSD&mid=sec&sid1=106&oid=427&aid=0000034587,1
김성오,"[폭풍성장 스타2세②] 윤후, 원조 먹방 꼬마→훈훈 중학생",연예,19,2019,10,16,11:29,13,13,0,0,0,0,0,0,0,0,0,https://news.naver.com/main/read.nhn?mode=LSD&mid=sec&sid1=106&oid=427&aid=0000034576,1
김성오,"[폭풍성장 스타2세④] 송지아, 골프선수 꿈꾸며 운동 매진",연예,19,2019,10,16,11:30,6,6,0,0,0,0,0,0,0,0,0,https://news.naver.com/main/read.nhn?mode=LSD&mid=sec&sid1=106&oid=427&aid=0000034578,1
김성오,"[폭풍성장 스타2세③] '리틀 김성주' 김민국, 전형적 사춘기 소년",연예,19,2019,10,16,11:29,15,15,0,0,0,0,0,0,0,0,0,https://news.naver.com/main/read.nhn?mode=LSD&mid=sec&sid1=106&oid=427&aid=0000034577,1
김성오,"[폭풍성장 스타2세①] 삼둥이 대한·민국·만세, '의젓+똘똘' 근황",연예,19,2019,10,16,11:29,24,23,0,1,0,0,0,0,0,0,0,https://news.naver.com/main/read.nhn?mode=LSD&mid=sec&sid1=106&oid=427&aid=0000034575,1
김성오,"[스타★맞짱①] ""무르익은 연기 내공""…'82년생 김지영' 정유미·공유",연예,19,2019,10,17,11:27,15,15,0,0,0,0,0,0,0,0,0,https://news.naver.com/main/read.nhn?mode=LSD&mid=sec&sid1=106&oid=427&aid=0000034585,1
김성오,"[스타★맞짱④] ""찰떡궁합 케미 발산""…'두 번 할까요' 이정현·권상우",연예,19,2019,10,17,11:28,3,3,0,0,0,0,0,0,0,0,0,https://news.naver.com/main/read.nhn?mode=LSD&mid=sec&sid1=106&oid=427&aid=0000034588,1
김성오,"[★ 고백②] 박준금 ""과거 시험관 시술만 12번""",연예,20,2019,10,25,11:48,19,2,0,17,0,0,0,0,0,0,0,https://news.naver.com/main/read.nhn?mode=LSD&mid=sec&sid1=106&oid=427&aid=0000034658,1
김성오,'귀화 결심·은행원 포기' ROAD FC 파이터들의 별별 사연,스포츠,20,2019,10,22,14:14,2,0,0,0,0,0,0,0,0,0,2,http://sports.news.naver.com/general/news/read.nhn?oid=117&aid=0003290182,-1
김성오,"박정교-이은정-세이고, 안정된 직장과 연금 포기에 귀화도 결심…ROAD FC는 '꿈의 리그'이기 때문에",스포츠,20,2019,10,22,06:12,2,1,0,1,0,0,0,0,0,0,0,http://sports.news.naver.com/general/news/read.nhn?oid=468&aid=0000579951,-1
김성오,[ROAD FC 김세영의 카운트다운 D-8] 도움 준 분들과 선수로서 발전 위해 필승!,스포츠,21,2019,11,01,09:01,3,2,0,0,1,0,0,0,0,0,0,http://sports.news.naver.com/general/news/read.nhn?oid=434&aid=0000005382,1
김성오,"[황금 혼맥★②] 한채아, 차세찌와 결혼으로 차범근·차두리와 가족",연예,21,2019,11,02,9:34,3,3,0,0,0,0,0,0,0,0,0,https://news.naver.com/main/read.nhn?mode=LSD&mid=sec&sid1=106&oid=427&aid=0000034741,1
김성오,"[권아솔 출전 D-9] 메디컬체크 완료한 권아솔, 11월 9일 여수 대회 출전 이상 無",스포츠,21,2019,10,31,09:01,3,2,0,0,1,0,0,0,0,0,0,http://sports.news.naver.com/general/news/read.nhn?oid=434&aid=0000005381,1
김성오,"[황금 혼맥★④] 장현성, 결혼 통해 양택조와 한 가족…""사랑받는 사위""",연예,21,2019,11,02,9:34,2,2,0,0,0,0,0,0,0,0,0,https://news.naver.com/main/read.nhn?mode=LSD&mid=sec&sid1=106&oid=427&aid=0000034743,1
김성오,"[황금 혼맥★③] 김강우, 한혜진·기성용과 한 가족…남다른 우애 자랑",연예,21,2019,11,02,9:34,50,49,0,1,0,0,0,0,0,0,0,https://news.naver.com/main/read.nhn?mode=LSD&mid=sec&sid1=106&oid=427&aid=0000034742,1
김성오,"[황금 혼맥★①] 김건모, 결혼 통해 장욱조·장희웅과 한 가족…예술가 집안 입성",연예,21,2019,11,02,9:51,5,5,0,0,0,0,0,0,0,0,0,https://news.naver.com/main/read.nhn?mode=LSD&mid=sec&sid1=106&oid=427&aid=0000034747,1
김성오,"[스경포토] ‘제2의 추성훈’ 될까… 김성오, 로드FC 영건스45서 박석한 1라운드 KO승",스포츠,22,2019,11,09,16:48,3,1,0,2,0,0,0,0,0,0,0,http://sports.news.naver.com/general/news/read.nhn?oid=144&aid=0000641326,1
김성오,로드FC 김성오 `플라잉 니킥을 받아라` [MK포토],스포츠,22,2019,11,09,17:07,1,1,0,0,0,0,0,0,0,0,0,http://sports.news.naver.com/general/news/read.nhn?oid=410&aid=0000642232,1
김성오,김두한 따라했지만…'무고통 파이터' 로드FC 2연패,스포츠,22,2019,11,09,17:36,57,8,0,2,39,5,0,0,0,0,3,http://sports.news.naver.com/general/news/read.nhn?oid=477&aid=0000217451,1
김성오,"[권아솔 출전 D-2] 막바지 훈련 끝낸 권아솔, 이제 마지막 관문인 감량만 남았다",스포츠,22,2019,11,07,09:01,2,1,0,0,1,0,0,0,0,0,0,http://sports.news.naver.com/general/news/read.nhn?oid=434&aid=0000005391,1
김성오,[권아솔 출전 D-2] ‘ROAD FC 여수 대회’ 굽네몰 ROAD FC 056 전석 매진,스포츠,22,2019,11,07,12:45,1,1,0,0,0,0,0,0,0,0,0,http://sports.news.naver.com/general/news/read.nhn?oid=434&aid=0000005390,1
김성오,"[권아솔 출전 D-2] 굽네몰 ROAD FC 056 이향수 대회장, 외국 선수들 환대",스포츠,22,2019,11,07,19:26,6,2,0,0,3,0,0,0,0,0,1,http://sports.news.naver.com/general/news/read.nhn?oid=434&aid=0000005393,1
김성오,"귀화 원하는 김성오, 감격의 ROAD FC 첫 승…“꿈을 이룬 기분”",스포츠,23,2019,11,12,13:08,3,2,0,0,1,0,0,0,0,0,0,http://sports.news.naver.com/general/news/read.nhn?oid=117&aid=0003299744,1
김성오,"ROAD FC YOUNG GUNS 45, '오일학, 김성오, 박지수 등 화끈한 타격으로 팬들에게 눈도장 꾹!'",스포츠,23,2019,11,13,09:20,3,2,0,0,1,0,0,0,0,0,0,http://sports.news.naver.com/general/news/read.nhn?oid=468&aid=0000591132,1
김성오,"킴앤정TV에 소개된 로드FC 센트럴리그 출신, 1R KO로 맹활약...프로등용문 역할 톡톡히 해",스포츠,23,2019,11,14,10:09,4,3,0,0,1,0,0,0,0,0,0,http://sports.news.naver.com/general/news/read.nhn?oid=468&aid=0000591739,1
김성오,"굽네몰 ROAD FC YOUNG GUNS 45, ‘새 기록, 감동적인 승리’로 빛나",스포츠,23,2019,11,12,09:01,1,1,0,0,0,0,0,0,0,0,0,http://sports.news.naver.com/general/news/read.nhn?oid=434&aid=0000005418,1
김성오,"굽네몰 ROAD FC YOUNG GUNS 45, ‘새 기록, 파이터들의 감동적인 승리’로 빛나",스포츠,23,2019,11,12,16:27,1,0,0,0,1,0,0,0,0,0,0,http://sports.news.naver.com/general/news/read.nhn?oid=109&aid=0004119067,1
김성오,"킴앤정TV에 소개된 ROAD FC 센트럴리그 출신들, 1R KO로 맹활약",스포츠,23,2019,11,13,15:12,3,3,0,0,0,0,0,0,0,0,0,http://sports.news.naver.com/general/news/read.nhn?oid=109&aid=0004119619,1
김성오,"‘프로 진출 등용문’ 킴앤정TV 소개 ROAD FC 센트럴리그 출신들, 1R KO로 맹활약",스포츠,23,2019,11,13,14:57,2,2,0,0,0,0,0,0,0,0,0,http://sports.news.naver.com/general/news/read.nhn?oid=434&aid=0000005420,1
김성오,'프로 등용문' 킴앤정TV가 주목한 센트럴리그 출신들의 맹활약,스포츠,23,2019,11,13,16:42,1,1,0,0,0,0,0,0,0,0,0,http://sports.news.naver.com/general/news/read.nhn?oid=117&aid=0003300380,1
김성오,한국 귀화 원하며 ROAD FC 도전해 첫 승 거둔 김성오 “꿈을 이룬 기분”,스포츠,23,2019,11,10,18:25,8,7,0,0,1,0,0,0,0,0,0,http://sports.news.naver.com/general/news/read.nhn?oid=109&aid=0004118306,1
김성오,"[열애 인정★③] 현아 ""남자친구 던, 든든한 지원군""",연예,24,2019,11,22,10:36,11,11,0,0,0,0,0,0,0,0,0,https://news.naver.com/main/read.nhn?mode=LSD&mid=sec&sid1=106&oid=427&aid=0000034916,1
김성오,"[열애 인정★②] 장신영♥강경준, 인연의 시작은?…""6년 전 '가시꽃'""",연예,24,2019,11,22,10:36,4,4,0,0,0,0,0,0,0,0,0,https://news.naver.com/main/read.nhn?mode=LSD&mid=sec&sid1=106&oid=427&aid=0000034915,1
김성오,"[열애 인정★①] 이동건♥조윤희, '월계수 양복점 신사들'서 첫 만남은?",연예,24,2019,11,22,10:36,13,13,0,0,0,0,0,0,0,0,0,https://news.naver.com/main/read.nhn?mode=LSD&mid=sec&sid1=106&oid=427&aid=0000034914,1
김성오,"문학 여행지 갈까, 박물관 가볼까…떠나자! 겨울여행",생활,24,2019,11,18,15:19,1,0,0,0,1,0,0,0,0,0,0,https://news.naver.com/main/read.nhn?mode=LSD&mid=sec&sid1=103&oid=015&aid=0004243257,1
김성오,"[여성 영화 주연★②] 김희애 ""극중 딸과의 여행, 특별한 경험 됐다""",연예,24,2019,11,20,10:37,10,10,0,0,0,0,0,0,0,0,0,https://news.naver.com/main/read.nhn?mode=LSD&mid=sec&sid1=106&oid=427&aid=0000034895,1
김성오,"[여성 영화 주연★③] 이영애 ""'나를 찾아줘', 확신 가지게 한 작품""",연예,24,2019,11,20,10:37,2,2,0,0,0,0,0,0,0,0,0,https://news.naver.com/main/read.nhn?mode=LSD&mid=sec&sid1=106&oid=427&aid=0000034896,1
김성오,"성인용 MMORPG '유니온', 홍보모델로 배우 김성오 발탁",스포츠,24,2019,11,19,11:55,1,1,0,0,0,0,0,0,0,0,0,http://sports.news.naver.com/esports/news/read.nhn?oid=442&aid=0000109261,1
김성오,"'초콜릿' 하지원 ""셰프 연기 위해 실제 요리 배웠다""",연예,25,2019,11,30,11:01,3,3,0,0,0,0,0,0,0,0,0,https://news.naver.com/main/read.nhn?mode=LSD&mid=sec&sid1=106&oid=427&aid=0000034991,1
김성오,"'초콜릿' 윤계상 ""삼풍백화점 소재 등장? 잊으면 안되는 이야기""",연예,25,2019,11,30,11:01,4,4,0,0,0,0,0,0,0,0,0,https://news.naver.com/main/read.nhn?mode=LSD&mid=sec&sid1=106&oid=427&aid=0000034990,1
김성오,새로운 미술 시장 열린다...'아트제주 2019' 개최,생활,25,2019,11,27,15:03,3,2,0,0,0,1,0,0,0,0,0,https://news.naver.com/main/read.nhn?mode=LSD&mid=sec&sid1=103&oid=052&aid=0001370550,1
김성오,"""신선도 100% 코미디"" 안재홍X강소라 '해치지않아' 1월15일 개봉[공식]",연예,26,2019,12,06,9:32,27,27,0,0,0,0,0,0,0,0,0,https://news.naver.com/main/read.nhn?mode=LSD&mid=sec&sid1=106&oid=241&aid=0002986046,1
김성오,"'해치지않아' 안재홍→전여빈, 동산파크 5인방의 고군분투 예고",연예,26,2019,12,07,9:01,11,11,0,0,0,0,0,0,0,0,0,https://news.naver.com/main/read.nhn?mode=LSD&mid=sec&sid1=106&oid=311&aid=0001084218,1
김성오,[공식] '극한직업' 신드롬 '해치지않아'가 잇는다..2020년 1월 15일 개봉,연예,26,2019,12,06,9:01,5,5,0,0,0,0,0,0,0,0,0,https://news.naver.com/main/read.nhn?mode=LSD&mid=sec&sid1=106&oid=076&aid=0003505948,1
김성오,"[예능 재발견★①] 성훈, '나 혼자 산다' 통해 예능계 블루칩 등극",연예,26,2019,12,07,11:58,52,52,0,0,0,0,0,0,0,0,0,https://news.naver.com/main/read.nhn?mode=LSD&mid=sec&sid1=106&oid=427&aid=0000035055,1
김성오,"‘해치지 않아’ 안재홍→전여빈, 코믹이 체질? 내년 1월15일 개봉",연예,26,2019,12,06,9:23,9,9,0,0,0,0,0,0,0,0,0,https://news.naver.com/main/read.nhn?mode=LSD&mid=sec&sid1=106&oid=382&aid=0000781654,1
김성오,안재홍X강소라 '해치지않아' 내년 1월15일 개봉…출퇴근길포스터 2종,연예,26,2019,12,06,16:23,14,14,0,0,0,0,0,0,0,0,0,https://news.naver.com/main/read.nhn?mode=LSD&mid=sec&sid1=106&oid=112&aid=0003243898,1
김성오,"""웃음지수 100% 보장""…안재홍·강소라 '해치지않아' 포스터 2종 공개",연예,26,2019,12,06,16:55,8,8,0,0,0,0,0,0,0,0,0,https://news.naver.com/main/read.nhn?mode=LSD&mid=sec&sid1=106&oid=117&aid=0003309263,1
김성오,안재홍X강소라 ‘해치지않아’ 제2의 ‘극한직업’ 될까,연예,26,2019,12,06,8:04,13,13,0,0,0,0,0,0,0,0,0,https://news.naver.com/main/read.nhn?mode=LSD&mid=sec&sid1=106&oid=609&aid=0000214506,1
김성오,"이런 동물 처음 봐?...'해치지않아', 2020년 1월 15일 개봉 확정",연예,26,2019,12,06,9:48,5,5,0,0,0,0,0,0,0,0,0,https://news.naver.com/main/read.nhn?mode=LSD&mid=sec&sid1=106&oid=052&aid=0001373853,1
김성오,"'해치지않아', 내년 1월 15일 개봉…안재홍→강소라 티저",연예,26,2019,12,06,10:04,13,13,0,0,0,0,0,0,0,0,0,https://news.naver.com/main/read.nhn?mode=LSD&mid=sec&sid1=106&oid=421&aid=0004344479,1
김성오,"""제2의 '극한직업' 될까""…'해치지않아' 기상천외 예고편",연예,26,2019,12,06,9:51,6,6,0,0,0,0,0,0,0,0,0,https://news.naver.com/main/read.nhn?mode=LSD&mid=sec&sid1=106&oid=241&aid=0002986051,1
김성오,"안재홍X강소라 '해치지않아', 티저 예고편 공개…제2의 '극한직업' 되나",연예,26,2019,12,06,10:27,2,2,0,0,0,0,0,0,0,0,0,https://news.naver.com/main/read.nhn?mode=LSD&mid=sec&sid1=106&oid=468&aid=0000601194,1
김성오,"‘해치지않아’ 김성오, 이번엔 순정마초 고릴라 도전 ‘짠내웃음’",연예,27,2019,12,13,9:15,13,13,0,0,0,0,0,0,0,0,0,https://news.naver.com/main/read.nhn?mode=LSD&mid=sec&sid1=106&oid=382&aid=0000783302,1
김성오,"'해치지않아' 김성오, 순애보 사육사와 순정마초 고릴라 1인 2역 도전",연예,27,2019,12,14,1:31,9,9,0,0,0,0,0,0,0,0,0,https://news.naver.com/main/read.nhn?mode=LSD&mid=sec&sid1=106&oid=011&aid=0003666300,1
김성오,[TF프리즘] 동물로 관객 배꼽 저격...'미스터 주' '해치지 않아',연예,27,2019,12,12,5:00,10,10,0,0,0,0,0,0,0,0,0,https://news.naver.com/main/read.nhn?mode=LSD&mid=sec&sid1=106&oid=629&aid=0000006363,1
김성오,"'남산의 부장들' 이병헌 ""세련된 느와르라 욕심 났다""",연예,27,2019,12,14,10:13,16,16,0,0,0,0,0,0,0,0,0,https://news.naver.com/main/read.nhn?mode=LSD&mid=sec&sid1=106&oid=427&aid=0000035106,1
김성오,"'남산의 부장들' 곽도원 ""이병헌, 촬영장에서 극중 인물 그 자체""",연예,27,2019,12,14,10:13,21,21,0,0,0,0,0,0,0,0,0,https://news.naver.com/main/read.nhn?mode=LSD&mid=sec&sid1=106&oid=427&aid=0000035107,1
김성오,"[전설의 부부★①] 옥희·홍수환, 1977년 세기의 결혼식",연예,27,2019,12,12,11:22,1,1,0,0,0,0,0,0,0,0,0,https://news.naver.com/main/read.nhn?mode=LSD&mid=sec&sid1=106&oid=427&aid=0000035091,1
김성오,"강소라 엘사놀이, ‘겨울왕국2’ OST 부르며 폭풍 열연...`싱크로율 100%`",연예,27,2019,12,11,9:41,13,12,0,1,0,0,0,0,0,0,0,https://news.naver.com/main/read.nhn?mode=LSD&mid=sec&sid1=106&oid=009&aid=0004480054,1
김성오,"'해치지 않아' 김성오, 순정마초 고릴라 변신",연예,27,2019,12,13,9:32,4,4,0,0,0,0,0,0,0,0,0,https://news.naver.com/main/read.nhn?mode=LSD&mid=sec&sid1=106&oid=241&aid=0002987677,1
김성오,"'해치지않아' 김성오, 순정마초 고릴라 변신",연예,27,2019,12,13,10:04,7,7,0,0,0,0,0,0,0,0,0,https://news.naver.com/main/read.nhn?mode=LSD&mid=sec&sid1=106&oid=213&aid=0001144908,1
김성오,"‘해치지않아’ 김성오, 순정마초 고릴라 도전 “푹 빠져 지냈다”",연예,27,2019,12,13,11:38,4,4,0,0,0,0,0,0,0,0,0,https://news.naver.com/main/read.nhn?mode=LSD&mid=sec&sid1=106&oid=609&aid=0000217895,1
김성오,"'해치지 않아' 김성오, 일편단심 사육사→순정마초 고릴라 도전",연예,27,2019,12,13,17:15,18,18,0,0,0,0,0,0,0,0,0,https://news.naver.com/main/read.nhn?mode=LSD&mid=sec&sid1=106&oid=311&aid=0001086664,1
김성오,"'해치지않아' 김성오, 고릴라 그 자체 '흑역사의 탄생'※",연예,28,2019,12,18,20:15,10,10,0,0,0,0,0,0,0,0,0,https://news.naver.com/main/read.nhn?mode=LSD&mid=sec&sid1=106&oid=404&aid=0000258574,1
김성오,"[포토]김성오, 전여빈, 안재홍, 강소라, 박영규 '동산파크'로 놀러",연예,28,2019,12,18,13:24,2,2,0,0,0,0,0,0,0,0,0,https://news.naver.com/main/read.nhn?mode=LSD&mid=sec&sid1=106&oid=468&aid=0000605705,1
김성오,"[영상]김성오, 고릴라와 높은 싱크로율에…""사람들이 무서워하는게 닮아""",연예,28,2019,12,19,17:58,5,5,0,0,0,0,0,0,0,0,0,https://news.naver.com/main/read.nhn?mode=LSD&mid=sec&sid1=106&oid=421&aid=0004367742,1
김성오,[T포토] 김성오 '큰 웃음 빵빵',연예,28,2019,12,18,11:50,1,1,0,0,0,0,0,0,0,0,0,https://news.naver.com/main/read.nhn?mode=LSD&mid=sec&sid1=106&oid=213&aid=0001145627,1
김성오,[T포토] 강소라-전여빈 '김성오 재치에 웃음 빵',연예,28,2019,12,18,11:53,1,1,0,0,0,0,0,0,0,0,0,https://news.naver.com/main/read.nhn?mode=LSD&mid=sec&sid1=106&oid=213&aid=0001145633,1
김성오,[T포토] 김성오 '강렬 카리스마',연예,28,2019,12,18,11:43,4,4,0,0,0,0,0,0,0,0,0,https://news.naver.com/main/read.nhn?mode=LSD&mid=sec&sid1=106&oid=213&aid=0001145621,1
김성오,"[포토] 김성오, '멋진 모습에 눈길~'",연예,28,2019,12,18,14:08,1,1,0,0,0,0,0,0,0,0,0,https://news.naver.com/main/read.nhn?mode=LSD&mid=sec&sid1=106&oid=015&aid=0004259511,1
김성오,[연예수첩] ‘사람이 아니어도 OK!’ 동물로 변신한 배우들,연예,29,2019,12,26,8:35,1,1,0,0,0,0,0,0,0,0,0,https://news.naver.com/main/read.nhn?mode=LSD&mid=sec&sid1=106&oid=056&aid=0010776667,1
김성오,"박웅 ""장미자와 비밀 사내연애 했다""(인터뷰②)",연예,29,2019,12,28,16:55,40,39,0,1,0,0,0,0,0,0,0,https://news.naver.com/main/read.nhn?mode=LSD&mid=sec&sid1=106&oid=427&aid=0000035233,1
김성오,"[연예계 핫뉴스③] 옥주현, 럭셔리한 패션으로 우아함 발산",연예,29,2019,12,27,9:42,12,12,0,0,0,0,0,0,0,0,0,https://news.naver.com/main/read.nhn?mode=LSD&mid=sec&sid1=106&oid=427&aid=0000035215,1
김성오,"[연예계 핫뉴스①] 강다니엘, 사회복지단체에 3천만 원 기부",연예,29,2019,12,27,9:41,"5,734","5,732",0,2,0,0,0,0,0,0,0,https://news.naver.com/main/read.nhn?mode=LSD&mid=sec&sid1=106&oid=427&aid=0000035213,1
김성오,"[연예계 핫뉴스②] 류현진, 파격 헤어·깔끔한 공항 패션 자랑",연예,29,2019,12,27,9:42,1,1,0,0,0,0,0,0,0,0,0,https://news.naver.com/main/read.nhn?mode=LSD&mid=sec&sid1=106&oid=427&aid=0000035214,1
김성오,"[공식] '해치지않아' 안재홍X강소라, 29일 '동물농장' 내레이션 도전",연예,29,2019,12,27,9:27,6,6,0,0,0,0,0,0,0,0,0,https://news.naver.com/main/read.nhn?mode=LSD&mid=sec&sid1=106&oid=076&aid=0003513345,1
김성오,"장미자 ""박웅과 연기 연습 절대 같이 안 한다""(인터뷰③)",연예,29,2019,12,28,16:55,10,10,0,0,0,0,0,0,0,0,0,https://news.naver.com/main/read.nhn?mode=LSD&mid=sec&sid1=106&oid=427&aid=0000035234,1
김성오,"장미자 ""나이는 숫자에 불과…할 수 있는 한 무대 설 것""(인터뷰①)",연예,29,2019,12,28,16:55,3,3,0,0,0,0,0,0,0,0,0,https://news.naver.com/main/read.nhn?mode=LSD&mid=sec&sid1=106&oid=427&aid=0000035232,1
김성오,"""안재홍=콜라 먹는 북극곰""…'해치지 않아', 동물&사람 매칭 스틸 공개",연예,29,2019,12,23,24:11,4,4,0,0,0,0,0,0,0,0,0,https://news.naver.com/main/read.nhn?mode=LSD&mid=sec&sid1=106&oid=117&aid=0003315225,1
김성오,"'런닝맨' 강소라X김성오, 新예능 신생아의 탄생",연예,30,2020,01,04,16:38,26,26,0,0,0,0,0,0,0,0,0,https://news.naver.com/main/read.nhn?mode=LSD&mid=sec&sid1=106&oid=468&aid=0000611406,1
김성오,[포토] 김성오 '순수한 고릴라',연예,30,2019,12,30,17:34,3,3,0,0,0,0,0,0,0,0,0,https://news.naver.com/main/read.nhn?mode=LSD&mid=sec&sid1=106&oid=241&aid=0002991962,1
김성오,"""털-땀 그리고 눈물"" '해치지않아' 안재홍X강소라X박영규X김성오X전여빈의 환상 케미",연예,30,2020,01,03,13:22,4,3,0,1,0,0,0,0,0,0,0,https://news.naver.com/main/read.nhn?mode=LSD&mid=sec&sid1=106&oid=112&aid=0003253186,1
김성오,"김성오, 두 손 모으고 진지하게",연예,30,2019,12,30,17:59,1,1,0,0,0,0,0,0,0,0,0,https://news.naver.com/main/read.nhn?mode=LSD&mid=sec&sid1=106&oid=005&aid=0001273444,1
김성오,"[단독] '해치지않아' 안재홍·강소라·전여빈·김성오, '런닝맨' 출격…오는 5일 방송",연예,30,2020,01,03,17:09,35,34,0,1,0,0,0,0,0,0,0,https://news.naver.com/main/read.nhn?mode=LSD&mid=sec&sid1=106&oid=213&aid=0001148260,1
김성오,[단독]안재홍·강소라·김성오·전여빈 '아는형님' 출연…'해치지 않아' 지원 사격,연예,30,2019,12,30,14:35,166,163,0,3,0,0,0,0,0,0,0,https://news.naver.com/main/read.nhn?mode=LSD&mid=sec&sid1=106&oid=018&aid=0004545647,1
김성오,"'런닝맨' 강소라X김성오, 순진무구 '예능 신생아 매력' 폭발",연예,30,2020,01,04,11:47,13,13,0,0,0,0,0,0,0,0,0,https://news.naver.com/main/read.nhn?mode=LSD&mid=sec&sid1=106&oid=076&aid=0003516004,1
김성오,런닝맨 강소라X김성오X안재홍X전여빈 '예능 신고식',연예,30,2020,01,04,16:37,1,1,0,0,0,0,0,0,0,0,0,https://news.naver.com/main/read.nhn?mode=LSD&mid=sec&sid1=106&oid=016&aid=0001620651,1
김성오,'런닝맨' 강소라X김성오X안재홍X전여빈 '예능 신생아 매력',연예,30,2020,01,04,16:03,13,13,0,0,0,0,0,0,0,0,0,https://news.naver.com/main/read.nhn?mode=LSD&mid=sec&sid1=106&oid=015&aid=0004268112,1
김성오,‘런닝맨’ 안재홍x강소라x김성오x전여빈 출격…역대급 게스트,연예,30,2020,01,04,11:50,9,9,0,0,0,0,0,0,0,0,0,https://news.naver.com/main/read.nhn?mode=LSD&mid=sec&sid1=106&oid=382&aid=0000788552,1
김성오,"김성오, 순백의 고릴라",연예,30,2019,12,30,17:04,1,1,0,0,0,0,0,0,0,0,0,https://news.naver.com/main/read.nhn?mode=LSD&mid=sec&sid1=106&oid=421&aid=0004383505,1
김성오,[TEN PHOTO] 김성오 '강렬한 눈매',연예,30,2019,12,30,16:28,3,3,0,0,0,0,0,0,0,0,0,https://news.naver.com/main/read.nhn?mode=LSD&mid=sec&sid1=106&oid=312&aid=0000428184,1
김성오,"'해치지않아' 김성오 ""전여빈, 처음 본 순간부터 나무늘보 같았다"" [엑's 현장]",연예,30,2019,12,30,19:30,6,6,0,0,0,0,0,0,0,0,0,https://news.naver.com/main/read.nhn?mode=LSD&mid=sec&sid1=106&oid=311&aid=0001093173,1
김성오,"'해치지않아' 전여빈 ""전작 이미지 선입견 있었던 김성오, 눈이 참 예뻐""",연예,30,2019,12,30,17:31,1,1,0,0,0,0,0,0,0,0,0,https://news.naver.com/main/read.nhn?mode=LSD&mid=sec&sid1=106&oid=241&aid=0002991958,1
김성오,‘런닝맨’ 측 “안재홍 강소라 전여빈 김성오 출연” 영화 홍보박차(공식입장),연예,30,2020,01,03,18:21,15,15,0,0,0,0,0,0,0,0,0,https://news.naver.com/main/read.nhn?mode=LSD&mid=sec&sid1=106&oid=609&aid=0000228024,1
김성오,"JTBC ""안재홍X강소라X전여빈X김성오, '아는 형님' 출연..1월 2일 녹화"" [공식입장]",연예,30,2019,12,30,18:37,11,11,0,0,0,0,0,0,0,0,0,https://news.naver.com/main/read.nhn?mode=LSD&mid=sec&sid1=106&oid=109&aid=0004142675,1
김성오,"'해치지 않아' 강소라X안재홍X김성오X전여빈, '아는 형님' 출격 [공식입장]",연예,30,2019,12,30,18:13,4,4,0,0,0,0,0,0,0,0,0,https://news.naver.com/main/read.nhn?mode=LSD&mid=sec&sid1=106&oid=311&aid=0001093153,1
김성오,‘아는 형님’ 측 “안재홍·강소라·전여빈·김성오 출연…내년 1월 방송” [공식입장],연예,30,2019,12,30,17:42,20,20,0,0,0,0,0,0,0,0,0,https://news.naver.com/main/read.nhn?mode=LSD&mid=sec&sid1=106&oid=213&aid=0001147345,1
김성오,"'아는 형님' 강소라·안재홍·전여빈·김성오, '예.보.배'의 '빵' 터지는 매력 [종합]",연예,31,2020,01,11,22:59,19,19,0,0,0,0,0,0,0,0,0,https://news.naver.com/main/read.nhn?mode=LSD&mid=sec&sid1=106&oid=241&aid=0002996188,1
김성오,"김성오 ""데뷔 전 황정민 보고 수상 소감 연습했다"" ('아는형님')",연예,31,2020,01,11,22:07,6,6,0,0,0,0,0,0,0,0,0,https://news.naver.com/main/read.nhn?mode=LSD&mid=sec&sid1=106&oid=117&aid=0003322154,1
김성오,"[종합]'아는형님' 안재홍·강소라·김성오·전여빈, 매력적 배우들의 '특급 입담'",연예,31,2020,01,11,22:41,5,5,0,0,0,0,0,0,0,0,0,https://news.naver.com/main/read.nhn?mode=LSD&mid=sec&sid1=106&oid=076&aid=0003518850,1
김성오,"'아는형님' 김성오 ""'아저씨' 출연, 오디션서 손도끼 꺼내 합격""",연예,31,2020,01,11,21:42,1,1,0,0,0,0,0,0,0,0,0,https://news.naver.com/main/read.nhn?mode=LSD&mid=sec&sid1=106&oid=421&aid=0004403725,1
김성오,"‘런닝맨’ 안재홍X강소라X전여빈X김성오, 4인 4색 매력발산",연예,31,2020,01,10,15:17,13,13,0,0,0,0,0,0,0,0,0,https://news.naver.com/main/read.nhn?mode=LSD&mid=sec&sid1=106&oid=382&aid=0000790246,1
김성오,"'해치지않아' 안재홍X강소라X김성오X전여빈, '아는형님'→'런닝맨' 예능 정복",연예,31,2020,01,10,8:26,9,9,0,0,0,0,0,0,0,0,0,https://news.naver.com/main/read.nhn?mode=LSD&mid=sec&sid1=106&oid=241&aid=0002995818,1
김성오,"'아는형님' 강소라x안재홍x전여빈x김성오, 영화 데뷔 일화 '공개'",연예,31,2020,01,11,21:29,1,1,0,0,0,0,0,0,0,0,0,https://news.naver.com/main/read.nhn?mode=LSD&mid=sec&sid1=106&oid=112&aid=0003256242,1
김성오,"'아는형님' 안재홍X강소라X김성오X전여빈, 탄탄한 필모 만큼 화려한 입담 [종합]",연예,31,2020,01,11,22:56,2,2,0,0,0,0,0,0,0,0,0,https://news.naver.com/main/read.nhn?mode=LSD&mid=sec&sid1=106&oid=311&aid=0001098455,1
김성오,'아는형님' 바지터진 안재홍→강소라·전여빈 반전매력…'예보배' 활약(종합),연예,31,2020,01,11,22:41,2,2,0,0,0,0,0,0,0,0,0,https://news.naver.com/main/read.nhn?mode=LSD&mid=sec&sid1=106&oid=421&aid=0004403744,1
김성오,"'아는형님' 김성오 ""배우 되기 전 황정민 보고 수상소감 연습"" [별별TV]",연예,31,2020,01,11,22:14,1,1,0,0,0,0,0,0,0,0,0,https://news.naver.com/main/read.nhn?mode=LSD&mid=sec&sid1=106&oid=108&aid=0002835780,1
김성오,'런닝맨' 특급 개인기 안재홍→화신 김성오까지…4인 4색 매력발산,연예,31,2020,01,10,16:57,19,19,0,0,0,0,0,0,0,0,0,https://news.naver.com/main/read.nhn?mode=LSD&mid=sec&sid1=106&oid=468&aid=0000614059,1
김성오,"‘해치지않아’ 안재홍 강소라 김성오 전여빈, 예능서 열혈홍보 예고",연예,31,2020,01,10,17:08,8,8,0,0,0,0,0,0,0,0,0,https://news.naver.com/main/read.nhn?mode=LSD&mid=sec&sid1=106&oid=609&aid=0000231831,1
김성오,"안재홍·강소라 등 '해치지 않아' 개봉 앞두고, 예능 출격",연예,31,2020,01,10,16:30,9,9,0,0,0,0,0,0,0,0,0,https://news.naver.com/main/read.nhn?mode=LSD&mid=sec&sid1=106&oid=003&aid=0009648977,1
김성오,"[종합]'아는형님' 강소라, 써니 오디션 ""감독님 사진에 인사하는 연습했었다""",연예,31,2020,01,11,22:35,6,6,0,0,0,0,0,0,0,0,0,https://news.naver.com/main/read.nhn?mode=LSD&mid=sec&sid1=106&oid=112&aid=0003256252,1
김성오,김성오 ‘귀염 넘치는 고릴라 ’ [포토엔HD],연예,32,2020,01,18,20:39,1,1,0,0,0,0,0,0,0,0,0,https://news.naver.com/main/read.nhn?mode=LSD&mid=sec&sid1=106&oid=609&aid=0000235921,1
김성오,"[단독] '우아한 친구들' 유준상x송윤아→김성오x한다감, 6월 금토극 첫방 (종합)",연예,32,2020,01,18,15:04,7,7,0,0,0,0,0,0,0,0,0,https://news.naver.com/main/read.nhn?mode=LSD&mid=sec&sid1=106&oid=109&aid=0004152300,1
김성오,"안재홍x강소라x김성오x전여빈 ‘웃음 절로나는 사자,북극곰,나무늘보,고릴라’[포토엔HD]",연예,32,2020,01,18,20:30,3,3,0,0,0,0,0,0,0,0,0,https://news.naver.com/main/read.nhn?mode=LSD&mid=sec&sid1=106&oid=609&aid=0000235911,1
김성오,"'런닝맨' 김성오 ""송지효 최고? 방송용 멘트"" 대폭소",연예,32,2020,01,12,18:23,25,25,0,0,0,0,0,0,0,0,0,https://news.naver.com/main/read.nhn?mode=LSD&mid=sec&sid1=106&oid=241&aid=0002996348,1
김성오,"[종합]`런닝맨` 김성오X안재홍, 사신 검거하며 환생인 팀 승리... 억울한 전소민",연예,32,2020,01,12,18:28,13,13,0,0,0,0,0,0,0,0,0,https://news.naver.com/main/read.nhn?mode=LSD&mid=sec&sid1=106&oid=009&aid=0004498980,1
김성오,"김성오, 진지한 인사 [포토엔HD]",연예,32,2020,01,14,22:09,3,3,0,0,0,0,0,0,0,0,0,https://news.naver.com/main/read.nhn?mode=LSD&mid=sec&sid1=106&oid=609&aid=0000233822,1
김성오,"'런닝맨' 김성오 ""송지효 '최고'라는 칭찬? 방송용으로 얘기한 것""",연예,32,2020,01,13,7:01,21,21,0,0,0,0,0,0,0,0,0,https://news.naver.com/main/read.nhn?mode=LSD&mid=sec&sid1=106&oid=117&aid=0003322382,1
김성오,"‘런닝맨’ 안재홍X강소라X김성오X전여빈, 유재석이 인정한 예능감",연예,32,2020,01,12,17:23,58,57,0,1,0,0,0,0,0,0,0,https://news.naver.com/main/read.nhn?mode=LSD&mid=sec&sid1=106&oid=213&aid=0001149592,1
김성오,"‘런닝맨’ 환생레이스, 김성오 로데오 100초 성공 & 전소민 사신 의혹?!",연예,32,2020,01,12,17:32,6,6,0,0,0,0,0,0,0,0,0,https://news.naver.com/main/read.nhn?mode=LSD&mid=sec&sid1=106&oid=112&aid=0003256411,1
김성오,"[단독] '우아한 친구들', JTBC 6월 금토극 편성..제2의 'SKY캐슬' 예고",연예,32,2020,01,18,11:17,21,21,0,0,0,0,0,0,0,0,0,https://news.naver.com/main/read.nhn?mode=LSD&mid=sec&sid1=106&oid=109&aid=0004152250,1
김성오,"`런닝맨` 김성오, 송지효 칭찬 이유 묻자 ""방송용으로 얘기한 거죠""",연예,32,2020,01,12,17:21,8,8,0,0,0,0,0,0,0,0,0,https://news.naver.com/main/read.nhn?mode=LSD&mid=sec&sid1=106&oid=009&aid=0004498914,1
김성오,'런닝맨' 안재홍·김성오 환생인 승리…사신팀 패배 '물폭탄 벌칙'(종합),연예,32,2020,01,12,18:41,26,25,0,1,0,0,0,0,0,0,0,https://news.naver.com/main/read.nhn?mode=LSD&mid=sec&sid1=106&oid=421&aid=0004404497,1
김성오,‘런닝맨’ 김성오&안재홍 집념의 환생인…마지막 사신은? (종합),연예,32,2020,01,12,18:28,36,35,0,1,0,0,0,0,0,0,0,https://news.naver.com/main/read.nhn?mode=LSD&mid=sec&sid1=106&oid=112&aid=0003256419,1
김성오,"'런닝맨' 안재홍X김성오, 환생인의 최종 승리…강소라 벌칙 [종합]",연예,32,2020,01,12,18:30,14,14,0,0,0,0,0,0,0,0,0,https://news.naver.com/main/read.nhn?mode=LSD&mid=sec&sid1=106&oid=311&aid=0001098651,1
김성오,안재홍X강소라X박영규X김성오X전여빈 ‘해치지않아’ 100만 돌파 인증샷,연예,33,2020,01,24,14:41,5,5,0,0,0,0,0,0,0,0,0,https://news.naver.com/main/read.nhn?mode=LSD&mid=sec&sid1=106&oid=609&aid=0000238416,1
김성오,"[포토]김성오, 눈빛이 시크",연예,33,2020,01,19,14:40,1,1,0,0,0,0,0,0,0,0,0,https://news.naver.com/main/read.nhn?mode=LSD&mid=sec&sid1=106&oid=112&aid=0003258912,1
김성오,"'해치지않아', 100만 관객 돌파…안재홍→강소라 깜찍 인증샷 공개",연예,33,2020,01,24,8:12,12,10,0,2,0,0,0,0,0,0,0,https://news.naver.com/main/read.nhn?mode=LSD&mid=sec&sid1=106&oid=468&aid=0000618836,1
김성오,'해치지 않아' 안재홍 코미디 통했다…10일만에 100만 돌파,연예,33,2020,01,24,10:58,33,33,0,0,0,0,0,0,0,0,0,https://news.naver.com/main/read.nhn?mode=LSD&mid=sec&sid1=106&oid=421&aid=0004425784,1
김성오,"‘해치지않아’, 100만 관객 돌파...감사 인증사진 공개",연예,33,2020,01,24,8:20,2,2,0,0,0,0,0,0,0,0,0,https://news.naver.com/main/read.nhn?mode=LSD&mid=sec&sid1=106&oid=312&aid=0000432521,1
김성오,"'해치지 않아' 100만 돌파..안재홍→강소라, 감사 인증샷",연예,33,2020,01,24,17:17,19,19,0,0,0,0,0,0,0,0,0,https://news.naver.com/main/read.nhn?mode=LSD&mid=sec&sid1=106&oid=108&aid=0002838383,1
김성오,[TEN PHOTO]전여빈-김성오-강소라-안재홍 '영화 재미있게 보세요~',연예,33,2020,01,19,14:59,1,1,0,0,0,0,0,0,0,0,0,https://news.naver.com/main/read.nhn?mode=LSD&mid=sec&sid1=106&oid=312&aid=0000431775,1
김성오,[TEN PHOTO]강소라 '뒤돌아 보면 심쿵',연예,33,2020,01,19,14:19,5,5,0,0,0,0,0,0,0,0,0,https://news.naver.com/main/read.nhn?mode=LSD&mid=sec&sid1=106&oid=312&aid=0000431759,1
김성오,[TEN PHOTO]강소라 '팬래터 받고 꽃미소',연예,33,2020,01,19,14:17,2,2,0,0,0,0,0,0,0,0,0,https://news.naver.com/main/read.nhn?mode=LSD&mid=sec&sid1=106&oid=312&aid=0000431758,1
김성오,"[공식]권상우, 2020년 1월 영화배우 브랜드 평판 첫 1위…2위 안재홍·3위 한석규",연예,33,2020,01,25,8:50,23,23,0,0,0,0,0,0,0,0,0,https://news.naver.com/main/read.nhn?mode=LSD&mid=sec&sid1=106&oid=076&aid=0003523557,1
김성오,"권상우, 1月 영화배우 브랜드 평판 1위..2위 안재홍-3위 한석규",연예,33,2020,01,25,8:41,28,27,0,1,0,0,0,0,0,0,0,https://news.naver.com/main/read.nhn?mode=LSD&mid=sec&sid1=106&oid=112&aid=0003260914,1
김성오,"권상우, 1월 영화배우 브랜드평판 1위…2위 안재홍·3위 한석규",연예,33,2020,01,25,8:18,7,7,0,0,0,0,0,0,0,0,0,https://news.naver.com/main/read.nhn?mode=LSD&mid=sec&sid1=106&oid=009&aid=0004506233,1
김성오,[TEN PHOTO] 김성오 '해치지않아 무대인사 왔어요',연예,34,2020,01,26,13:22,2,2,0,0,0,0,0,0,0,0,0,https://news.naver.com/main/read.nhn?mode=LSD&mid=sec&sid1=106&oid=312&aid=0000432787,1
김성오,김성오 ‘고롱이 웃었습니다’[포토엔HD],연예,34,2020,01,26,13:43,1,1,0,0,0,0,0,0,0,0,0,https://news.naver.com/main/read.nhn?mode=LSD&mid=sec&sid1=106&oid=609&aid=0000238854,1
김성오,"설 연휴 사흘째, 당신을 기다리는 특선 영화는?",연예,34,2020,01,26,16:25,4,4,0,0,0,0,0,0,0,0,0,https://news.naver.com/main/read.nhn?mode=LSD&mid=sec&sid1=106&oid=079&aid=0003315473,1
김성오,"[대세 로코남★③] 윤계상, '초콜릿'서 로맨스·감동 잡았다",연예,34,2020,01,31,10:19,47,47,0,0,0,0,0,0,0,0,0,https://news.naver.com/main/read.nhn?mode=LSD&mid=sec&sid1=106&oid=427&aid=0000035519,1
김성오,[TEN PHOTO] 전여빈 '청순청순해',연예,34,2020,01,26,13:32,4,4,0,0,0,0,0,0,0,0,0,https://news.naver.com/main/read.nhn?mode=LSD&mid=sec&sid1=106&oid=312&aid=0000432793,1
김성오,[TEN PHOTO] 강소라 '러블리 아우라',연예,34,2020,01,26,13:40,1,1,0,0,0,0,0,0,0,0,0,https://news.naver.com/main/read.nhn?mode=LSD&mid=sec&sid1=106&oid=312&aid=0000432796,1
김성오,"""하얗게 불태웠다""…'해치지않아' 털·땀·흥 터진 촬영 비하인드",연예,34,2020,01,28,13:22,6,6,0,0,0,0,0,0,0,0,0,https://news.naver.com/main/read.nhn?mode=LSD&mid=sec&sid1=106&oid=241&aid=0002999755,1
김성오,안재홍·강소라·김성오·전여빈 '해치지 않아' VOD 서비스,연예,35,2020,02,04,24:28,1,1,0,0,0,0,0,0,0,0,0,https://news.naver.com/main/read.nhn?mode=LSD&mid=sec&sid1=106&oid=003&aid=0009684278,1
김성오,안재홍 “멜로가 체질‘ 함께한 전여빈 잘돼 좋다..응원중”[EN:인터뷰],연예,35,2020,02,07,6:01,5,5,0,0,0,0,0,0,0,0,0,https://news.naver.com/main/read.nhn?mode=LSD&mid=sec&sid1=106&oid=609&aid=0000244325,1
김성오,"[집중탐구 더 스타①] 배종옥, '결백'서 60대 치매 노인 변신",연예,35,2020,02,08,15:45,4,4,0,0,0,0,0,0,0,0,0,https://news.naver.com/main/read.nhn?mode=LSD&mid=sec&sid1=106&oid=427&aid=0000035597,1
김성오,"[집중탐구 더 스타②] 배종옥, 한계 없는 연기 스펙트럼 자랑",연예,35,2020,02,08,15:45,5,5,0,0,0,0,0,0,0,0,0,https://news.naver.com/main/read.nhn?mode=LSD&mid=sec&sid1=106&oid=427&aid=0000035598,1
김성오,"[집중탐구 더 스타④] 조민수, 극과 극 오가는 반전 매력 선사",연예,35,2020,02,08,15:46,6,6,0,0,0,0,0,0,0,0,0,https://news.naver.com/main/read.nhn?mode=LSD&mid=sec&sid1=106&oid=427&aid=0000035600,1
김성오,"[집중탐구 더 스타③] 조민수, 개성있는 연기로 독보적 캐릭터 구축",연예,35,2020,02,08,15:45,3,3,0,0,0,0,0,0,0,0,0,https://news.naver.com/main/read.nhn?mode=LSD&mid=sec&sid1=106&oid=427&aid=0000035599,1
김성오,"진성 ""'안동역에서', 날 살린 노래"" (인터뷰②)",연예,36,2020,02,11,11:31,47,47,0,0,0,0,0,0,0,0,0,https://news.naver.com/main/read.nhn?mode=LSD&mid=sec&sid1=106&oid=427&aid=0000035611,1
김성오,"진성 ""'미스터트롯' 심사위원, 감개무량"" (인터뷰①)",연예,36,2020,02,11,11:31,152,152,0,0,0,0,0,0,0,0,0,https://news.naver.com/main/read.nhn?mode=LSD&mid=sec&sid1=106&oid=427&aid=0000035610,1
김성오,"진성 ""혈액암·심장판막증 동시에 앓았다"" (인터뷰③)",연예,36,2020,02,11,11:31,4,3,0,1,0,0,0,0,0,0,0,https://news.naver.com/main/read.nhn?mode=LSD&mid=sec&sid1=106&oid=427&aid=0000035612,1
김성오,"진성 ""암 투병 이후 긍정적 마인드 가지게 됐다"" (인터뷰④)",연예,36,2020,02,11,11:32,6,6,0,0,0,0,0,0,0,0,0,https://news.naver.com/main/read.nhn?mode=LSD&mid=sec&sid1=106&oid=427&aid=0000035613,1
김성오,"김지영, ‘우아한 친구들→굿 캐스팅’ 2020 열일행보",연예,36,2020,02,13,9:55,3,3,0,0,0,0,0,0,0,0,0,https://news.naver.com/main/read.nhn?mode=LSD&mid=sec&sid1=106&oid=609&aid=0000246866,1
김성오,김지영 ‘굿 캐스팅’ 이어 ‘우아한 친구들’ 합류(공식입장),연예,36,2020,02,14,24:07,6,6,0,0,0,0,0,0,0,0,0,https://news.naver.com/main/read.nhn?mode=LSD&mid=sec&sid1=106&oid=609&aid=0000247511,1
김성오,"""주택임대사업자 제도, 가장 큰 실책"" [전효성의 시크릿 부동산]",경제,37,2020,02,21,15:35,81,67,0,2,11,1,0,0,0,0,0,https://news.naver.com/main/read.nhn?mode=LSD&mid=sec&sid1=101&oid=215&aid=0000850193,1
김성오,"[집중탐구 더 스타③] 봉준호·송강호, '기생충'으로 환상의 호흡 자랑",연예,37,2020,02,22,10:27,4,4,0,0,0,0,0,0,0,0,0,https://news.naver.com/main/read.nhn?mode=LSD&mid=sec&sid1=106&oid=427&aid=0000035715,1
김성오,"[집중탐구 더 스타②] 봉준호·송강호, '살인의 추억'으로 최고의 콤비 입증",연예,37,2020,02,22,10:26,14,14,0,0,0,0,0,0,0,0,0,https://news.naver.com/main/read.nhn?mode=LSD&mid=sec&sid1=106&oid=427&aid=0000035714,1
김성오,"[7080 실버★③] 윤여정, 도전정신으로 할리우드 진출",연예,37,2020,02,20,10:53,1,1,0,0,0,0,0,0,0,0,0,https://news.naver.com/main/read.nhn?mode=LSD&mid=sec&sid1=106&oid=427&aid=0000035686,1
김성오,"[집중탐구 더 스타④] 이선균 ""'기생충' 출연, 봉준호·송강호에 고마웠다""",연예,37,2020,02,22,10:28,10,10,0,0,0,0,0,0,0,0,0,https://news.naver.com/main/read.nhn?mode=LSD&mid=sec&sid1=106&oid=427&aid=0000035716,1
김성오,"[집중탐구 더 스타①] 송강호 ""'기생충' 덕에 봉준호와 영광스러운 시간 보냈다""",연예,37,2020,02,22,10:26,10,10,0,0,0,0,0,0,0,0,0,https://news.naver.com/main/read.nhn?mode=LSD&mid=sec&sid1=106&oid=427&aid=0000035713,1
김성오,"[★ 이색 전직③] 성훈, 대학교 시절 수영 선수로 활약",연예,38,2020,02,29,10:05,5,5,0,0,0,0,0,0,0,0,0,https://news.naver.com/main/read.nhn?mode=LSD&mid=sec&sid1=106&oid=427&aid=0000035773,1
김성오,"[★ 이색 전직①] 허성태 ""데뷔 전 거제도 조선소서 근무""",연예,38,2020,02,29,10:04,3,3,0,0,0,0,0,0,0,0,0,https://news.naver.com/main/read.nhn?mode=LSD&mid=sec&sid1=106&oid=427&aid=0000035771,1
김성오,"[★ 이색 전직②] 진기주, 대기업 사원·수습기자 거쳐 배우 데뷔",연예,38,2020,02,29,10:05,14,14,0,0,0,0,0,0,0,0,0,https://news.naver.com/main/read.nhn?mode=LSD&mid=sec&sid1=106&oid=427&aid=0000035772,1
김성오,"박찬숙 ""아이들 생각하며 힘든 순간 이겨냈다"" (인터뷰③)",연예,38,2020,02,26,10:25,10,5,0,0,0,0,3,1,0,1,0,https://news.naver.com/main/read.nhn?mode=LSD&mid=sec&sid1=106&oid=427&aid=0000035736,1
김성오,"[더 스타③] 김태희, 솔직·털털한 성격으로 반전 매력 선사",연예,39,2020,03,07,11:53,54,54,0,0,0,0,0,0,0,0,0,https://news.naver.com/main/read.nhn?mode=LSD&mid=sec&sid1=106&oid=427&aid=0000035845,1
김성오,"[더 스타②] 김태희, '싸움'서 화려한 하드보일드 액션 자랑",연예,39,2020,03,07,11:53,18,17,0,1,0,0,0,0,0,0,0,https://news.naver.com/main/read.nhn?mode=LSD&mid=sec&sid1=106&oid=427&aid=0000035844,1
김성오,"[더 스타①] 김태희, '중천' 통해 스크린 데뷔…판타지 여주인공 변신",연예,39,2020,03,07,11:52,16,16,0,0,0,0,0,0,0,0,0,https://news.naver.com/main/read.nhn?mode=LSD&mid=sec&sid1=106&oid=427&aid=0000035843,1
김성오,"""분양가상한제·공매도·거래세 폐지""…과연 누구 공약? [전효성의 시크릿 부동산]",경제,39,2020,03,03,14:18,32,29,0,0,0,3,0,0,0,0,0,https://news.naver.com/main/read.nhn?mode=LSD&mid=sec&sid1=101&oid=215&aid=0000852688,1
김성오,"[재발견 트로트★④] 양지원 ""가족, 가수 생활의 원동력""",연예,39,2020,03,04,10:29,90,90,0,0,0,0,0,0,0,0,0,https://news.naver.com/main/read.nhn?mode=LSD&mid=sec&sid1=106&oid=427&aid=0000035798,1
김성오,"[재발견 트로트★②] 양지원 ""13살 때 30억 받고 일본에 스카우트""",연예,39,2020,03,04,10:28,68,67,0,1,0,0,0,0,0,0,0,https://news.naver.com/main/read.nhn?mode=LSD&mid=sec&sid1=106&oid=427&aid=0000035796,1
김성오,"[재발견 트로트★⑦] 노지훈 ""아내 이은혜와 3개월 연애하고 결혼""",연예,39,2020,03,04,10:31,10,10,0,0,0,0,0,0,0,0,0,https://news.naver.com/main/read.nhn?mode=LSD&mid=sec&sid1=106&oid=427&aid=0000035801,1
김성오,"[재발견 트로트★⑤] 노지훈 ""'방시혁 팬이어서 '위대한 탄생' 출연""",연예,39,2020,03,04,10:29,9,9,0,0,0,0,0,0,0,0,0,https://news.naver.com/main/read.nhn?mode=LSD&mid=sec&sid1=106&oid=427&aid=0000035799,1
김성오,"[재발견 트로트★③] 양지원 ""日 활동, 지하철 돌며 혼자 공연했다""",연예,39,2020,03,04,10:29,61,52,0,9,0,0,0,0,0,0,0,https://news.naver.com/main/read.nhn?mode=LSD&mid=sec&sid1=106&oid=427&aid=0000035797,1
김성오,"김형묵 ""백종원 방송 모두 챙겨 본다""",연예,40,2020,03,12,10:01,13,13,0,0,0,0,0,0,0,0,0,https://news.naver.com/main/read.nhn?mode=LSD&mid=sec&sid1=106&oid=427&aid=0000035877,1
김성오,"김형묵 ""이범수 닮은꼴? 누 되지 않게 열심히 하겠다""",연예,40,2020,03,12,10:01,2,2,0,0,0,0,0,0,0,0,0,https://news.naver.com/main/read.nhn?mode=LSD&mid=sec&sid1=106&oid=427&aid=0000035878,1
김성오,"[아이돌→트로트★⑤] 이도진 ""나는 뼛속까지 트로트 가수""",연예,40,2020,03,10,11:07,39,39,0,0,0,0,0,0,0,0,0,https://news.naver.com/main/read.nhn?mode=LSD&mid=sec&sid1=106&oid=427&aid=0000035854,1
김성오,"[아이돌→트로트★⑥] 이도진 ""트로트, 적성에 맞는 행복한 장르""",연예,40,2020,03,10,11:08,29,29,0,0,0,0,0,0,0,0,0,https://news.naver.com/main/read.nhn?mode=LSD&mid=sec&sid1=106&oid=427&aid=0000035855,1
김성오,"[아이돌→트로트★⑦] 이도진 ""'미스터트롯' 인기 취하지 않고 천천히 길게 갈 것""",연예,40,2020,03,10,11:08,6,6,0,0,0,0,0,0,0,0,0,https://news.naver.com/main/read.nhn?mode=LSD&mid=sec&sid1=106&oid=427&aid=0000035856,1
김성오,"[아이돌→트로트★①] 김중연 ""김준수 포옹, 잊지 못할 추억""",연예,40,2020,03,10,11:06,240,238,0,1,0,0,1,0,0,0,0,https://news.naver.com/main/read.nhn?mode=LSD&mid=sec&sid1=106&oid=427&aid=0000035850,1
김성오,"[아이돌→트로트★③] 김중연 ""과거 아이돌 A6P 활동 아쉬움 많다""",연예,40,2020,03,10,11:07,178,177,0,0,0,0,1,0,0,0,0,https://news.naver.com/main/read.nhn?mode=LSD&mid=sec&sid1=106&oid=427&aid=0000035852,1
김성오,"[아이돌→트로트★④] 김중연 ""롤모델은 장윤정…대중적 가수 되고싶다""",연예,40,2020,03,10,11:07,154,154,0,0,0,0,0,0,0,0,0,https://news.naver.com/main/read.nhn?mode=LSD&mid=sec&sid1=106&oid=427&aid=0000035853,1
김성오,"[아이돌→트로트★②] 김중연 ""'미스터트롯' 탈락, 공허하고 아쉬웠다""",연예,40,2020,03,10,11:06,154,154,0,0,0,0,0,0,0,0,0,https://news.naver.com/main/read.nhn?mode=LSD&mid=sec&sid1=106&oid=427&aid=0000035851,1
김성오,"차청화 ""한계 없는 배우 되고 싶다"" (인터뷰③)",연예,41,2020,03,21,10:59,33,32,0,1,0,0,0,0,0,0,0,https://news.naver.com/main/read.nhn?mode=LSD&mid=sec&sid1=106&oid=427&aid=0000035972,1
김성오,"차청화 ""예의 바른 사람이 이상형"" (인터뷰④)",연예,41,2020,03,21,11:00,33,33,0,0,0,0,0,0,0,0,0,https://news.naver.com/main/read.nhn?mode=LSD&mid=sec&sid1=106&oid=427&aid=0000035973,1
김성오,"차청화 ""북한 사투리 이어 충청도 사투리 도전"" (인터뷰①)",연예,41,2020,03,21,10:59,22,22,0,0,0,0,0,0,0,0,0,https://news.naver.com/main/read.nhn?mode=LSD&mid=sec&sid1=106&oid=427&aid=0000035970,1
김성오,"차청화 ""'사랑의 불시착' 오디션, 북한 스타일로 참여했다"" (인터뷰②)",연예,41,2020,03,21,10:59,81,81,0,0,0,0,0,0,0,0,0,https://news.naver.com/main/read.nhn?mode=LSD&mid=sec&sid1=106&oid=427&aid=0000035971,1
김성오,"[더 스타①] 조진웅, '군도'서 능청 연기 완벽 소화",연예,41,2020,03,18,10:17,1,1,0,0,0,0,0,0,0,0,0,https://news.naver.com/main/read.nhn?mode=LSD&mid=sec&sid1=106&oid=427&aid=0000035937,1
김성오,"[더 스타③] 조진웅, '범죄와의 전쟁' 통해 대중에 눈도장",연예,41,2020,03,18,10:18,1,1,0,0,0,0,0,0,0,0,0,https://news.naver.com/main/read.nhn?mode=LSD&mid=sec&sid1=106&oid=427&aid=0000035939,1
김성오,"[더 스타④] 조진웅, 결혼 7년 만에 득녀…알콩달콩 결혼생활",연예,41,2020,03,18,10:18,1,1,0,0,0,0,0,0,0,0,0,https://news.naver.com/main/read.nhn?mode=LSD&mid=sec&sid1=106&oid=427&aid=0000035940,1
김성오,"[전설의 개그맨②] 오재미 ""대인기피증으로 방송 쉬었다""",연예,42,2020,03,27,10:12,16,13,0,3,0,0,0,0,0,0,0,https://news.naver.com/main/read.nhn?mode=LSD&mid=sec&sid1=106&oid=427&aid=0000036025,1
김성오,"[전설의 개그맨①] 오재미 ""'오서방'으로 상상초월 인기 얻었다""",연예,42,2020,03,27,10:12,1,0,0,0,0,0,0,0,0,1,0,https://news.naver.com/main/read.nhn?mode=LSD&mid=sec&sid1=106&oid=427&aid=0000036024,1
김성오,"[전설의 인생③] 최성수 ""美 유학서 인생 전환점 맞았다""",연예,42,2020,03,26,10:14,2,2,0,0,0,0,0,0,0,0,0,https://news.naver.com/main/read.nhn?mode=LSD&mid=sec&sid1=106&oid=427&aid=0000036009,1
김성오,"[전설의 인생④] 이치현 ""'당신만이', 아내 생일선물로 만든 곡""",연예,42,2020,03,26,10:14,92,91,0,1,0,0,0,0,0,0,0,https://news.naver.com/main/read.nhn?mode=LSD&mid=sec&sid1=106&oid=427&aid=0000036010,1
김성오,"[아내 바보★①] 최현상 ""아내 이현승, 내면이 멋진 사람""",연예,42,2020,03,24,10:15,12,11,0,1,0,0,0,0,0,0,0,https://news.naver.com/main/read.nhn?mode=LSD&mid=sec&sid1=106&oid=427&aid=0000035991,1
김성오,"[종합]'한밤' 김재원, 故문지윤 향한 그리움 ""눈 앞에 아른거려"" 눈물",연예,42,2020,03,25,21:48,60,1,0,59,0,0,0,0,0,0,0,https://news.naver.com/main/read.nhn?mode=LSD&mid=sec&sid1=106&oid=076&aid=0003546731,1
김성오,"클토리 공방, 태백고생대자연사박물관 포토존 조성 재능 기부",사회,43,2020,04,01,14:57,1,1,0,0,0,0,0,0,0,0,0,https://news.naver.com/main/read.nhn?mode=LSD&mid=sec&sid1=102&oid=002&aid=0002128729,1
김성오,"이광기 ""사진작가 변신 후 편견에 시달렸다"" (인터뷰②)",연예,43,2020,04,02,14:35,5,5,0,0,0,0,0,0,0,0,0,https://news.naver.com/main/read.nhn?mode=LSD&mid=sec&sid1=106&oid=427&aid=0000036070,1
김성오,"[전설의 인생②] 임백천 ""과거 6년 간 건설회사 다녔다""",연예,43,2020,03,31,9:53,4,4,0,0,0,0,0,0,0,0,0,https://news.naver.com/main/read.nhn?mode=LSD&mid=sec&sid1=106&oid=427&aid=0000036050,1
김성오,"[전설의 인생①] 임백천 ""라디오 청취율 1위, 마돈나 분장으로 팬서비스""",연예,43,2020,03,31,9:53,3,3,0,0,0,0,0,0,0,0,0,https://news.naver.com/main/read.nhn?mode=LSD&mid=sec&sid1=106&oid=427&aid=0000036049,1
김성오,"[전설의 인생③] 임백천 ""올해 안에 앨범 내는 것이 목표""",연예,43,2020,03,31,9:54,23,22,0,1,0,0,0,0,0,0,0,https://news.naver.com/main/read.nhn?mode=LSD&mid=sec&sid1=106&oid=427&aid=0000036051,1
김성오,"김흥국 ""방송 복귀? 서두르고 싶지 않아"" (인터뷰③)",연예,44,2020,04,09,13:23,2,2,0,0,0,0,0,0,0,0,0,https://news.naver.com/main/read.nhn?mode=LSD&mid=sec&sid1=106&oid=427&aid=0000036130,1
김성오,"김흥국, '인생은 한 방' 외친 사연은? (인터뷰②)",연예,44,2020,04,09,13:22,1,1,0,0,0,0,0,0,0,0,0,https://news.naver.com/main/read.nhn?mode=LSD&mid=sec&sid1=106&oid=427&aid=0000036129,1
김성오,"[감독 배우를 말하다④] 박찬욱 ""이영애, '친절한 금자씨'서 진가 입증""",연예,44,2020,04,06,15:15,4,4,0,0,0,0,0,0,0,0,0,https://news.naver.com/main/read.nhn?mode=LSD&mid=sec&sid1=106&oid=427&aid=0000036097,1
김성오,"[감독 배우를 말하다②] 최동훈 ""김혜수, 걸음걸이까지 명품""",연예,44,2020,04,06,15:14,80,80,0,0,0,0,0,0,0,0,0,https://news.naver.com/main/read.nhn?mode=LSD&mid=sec&sid1=106&oid=427&aid=0000036095,1
김성오,"[감독 배우를 말하다③] 박찬욱, 이영애 'JSA'에 캐스팅한 결정적 이유는?",연예,44,2020,04,06,15:14,3,3,0,0,0,0,0,0,0,0,0,https://news.naver.com/main/read.nhn?mode=LSD&mid=sec&sid1=106&oid=427&aid=0000036096,1
김성오,"[감독 배우를 말하다①] 최동훈 ""'타짜' 정마담, 김혜수에 영감 받았다""",연예,44,2020,04,06,15:13,46,46,0,0,0,0,0,0,0,0,0,https://news.naver.com/main/read.nhn?mode=LSD&mid=sec&sid1=106&oid=427&aid=0000036094,1
김성오,JTBC “코로나19 탓 일부 편성 연기…‘부부의세계’ 종영 후 원작 편성”(공식),연예,45,2020,04,16,11:50,5,5,0,0,0,0,0,0,0,0,0,https://news.naver.com/main/read.nhn?mode=LSD&mid=sec&sid1=106&oid=410&aid=0000685090,1
김성오,"[7080★ 레전드 탑골가요④] ""리메이크 릴레이""…이치현 '당신만이'",연예,45,2020,04,16,15:42,1,1,0,0,0,0,0,0,0,0,0,https://news.naver.com/main/read.nhn?mode=LSD&mid=sec&sid1=106&oid=427&aid=0000036168,1
김성오,[7080★ 레전드 탑골가요③] 전영록X양수경 콜라보 '사랑은 창밖의 빗물 같아요',연예,45,2020,04,16,15:41,11,11,0,0,0,0,0,0,0,0,0,https://news.naver.com/main/read.nhn?mode=LSD&mid=sec&sid1=106&oid=427&aid=0000036167,1
김성오,"[청춘의 아이콘★③] 최재성 ""액션 연기, 통쾌함이 매력""",연예,45,2020,04,14,14:09,1,1,0,0,0,0,0,0,0,0,0,https://news.naver.com/main/read.nhn?mode=LSD&mid=sec&sid1=106&oid=427&aid=0000036160,1
김성오,"[청춘의 아이콘★①] 안정훈 ""최수지, 꼭 한 번 만나고 싶어""",연예,45,2020,04,14,14:08,10,10,0,0,0,0,0,0,0,0,0,https://news.naver.com/main/read.nhn?mode=LSD&mid=sec&sid1=106&oid=427&aid=0000036158,1
김성오,"[청춘의 아이콘★②] 김정균 ""내가 원래 '내일은 사랑' 이병헌 역할이었다""",연예,45,2020,04,14,14:09,5,5,0,0,0,0,0,0,0,0,0,https://news.naver.com/main/read.nhn?mode=LSD&mid=sec&sid1=106&oid=427&aid=0000036159,1
김성오,"[청춘의 아이콘★④] 이경심 ""16년 공백기, 다시 연기할 수 있을까 걱정됐다""",연예,45,2020,04,14,14:10,13,12,0,1,0,0,0,0,0,0,0,https://news.naver.com/main/read.nhn?mode=LSD&mid=sec&sid1=106&oid=427&aid=0000036161,1
김성오,"김성오, tvN '루카' 출연 확정…압도적 카리스마 예고",연예,46,2020,04,22,11:18,8,7,0,0,0,0,0,0,1,0,0,https://news.naver.com/main/read.nhn?mode=LSD&mid=sec&sid1=106&oid=421&aid=0004600699,1
김성오,"김성오, 드라마 '루카' 캐스팅… 특수부대 출신 연기",연예,46,2020,04,23,1:16,10,10,0,0,0,0,0,0,0,0,0,https://news.naver.com/main/read.nhn?mode=LSD&mid=sec&sid1=106&oid=417&aid=0000534494,1
김성오,"안내상 ""'저 산 너머', 종교영화 아닌 가족영화""",연예,46,2020,04,24,14:12,15,15,0,0,0,0,0,0,0,0,0,https://news.naver.com/main/read.nhn?mode=LSD&mid=sec&sid1=106&oid=427&aid=0000036219,1
김성오,"[동명이인 스타①] 한혜진 ""모델·배우 연예인 보다 이름 먼저 사용""",연예,46,2020,04,24,14:22,1,1,0,0,0,0,0,0,0,0,0,https://news.naver.com/main/read.nhn?mode=LSD&mid=sec&sid1=106&oid=427&aid=0000036220,1
김성오,[김희애 연기史①] '아들과 딸'→'밀회'…과감한 연기 행보,연예,46,2020,04,23,17:01,50,49,0,1,0,0,0,0,0,0,0,https://news.naver.com/main/read.nhn?mode=LSD&mid=sec&sid1=106&oid=427&aid=0000036214,1
김성오,[김희애 연기史②] 워킹맘→비혼 캐릭터…중년 여배우 한계 극복,연예,46,2020,04,23,17:02,14,14,0,0,0,0,0,0,0,0,0,https://news.naver.com/main/read.nhn?mode=LSD&mid=sec&sid1=106&oid=427&aid=0000036215,1
김성오,[김희애 연기史③] '우아한 거짓말'서 섬세한 감정 연기…폭넓은 스펙트럼,연예,46,2020,04,23,17:02,8,8,0,0,0,0,0,0,0,0,0,https://news.naver.com/main/read.nhn?mode=LSD&mid=sec&sid1=106&oid=427&aid=0000036216,1
김성오,"김성오, tvN ‘루카(LUCA)’ 캐스팅 확정…특수부대 출신 이손 役 맡아",연예,46,2020,04,22,15:41,8,8,0,0,0,0,0,0,0,0,0,https://news.naver.com/main/read.nhn?mode=LSD&mid=sec&sid1=106&oid=021&aid=0002425458,1
김성오,"김성오, ‘루카’ 캐스팅 확정…특수부대 출신 ‘이손’ 役",연예,46,2020,04,22,16:48,7,7,0,0,0,0,0,0,0,0,0,https://news.naver.com/main/read.nhn?mode=LSD&mid=sec&sid1=106&oid=382&aid=0000815210,1
김성오,"김성오, tvN '루카(LUCA)' 캐스팅 확정...특수부대 출신 이손 役 [공식]",연예,46,2020,04,22,10:31,2,2,0,0,0,0,0,0,0,0,0,https://news.naver.com/main/read.nhn?mode=LSD&mid=sec&sid1=106&oid=076&aid=0003557536,1
김성오,"[연예계 핫뉴스②] 김준희, 5월 2일 연하 사업가와 결혼",연예,47,2020,04,29,13:57,1,1,0,0,0,0,0,0,0,0,0,https://news.naver.com/main/read.nhn?mode=LSD&mid=sec&sid1=106&oid=427&aid=0000036245,1
김성오,"‘한밤’ 배우 고준, 악역 연기를 위해 “주먹계에도 잠깐 들어가 사투리 배워” 피나는 노력",연예,47,2020,04,29,21:50,4,4,0,0,0,0,0,0,0,0,0,https://news.naver.com/main/read.nhn?mode=LSD&mid=sec&sid1=106&oid=009&aid=0004566800,1
김성오,"[연예계 핫뉴스①] 송가인·박나래→김연아, '덕분에 챌린지' 릴레이 동참",연예,47,2020,04,29,13:57,132,132,0,0,0,0,0,0,0,0,0,https://news.naver.com/main/read.nhn?mode=LSD&mid=sec&sid1=106&oid=427&aid=0000036244,1
김성오,"김민귀, ‘루카’로 안방극장 데뷔…김래원 쫓는 태오 役",연예,47,2020,04,28,11:11,1,1,0,0,0,0,0,0,0,0,0,https://news.naver.com/main/read.nhn?mode=LSD&mid=sec&sid1=106&oid=396&aid=0000547870,1
김성오,"김민귀, tvN ‘루카’ 캐스팅…첫 드라마 도전(공식입장)",연예,47,2020,04,28,14:37,2,2,0,0,0,0,0,0,0,0,0,https://news.naver.com/main/read.nhn?mode=LSD&mid=sec&sid1=106&oid=609&aid=0000271733,1
김성오,"정다은, tvN 새 드라마 '루카' 출연 확정…김성오와 한 팀 호흡",연예,47,2020,04,29,8:17,1,1,0,0,0,0,0,0,0,0,0,https://news.naver.com/main/read.nhn?mode=LSD&mid=sec&sid1=106&oid=015&aid=0004332480,1
김성오,"정다은, '루카' 출연 확정…김성오와 한 팀 호흡 [공식입장]",연예,47,2020,04,29,17:28,1,1,0,0,0,0,0,0,0,0,0,https://news.naver.com/main/read.nhn?mode=LSD&mid=sec&sid1=106&oid=311&aid=0001140746,1
김성오,"정다은 출연확정, ‘루카’ 특수부대 출신 ‘유나’ 역…김성오와 호흡 [공식]",연예,47,2020,04,29,9:08,1,0,0,0,0,0,1,0,0,0,0,https://news.naver.com/main/read.nhn?mode=LSD&mid=sec&sid1=106&oid=009&aid=0004566152,1
김성오,"정다은 ‘루카’ 출연 확정, 김성오와 한 팀 호흡(공식)",연예,47,2020,04,29,17:23,1,1,0,0,0,0,0,0,0,0,0,https://news.naver.com/main/read.nhn?mode=LSD&mid=sec&sid1=106&oid=609&aid=0000272257,1
김성오,"신예 김민귀, 모델에서 배우로…'루카'로 드라마 데뷔",연예,47,2020,04,28,13:56,5,5,0,0,0,0,0,0,0,0,0,https://news.naver.com/main/read.nhn?mode=LSD&mid=sec&sid1=106&oid=468&aid=0000653046,1
김성오,"김민귀, '루카'로 드라마 데뷔…핫한 모델→배우로 변신",연예,47,2020,04,28,13:49,2,2,0,0,0,0,0,0,0,0,0,https://news.naver.com/main/read.nhn?mode=LSD&mid=sec&sid1=106&oid=117&aid=0003357134,1
김성오,"김민귀, tvN 새 드라마 ‘루카’로 드라마 데뷔…김래원 쫓는다",연예,47,2020,04,28,10:19,4,4,0,0,0,0,0,0,0,0,0,https://news.naver.com/main/read.nhn?mode=LSD&mid=sec&sid1=106&oid=382&aid=0000816613,1
김성오,"모델 출신 김민귀, '루카'로 드라마 데뷔…김래원과 호흡",연예,47,2020,04,28,14:48,2,2,0,0,0,0,0,0,0,0,0,https://news.naver.com/main/read.nhn?mode=LSD&mid=sec&sid1=106&oid=311&aid=0001140080,1
김성오,"""사고로 골퍼 꿈 접어…백돌이 애환 담은 노래로 대박""",스포츠,48,2020,05,08,17:20,7,2,0,1,2,1,0,0,0,0,1,http://sports.news.naver.com/golf/news/read.nhn?oid=015&aid=0004337226,1
김성오,"차오름 ""사고로 골퍼 꿈 접어 … 백돌이 애환 담은 노래로 대박""",스포츠,48,2020,05,09,16:21,6,4,0,0,0,1,0,0,0,0,1,http://sports.news.naver.com/golf/news/read.nhn?oid=015&aid=0004337469,1
김성오,"[연예계 핫뉴스] 조정석, '슬의생' 출연료 자진 삭감",연예,48,2020,05,07,13:13,66,66,0,0,0,0,0,0,0,0,0,https://news.naver.com/main/read.nhn?mode=LSD&mid=sec&sid1=106&oid=427&aid=0000036266,1
김성오,"혜은이·요요미, 외모부터 음색까지 판박이…新 닮은꼴 스타 등극",연예,48,2020,05,07,13:15,8,8,0,0,0,0,0,0,0,0,0,https://news.naver.com/main/read.nhn?mode=LSD&mid=sec&sid1=106&oid=427&aid=0000036267,1
김성오,"송윤아, 불륜설 해명 후 근황 “어린이날 저도 선물 받았어요”",연예,48,2020,05,06,14:41,7,4,0,1,0,0,0,0,0,2,0,https://news.naver.com/main/read.nhn?mode=LSD&mid=sec&sid1=106&oid=009&aid=0004569497,1
김성오,"나태주 ""'미스터트롯', 다 내려놓고 도전"" (인터뷰①)",연예,48,2020,05,06,14:05,63,63,0,0,0,0,0,0,0,0,0,https://news.naver.com/main/read.nhn?mode=LSD&mid=sec&sid1=106&oid=427&aid=0000036261,1
김성오,"나태주 ""이상형? 쾌활하고 배려심 많은 여자"" (인터뷰②)",연예,48,2020,05,06,14:05,183,183,0,0,0,0,0,0,0,0,0,https://news.naver.com/main/read.nhn?mode=LSD&mid=sec&sid1=106&oid=427&aid=0000036262,1
김성오,"[연예계 핫뉴스②] '슈돌' 추사랑→삼둥이, 폭풍 성장 근황",연예,48,2020,05,06,13:49,38,38,0,0,0,0,0,0,0,0,0,https://news.naver.com/main/read.nhn?mode=LSD&mid=sec&sid1=106&oid=427&aid=0000036260,1
김성오,"차오름, '백돌이' 애환 담았더니 골프가수로 하루아침에 대박스타",스포츠,48,2020,05,08,15:57,16,13,0,0,1,0,0,0,0,0,2,http://sports.news.naver.com/golf/news/read.nhn?oid=015&aid=0004337168,1
김성오,"‘♥설경구’ 송윤아, 불륜설 해명 후 9일만 SNS 재개",연예,48,2020,05,06,14:32,15,9,0,2,0,0,0,0,0,4,0,https://news.naver.com/main/read.nhn?mode=LSD&mid=sec&sid1=106&oid=396&aid=0000548589,1
김성오,"송윤아, 설경구와 불륜설 해명 9일만에 SNS 재개…선물받아 행복한 근황",연예,48,2020,05,06,11:51,9,5,0,1,0,0,0,0,0,3,0,https://news.naver.com/main/read.nhn?mode=LSD&mid=sec&sid1=106&oid=477&aid=0000241581,1
김성오,"[연예계 핫뉴스] ""책임 통감""…김민교, '반려견 사고' 공식 사과",연예,49,2020,05,13,11:29,1,0,0,0,0,0,0,0,0,1,0,https://news.naver.com/main/read.nhn?mode=LSD&mid=sec&sid1=106&oid=427&aid=0000036295,1
김성오,"[그때 그 순간] 이민호, 사회복무요원 첫 출근길 어땠나",연예,49,2020,05,12,11:45,66,66,0,0,0,0,0,0,0,0,0,https://news.naver.com/main/read.nhn?mode=LSD&mid=sec&sid1=106&oid=427&aid=0000036289,1
김성오,"[연예계 핫뉴스] 고준희, 루머와의 전쟁 끝…악플러 30명 기소",연예,49,2020,05,12,11:45,27,27,0,0,0,0,0,0,0,0,0,https://news.naver.com/main/read.nhn?mode=LSD&mid=sec&sid1=106&oid=427&aid=0000036288,1
김성오,"이다희, 동화 속 공주 같은 고풍스러운 스타일 공개…“아침이야 귀요미들”",연예,49,2020,05,16,10:49,9,8,0,0,0,0,1,0,0,0,0,https://news.naver.com/main/read.nhn?mode=LSD&mid=sec&sid1=106&oid=022&aid=0003465687,1
김성오,"[N년 전 오늘의 XP] 파릇파릇 청춘연가 '쌈, 마이웨이' 제작발표회 하던 날",연예,50,2020,05,18,6:11,46,34,0,3,0,0,5,1,0,3,0,https://news.naver.com/main/read.nhn?mode=LSD&mid=sec&sid1=106&oid=311&aid=0001147723,1
김성오,"[연예계 핫뉴스] 송재림·지연, 열애설 부인…""친한 선후배 사이""",연예,50,2020,05,21,13:58,1,1,0,0,0,0,0,0,0,0,0,https://news.naver.com/main/read.nhn?mode=LSD&mid=sec&sid1=106&oid=427&aid=0000036344,1
김성오,[연예계 핫뉴스①] 임채무가 직접 밝힌 놀이공원 입장료 받는 이유,연예,50,2020,05,19,11:40,73,18,0,0,0,0,55,0,0,0,0,https://news.naver.com/main/read.nhn?mode=LSD&mid=sec&sid1=106&oid=427&aid=0000036329,1
김성오,"[연예계 핫뉴스②] 차태현, 1년 만에 안방 복귀…첫 형사 연기 도전",연예,50,2020,05,19,11:40,16,13,0,1,0,0,1,0,0,1,0,https://news.naver.com/main/read.nhn?mode=LSD&mid=sec&sid1=106&oid=427&aid=0000036330,1
김성오,"[그때 그 연예] ""홈페이지 서버 다운""…서태지·이은성, 깜짝 결혼 발표",연예,50,2020,05,19,11:40,13,11,0,1,0,0,0,0,0,1,0,https://news.naver.com/main/read.nhn?mode=LSD&mid=sec&sid1=106&oid=427&aid=0000036331,1
김성오,"“오랜만에 셀카놀이” 이다희, 대기실서 독보적인 미모 자랑 ‘심쿵’",연예,50,2020,05,22,11:39,3,2,0,0,0,0,0,0,0,1,0,https://news.naver.com/main/read.nhn?mode=LSD&mid=sec&sid1=106&oid=022&aid=0003467676,1
김성오,"남경읍 ""내가 길거리 캐스팅 1호 배우"" (인터뷰①)",연예,51,2020,05,28,11:57,2,1,0,0,0,0,1,0,0,0,0,https://news.naver.com/main/read.nhn?mode=LSD&mid=sec&sid1=106&oid=427&aid=0000036383,1
김성오,"이인혜, '우아한 친구들' 출연 확정 [공식]",연예,51,2020,05,28,17:59,3,0,0,1,0,0,2,0,0,0,0,https://news.naver.com/main/read.nhn?mode=LSD&mid=sec&sid1=106&oid=015&aid=0004349591,1
김성오,"[그때 그 연예] ""꿀 뚝뚝 눈빛""…주상욱♥차예련, 결혼식 현장",연예,51,2020,05,26,11:13,30,28,0,2,0,0,0,0,0,0,0,https://news.naver.com/main/read.nhn?mode=LSD&mid=sec&sid1=106&oid=427&aid=0000036369,1
김성오,"김원해, JTBC '우아한 친구들' 출연..신스틸러 활약",연예,51,2020,05,27,10:56,11,7,0,0,0,0,3,0,0,1,0,https://news.naver.com/main/read.nhn?mode=LSD&mid=sec&sid1=106&oid=241&aid=0003026202,1
김성오,"이인혜, JTBC '우아한 친구들' 캐스팅'… 12살 연하 애교 만점 아내 연기",연예,51,2020,05,30,21:50,21,5,0,0,0,0,1,0,1,14,0,https://news.naver.com/main/read.nhn?mode=LSD&mid=sec&sid1=106&oid=417&aid=0000549044,1
김성오,"‘우아한 세계’ 이인혜 캐스팅, 정석용 12세 연하 아내役(공식)",연예,51,2020,05,29,7:04,1,0,0,0,0,0,0,0,1,0,0,https://news.naver.com/main/read.nhn?mode=LSD&mid=sec&sid1=106&oid=609&aid=0000282985,1
김성오,"'우아한 친구들' 유준상X송윤아, 미스터리 티저 포스터 공개",연예,51,2020,05,26,9:20,22,13,0,0,0,0,1,0,2,6,0,https://news.naver.com/main/read.nhn?mode=LSD&mid=sec&sid1=106&oid=076&aid=0003573640,1
김성오,"중년들의 서스펜스 '우아한 친구들', 7월 10일 첫방…'부세' 열기 이을까",연예,51,2020,05,26,10:21,7,3,0,0,0,0,1,0,0,3,0,https://news.naver.com/main/read.nhn?mode=LSD&mid=sec&sid1=106&oid=468&aid=0000662479,1
김성오,"'우아한 친구들' 유준상→송윤아, 단체 티저포스터 공개",연예,51,2020,05,26,10:04,11,4,0,0,0,0,1,0,3,3,0,https://news.naver.com/main/read.nhn?mode=LSD&mid=sec&sid1=106&oid=421&aid=0004657963,1
김성오,"유준상X송윤아 '우아한 친구들', 비밀 가득한 티저 포스터 공개",연예,51,2020,05,26,9:09,9,7,0,0,0,0,1,0,0,1,0,https://news.naver.com/main/read.nhn?mode=LSD&mid=sec&sid1=106&oid=076&aid=0003573631,1
김성오,"남경읍 ""사업 실패 후 지옥을 경험했다"" (인터뷰②)",연예,51,2020,05,28,11:57,4,2,0,0,0,0,2,0,0,0,0,https://news.naver.com/main/read.nhn?mode=LSD&mid=sec&sid1=106&oid=427&aid=0000036384,1
김성오,"이인혜, '부부의 세계' 후속 '우아한 친구들' 캐스팅",연예,51,2020,05,28,14:20,9,4,0,0,0,0,2,1,0,2,0,https://news.naver.com/main/read.nhn?mode=LSD&mid=sec&sid1=106&oid=312&aid=0000447449,1
김성오,"이인혜, JTBC ‘부부의 세계’ 후속극 ‘우아한 친구들’ 캐스팅",연예,51,2020,05,28,13:42,7,2,0,0,0,0,3,0,0,2,0,https://news.naver.com/main/read.nhn?mode=LSD&mid=sec&sid1=106&oid=215&aid=0000874163,1
김성오,"배우 이인혜, ‘우아한 친구들’ 유은실 역 캐스팅",연예,51,2020,05,28,19:25,14,6,0,1,0,0,1,0,1,5,0,https://news.naver.com/main/read.nhn?mode=LSD&mid=sec&sid1=106&oid=144&aid=0000673766,1
김성오,"김원해, JTBC '우아한 친구들' 출연 확정…씬 스틸러 활약 기대",연예,51,2020,05,27,8:20,1,0,0,0,0,0,0,0,0,1,0,https://news.naver.com/main/read.nhn?mode=LSD&mid=sec&sid1=106&oid=382&aid=0000823936,1
김성오,"김원해, '우아한 친구들' 출연…신스틸러 활약 기대",연예,51,2020,05,27,8:18,4,2,0,1,0,0,0,0,0,1,0,https://news.naver.com/main/read.nhn?mode=LSD&mid=sec&sid1=106&oid=311&aid=0001152218,1
김성오,"김원해, JTBC '우아한 친구들' 출연…신스틸러 활약 기대",연예,51,2020,05,27,8:14,2,1,0,0,0,0,0,0,0,1,0,https://news.naver.com/main/read.nhn?mode=LSD&mid=sec&sid1=106&oid=468&aid=0000662887,1
김성오,"김원해, JTBC '우아한 친구들' 출연…씬스틸러 활약 기대",연예,51,2020,05,27,8:14,3,1,0,0,0,0,1,0,0,1,0,https://news.naver.com/main/read.nhn?mode=LSD&mid=sec&sid1=106&oid=215&aid=0000873692,1
