백아연,"바버렛츠, 드라마 '퍼품' 동명 OST 24일 공개",연예,3,2019,06,24,8:42,2,2,0,0,0,0,0,0,0,0,0,https://news.naver.com/main/read.nhn?mode=LSD&mid=sec&sid1=106&oid=468&aid=0000524328,1
백아연,"바버렛츠, KBS2 ‘퍼퓸’ 신성록-고원희 상큼한 사랑 OST ‘퍼퓸’ 24일 발표",연예,3,2019,06,24,7:35,1,1,0,0,0,0,0,0,0,0,0,https://news.naver.com/main/read.nhn?mode=LSD&mid=sec&sid1=106&oid=215&aid=0000785675,1
백아연,"바버렛츠, ‘퍼퓸’ OST 24일 발표…독특한 분위기의 네오소울곡",연예,3,2019,06,24,18:09,1,1,0,0,0,0,0,0,0,0,0,https://news.naver.com/main/read.nhn?mode=LSD&mid=sec&sid1=106&oid=396&aid=0000517346,1
백아연,"윤하, 새 앨범 발매에 방탄소년단 RM-어반자카파-백아연 등 응원",연예,4,2019,07,05,10:19,48,48,0,0,0,0,0,0,0,0,0,https://news.naver.com/main/read.nhn?mode=LSD&mid=sec&sid1=106&oid=215&aid=0000790682,1
백아연,"조대호, 디지털 싱글 '이 노랠 듣는다면' M/V 발표",연예,4,2019,07,02,18:06,1,1,0,0,0,0,0,0,0,0,0,https://news.naver.com/main/read.nhn?mode=LSD&mid=sec&sid1=106&oid=119&aid=0002338399,1
백아연,"방탄소년단 RM, 윤하 새 앨범 응원 ""진심으로 전곡 다 좋다""",연예,4,2019,07,05,11:13,58,58,0,0,0,0,0,0,0,0,0,https://news.naver.com/main/read.nhn?mode=LSD&mid=sec&sid1=106&oid=076&aid=0003438178,1
백아연,"""전곡이 다 정말 좋습니다""…방탄소년단 RM, 윤하 새 앨범 지원사격",연예,4,2019,07,05,11:26,56,56,0,0,0,0,0,0,0,0,0,https://news.naver.com/main/read.nhn?mode=LSD&mid=sec&sid1=106&oid=015&aid=0004170976,1
백아연,"방탄소년단 RM, 윤하 새 앨범 공개 응원...전 세계 아미 집중",연예,4,2019,07,05,10:21,39,39,0,0,0,0,0,0,0,0,0,https://news.naver.com/main/read.nhn?mode=LSD&mid=sec&sid1=106&oid=312&aid=0000396880,1
백아연,"핸드백 브랜드 ‘마르헨제이’, 배우 가수 조대호 뮤비 속 ‘김보라 핸드백’ 지원",경제,4,2019,07,01,17:52,1,1,0,0,0,0,0,0,0,0,0,https://news.naver.com/main/read.nhn?mode=LSD&mid=sec&sid1=101&oid=277&aid=0004493990,1
백아연,"'최파타' 윤하X에일리, 더위 날리는 '귀호강 라이브+유쾌 입담'(종합)",연예,5,2019,07,12,14:08,30,30,0,0,0,0,0,0,0,0,0,https://news.naver.com/main/read.nhn?mode=LSD&mid=sec&sid1=106&oid=468&aid=0000533537,1
백아연,"백아연, 더 예뻐진 근황 '우아한 핑크빛 공주님 자태'",연예,6,2019,07,18,10:29,5,5,0,0,0,0,0,0,0,0,0,https://news.naver.com/main/read.nhn?mode=LSD&mid=sec&sid1=106&oid=112&aid=0003189762,1
백아연,"백아연, 깊게 파인 원피스로 드러낸 섹시미[SNS★컷]",연예,6,2019,07,18,14:33,6,6,0,0,0,0,0,0,0,0,0,https://news.naver.com/main/read.nhn?mode=LSD&mid=sec&sid1=106&oid=609&aid=0000141498,1
백아연,"[Y메이커①] 무궁화소녀 ""좋은 사진? 멈춰서게 만드는 것 아닐까요""",연예,6,2019,07,19,9:00,10,10,0,0,0,0,0,0,0,0,0,https://news.naver.com/main/read.nhn?mode=LSD&mid=sec&sid1=106&oid=052&aid=0001320650,1
백아연,"백아연에 스텔라장, 이바다까지…콘서트 `댄싱카멜레온 : 걸크러쉬`",연예,6,2019,07,17,13:45,9,9,0,0,0,0,0,0,0,0,0,https://news.naver.com/main/read.nhn?mode=LSD&mid=sec&sid1=106&oid=009&aid=0004393555,1
백아연,"[Y메이커②] 무궁화소녀 ""BTS와 작업 계기? 빅히트에서 SNS 보고 연락""",연예,6,2019,07,19,9:00,224,224,0,0,0,0,0,0,0,0,0,https://news.naver.com/main/read.nhn?mode=LSD&mid=sec&sid1=106&oid=052&aid=0001320652,1
백아연,"[Y메이커③] 무궁화소녀 ""백예린, 직접 메일로 연락…똑똑하고 좋은 친구""",연예,6,2019,07,19,9:00,28,28,0,0,0,0,0,0,0,0,0,https://news.naver.com/main/read.nhn?mode=LSD&mid=sec&sid1=106&oid=052&aid=0001320651,1
백아연,"JYP, 10대 작곡가 찾는다…갓세븐·트와이스·있지 타이틀곡 주인공",연예,7,2019,07,25,14:57,47,46,0,0,0,0,0,0,1,0,0,https://news.naver.com/main/read.nhn?mode=LSD&mid=sec&sid1=106&oid=052&aid=0001323220,1
백아연,"JYP, 청소년 작곡가 발굴 오디션 개최…1:1 멘토링 기회",연예,7,2019,07,25,13:39,41,41,0,0,0,0,0,0,0,0,0,https://news.naver.com/main/read.nhn?mode=LSD&mid=sec&sid1=106&oid=421&aid=0004113650,1
백아연,"JYP, GOT7-트와이스-ITZY 타이틀곡 만들 10대 작곡가 찾는다",연예,7,2019,07,25,14:16,36,36,0,0,0,0,0,0,0,0,0,https://news.naver.com/main/read.nhn?mode=LSD&mid=sec&sid1=106&oid=215&aid=0000797391,1
백아연,"JYP퍼블리싱-네이버 그라폴리오, 청소년 작곡가 오디션 '틴에이저' 개최…내달 20일 限",연예,7,2019,07,25,15:39,1,1,0,0,0,0,0,0,0,0,0,https://news.naver.com/main/read.nhn?mode=LSD&mid=sec&sid1=106&oid=030&aid=0002831994,1
백아연,"JYP, 네이버와 손잡고 GOT7·트와이스·ITZY 타이틀곡 만들 10대 작곡가 찾는다",연예,7,2019,07,25,13:17,45,43,0,2,0,0,0,0,0,0,0,https://news.naver.com/main/read.nhn?mode=LSD&mid=sec&sid1=106&oid=312&aid=0000400568,1
백아연,디바인채널부터 오레오까지..떠오르는 음원차트 강자들,연예,8,2019,07,31,11:30,12,12,0,0,0,0,0,0,0,0,0,https://news.naver.com/main/read.nhn?mode=LSD&mid=sec&sid1=106&oid=108&aid=0002800827,1
백아연,"백아연, 동화책에서 나왔네‥공주님 비주얼의 정석",연예,9,2019,08,05,14:39,16,16,0,0,0,0,0,0,0,0,0,https://news.naver.com/main/read.nhn?mode=LSD&mid=sec&sid1=106&oid=112&aid=0003196440,1
백아연,"'슈퍼히어러' 백아연, 도전자로 등장 ""성악 준비하던 어렸을 때 생각났다""",연예,9,2019,08,05,7:10,6,6,0,0,0,0,0,0,0,0,0,https://news.naver.com/main/read.nhn?mode=LSD&mid=sec&sid1=106&oid=277&aid=0004513010,1
백아연,'슈퍼히어러' 실패 속 시즌1 종료…백아연·손태진·신동혁 등장 [전일야화],연예,9,2019,08,05,6:45,7,6,0,1,0,0,0,0,0,0,0,https://news.naver.com/main/read.nhn?mode=LSD&mid=sec&sid1=106&oid=311&aid=0001028156,1
백아연,"백아연, 순백의 드레스 입고 화려한 비주얼 과시 [★해시태그]",연예,9,2019,08,05,17:10,1,1,0,0,0,0,0,0,0,0,0,https://news.naver.com/main/read.nhn?mode=LSD&mid=sec&sid1=106&oid=311&aid=0001028457,1
백아연,"""소중한 시간""…백아연, '슈퍼 히어러'의 시스루 드레스 자태 [★SHOT!]",연예,9,2019,08,05,12:57,4,4,0,0,0,0,0,0,0,0,0,https://news.naver.com/main/read.nhn?mode=LSD&mid=sec&sid1=106&oid=109&aid=0004061963,1
백아연,‘슈퍼히어러’ 백아연 “새로운 모습 보여준 소중한 시간” 출연소감,연예,9,2019,08,05,9:56,5,5,0,0,0,0,0,0,0,0,0,https://news.naver.com/main/read.nhn?mode=LSD&mid=sec&sid1=106&oid=609&aid=0000150051,1
백아연,"'슈퍼히어러' 백아연, 도전자 등장…""어렸을 때 성악 준비""",연예,9,2019,08,05,12:56,6,6,0,0,0,0,0,0,0,0,0,https://news.naver.com/main/read.nhn?mode=LSD&mid=sec&sid1=106&oid=421&aid=0004129510,1
백아연,"'슈퍼히어러' 백아연 등장..강타, 오답에도 '슈퍼당당'[★밤TView]",연예,9,2019,08,05,12:44,1,1,0,0,0,0,0,0,0,0,0,https://news.naver.com/main/read.nhn?mode=LSD&mid=sec&sid1=106&oid=108&aid=0002801793,1
백아연,'슈퍼히어러' 손태진·백아연 등장 속 성악가 찾기 실패…시즌1 종료 [종합],연예,9,2019,08,05,12:27,8,8,0,0,0,0,0,0,0,0,0,https://news.naver.com/main/read.nhn?mode=LSD&mid=sec&sid1=106&oid=311&aid=0001028145,1
백아연,"백아연, '의사요한' OST 참여…지성 향한 이세영 마음 노래",연예,11,2019,08,23,16:32,4,4,0,0,0,0,0,0,0,0,0,https://news.naver.com/main/read.nhn?mode=LSD&mid=sec&sid1=106&oid=416&aid=0000247970,1
백아연,"백아연, '의사요한' OST 라인업 합류..오늘(23일) 'Just Go' 공개",연예,11,2019,08,23,9:50,3,3,0,0,0,0,0,0,0,0,0,https://news.naver.com/main/read.nhn?mode=LSD&mid=sec&sid1=106&oid=112&aid=0003203580,1
백아연,"백아연, '의사요한' OST 가창자로 나선다...'Just Go' 공개",연예,11,2019,08,23,9:51,12,12,0,0,0,0,0,0,0,0,0,https://news.naver.com/main/read.nhn?mode=LSD&mid=sec&sid1=106&oid=311&aid=0001036660,1
백아연,"백아연, ‘의사 요한’ OST ‘Just Go’ 오늘(23일) 공개…사랑에 대한 설렘",연예,11,2019,08,23,9:55,2,2,0,0,0,0,0,0,0,0,0,https://news.naver.com/main/read.nhn?mode=LSD&mid=sec&sid1=106&oid=469&aid=0000415873,1
백아연,"백아연X박지민, 다정한 투샷..""쿨톤과 술톤"" [★SHOT!]",연예,12,2019,08,31,17:13,1,1,0,0,0,0,0,0,0,0,0,https://news.naver.com/main/read.nhn?mode=LSD&mid=sec&sid1=106&oid=109&aid=0004078061,1
백아연,"박지민X백아연, 귀여운 고양이 눈매…이 조합 칭찬해 ""쿨톤과 술톤""",연예,12,2019,08,31,17:42,6,6,0,0,0,0,0,0,0,0,0,https://news.naver.com/main/read.nhn?mode=LSD&mid=sec&sid1=106&oid=112&aid=0003206993,1
백아연,"'데뷔 7주년' 백아연, 팬들에게 인사...""사랑해요 백설기♥""",연예,13,2019,09,06,13:52,6,6,0,0,0,0,0,0,0,0,0,https://news.naver.com/main/read.nhn?mode=LSD&mid=sec&sid1=106&oid=213&aid=0001129453,1
백아연,"가수 백아연, 우렁각시였다…‘복면가왕’ 영구, 109대 가왕 결정전行",연예,13,2019,09,01,18:12,9,8,0,1,0,0,0,0,0,0,0,https://news.naver.com/main/read.nhn?mode=LSD&mid=sec&sid1=106&oid=410&aid=0000619718,1
백아연,"백아연, 혀 빼꼼 애교에 남심 사르르 ‘사랑스러움 그 자체’[SNS★컷]",연예,13,2019,09,04,17:53,1,1,0,0,0,0,0,0,0,0,0,https://news.naver.com/main/read.nhn?mode=LSD&mid=sec&sid1=106&oid=609&aid=0000165857,1
백아연,"'복면가왕' 지니, 4연승 성공…진미령·유상무·백아연·권인하 정체 공개",연예,13,2019,09,02,7:51,7,7,0,0,0,0,0,0,0,0,0,https://news.naver.com/main/read.nhn?mode=LSD&mid=sec&sid1=106&oid=076&aid=0003463269,1
백아연,"지니, 워너원 노래로 '복면가왕' 수성..권인하x진미령x유상무x백아연 탈락 [종합]",연예,13,2019,09,01,18:28,41,41,0,0,0,0,0,0,0,0,0,https://news.naver.com/main/read.nhn?mode=LSD&mid=sec&sid1=106&oid=109&aid=0004078752,1
백아연,‘복면가왕’ ‘우렁각시’는 데뷔 8년 차 백아연 “성숙한 모습을 보여드리기 위해 출연”,연예,13,2019,09,01,19:08,1,1,0,0,0,0,0,0,0,0,0,https://news.naver.com/main/read.nhn?mode=LSD&mid=sec&sid1=106&oid=408&aid=0000077428,1
백아연,‘복면가왕’ 우렁각시의 정체는 백아연…영구 가왕전 진출,연예,13,2019,09,01,18:34,6,6,0,0,0,0,0,0,0,0,0,https://news.naver.com/main/read.nhn?mode=LSD&mid=sec&sid1=106&oid=382&aid=0000758458,1
백아연,"[포인트1분]영구, 3R 가왕 후보 결정전 승리‥우렁각시는 백아연",연예,13,2019,09,01,18:11,3,2,0,1,0,0,0,0,0,0,0,https://news.naver.com/main/read.nhn?mode=LSD&mid=sec&sid1=106&oid=112&aid=0003207236,1
백아연,'복면가왕' 지니 4연승 성공…진미령·유상무·백아연·권인하 정체 공개,연예,13,2019,09,02,8:07,2,2,0,0,0,0,0,0,0,0,0,https://news.naver.com/main/read.nhn?mode=LSD&mid=sec&sid1=106&oid=311&aid=0001040636,1
백아연,"`복면가왕` 지니, 4연승 성공…진미령·유상무·백아연·권인하 정체 공개",연예,13,2019,09,02,8:40,1,1,0,0,0,0,0,0,0,0,0,https://news.naver.com/main/read.nhn?mode=LSD&mid=sec&sid1=106&oid=009&aid=0004420228,1
백아연,"[TV북마크] ‘복면가왕’ 지니 4연승, 진미령·유상무·백아연·권인하 ‘반전’",연예,13,2019,09,02,7:50,1,1,0,0,0,0,0,0,0,0,0,https://news.naver.com/main/read.nhn?mode=LSD&mid=sec&sid1=106&oid=382&aid=0000758530,1
백아연,"'복면가왕' 지니, '에너제틱'으로 4연승! 진미령-유상무-백아연-권인하 등장",연예,13,2019,09,02,9:42,11,11,0,0,0,0,0,0,0,0,0,https://news.naver.com/main/read.nhn?mode=LSD&mid=sec&sid1=106&oid=408&aid=0000077443,1
백아연,'복면가왕' 지니 4연승 성공…가왕 수성,연예,13,2019,09,01,19:25,51,51,0,0,0,0,0,0,0,0,0,https://news.naver.com/main/read.nhn?mode=LSD&mid=sec&sid1=106&oid=079&aid=0003265351,1
백아연,"[종합] '복면가왕' 지니, 반전의 선곡으로 4연승…진미령·유상무·백아연·권인하 꺾었다",연예,13,2019,09,01,18:33,140,138,0,2,0,0,0,0,0,0,0,https://news.naver.com/main/read.nhn?mode=LSD&mid=sec&sid1=106&oid=076&aid=0003463125,1
백아연,"[종합] `복면가왕` 지니, 109대 가왕 등극... 복면가수 정체는 진미령X유상무X백아연X권인하",연예,13,2019,09,01,18:28,11,11,0,0,0,0,0,0,0,0,0,https://news.naver.com/main/read.nhn?mode=LSD&mid=sec&sid1=106&oid=009&aid=0004420118,1
백아연,"백아연, 얼굴이 반쪽이 됐네..안경 쓰고 내추럴美 폭발",연예,14,2019,09,09,15:39,5,4,0,1,0,0,0,0,0,0,0,https://news.naver.com/main/read.nhn?mode=LSD&mid=sec&sid1=106&oid=112&aid=0003210348,1
백아연,"‘흑발 변신’ 백아연, 동그란 안경도 사랑스럽게 소화[SNS★컷]",연예,14,2019,09,09,14:35,3,3,0,0,0,0,0,0,0,0,0,https://news.naver.com/main/read.nhn?mode=LSD&mid=sec&sid1=106&oid=609&aid=0000168647,1
백아연,"'복면가왕 영구'는 권인하… ""이것"" 부르고 조회수 ↑",연예,14,2019,09,11,7:59,5,5,0,0,0,0,0,0,0,0,0,https://news.naver.com/main/read.nhn?mode=LSD&mid=sec&sid1=106&oid=417&aid=0000448384,1
백아연,"백아연 전속계약 만료… JYP 측 ""화창한 앞날을 응원합니다""",연예,15,2019,09,16,18:00,10,8,0,2,0,0,0,0,0,0,0,https://news.naver.com/main/read.nhn?mode=LSD&mid=sec&sid1=106&oid=082&aid=0000941528,1
백아연,"""소속사 분쟁이 웬 말?"" 박지민·백예린·백아연, JYP와 아름다운 이별[SS뮤직①]",연예,15,2019,09,18,8:12,45,43,0,2,0,0,0,0,0,0,0,https://news.naver.com/main/read.nhn?mode=LSD&mid=sec&sid1=106&oid=468&aid=0000563328,1
백아연,"백아연·백예린 굿바이, JYP",연예,15,2019,09,17,19:01,1,0,0,1,0,0,0,0,0,0,0,https://news.naver.com/main/read.nhn?mode=LSD&mid=sec&sid1=106&oid=029&aid=0002553462,1
백아연,"JYP 측 ""백아연·백예린 전속계약 종료…화창한 앞날 응원"" [공식]",연예,15,2019,09,16,20:15,20,11,0,9,0,0,0,0,0,0,0,https://news.naver.com/main/read.nhn?mode=LSD&mid=sec&sid1=106&oid=076&aid=0003468525,1
백아연,"JYP 측 ""백아연·백예린과 전속계약 종료…두 아티스트 앞날 응원""[공식]",연예,15,2019,09,16,20:46,23,22,0,1,0,0,0,0,0,0,0,https://news.naver.com/main/read.nhn?mode=LSD&mid=sec&sid1=106&oid=241&aid=0002957796,1
백아연,JYP “백아연·백예린 전속 계약 종료” [공식],연예,15,2019,09,16,20:36,10,2,0,8,0,0,0,0,0,0,0,https://news.naver.com/main/read.nhn?mode=LSD&mid=sec&sid1=106&oid=144&aid=0000631690,1
백아연,"JYP 둥지 벗어난 여성 솔로 3인, 백-박-백에 쏠리는 관심[이슈S]",연예,15,2019,09,19,6:50,3,3,0,0,0,0,0,0,0,0,0,https://news.naver.com/main/read.nhn?mode=LSD&mid=sec&sid1=106&oid=477&aid=0000208184,1
백아연,"용주, 25일 새 싱글 ‘그게 좋더라구’ 발매",연예,16,2019,09,25,15:01,8,8,0,0,0,0,0,0,0,0,0,https://news.naver.com/main/read.nhn?mode=LSD&mid=sec&sid1=106&oid=215&aid=0000812096,1
백아연,"용주, 오늘 25일 신곡 '그게 좋더라구' 발매...'한층 짙어진 감성'",연예,16,2019,09,25,8:58,22,22,0,0,0,0,0,0,0,0,0,https://news.naver.com/main/read.nhn?mode=LSD&mid=sec&sid1=106&oid=468&aid=0000567089,1
백아연,"가수 용주, 오늘 25일 새 싱글 '그게 좋더라구' 발매…발매 시간은?",연예,16,2019,09,25,11:46,3,3,0,0,0,0,0,0,0,0,0,https://news.naver.com/main/read.nhn?mode=LSD&mid=sec&sid1=106&oid=088&aid=0000613322,1
백아연,"용주, 오늘(25일) 신곡 '그게 좋더라구' 발표",연예,16,2019,09,25,9:08,7,7,0,0,0,0,0,0,0,0,0,https://news.naver.com/main/read.nhn?mode=LSD&mid=sec&sid1=106&oid=312&aid=0000411476,1
백아연,용주 새 싱글 ‘그게 좋더라구’ 발매…한층 짙어진 감성,연예,16,2019,09,25,11:01,14,14,0,0,0,0,0,0,0,0,0,https://news.naver.com/main/read.nhn?mode=LSD&mid=sec&sid1=106&oid=382&aid=0000763729,1
백아연,"[오마이포토] 백아연-박진영, ‘가수 아닌 배우로 왔어요’",연예,17,2019,10,04,2:23,4,4,0,0,0,0,0,0,0,0,0,https://news.naver.com/main/read.nhn?mode=LSD&mid=sec&sid1=106&oid=047&aid=0002242311,1
백아연,"""성우, 정말 대단·존경""…'프린세스 아야' 갓세븐 진영X백아연, 목소리 연기 도전 어땠나 [24th BIFF](종합)",연예,17,2019,10,05,18:27,23,23,0,0,0,0,0,0,0,0,0,https://news.naver.com/main/read.nhn?mode=LSD&mid=sec&sid1=106&oid=117&aid=0003282939,1
백아연,"[24th BIFF] '프린세스 아야' 백아연 ""진영의 왕자 연기에 '설렘'""",연예,17,2019,10,04,17:59,3,3,0,0,0,0,0,0,0,0,0,https://news.naver.com/main/read.nhn?mode=LSD&mid=sec&sid1=106&oid=312&aid=0000413131,1
백아연,'프린세스 아야' 이성강 감독-가수 백아연-갓세븐 진영,연예,17,2019,10,04,19:31,2,2,0,0,0,0,0,0,0,0,0,https://news.naver.com/main/read.nhn?mode=LSD&mid=sec&sid1=106&oid=003&aid=0009489046,1
백아연,백아연 '다소곳한 인사'[엑's HD포토],연예,17,2019,10,04,17:41,2,2,0,0,0,0,0,0,0,0,0,https://news.naver.com/main/read.nhn?mode=LSD&mid=sec&sid1=106&oid=311&aid=0001055189,1
백아연,[T포토] 백아연-진영 '공주와 왕자',연예,17,2019,10,04,18:34,1,1,0,0,0,0,0,0,0,0,0,https://news.naver.com/main/read.nhn?mode=LSD&mid=sec&sid1=106&oid=213&aid=0001134018,1
백아연,"[사진]백아연,'더 없이 환한 웃음'",연예,17,2019,10,04,17:52,2,2,0,0,0,0,0,0,0,0,0,https://news.naver.com/main/read.nhn?mode=LSD&mid=sec&sid1=106&oid=109&aid=0004095917,1
백아연,'프린세스 아야' 백아연-갓세븐 진영,연예,17,2019,10,04,19:32,11,11,0,0,0,0,0,0,0,0,0,https://news.naver.com/main/read.nhn?mode=LSD&mid=sec&sid1=106&oid=003&aid=0009489044,1
백아연,"""성우 존경""..'프린세스 아야' 갓세븐 진영x백아연, 잊지못할 첫 목소리연기 (종합)[24th BIFF]",연예,17,2019,10,05,18:45,17,17,0,0,0,0,0,0,0,0,0,https://news.naver.com/main/read.nhn?mode=LSD&mid=sec&sid1=106&oid=109&aid=0004096518,1
백아연,"'프린세스 아야' 백아연 ""어릴 때부터 새가 되고 싶다는 생각 많이 해"" [24th BIFF]",연예,17,2019,10,05,17:49,6,6,0,0,0,0,0,0,0,0,0,https://news.naver.com/main/read.nhn?mode=LSD&mid=sec&sid1=106&oid=117&aid=0003282924,1
백아연,"'프린세스 아야' 백아연 ""목소리 연기 도전, 어느 하나 쉬운 일 없다는 것 깨달아"" [24th BIFF]",연예,17,2019,10,05,18:08,11,11,0,0,0,0,0,0,0,0,0,https://news.naver.com/main/read.nhn?mode=LSD&mid=sec&sid1=106&oid=117&aid=0003282932,1
백아연,"[24th BIFF] '프린세스 아야' 진영 ""배려 없이 뛰어난 백아연의 가창력""",연예,17,2019,10,04,17:58,14,13,0,1,0,0,0,0,0,0,0,https://news.naver.com/main/read.nhn?mode=LSD&mid=sec&sid1=106&oid=312&aid=0000413130,1
백아연,[24th BIFF] ‘프린세스 아야’ 백아연X갓세븐 진영 “눈·귀 사로잡을 뮤지컬 애니”(종합),연예,17,2019,10,04,18:20,12,12,0,0,0,0,0,0,0,0,0,https://news.naver.com/main/read.nhn?mode=LSD&mid=sec&sid1=106&oid=312&aid=0000413136,1
백아연,"[24th BIFF] '프린세스 아야' 이성강 감독 ""백아연·진영, 3일 만에 더빙 녹음 완료""",연예,17,2019,10,04,18:20,10,10,0,0,0,0,0,0,0,0,0,https://news.naver.com/main/read.nhn?mode=LSD&mid=sec&sid1=106&oid=312&aid=0000413137,1
백아연,'프린세스 아야' 목소리 출연한 백아연-갓세븐 진영,연예,17,2019,10,04,19:31,4,4,0,0,0,0,0,0,0,0,0,https://news.naver.com/main/read.nhn?mode=LSD&mid=sec&sid1=106&oid=003&aid=0009489031,1
백아연,'프린세스 아야' 목소리 출연한 백아연-갓세븐 진영,연예,17,2019,10,04,19:31,1,1,0,0,0,0,0,0,0,0,0,https://news.naver.com/main/read.nhn?mode=LSD&mid=sec&sid1=106&oid=003&aid=0009489047,1
백아연,'프린세스 아야' 목소리 출연 백아연-갓세븐 진영,연예,17,2019,10,04,19:32,2,2,0,0,0,0,0,0,0,0,0,https://news.naver.com/main/read.nhn?mode=LSD&mid=sec&sid1=106&oid=003&aid=0009489042,1
백아연,"'프린세스 아야' 목소리 출연한 가수 백아연 ""부산영화제 왔어요""",연예,17,2019,10,04,19:31,1,1,0,0,0,0,0,0,0,0,0,https://news.naver.com/main/read.nhn?mode=LSD&mid=sec&sid1=106&oid=003&aid=0009489037,1
백아연,"가수 ""백아연"", 상한가 작곡가 “마크툽”과 배가본드 OST로 조우",생활,18,2019,10,11,9:01,65,46,19,0,0,0,0,0,0,0,0,https://news.naver.com/main/read.nhn?mode=LSD&mid=sec&sid1=103&oid=241&aid=0002966601,1
백아연,"백아연, 갈수록 더 깜찍해지네..JYP 떠난 후 근황",연예,18,2019,10,10,22:48,1,1,0,0,0,0,0,0,0,0,0,https://news.naver.com/main/read.nhn?mode=LSD&mid=sec&sid1=106&oid=112&aid=0003221720,1
백아연,포즈 취하는 백아연-진영,경제,18,2019,10,06,24:04,5,1,4,0,0,0,0,0,0,0,0,https://news.naver.com/main/read.nhn?mode=LSD&mid=sec&sid1=101&oid=003&aid=0009490322,1
백아연,"플라이투더스카이, 10월 중순 컴백 확정 ‘MFBTY·에일리·백아연 지원사격’",연예,18,2019,10,07,9:11,39,39,0,0,0,0,0,0,0,0,0,https://news.naver.com/main/read.nhn?mode=LSD&mid=sec&sid1=106&oid=609&aid=0000183899,1
백아연,썰렁한 '부국제' 빛내준 아이돌…'수호·윤아→깜짝 손님 강다니엘' [BIFF 중간결산②],연예,18,2019,10,07,9:01,177,177,0,0,0,0,0,0,0,0,0,https://news.naver.com/main/read.nhn?mode=LSD&mid=sec&sid1=106&oid=117&aid=0003283476,1
백아연,"ITZY, 18일 제21회 BIAF 개막식 축하공연..백아연x박진영 지원사격[공식]",연예,18,2019,10,11,13:06,35,35,0,0,0,0,0,0,0,0,0,https://news.naver.com/main/read.nhn?mode=LSD&mid=sec&sid1=106&oid=112&aid=0003221964,1
백아연,"괴물신인 있지(ITZY), BIAF2019 축하공연 “백아연·박진영 지원사격”",연예,18,2019,10,11,11:12,37,36,0,1,0,0,0,0,0,0,0,https://news.naver.com/main/read.nhn?mode=LSD&mid=sec&sid1=106&oid=117&aid=0003285434,1
백아연,"플라이투더스카이, 정규 10집 트랙리스트 공개…에일리·백아연·길구봉구 참여",연예,18,2019,10,10,9:15,3,3,0,0,0,0,0,0,0,0,0,https://news.naver.com/main/read.nhn?mode=LSD&mid=sec&sid1=106&oid=312&aid=0000413893,1
백아연,"플투스, 정규10집 트랙리스트 공개…타이틀곡은 '추억이 돼줘 고마워'",연예,18,2019,10,10,9:15,3,3,0,0,0,0,0,0,0,0,0,https://news.naver.com/main/read.nhn?mode=LSD&mid=sec&sid1=106&oid=076&aid=0003479045,1
백아연,"플라이투더스카이 정규 10집, 에일리-백아연-길구봉구 목소리로 재탄생된 명곡 수록",연예,18,2019,10,10,9:16,5,5,0,0,0,0,0,0,0,0,0,https://news.naver.com/main/read.nhn?mode=LSD&mid=sec&sid1=106&oid=112&aid=0003221382,1
백아연,"플라이투더스카이, 정규 10집 트랙리스트 공개 ""백아연·에일리 등 참여"" [공식]",연예,18,2019,10,10,9:16,2,2,0,0,0,0,0,0,0,0,0,https://news.naver.com/main/read.nhn?mode=LSD&mid=sec&sid1=106&oid=117&aid=0003284637,1
백아연,"'데뷔 20주년' 플라이투더스카이, 5년여만에 정규앨범",연예,18,2019,10,07,10:45,39,39,0,0,0,0,0,0,0,0,0,https://news.naver.com/main/read.nhn?mode=LSD&mid=sec&sid1=106&oid=001&aid=0011125955,1
백아연,"기다렸다, 플라이 투 더 스카이",연예,18,2019,10,07,17:21,38,38,0,0,0,0,0,0,0,0,0,https://news.naver.com/main/read.nhn?mode=LSD&mid=sec&sid1=106&oid=029&aid=0002557917,1
백아연,"아카데미 공식지정 국제영화제 BIAF2019, 성대한 막 올랐다",연예,19,2019,10,19,14:22,3,3,0,0,0,0,0,0,0,0,0,https://news.naver.com/main/read.nhn?mode=LSD&mid=sec&sid1=106&oid=213&aid=0001136422,1
백아연,플라이투더스카이 & MFBTY 전국투어 콘서트..내달 서울서 포문,연예,19,2019,10,15,13:45,7,7,0,0,0,0,0,0,0,0,0,https://news.naver.com/main/read.nhn?mode=LSD&mid=sec&sid1=106&oid=029&aid=0002559749,1
백아연,"플라이투더스카이, 10월17일 컴백일 확정 [공식]",연예,19,2019,10,15,8:52,25,25,0,0,0,0,0,0,0,0,0,https://news.naver.com/main/read.nhn?mode=LSD&mid=sec&sid1=106&oid=213&aid=0001135547,1
백아연,"플라이투더스카이, 17일 정규 10집 ‘플라이 하이’ 발매",연예,19,2019,10,17,7:06,10,10,0,0,0,0,0,0,0,0,0,https://news.naver.com/main/read.nhn?mode=LSD&mid=sec&sid1=106&oid=215&aid=0000816765,1
백아연,"[투데이IS] 데뷔 20주년 맞은 플라이투더스카이, 정규10집 컴백",연예,19,2019,10,17,7:28,12,12,0,0,0,0,0,0,0,0,0,https://news.naver.com/main/read.nhn?mode=LSD&mid=sec&sid1=106&oid=241&aid=0002968742,1
백아연,"플라이투더스카이, 오늘(17일) 정규 10집 '플라이 하이' 발매",연예,19,2019,10,17,7:20,2,2,0,0,0,0,0,0,0,0,0,https://news.naver.com/main/read.nhn?mode=LSD&mid=sec&sid1=106&oid=011&aid=0003635608,1
백아연,"플라이투더스카이, 오늘 정규 컴백 ""추억 꺼내볼 수 있기를""",연예,19,2019,10,17,8:28,58,57,0,1,0,0,0,0,0,0,0,https://news.naver.com/main/read.nhn?mode=LSD&mid=sec&sid1=106&oid=421&aid=0004253454,1
백아연,"제21회 BIAF, ITZY-신예은 개막식 참석..개막작 '너와 파도를 탈 수 있다면'",연예,19,2019,10,16,8:58,5,5,0,0,0,0,0,0,0,0,0,https://news.naver.com/main/read.nhn?mode=LSD&mid=sec&sid1=106&oid=112&aid=0003223510,1
백아연,"ITZY·신예은, 제21회 부천국제애니메이션페스티벌 참석[공식]",연예,19,2019,10,16,11:08,22,22,0,0,0,0,0,0,0,0,0,https://news.naver.com/main/read.nhn?mode=LSD&mid=sec&sid1=106&oid=109&aid=0004102689,1
백아연,"‘데뷔 20주년’ 플라이투더스카이, 정규 10집 앨범 발매···타이틀곡 ‘추억이 돼줘 고마워’",연예,19,2019,10,18,16:09,12,12,0,0,0,0,0,0,0,0,0,https://news.naver.com/main/read.nhn?mode=LSD&mid=sec&sid1=106&oid=144&aid=0000637498,1
백아연,'2019 BIAF' ITZY 축하공연→홍보대사 신예은 참석...개막식 성황리 진행,연예,19,2019,10,19,13:11,9,9,0,0,0,0,0,0,0,0,0,https://news.naver.com/main/read.nhn?mode=LSD&mid=sec&sid1=106&oid=112&aid=0003224911,1
백아연,"‘복면가왕’ 오나미, 청아한 음색으로 반전 매력 선사 [MK★TV뷰]",연예,20,2019,10,21,11:33,2,2,0,0,0,0,0,0,0,0,0,https://news.naver.com/main/read.nhn?mode=LSD&mid=sec&sid1=106&oid=410&aid=0000635403,1
백아연,얼굴도 모르는 왕자와 결혼한 공주... 그가 나라 지킨 사연,연예,20,2019,10,21,10:18,30,30,0,0,0,0,0,0,0,0,0,https://news.naver.com/main/read.nhn?mode=LSD&mid=sec&sid1=106&oid=047&aid=0002244053,1
백아연,BIAF2019 폐막…장편 대상·관객상에 '환상의 마로나',연예,20,2019,10,22,20:07,40,40,0,0,0,0,0,0,0,0,0,https://news.naver.com/main/read.nhn?mode=LSD&mid=sec&sid1=106&oid=001&aid=0011161023,1
백아연,물 얻기 위해 주변국과 전쟁... 뒤에 숨겨진 거대 음모,연예,20,2019,10,22,10:19,6,6,0,0,0,0,0,0,0,0,0,https://news.naver.com/main/read.nhn?mode=LSD&mid=sec&sid1=106&oid=047&aid=0002244242,1
백아연,"'복면가왕' 오나미, 순수한 음색+열정으로 시청자들 홀릭! '반전 매력'",연예,20,2019,10,21,9:40,6,6,0,0,0,0,0,0,0,0,0,https://news.naver.com/main/read.nhn?mode=LSD&mid=sec&sid1=106&oid=408&aid=0000079720,1
백아연,"""6개월 동안 노래 연습""..'복면가왕' 오나미, 순수한 음색+열정으로 홀릭",연예,20,2019,10,21,13:32,2,2,0,0,0,0,0,0,0,0,0,https://news.naver.com/main/read.nhn?mode=LSD&mid=sec&sid1=106&oid=112&aid=0003225554,1
백아연,"""출연=도전"" '복면가왕' 강세정·오나미·빽가·이재황, 2R 진출보다 빛난 탈락 [어저께TV]",연예,20,2019,10,21,6:51,3,3,0,0,0,0,0,0,0,0,0,https://news.naver.com/main/read.nhn?mode=LSD&mid=sec&sid1=106&oid=109&aid=0004105378,1
백아연,"'복면가왕' 순무는 오나미 ""7개월 연습 끝 도전…뿌듯하다"" 눈물",연예,20,2019,10,20,17:47,3,3,0,0,0,0,0,0,0,0,0,https://news.naver.com/main/read.nhn?mode=LSD&mid=sec&sid1=106&oid=076&aid=0003483699,1
백아연,"`복면가왕` 오나미, 음치·박치·몸치 이겨낸 순수함 극치 매력 보유자... 가지 2R 진출",연예,20,2019,10,20,17:46,3,3,0,0,0,0,0,0,0,0,0,https://news.naver.com/main/read.nhn?mode=LSD&mid=sec&sid1=106&oid=009&aid=0004447662,1
백아연,"'복면가왕' 순무=오나미 ""음치·몸치·박치지만 투표수 매우 만족"" [별별TV]",연예,20,2019,10,20,17:46,9,9,0,0,0,0,0,0,0,0,0,https://news.naver.com/main/read.nhn?mode=LSD&mid=sec&sid1=106&oid=108&aid=0002818057,1
백아연,"광주학생독립운동 90주년 기념행사, “전국화 서둘러야”",사회,21,2019,11,01,10:21,1,1,0,0,0,0,0,0,0,0,0,https://news.naver.com/main/read.nhn?mode=LSD&mid=sec&sid1=102&oid=005&aid=0001254905,1
백아연,'광주학생독립운동 90주년' 광주 곳곳서 행사 개최,사회,21,2019,11,01,9:04,1,0,0,0,1,0,0,0,0,0,0,https://news.naver.com/main/read.nhn?mode=LSD&mid=sec&sid1=102&oid=421&aid=0004281653,1
백아연,"허각, 서울 콘서트에 홍진영·백아연·정은지 출격",연예,22,2019,11,08,9:57,2,2,0,0,0,0,0,0,0,0,0,https://news.naver.com/main/read.nhn?mode=LSD&mid=sec&sid1=106&oid=312&aid=0000419422,1
백아연,"홍진영·백아연·정은지, 허각 단콘 '공연각' 게스트 출격 예고",연예,22,2019,11,07,11:30,4,4,0,0,0,0,0,0,0,0,0,https://news.naver.com/main/read.nhn?mode=LSD&mid=sec&sid1=106&oid=030&aid=0002850288,1
백아연,"""'Missing You'→'가슴 아파도'""..'정희' 플라이투더스카이 직접 돌아본 명곡 열전[종합]",연예,22,2019,11,06,14:05,10,10,0,0,0,0,0,0,0,0,0,https://news.naver.com/main/read.nhn?mode=LSD&mid=sec&sid1=106&oid=112&aid=0003232040,1
백아연,"'정희' 플라이투더스카이, 환희가 웃었다…20년 관통한 '최강 케미' [종합]",연예,22,2019,11,06,13:58,12,12,0,0,0,0,0,0,0,0,0,https://news.naver.com/main/read.nhn?mode=LSD&mid=sec&sid1=106&oid=109&aid=0004115480,1
백아연,'허각 서울 콘서트' 홍진영X백아연 게스트 출격...에이핑크 정은지 신곡 특별 무대,연예,22,2019,11,08,1:31,2,2,0,0,0,0,0,0,0,0,0,https://news.naver.com/main/read.nhn?mode=LSD&mid=sec&sid1=106&oid=011&aid=0003648055,1
백아연,"허각, 서울 콘서트 홍진영X백아연X정은지 초호화 게스트 출격 '관심↑'",연예,22,2019,11,08,9:56,1,1,0,0,0,0,0,0,0,0,0,https://news.naver.com/main/read.nhn?mode=LSD&mid=sec&sid1=106&oid=311&aid=0001071542,1
백아연,"허각, 서울 콘서트 홍진영·백아연·정은지 등 초호화 게스트 출격…개최지 부산 추가",연예,22,2019,11,08,9:54,4,4,0,0,0,0,0,0,0,0,0,https://news.naver.com/main/read.nhn?mode=LSD&mid=sec&sid1=106&oid=112&aid=0003232896,1
백아연,"허각 서울 콘서트, 홍진영×백아연×정은지 게스트 출연",연예,22,2019,11,07,10:29,4,4,0,0,0,0,0,0,0,0,0,https://news.naver.com/main/read.nhn?mode=LSD&mid=sec&sid1=106&oid=382&aid=0000774914,1
백아연,"홍진영X백아연, 허각 서울 콘서트 게스트 출격…정은지 신곡 특별 무대 예고",생활,22,2019,11,07,10:51,9,1,4,0,4,0,0,0,0,0,0,https://news.naver.com/main/read.nhn?mode=LSD&mid=sec&sid1=103&oid=015&aid=0004237523,1
백아연,"'D-2' 허각 콘서트, 홍진영·백아연·정은지 등 초호화 게스트 군단 공개",연예,22,2019,11,07,10:33,2,2,0,0,0,0,0,0,0,0,0,https://news.naver.com/main/read.nhn?mode=LSD&mid=sec&sid1=106&oid=312&aid=0000419162,1
백아연,"홍진영X백아연X정은지, 허각 콘서트 지원사격..특별 무대 예고",연예,22,2019,11,07,10:27,4,4,0,0,0,0,0,0,0,0,0,https://news.naver.com/main/read.nhn?mode=LSD&mid=sec&sid1=106&oid=112&aid=0003232366,1
백아연,"홍진영·백아연·정은지 출격…허각, 서울 콘서트 성료 ""노래 할수 있어 감사""",연예,23,2019,11,11,9:12,6,6,0,0,0,0,0,0,0,0,0,https://news.naver.com/main/read.nhn?mode=LSD&mid=sec&sid1=106&oid=311&aid=0001072506,1
백아연,"허각 ""아파서 노래를 못할 수도 있다는 생각에 괴로워"" 서울 공연 성료",연예,23,2019,11,11,9:06,2,2,0,0,0,0,0,0,0,0,0,https://news.naver.com/main/read.nhn?mode=LSD&mid=sec&sid1=106&oid=112&aid=0003233730,1
백아연,"허각, 서울 콘서트 성료..데뷔 이후 첫 전국 투어 '공연각' 본격 스타트",연예,23,2019,11,12,12:25,4,4,0,0,0,0,0,0,0,0,0,https://news.naver.com/main/read.nhn?mode=LSD&mid=sec&sid1=106&oid=011&aid=0003649686,1
백아연,"""비투비가 극찬한"" 송이한, 13000:1 우승자→뮤직디자인과 전속계약",연예,24,2019,11,21,15:44,11,11,0,0,0,0,0,0,0,0,0,https://news.naver.com/main/read.nhn?mode=LSD&mid=sec&sid1=106&oid=109&aid=0004123841,1
백아연,"'블라인드 뮤지션' 우승자 송이한, 뮤직디자인과 전속계약",연예,24,2019,11,21,18:08,2,2,0,0,0,0,0,0,0,0,0,https://news.naver.com/main/read.nhn?mode=LSD&mid=sec&sid1=106&oid=477&aid=0000219603,1
백아연,"'1만3천 대 1'의 보컬 송이한, 뮤직디자인과 전속계약",연예,24,2019,11,21,10:01,7,7,0,0,0,0,0,0,0,0,0,https://news.naver.com/main/read.nhn?mode=LSD&mid=sec&sid1=106&oid=468&aid=0000594884,1
백아연,"‘블라인드 뮤지션’ 우승 송이한, 뮤직디자인과 전속계약",연예,24,2019,11,21,17:45,1,1,0,0,0,0,0,0,0,0,0,https://news.naver.com/main/read.nhn?mode=LSD&mid=sec&sid1=106&oid=382&aid=0000778441,1
백아연,"‘1만 3000대 1’의 보컬 송이한, 뮤직디자인과 전속계약 본격 활동",연예,24,2019,11,21,9:13,2,2,0,0,0,0,0,0,0,0,0,https://news.naver.com/main/read.nhn?mode=LSD&mid=sec&sid1=106&oid=215&aid=0000825771,1
백아연,"`서은광 극찬` 송이한, 뮤직디자인 전속계약 `출발선`",연예,24,2019,11,21,15:54,3,3,0,0,0,0,0,0,0,0,0,https://news.naver.com/main/read.nhn?mode=LSD&mid=sec&sid1=106&oid=009&aid=0004468173,1
백아연,"""서은광·폴킴·백아연이 극찬한""..송이한, 13000:1 뚫고 훨훨 날다",연예,25,2019,11,28,15:35,3,3,0,0,0,0,0,0,0,0,0,https://news.naver.com/main/read.nhn?mode=LSD&mid=sec&sid1=106&oid=109&aid=0004127183,1
백아연,"백아연 ""디즈니의 팬이라는게 자랑스러웠다"" 성덕 인증",연예,25,2019,11,28,15:50,4,4,0,0,0,0,0,0,0,0,0,https://news.naver.com/main/read.nhn?mode=LSD&mid=sec&sid1=106&oid=112&aid=0003240788,1
백아연,"'겨울왕국2' 제작진과 가수 백아연이 만났다, '스페셜 인터뷰' 공개",연예,25,2019,11,27,13:41,4,4,0,0,0,0,0,0,0,0,0,https://news.naver.com/main/read.nhn?mode=LSD&mid=sec&sid1=106&oid=011&aid=0003657883,1
백아연,‘오빠네라디오’ 딘딘 “슬리피 소고기 내가 제일 많이 사줬다”,연예,25,2019,11,26,13:10,6,6,0,0,0,0,0,0,0,0,0,https://news.naver.com/main/read.nhn?mode=LSD&mid=sec&sid1=106&oid=609&aid=0000208822,1
백아연,"송이한, 은광·백아연·허각 극찬 받은 보컬리스트",연예,25,2019,11,28,16:05,2,2,0,0,0,0,0,0,0,0,0,https://news.naver.com/main/read.nhn?mode=LSD&mid=sec&sid1=106&oid=382&aid=0000779963,1
백아연,"""대박""…송이한, 비투비 은광·백아연·허각 극찬받은 뮤지션 탄생",연예,25,2019,11,28,16:26,11,11,0,0,0,0,0,0,0,0,0,https://news.naver.com/main/read.nhn?mode=LSD&mid=sec&sid1=106&oid=408&aid=0000082223,1
백아연,"""이 사람 대박""..송이한, 백아연·허각 극찬 속 비상 준비",연예,25,2019,11,28,17:14,3,3,0,0,0,0,0,0,0,0,0,https://news.naver.com/main/read.nhn?mode=LSD&mid=sec&sid1=106&oid=629&aid=0000005036,1
백아연,"뮤지션들이 먼저 알아본 송이한…비투비 은광·백아연·허각 ""손꼽히는 보컬될 것""",연예,25,2019,11,28,18:20,2,2,0,0,0,0,0,0,0,0,0,https://news.naver.com/main/read.nhn?mode=LSD&mid=sec&sid1=106&oid=117&aid=0003306044,1
백아연,"백아연, '겨울왕국2' 제작진 만났다 ""디즈니 팬 자랑스러워"" [★해시태그]",연예,25,2019,11,28,18:44,2,2,0,0,0,0,0,0,0,0,0,https://news.naver.com/main/read.nhn?mode=LSD&mid=sec&sid1=106&oid=311&aid=0001080816,1
백아연,"백아연, ‘겨울왕국2’ 제작진 만난다…비하인드부터 OST 추천까지",연예,25,2019,11,27,10:22,1,1,0,0,0,0,0,0,0,0,0,https://news.naver.com/main/read.nhn?mode=LSD&mid=sec&sid1=106&oid=469&aid=0000443666,1
백아연,"'겨울왕국2' 제작진, 백아연과 만난다…스페셜 인터뷰 진행",연예,25,2019,11,27,14:36,2,2,0,0,0,0,0,0,0,0,0,https://news.naver.com/main/read.nhn?mode=LSD&mid=sec&sid1=106&oid=117&aid=0003305570,1
백아연,"백아연 ""이든엔터테인먼트와 새 출발…잘 부탁드린다""",연예,26,2019,12,07,23:50,8,6,0,2,0,0,0,0,0,0,0,https://news.naver.com/main/read.nhn?mode=LSD&mid=sec&sid1=106&oid=277&aid=0004585380,1
백아연,"JYP, GOT7·트와이스·스트레이 키즈·ITZY 타이틀곡 작곡가 뽑는다",연예,26,2019,12,03,15:45,55,55,0,0,0,0,0,0,0,0,0,https://news.naver.com/main/read.nhn?mode=LSD&mid=sec&sid1=106&oid=052&aid=0001372674,1
백아연,"""25년째 현재진행형""…박진영, 영원한 '딴따라' [★타임워프]",연예,26,2019,12,07,11:40,76,76,0,0,0,0,0,0,0,0,0,https://news.naver.com/main/read.nhn?mode=LSD&mid=sec&sid1=106&oid=311&aid=0001084237,1
백아연,"JYP, 갓세븐-트와이스-스트레이 키즈-있지 등 타이틀곡 작곡가 뽑는다",연예,26,2019,12,04,9:09,3,3,0,0,0,0,0,0,0,0,0,https://news.naver.com/main/read.nhn?mode=LSD&mid=sec&sid1=106&oid=144&aid=0000645386,1
백아연,"백아연, 이든 엔터와 새 출발 ‘7년간 몸담았던 JYP엔터 떠나..’",연예,26,2019,12,07,14:36,27,26,0,1,0,0,0,0,0,0,0,https://news.naver.com/main/read.nhn?mode=LSD&mid=sec&sid1=106&oid=081&aid=0003049371,1
백아연,"'JYP 떠난' 백아연, 새 소속사 찾았다 ""이든엔터와 새 출발""[공식]",연예,26,2019,12,07,19:43,8,8,0,0,0,0,0,0,0,0,0,https://news.naver.com/main/read.nhn?mode=LSD&mid=sec&sid1=106&oid=404&aid=0000257935,1
백아연,"백아연, JYP 떠나 이든엔터에 새 둥지(공식)",연예,26,2019,12,07,18:56,15,15,0,0,0,0,0,0,0,0,0,https://news.naver.com/main/read.nhn?mode=LSD&mid=sec&sid1=106&oid=108&aid=0002828629,1
백아연,"백아연, 이든엔터 새 둥지 ""새로운 시작, 잘 부탁드려요""",연예,26,2019,12,07,19:20,11,11,0,0,0,0,0,0,0,0,0,https://news.naver.com/main/read.nhn?mode=LSD&mid=sec&sid1=106&oid=009&aid=0004478049,1
백아연,"백아연 뮤지컬영화 ‘안나, 마리’ 2편서도 안나役 출연(공식)",연예,26,2019,12,04,11:42,2,2,0,0,0,0,0,0,0,0,0,https://news.naver.com/main/read.nhn?mode=LSD&mid=sec&sid1=106&oid=609&aid=0000213283,1
백아연,"JYP, GOT7-트와이스-스트레이 키즈-ITZY 타이틀곡 작곡가 뽑는다[공식]",연예,26,2019,12,03,13:09,42,42,0,0,0,0,0,0,0,0,0,https://news.naver.com/main/read.nhn?mode=LSD&mid=sec&sid1=106&oid=076&aid=0003504625,1
백아연,"JYP Ent., 트와이스·ITZY 타이틀곡 작곡가 뽑는다",경제,26,2019,12,03,13:56,13,10,1,0,2,0,0,0,0,0,0,https://news.naver.com/main/read.nhn?mode=LSD&mid=sec&sid1=101&oid=008&aid=0004319183,1
백아연,"[공식] 'JYP 퍼블리싱 작곡가 오디션' 개최, 타이틀곡 작곡가 발굴 예정",연예,26,2019,12,03,13:20,29,29,0,0,0,0,0,0,0,0,0,https://news.naver.com/main/read.nhn?mode=LSD&mid=sec&sid1=106&oid=011&aid=0003660865,1
백아연,"JYP엔터테인먼트, 트와이스·있지 등의 작곡가 오디션 개최...상금 500만원",연예,26,2019,12,03,13:39,11,11,0,0,0,0,0,0,0,0,0,https://news.naver.com/main/read.nhn?mode=LSD&mid=sec&sid1=106&oid=312&aid=0000423991,1
백아연,"빅톤 강승식, 정은지x백아연 이어 허각 콘서트 게스트 출격..귀호강 [공식]",연예,27,2019,12,12,10:33,114,114,0,0,0,0,0,0,0,0,0,https://news.naver.com/main/read.nhn?mode=LSD&mid=sec&sid1=106&oid=109&aid=0004134196,1
백아연,"백아연, 이든엔터테인먼트에 새 둥지 “새로운 시작, 새 출발”[똑똑SNS]",연예,27,2019,12,08,1:02,3,3,0,0,0,0,0,0,0,0,0,https://news.naver.com/main/read.nhn?mode=LSD&mid=sec&sid1=106&oid=410&aid=0000650512,1
백아연,"빅톤 강승식, 허각 콘서트 지원사격..""특별한 무대 준비 중""",연예,27,2019,12,12,10:09,24,24,0,0,0,0,0,0,0,0,0,https://news.naver.com/main/read.nhn?mode=LSD&mid=sec&sid1=106&oid=112&aid=0003245696,1
백아연,악뮤→정세운까지…'프듀' 파문 속 'K팝스타' 출신들의 활약[SS뮤직],연예,27,2019,12,13,8:15,86,86,0,0,0,0,0,0,0,0,0,https://news.naver.com/main/read.nhn?mode=LSD&mid=sec&sid1=106&oid=468&aid=0000603508,1
백아연,"""음원차트·오디션 프로그램 무조건 폐지보다 공정성 확보"" 진단",연예,27,2019,12,09,17:42,3,3,0,0,0,0,0,0,0,0,0,https://news.naver.com/main/read.nhn?mode=LSD&mid=sec&sid1=106&oid=003&aid=0009598478,1
백아연,"빅톤 강승식, 허각 전국투어 대구 공연 게스트로 참여",연예,27,2019,12,12,10:11,4,4,0,0,0,0,0,0,0,0,0,https://news.naver.com/main/read.nhn?mode=LSD&mid=sec&sid1=106&oid=312&aid=0000425435,1
백아연,"빅톤 강승식, 한솥밥 식구 허각 대구 콘서트 게스트 출격 '빛나는 의리'",연예,27,2019,12,12,10:12,34,34,0,0,0,0,0,0,0,0,0,https://news.naver.com/main/read.nhn?mode=LSD&mid=sec&sid1=106&oid=215&aid=0000830856,1
백아연,"빅톤 강승식, 허각 대구 콘서트 게스트 출격 '한솥밥 식구 의리'",연예,27,2019,12,12,11:54,17,17,0,0,0,0,0,0,0,0,0,https://news.naver.com/main/read.nhn?mode=LSD&mid=sec&sid1=106&oid=311&aid=0001086087,1
백아연,백아연 “이든엔터테인먼트와 함께 새 출발”[M+★SNS],연예,27,2019,12,08,3:01,2,2,0,0,0,0,0,0,0,0,0,https://news.naver.com/main/read.nhn?mode=LSD&mid=sec&sid1=106&oid=057&aid=0001401699,1
백아연,"정세운, 허각 대전 콘서트 게스트 합류..'선후배 의리'",연예,30,2019,12,29,17:00,12,12,0,0,0,0,0,0,0,0,0,https://news.naver.com/main/read.nhn?mode=LSD&mid=sec&sid1=106&oid=052&aid=0001382236,1
백아연,"'싱어송라이돌' 정세운, 허각 대전 콘서트 게스트 출격",연예,30,2019,12,29,14:35,5,5,0,0,0,0,0,0,0,0,0,https://news.naver.com/main/read.nhn?mode=LSD&mid=sec&sid1=106&oid=117&aid=0003317149,1
백아연,"허각 측 “정세운, 대전 콘서트 게스트 지원사격”(공식입장)",연예,30,2019,12,29,14:05,7,5,0,2,0,0,0,0,0,0,0,https://news.naver.com/main/read.nhn?mode=LSD&mid=sec&sid1=106&oid=609&aid=0000225378,1
백아연,"미스피츠, 데뷔 싱글 '이터너티' 2일 발표…소니뮤직과 계약 후 전격 데뷔",연예,30,2020,01,02,9:16,1,1,0,0,0,0,0,0,0,0,0,https://news.naver.com/main/read.nhn?mode=LSD&mid=sec&sid1=106&oid=215&aid=0000835585,1
백아연,"""2080의, 환상""…미스피츠(msftz), 오늘 정식 데뷔",연예,30,2020,01,02,9:55,7,7,0,0,0,0,0,0,0,0,0,https://news.naver.com/main/read.nhn?mode=LSD&mid=sec&sid1=106&oid=117&aid=0003318667,1
백아연,"미스피츠, 데뷔 싱글 '이터너티' 2일 발표",연예,30,2020,01,02,9:46,2,2,0,0,0,0,0,0,0,0,0,https://news.naver.com/main/read.nhn?mode=LSD&mid=sec&sid1=106&oid=213&aid=0001147943,1
백아연,"정세운, 31일 허각 콘서트 게스트 지원사격",연예,30,2019,12,29,18:10,28,28,0,0,0,0,0,0,0,0,0,https://news.naver.com/main/read.nhn?mode=LSD&mid=sec&sid1=106&oid=241&aid=0002991541,1
백아연,"정세운, 허각 대전 콘서트 게스트 출격 이색 보컬 조합 기대...",생활,30,2019,12,29,15:11,10,2,8,0,0,0,0,0,0,0,0,https://news.naver.com/main/read.nhn?mode=LSD&mid=sec&sid1=103&oid=015&aid=0004264703,1
백아연,"정세운, 허각 대전 콘서트 게스트 출격…이색 보컬 조합",연예,30,2019,12,29,14:07,27,26,0,1,0,0,0,0,0,0,0,https://news.naver.com/main/read.nhn?mode=LSD&mid=sec&sid1=106&oid=382&aid=0000786896,1
백아연,"지니뮤직, 페북 팬 수 100만 달성…업계 최다",경제,31,2020,01,09,1:21,1,1,0,0,0,0,0,0,0,0,0,https://news.naver.com/main/read.nhn?mode=LSD&mid=sec&sid1=101&oid=003&aid=0009645647,1
백아연,"대탈출이 시작됐다, 대형 기획사 떠나는 톱가수들",연예,31,2020,01,08,3:08,132,132,0,0,0,0,0,0,0,0,0,https://news.naver.com/main/read.nhn?mode=LSD&mid=sec&sid1=106&oid=023&aid=0003498763,1
백아연,"지니뮤직, 페이스북 팬 100만 돌파",IT,31,2020,01,08,13:45,4,0,0,0,4,0,0,0,0,0,0,https://news.naver.com/main/read.nhn?mode=LSD&mid=sec&sid1=105&oid=014&aid=0004354470,1
백아연,지니뮤직 페이스북 팬 100만 돌파,IT,31,2020,01,08,21:52,2,2,0,0,0,0,0,0,0,0,0,https://news.naver.com/main/read.nhn?mode=LSD&mid=sec&sid1=105&oid=014&aid=0004354861,1
백아연,"백아연, 새해 맞아 ""진짜 올 해 열심히 살 것""",연예,33,2020,01,23,21:41,7,6,0,1,0,0,0,0,0,0,0,https://news.naver.com/main/read.nhn?mode=LSD&mid=sec&sid1=106&oid=213&aid=0001151128,1
백아연,"'블라인드 뮤지션' 출신 송이한, 팬과 함께 선행",연예,33,2020,01,24,15:44,5,5,0,0,0,0,0,0,0,0,0,https://news.naver.com/main/read.nhn?mode=LSD&mid=sec&sid1=106&oid=241&aid=0002999257,1
백아연,"'13000 대 1의 보컬' 송이한, 설날 앞두고 따뜻한 선행",연예,33,2020,01,24,14:35,4,4,0,0,0,0,0,0,0,0,0,https://news.naver.com/main/read.nhn?mode=LSD&mid=sec&sid1=106&oid=416&aid=0000254431,1
백아연,"‘13000 대 1의 보컬’ 송이한, 설 맞아 따뜻한 선행… 팬들과 아동복지시설 봉사",연예,33,2020,01,24,9:56,3,3,0,0,0,0,0,0,0,0,0,https://news.naver.com/main/read.nhn?mode=LSD&mid=sec&sid1=106&oid=144&aid=0000653107,1
백아연,"손승연 ""에릭남 열애설은 오해…백아연 약속 펑크 때문""(라디오스타)",연예,34,2020,01,30,7:41,1,1,0,0,0,0,0,0,0,0,0,https://news.naver.com/main/read.nhn?mode=LSD&mid=sec&sid1=106&oid=009&aid=0004508335,1
백아연,"'라스' ♥꾼 이동건·강경준→손승연, 성형·열애설 해명…최고 시청률 6.8%",연예,34,2020,01,30,11:10,2,2,0,0,0,0,0,0,0,0,0,https://news.naver.com/main/read.nhn?mode=LSD&mid=sec&sid1=106&oid=076&aid=0003524874,1
백아연,"손승연, '라디오스타' 솔직담백 입담 맹활약→시청률 견인→진솔 소감 [종합]",연예,34,2020,01,30,11:42,3,3,0,0,0,0,0,0,0,0,0,https://news.naver.com/main/read.nhn?mode=LSD&mid=sec&sid1=106&oid=408&aid=0000085978,1
백아연,"'라디오스타' 손승연, BTS 뷔와 인연 ""대기실 찾아와 번호 교환""",연예,34,2020,01,30,6:37,15,15,0,0,0,0,0,0,0,0,0,https://news.naver.com/main/read.nhn?mode=LSD&mid=sec&sid1=106&oid=018&aid=0004564640,1
백아연,"""둘 다 어이가 없었다""…손승연이 밝힌 에릭남과 열애설 전말",연예,34,2020,02,01,24:01,4,4,0,0,0,0,0,0,0,0,0,https://news.naver.com/main/read.nhn?mode=LSD&mid=sec&sid1=106&oid=031&aid=0000523795,1
백아연,데뷔 한달 된 싱어송라이터 미스피츠의 올해 소망은?,연예,34,2020,01,30,24:43,9,9,0,0,0,0,0,0,0,0,0,https://news.naver.com/main/read.nhn?mode=LSD&mid=sec&sid1=106&oid=047&aid=0002254789,1
백아연,"손승연 ""'라스' 출연 후 카톡 불나"" 에릭남과 열애설 해명",연예,34,2020,01,30,16:39,1,1,0,0,0,0,0,0,0,0,0,https://news.naver.com/main/read.nhn?mode=LSD&mid=sec&sid1=106&oid=277&aid=0004615002,1
백아연,"'라스' 이동건·강경준 입담→손승연, 에릭남과 열애설 해명…솔직 매력",연예,34,2020,01,30,8:27,42,41,0,1,0,0,0,0,0,0,0,https://news.naver.com/main/read.nhn?mode=LSD&mid=sec&sid1=106&oid=421&aid=0004433372,1
백아연,[TV북마크] ‘라디오스타’ 이동건→강경준 솔직 토크…손승연 해명 타임,연예,34,2020,01,30,8:25,2,2,0,0,0,0,0,0,0,0,0,https://news.naver.com/main/read.nhn?mode=LSD&mid=sec&sid1=106&oid=382&aid=0000794243,1
백아연,"[팝업TV]'라스' 손승연, 성형설+에릭남 열애설 해명→방탄소년단 뷔와 번호교환",연예,34,2020,01,30,10:12,24,24,0,0,0,0,0,0,0,0,0,https://news.naver.com/main/read.nhn?mode=LSD&mid=sec&sid1=106&oid=112&aid=0003262344,1
백아연,"'라스' 손승연, 성형설-에릭남 열애설-뷔 인연...거침없이 밝혔다 [콕TV]",연예,34,2020,01,30,6:51,47,47,0,0,0,0,0,0,0,0,0,https://news.naver.com/main/read.nhn?mode=LSD&mid=sec&sid1=106&oid=213&aid=0001151633,1
백아연,'라스' 손승연 밝힌 #성형의혹 #에릭남 열애설 #BTS 뷔와 번호교환 [전일야화],연예,34,2020,01,30,6:30,23,23,0,0,0,0,0,0,0,0,0,https://news.naver.com/main/read.nhn?mode=LSD&mid=sec&sid1=106&oid=311&aid=0001105278,1
백아연,"속사포 래퍼 아웃사이더, 한류스타 김재중과 함께한 신곡 ‘GIRL' 공개",연예,36,2020,02,11,14:48,6,6,0,0,0,0,0,0,0,0,0,https://news.naver.com/main/read.nhn?mode=LSD&mid=sec&sid1=106&oid=117&aid=0003332221,1
백아연,"""KBS는 왜 타 방송 표절하나?"" 김구라 '폭탄 발언' 또 통했다",생활,37,2020,02,19,11:44,534,443,5,5,78,3,0,0,0,0,0,https://news.naver.com/main/read.nhn?mode=LSD&mid=sec&sid1=103&oid=047&aid=0002257295,1
백아연,"""청순의 교과서"" 스물여덟 생일맞은 백아연, 몰라보게 예뻐진 모습으로 눈길[★SNS]",연예,40,2020,03,12,8:24,9,9,0,0,0,0,0,0,0,0,0,https://news.naver.com/main/read.nhn?mode=LSD&mid=sec&sid1=106&oid=468&aid=0000635581,1
백아연,"""연년생 딸 아빠됐다""…박진영, 9일 둘째 득녀→백아연·유빈 축하(전문)[종합]",연예,40,2020,03,09,17:50,42,42,0,0,0,0,0,0,0,0,0,https://news.naver.com/main/read.nhn?mode=LSD&mid=sec&sid1=106&oid=311&aid=0001121237,1
백아연,"박진영, 둘째 득녀에 타이거JK부터 유빈·백아연까지 '축하물결'[종합]",연예,40,2020,03,09,18:44,46,45,0,1,0,0,0,0,0,0,0,https://news.naver.com/main/read.nhn?mode=LSD&mid=sec&sid1=106&oid=477&aid=0000235616,1
백아연,"[팝업★]""좋은 영향 줄 것"" 박진영, 연년생 딸 아빠..백아연→유빈, ★들 축하",연예,40,2020,03,09,17:17,5,5,0,0,0,0,0,0,0,0,0,https://news.naver.com/main/read.nhn?mode=LSD&mid=sec&sid1=106&oid=112&aid=0003276381,1
백아연,"박진영 둘째 득녀, 누리꾼 축하 “JYP 연년생 두 딸 잘 키우길""",연예,40,2020,03,09,15:56,29,29,0,0,0,0,0,0,0,0,0,https://news.naver.com/main/read.nhn?mode=LSD&mid=sec&sid1=106&oid=009&aid=0004532861,1
백아연,"박진영, 연년생 두 아이의 아빠 됐다…득녀 소식에 축하 물결 (종합)",연예,40,2020,03,09,17:44,11,11,0,0,0,0,0,0,0,0,0,https://news.naver.com/main/read.nhn?mode=LSD&mid=sec&sid1=106&oid=057&aid=0001430022,1
백아연,"[종합] 박진영, 결혼 7년만에 두 아이 아빠됐다…둘째 득녀에 응원 '봇물'",연예,40,2020,03,09,14:22,21,21,0,0,0,0,0,0,0,0,0,https://news.naver.com/main/read.nhn?mode=LSD&mid=sec&sid1=106&oid=117&aid=0003340681,1
백아연,"[퇴근길] 박진영 득녀, 두 아이 아빠 됐다",연예,40,2020,03,09,18:40,69,68,0,1,0,0,0,0,0,0,0,https://news.naver.com/main/read.nhn?mode=LSD&mid=sec&sid1=106&oid=417&aid=0000515475,1
백아연,"백아연, 생일 맞으니 더 예뻐졌네..청초한 비주얼에 관심폭발",연예,40,2020,03,12,5:42,5,5,0,0,0,0,0,0,0,0,0,https://news.naver.com/main/read.nhn?mode=LSD&mid=sec&sid1=106&oid=112&aid=0003277194,1
백아연,"[SC이슈]김윤아·남태현·백아연·프니엘, 조주빈 얼굴공개→'n번방' 향한 ★들의 분노ing(종합)",연예,42,2020,03,24,10:32,86,86,0,0,0,0,0,0,0,0,0,https://news.naver.com/main/read.nhn?mode=LSD&mid=sec&sid1=106&oid=076&aid=0003545808,1
백아연,"""N번방 공개하면 네 아들 처벌받아""…심바 자와디 궤변 '논란'",연예,42,2020,03,23,11:23,3,3,0,0,0,0,0,0,0,0,0,https://news.naver.com/main/read.nhn?mode=LSD&mid=sec&sid1=106&oid=015&aid=0004311529,-1
백아연,"""드디어 전역의 날""…조권, 벅찬 소감→창민·혜림·윤하 등 ★ '축하+응원' (전문)[종합]",연예,42,2020,03,24,8:40,13,13,0,0,0,0,0,0,0,0,0,https://news.naver.com/main/read.nhn?mode=LSD&mid=sec&sid1=106&oid=311&aid=0001126572,1
백아연,"[SC이슈]""신상공개 촉구""…정려원·박보영→에릭남·봉태규, N번방 처벌에 ★들도 한 목소리(종합)",연예,42,2020,03,23,8:48,31,31,0,0,0,0,0,0,0,0,0,https://news.naver.com/main/read.nhn?mode=LSD&mid=sec&sid1=106&oid=076&aid=0003545298,1
백아연,"여자친구 엄지, 김명수X신예은 '어서와' OST 참여…26일 공개",연예,42,2020,03,25,13:06,28,28,0,0,0,0,0,0,0,0,0,https://news.naver.com/main/read.nhn?mode=LSD&mid=sec&sid1=106&oid=311&aid=0001127266,1
백아연,"여자친구 엄지, 김명수x신예은 '어서와' OST 참여..26일 발매[공식]",연예,42,2020,03,25,13:44,41,41,0,0,0,0,0,0,0,0,0,https://news.naver.com/main/read.nhn?mode=LSD&mid=sec&sid1=106&oid=109&aid=0004184098,1
백아연,"여자친구 엄지, 김명수·신예은 주연 '어서와' OST 참여[공식]",연예,42,2020,03,25,14:55,91,91,0,0,0,0,0,0,0,0,0,https://news.naver.com/main/read.nhn?mode=LSD&mid=sec&sid1=106&oid=108&aid=0002851463,1
백아연,"심바 자와디, n번방 신상공개 반대 ""냉정한 이성으로 처벌 이뤄졌으면""",연예,42,2020,03,23,13:25,8,5,0,0,0,0,1,0,0,2,0,https://news.naver.com/main/read.nhn?mode=LSD&mid=sec&sid1=106&oid=011&aid=0003713601,1
백아연,"""님들 머리딸리는거"" 래퍼 심바자와디, n번방 사건 궤변 이어 페미니스트 조롱 논란 [종합]",연예,42,2020,03,23,10:26,11,11,0,0,0,0,0,0,0,0,0,https://news.naver.com/main/read.nhn?mode=LSD&mid=sec&sid1=106&oid=468&aid=0000639407,-1
백아연,BTS 지민 솔로곡 'Filter'…다양한 커버 열풍 속 백아연도 도전,연예,43,2020,04,01,9:52,"7,137","7,123",0,2,0,0,12,0,0,0,0,https://news.naver.com/main/read.nhn?mode=LSD&mid=sec&sid1=106&oid=088&aid=0000641399,1
백아연,"백아연, 방탄소년단 지민 '필터' 커버 도전..청아한 고음",연예,43,2020,04,01,6:14,"1,818","1,816",0,0,0,0,2,0,0,0,0,https://news.naver.com/main/read.nhn?mode=LSD&mid=sec&sid1=106&oid=108&aid=0002852777,1
백아연,"BTS 신화주역 빅히트 ""엔터산업 우리 것""… 작년 국내 엔터테인먼트 `빅4` 실적 들여다보니",정치,43,2020,04,01,18:43,32,25,2,2,3,0,0,0,0,0,0,https://news.naver.com/main/read.nhn?mode=LSD&mid=sec&sid1=100&oid=029&aid=0002591786,1
백아연,"백아연, 봄처럼 화사힌 꽃미모..엄마 미소 자아내는 귀여운 매력",연예,44,2020,04,10,21:20,1,1,0,0,0,0,0,0,0,0,0,https://news.naver.com/main/read.nhn?mode=LSD&mid=sec&sid1=106&oid=112&aid=0003287302,1
백아연,"[TEN 인터뷰] 송이한 ""'개똥벌레'처럼 생명력 강한 노래 남기고파""",연예,45,2020,04,14,8:31,12,11,0,1,0,0,0,0,0,0,0,https://news.naver.com/main/read.nhn?mode=LSD&mid=sec&sid1=106&oid=312&aid=0000442427,1
백아연,"배수정 ""트와이스 '우아하게' 가장 만족스러워..여성팬 겨냥""(인터뷰②)[스타메이커]",연예,46,2020,04,22,10:30,76,75,0,1,0,0,0,0,0,0,0,https://news.naver.com/main/read.nhn?mode=LSD&mid=sec&sid1=106&oid=108&aid=0002857856,1
백아연,"백아연, 입숙 쭉 내밀고 애교 뿜뿜…녹음실에서 만난 요정",연예,47,2020,04,27,10:47,4,4,0,0,0,0,0,0,0,0,0,https://news.naver.com/main/read.nhn?mode=LSD&mid=sec&sid1=106&oid=112&aid=0003292561,1
백아연,힙합·트로트·록 다 모였네…네이버 나우 모바일 공연,생활,47,2020,04,29,15:25,17,16,1,0,0,0,0,0,0,0,0,https://news.naver.com/main/read.nhn?mode=LSD&mid=sec&sid1=103&oid=001&aid=0011580081,1
백아연,‘NOW FEST 2020’ (나우 페스트) 모바일 공연···록에서 성인가요까지 총집합,연예,47,2020,04,29,17:37,48,48,0,0,0,0,0,0,0,0,0,https://news.naver.com/main/read.nhn?mode=LSD&mid=sec&sid1=106&oid=144&aid=0000669321,1
백아연,"백아연X백지영, 훈훈한 선후배 케미 자랑…예쁨이 두 배",연예,48,2020,05,05,8:24,15,14,0,1,0,0,0,0,0,0,0,https://news.naver.com/main/read.nhn?mode=LSD&mid=sec&sid1=106&oid=112&aid=0003295097,1
백아연,"백아연X백지영, 다정한 투샷 “두근두근”",연예,48,2020,05,04,21:46,3,3,0,0,0,0,0,0,0,0,0,https://news.naver.com/main/read.nhn?mode=LSD&mid=sec&sid1=106&oid=469&aid=0000493282,1
백아연,"백아연, 간만에 전한 근황…상큼美 한가득 담은 브이",연예,48,2020,05,04,20:59,6,6,0,0,0,0,0,0,0,0,0,https://news.naver.com/main/read.nhn?mode=LSD&mid=sec&sid1=106&oid=112&aid=0003295015,1
백아연,"“어린이날 선물 공개” 백아연, 알라딘 자스민 공주 깜짝 변신[SNS★컷]",연예,48,2020,05,05,24:26,15,13,0,2,0,0,0,0,0,0,0,https://news.naver.com/main/read.nhn?mode=LSD&mid=sec&sid1=106&oid=609&aid=0000273830,1
백아연,"페스티벌도 랜선?…""느낌 떨어져"" VS ""더 여유로워""",생활,48,2020,05,04,5:05,5,4,1,0,0,0,0,0,0,0,0,https://news.naver.com/main/read.nhn?mode=LSD&mid=sec&sid1=103&oid=008&aid=0004403327,1
백아연,페스티벌도 랜선?…“느낌 떨어져” VS “더 여유로워”,생활,48,2020,05,04,9:31,6,2,3,1,0,0,0,0,0,0,0,https://news.naver.com/main/read.nhn?mode=LSD&mid=sec&sid1=103&oid=008&aid=0004403429,1
백아연,"[르포] ""라이브로 가인님 보니 울컥""… 코로나 속 네이버 온라인 콘서트 현장 가보니",IT,49,2020,05,10,8:01,495,380,79,0,29,7,0,0,0,0,0,https://news.naver.com/main/read.nhn?mode=LSD&mid=sec&sid1=105&oid=366&aid=0000520833,1
백아연,"“하루빨리 모두가 행복하길” 백아연→윤하x유빈, 덕분에 챌린지",연예,50,2020,05,17,9:42,2,2,0,0,0,0,0,0,0,0,0,https://news.naver.com/main/read.nhn?mode=LSD&mid=sec&sid1=106&oid=609&aid=0000278126,1
백아연,"[단독] JYP 떠난 백아연, 6월 중순 컴백 확정…MV 촬영 완료",연예,51,2020,05,29,10:10,27,23,0,0,0,0,1,0,0,3,0,https://news.naver.com/main/read.nhn?mode=LSD&mid=sec&sid1=106&oid=421&aid=0004665353,1
백아연,"현대차, 자동차 극장 콘서트 열어… “코로나 극복 희망 메시지 전달”",생활,51,2020,05,24,9:53,3,2,1,0,0,0,0,0,0,0,0,https://news.naver.com/main/read.nhn?mode=LSD&mid=sec&sid1=103&oid=366&aid=0000527693,1
백아연,“박수는 깜빡이” 별이 된 車…300대가 쏘아올린 ‘희망 별빛’,생활,51,2020,05,24,24:18,1,1,0,0,0,0,0,0,0,0,0,https://news.naver.com/main/read.nhn?mode=LSD&mid=sec&sid1=103&oid=009&aid=0004580931,1
백아연,‘JYP→이든’ 백아연 측 “6월 중순 새 앨범 발매 준비 중”(공식),연예,51,2020,05,29,11:15,6,6,0,0,0,0,0,0,0,0,0,https://news.naver.com/main/read.nhn?mode=LSD&mid=sec&sid1=106&oid=609&aid=0000283100,1
백아연,차 안에서 즐기는 콘서트…현대 모터스튜디오 900대 초청 공연,생활,51,2020,05,24,9:42,3,2,0,0,1,0,0,0,0,0,0,https://news.naver.com/main/read.nhn?mode=LSD&mid=sec&sid1=103&oid=001&aid=0011629511,1
백아연,차 안에서 즐기는 현대 모터스튜디오 언택트 콘서트,경제,51,2020,05,24,10:16,1,1,0,0,0,0,0,0,0,0,0,https://news.naver.com/main/read.nhn?mode=LSD&mid=sec&sid1=101&oid=011&aid=0003741771,1
