이하이,"'음악중심' 다비치vs방탄소년단vs이하이, 1위 후보 격돌",연예,0,2019,06,08,15:46,74,74,0,0,0,0,0,0,0,0,0,https://news.naver.com/main/read.nhn?mode=LSD&mid=sec&sid1=106&oid=076&aid=0003426648,1
이하이,"'음악중심' 방탄소년단, 다비치·이하이 꺾고 1위…방송 출연 없이 '17관왕'",연예,0,2019,06,08,16:52,230,230,0,0,0,0,0,0,0,0,0,https://news.naver.com/main/read.nhn?mode=LSD&mid=sec&sid1=106&oid=117&aid=0003227695,1
이하이,"이하이, '음색퀸'의 화려한 귀환",연예,0,2019,06,08,16:38,62,62,0,0,0,0,0,0,0,0,0,https://news.naver.com/main/read.nhn?mode=LSD&mid=sec&sid1=106&oid=312&aid=0000391947,1
이하이,"‘음악중심’ 이하이 1위 후보 랭크, 16관왕 방탄소년단 질주 저지할까",연예,0,2019,06,08,15:47,24,24,0,0,0,0,0,0,0,0,0,https://news.naver.com/main/read.nhn?mode=LSD&mid=sec&sid1=106&oid=609&aid=0000120640,1
이하이,'음악중심' 1위 후보 공개…다비치vs방탄소년단vs이하이,연예,0,2019,06,08,15:47,26,26,0,0,0,0,0,0,0,0,0,https://news.naver.com/main/read.nhn?mode=LSD&mid=sec&sid1=106&oid=311&aid=0001001334,1
이하이,"‘쇼음악중심’ 방탄소년단vs다비치vs이하이, 1위 후보…트로피 주인공은?",연예,0,2019,06,08,15:49,31,30,0,1,0,0,0,0,0,0,0,https://news.naver.com/main/read.nhn?mode=LSD&mid=sec&sid1=106&oid=213&aid=0001110912,1
이하이,"'음악중심' 방탄소년단, 출연 없이 1위 '17관왕'…산들·우주소녀 컴백[종합]",연예,0,2019,06,08,16:51,300,300,0,0,0,0,0,0,0,0,0,https://news.naver.com/main/read.nhn?mode=LSD&mid=sec&sid1=106&oid=076&aid=0003426658,1
이하이,"'음악중심' 다비치vs방탄소년단vs이하이, 6월 둘째 주 1위 후보 격돌",연예,1,2019,06,15,15:54,21,21,0,0,0,0,0,0,0,0,0,https://news.naver.com/main/read.nhn?mode=LSD&mid=sec&sid1=106&oid=112&aid=0003176378,1
이하이,"'쇼 음악중심' 1위 후보 이하이, YG 논란 속 '누구 없소' 열창",연예,1,2019,06,15,16:49,35,32,0,3,0,0,0,0,0,0,0,https://news.naver.com/main/read.nhn?mode=LSD&mid=sec&sid1=106&oid=117&aid=0003231235,1
이하이,이하이 신보 '24℃'에는 주인공이 없다?,연예,1,2019,06,14,17:01,53,45,0,8,0,0,0,0,0,0,0,https://news.naver.com/main/read.nhn?mode=LSD&mid=sec&sid1=106&oid=047&aid=0002230298,1
이하이,"""그냥 YG 탈퇴하자""…이하이, '비아이 마약' 불똥에 팬들 분노",사회,1,2019,06,13,10:04,54,3,1,6,43,1,0,0,0,0,0,https://news.naver.com/main/read.nhn?mode=LSD&mid=sec&sid1=102&oid=023&aid=0003453462,1
이하이,"'쇼 음악중심' 방탄소년단, 다비치·이하이 꺾고 1위 '19관왕'…전소미 솔로 데뷔 [종합]",연예,1,2019,06,15,17:01,134,134,0,0,0,0,0,0,0,0,0,https://news.naver.com/main/read.nhn?mode=LSD&mid=sec&sid1=106&oid=117&aid=0003231236,1
이하이,"혼돈의 YG 속 이하이, 이번 주말 ‘B.I 피처링곡’으로 음악방송 출연",연예,1,2019,06,14,17:32,22,7,0,15,0,0,0,0,0,0,0,https://news.naver.com/main/read.nhn?mode=LSD&mid=sec&sid1=106&oid=469&aid=0000397024,1
이하이,"'아이돌룸' 이하이 ""이찬혁, 군대에서 내 신곡만 기다려""",연예,1,2019,06,11,16:21,12,12,0,0,0,0,0,0,0,0,0,https://news.naver.com/main/read.nhn?mode=LSD&mid=sec&sid1=106&oid=468&aid=0000518933,1
이하이,"‘컬투쇼’ 이하이, “신곡 ‘누구없소’, 욕심 낸 이유는…”",연예,1,2019,06,13,15:48,14,11,0,3,0,0,0,0,0,0,0,https://news.naver.com/main/read.nhn?mode=LSD&mid=sec&sid1=106&oid=410&aid=0000594848,1
이하이,"'컬투쇼' 이창민·이하이, CD 같은 완벽한 라이브 [종합]",연예,1,2019,06,13,15:48,12,12,0,0,0,0,0,0,0,0,0,https://news.naver.com/main/read.nhn?mode=LSD&mid=sec&sid1=106&oid=311&aid=0001004041,1
이하이,"‘음악중심’ 다비치 vs 방탄소년단 vs 이하이, 1위 대결",연예,1,2019,06,15,15:52,10,10,0,0,0,0,0,0,0,0,0,https://news.naver.com/main/read.nhn?mode=LSD&mid=sec&sid1=106&oid=312&aid=0000393192,1
이하이,"‘음악중심’ 다비치vs방탄소년단vs이하이, 1위 자리 놓고 격돌",연예,1,2019,06,15,15:54,21,21,0,0,0,0,0,0,0,0,0,https://news.naver.com/main/read.nhn?mode=LSD&mid=sec&sid1=106&oid=609&aid=0000124171,1
이하이,"'음악중심' 방탄소년단vs다비치vs이하이, 1위 후보 격돌",연예,1,2019,06,15,15:52,70,70,0,0,0,0,0,0,0,0,0,https://news.naver.com/main/read.nhn?mode=LSD&mid=sec&sid1=106&oid=311&aid=0001005041,1
이하이,"'음악중심' 1위후보 방탄소년단, 다비치-이하이 꺾고 19관왕 달성할까?",연예,1,2019,06,15,15:54,52,52,0,0,0,0,0,0,0,0,0,https://news.naver.com/main/read.nhn?mode=LSD&mid=sec&sid1=106&oid=109&aid=0004029704,1
이하이,"[포인트1분]""독보적 음색""…이하이, '누구 없소'로 사로잡은 팬심",연예,1,2019,06,15,16:49,22,20,0,2,0,0,0,0,0,0,0,https://news.naver.com/main/read.nhn?mode=LSD&mid=sec&sid1=106&oid=112&aid=0003176387,1
이하이,"‘음악중심’ 이하이, ‘누구 없소’ 편곡..마약 논란 비아이 흔적 지웠다",연예,1,2019,06,15,16:57,84,57,0,27,0,0,0,0,0,0,0,https://news.naver.com/main/read.nhn?mode=LSD&mid=sec&sid1=106&oid=609&aid=0000124187,-1
이하이,"‘음악중심’ 방탄소년단, 적수 없는 1위…벌써 19관왕",연예,1,2019,06,15,17:29,680,680,0,0,0,0,0,0,0,0,0,https://news.naver.com/main/read.nhn?mode=LSD&mid=sec&sid1=106&oid=469&aid=0000397195,1
이하이,'음악중심' 방탄소년단 19관왕 달성…전소미 첫 솔로 공개[종합],연예,1,2019,06,15,16:54,225,224,0,1,0,0,0,0,0,0,0,https://news.naver.com/main/read.nhn?mode=LSD&mid=sec&sid1=106&oid=311&aid=0001005046,1
이하이,"‘아이돌룸’ 이하이 “악동뮤지션 이찬혁, 군대서 내 걱정”",연예,1,2019,06,11,16:01,2,2,0,0,0,0,0,0,0,0,0,https://news.naver.com/main/read.nhn?mode=LSD&mid=sec&sid1=106&oid=081&aid=0003005715,1
이하이,"'아이돌룸' 이하이 ""공백기 3년 반…악뮤 찬혁, 군대서 내 신곡만 기다려""",연예,1,2019,06,11,14:50,8,8,0,0,0,0,0,0,0,0,0,https://news.naver.com/main/read.nhn?mode=LSD&mid=sec&sid1=106&oid=076&aid=0003427685,1
이하이,"'아이돌룸' 이하이, 즉석에서 프리스타일 랩 도전..'갓하이'다운 면모",연예,1,2019,06,11,16:17,5,5,0,0,0,0,0,0,0,0,0,https://news.naver.com/main/read.nhn?mode=LSD&mid=sec&sid1=106&oid=011&aid=0003568329,1
이하이,"'컬투쇼' 이하이 ""3년만 컴백, 이렇게 오래 걸릴 줄 몰랐다""",연예,1,2019,06,13,15:15,2,1,0,1,0,0,0,0,0,0,0,https://news.naver.com/main/read.nhn?mode=LSD&mid=sec&sid1=106&oid=311&aid=0001004006,1
이하이,"'컬투쇼' 이하이-이창민, 특선라이브 출연…스페셜DJ 유노윤호 '명언 폭발'",연예,1,2019,06,13,15:42,1,1,0,0,0,0,0,0,0,0,0,https://news.naver.com/main/read.nhn?mode=LSD&mid=sec&sid1=106&oid=082&aid=0000914146,1
이하이,“자작곡도 수준급” 이하이X이창민 ‘컬투쇼’ 콘서트장 만든 가창력(종합),연예,1,2019,06,13,15:50,3,3,0,0,0,0,0,0,0,0,0,https://news.naver.com/main/read.nhn?mode=LSD&mid=sec&sid1=106&oid=609&aid=0000123243,1
이하이,이하이 '누구 없소' MV 촬영 현장 비하인드 공개,연예,2,2019,06,22,16:47,3,3,0,0,0,0,0,0,0,0,0,https://news.naver.com/main/read.nhn?mode=LSD&mid=sec&sid1=106&oid=404&aid=0000246642,1
이하이,"이하이 ""제게 노래는 솔직해지는 시간이에요"" [화보]",연예,2,2019,06,21,10:13,21,21,0,0,0,0,0,0,0,0,0,https://news.naver.com/main/read.nhn?mode=LSD&mid=sec&sid1=106&oid=076&aid=0003432105,1
이하이,"""보고 싶었어요"" 이하이, 이렇게 예뻤나…성숙美 물씬",연예,2,2019,06,21,16:25,8,8,0,0,0,0,0,0,0,0,0,https://news.naver.com/main/read.nhn?mode=LSD&mid=sec&sid1=106&oid=112&aid=0003178917,1
이하이,"이하이, 재킷 촬영 비하인드 공개 “파인애플 먹방, 행복”",연예,2,2019,06,20,13:09,10,10,0,0,0,0,0,0,0,0,0,https://news.naver.com/main/read.nhn?mode=LSD&mid=sec&sid1=106&oid=382&aid=0000740250,1
이하이,"이하이, 앨범 제작기 영상 ‘하24이’ 예고",연예,2,2019,06,18,15:28,17,17,0,0,0,0,0,0,0,0,0,https://news.naver.com/main/read.nhn?mode=LSD&mid=sec&sid1=106&oid=215&aid=0000783931,1
이하이,"이하이, '인기가요' 1위…비아이 랩 파트는 삭제",연예,2,2019,06,16,21:26,19,16,0,3,0,0,0,0,0,0,0,https://news.naver.com/main/read.nhn?mode=LSD&mid=sec&sid1=106&oid=079&aid=0003238715,1
이하이,"이하이 '누구 없소' MV 비하인드 ""열정·설렘 가득했던 3일""",연예,2,2019,06,22,24:15,19,18,0,1,0,0,0,0,0,0,0,https://news.naver.com/main/read.nhn?mode=LSD&mid=sec&sid1=106&oid=076&aid=0003432489,1
이하이,이하이 ‘누구 없소’ MV 촬영 현장 비하인드 공개,연예,2,2019,06,22,13:46,2,2,0,0,0,0,0,0,0,0,0,https://news.naver.com/main/read.nhn?mode=LSD&mid=sec&sid1=106&oid=382&aid=0000740763,1
이하이,"3년 만에 컴백…이하이, “다이어트 열심히 했다”",연예,2,2019,06,22,16:39,43,39,0,4,0,0,0,0,0,0,0,https://news.naver.com/main/read.nhn?mode=LSD&mid=sec&sid1=106&oid=396&aid=0000517149,1
이하이,"이하이 ""3년만 컴백, 잘해보려고 다이어트 열심히""",연예,2,2019,06,22,13:40,7,6,0,1,0,0,0,0,0,0,0,https://news.naver.com/main/read.nhn?mode=LSD&mid=sec&sid1=106&oid=108&aid=0002791935,1
이하이,"이하이 ""내가 잘하고 좋아하는 걸 성실하고 묵묵하게 하고파""[화보]",연예,2,2019,06,21,10:11,16,15,0,1,0,0,0,0,0,0,0,https://news.naver.com/main/read.nhn?mode=LSD&mid=sec&sid1=106&oid=112&aid=0003178675,1
이하이,"이하이 ""어른스러운 아이→자연스럽게 성장한 모습 봐주길"" [화보]",연예,2,2019,06,21,10:48,8,8,0,0,0,0,0,0,0,0,0,https://news.naver.com/main/read.nhn?mode=LSD&mid=sec&sid1=106&oid=117&aid=0003234390,1
이하이,이하이 “노래 통해 솔직해져…내 마음 표현하는 방법” [화보],연예,2,2019,06,21,18:15,33,33,0,0,0,0,0,0,0,0,0,https://news.naver.com/main/read.nhn?mode=LSD&mid=sec&sid1=106&oid=382&aid=0000740707,1
이하이,이하이와 빈티지는 찰떡..미모+신비감 또 업그레이드 [화보],연예,2,2019,06,21,15:51,19,19,0,0,0,0,0,0,0,0,0,https://news.naver.com/main/read.nhn?mode=LSD&mid=sec&sid1=106&oid=404&aid=0000246585,1
이하이,"""4랑해요""...이하이, 깜찍 손하트 인사 [★해시태그]",연예,2,2019,06,21,18:44,7,7,0,0,0,0,0,0,0,0,0,https://news.naver.com/main/read.nhn?mode=LSD&mid=sec&sid1=106&oid=311&aid=0001008225,1
이하이,"“보고 싶었어요” 이하이, 깜찍 손가락 하트로 애교 뿜뿜[SNS★컷]",연예,2,2019,06,21,15:20,14,13,0,1,0,0,0,0,0,0,0,https://news.naver.com/main/read.nhn?mode=LSD&mid=sec&sid1=106&oid=609&aid=0000127159,1
이하이,"‘물오른 미모’ 이하이, ‘하24이’ 재킷 촬영 비하인드 스토리 공개",연예,2,2019,06,20,13:40,5,4,0,1,0,0,0,0,0,0,0,https://news.naver.com/main/read.nhn?mode=LSD&mid=sec&sid1=106&oid=215&aid=0000784815,1
이하이,"이하이, '누구 없고' 재킷 촬영 후 ""가장 행복한 순간, 지금""",연예,2,2019,06,20,13:09,6,6,0,0,0,0,0,0,0,0,0,https://news.naver.com/main/read.nhn?mode=LSD&mid=sec&sid1=106&oid=312&aid=0000394056,1
이하이,"이하이, '하24이' 재킷 촬영 비하인드 스토리 공개…'물오른 미모'",연예,2,2019,06,20,13:04,2,2,0,0,0,0,0,0,0,0,0,https://news.naver.com/main/read.nhn?mode=LSD&mid=sec&sid1=106&oid=076&aid=0003431605,1
이하이,"""물오른 미모"" 이하이, '하24이' 재킷 촬영 비하인드 공개",연예,2,2019,06,20,15:19,1,1,0,0,0,0,0,0,0,0,0,https://news.naver.com/main/read.nhn?mode=LSD&mid=sec&sid1=106&oid=311&aid=0001007408,1
이하이,"이하이, 앨범 제작기 담은 리얼리티 영상 '하24이'…티저 깜짝 공개",연예,2,2019,06,18,13:35,6,6,0,0,0,0,0,0,0,0,0,https://news.naver.com/main/read.nhn?mode=LSD&mid=sec&sid1=106&oid=015&aid=0004161159,1
이하이,이하이 리얼리티 '하24이' 론칭…티저 공개,연예,2,2019,06,18,13:07,13,13,0,0,0,0,0,0,0,0,0,https://news.naver.com/main/read.nhn?mode=LSD&mid=sec&sid1=106&oid=311&aid=0001006250,1
이하이,"이하이, 앨범 제작기 영상 '하24이' 예고…티저 깜짝 공개",연예,2,2019,06,18,24:08,22,22,0,0,0,0,0,0,0,0,0,https://news.naver.com/main/read.nhn?mode=LSD&mid=sec&sid1=106&oid=076&aid=0003430615,1
이하이,"이하이, YG 논란에도 '열일'…새 음반 제작기 예고편 공개",연예,2,2019,06,18,24:55,4,4,0,0,0,0,0,0,0,0,0,https://news.naver.com/main/read.nhn?mode=LSD&mid=sec&sid1=106&oid=312&aid=0000393624,-1
이하이,"'인기가요' 이하이 1위 ""회사 모든 분들 감사해""[종합]",연예,2,2019,06,16,17:02,186,180,0,6,0,0,0,0,0,0,0,https://news.naver.com/main/read.nhn?mode=LSD&mid=sec&sid1=106&oid=108&aid=0002790567,1
이하이,"이하이, '인기가요' 1위...차분한 소감 ""회사·가족 감사하다""",연예,2,2019,06,16,16:56,35,35,0,0,0,0,0,0,0,0,0,https://news.naver.com/main/read.nhn?mode=LSD&mid=sec&sid1=106&oid=312&aid=0000393275,1
이하이,"'인기가요' 이하이, '누구없소'로 1위 ""회사 분들 감사해""",연예,2,2019,06,16,16:56,31,29,0,2,0,0,0,0,0,0,0,https://news.naver.com/main/read.nhn?mode=LSD&mid=sec&sid1=106&oid=117&aid=0003231508,1
이하이,"이하이, '하24이' 마지막 장식 ""다음 앨범 때 돌아올게요""",연예,3,2019,06,29,13:30,14,12,0,2,0,0,0,0,0,0,0,https://news.naver.com/main/read.nhn?mode=LSD&mid=sec&sid1=106&oid=241&aid=0002931169,1
이하이,"이하이, '누구 없소' 활동 돌입 에피소드 '하24이' 4화 공개",연예,3,2019,06,27,13:37,1,1,0,0,0,0,0,0,0,0,0,https://news.naver.com/main/read.nhn?mode=LSD&mid=sec&sid1=106&oid=011&aid=0003577020,1
이하이,"이하이, '누구 없소' 안무 연습 비하인드 전격 공개",연예,3,2019,06,25,24:10,6,6,0,0,0,0,0,0,0,0,0,https://news.naver.com/main/read.nhn?mode=LSD&mid=sec&sid1=106&oid=076&aid=0003433388,1
이하이,"'하24이' 이하이 ""마지막회 아쉬워...다음 앨범 때 돌아올 것""",연예,3,2019,06,29,15:20,11,11,0,0,0,0,0,0,0,0,0,https://news.naver.com/main/read.nhn?mode=LSD&mid=sec&sid1=106&oid=312&aid=0000395832,1
이하이,"이하이, '하24이' 마지막회 공개 ""너무 아쉬워요""",연예,3,2019,06,29,24:14,3,3,0,0,0,0,0,0,0,0,0,https://news.naver.com/main/read.nhn?mode=LSD&mid=sec&sid1=106&oid=213&aid=0001115231,1
이하이,"이하이, ‘하24이’ 마지막회서 아쉬움 드러내 “다음 앨범 때 돌아올게요”",연예,3,2019,06,29,16:25,28,25,0,3,0,0,0,0,0,0,0,https://news.naver.com/main/read.nhn?mode=LSD&mid=sec&sid1=106&oid=408&aid=0000074723,1
이하이,"이하이, 라이브 스테이지 비하인드 공개 ""다음 앨범 때 돌아올게요""",연예,3,2019,06,29,24:08,1,1,0,0,0,0,0,0,0,0,0,https://news.naver.com/main/read.nhn?mode=LSD&mid=sec&sid1=106&oid=112&aid=0003182056,1
이하이,"이하이, '누구 없소' 활동 돌입 에피소드…'하24이' 4화 공개",연예,3,2019,06,27,24:53,1,1,0,0,0,0,0,0,0,0,0,https://news.naver.com/main/read.nhn?mode=LSD&mid=sec&sid1=106&oid=015&aid=0004166447,1
이하이,"이하이, ‘누구 없소’ 활동 돌입 에피소드 ‘하24이’ 4화 공개",연예,3,2019,06,27,14:46,1,1,0,0,0,0,0,0,0,0,0,https://news.naver.com/main/read.nhn?mode=LSD&mid=sec&sid1=106&oid=215&aid=0000787499,1
이하이,"이하이, 활동 에피소드 총망라 '차트 1위→첫방→팬사인회'",연예,3,2019,06,27,14:01,4,4,0,0,0,0,0,0,0,0,0,https://news.naver.com/main/read.nhn?mode=LSD&mid=sec&sid1=106&oid=241&aid=0002930244,1
이하이,"이하이 ‘누구 없소’ 활동 에피소드 “1위 하다니, 가슴 떨려”",연예,3,2019,06,27,16:07,8,7,0,1,0,0,0,0,0,0,0,https://news.naver.com/main/read.nhn?mode=LSD&mid=sec&sid1=106&oid=382&aid=0000742185,1
이하이,"이하이, '누구 없소' 안무 연습 비하인드 전격 공개",연예,3,2019,06,25,24:27,9,9,0,0,0,0,0,0,0,0,0,https://news.naver.com/main/read.nhn?mode=LSD&mid=sec&sid1=106&oid=404&aid=0000246856,1
이하이,"""안 되면 될 때까지"" 이하이, 완벽 안무 향한 열정",연예,3,2019,06,25,14:44,4,4,0,0,0,0,0,0,0,0,0,https://news.naver.com/main/read.nhn?mode=LSD&mid=sec&sid1=106&oid=311&aid=0001009455,1
이하이,"YG, 이하이 '누구 없소' 안무 연습 영상 공개",연예,3,2019,06,25,24:13,5,5,0,0,0,0,0,0,0,0,0,https://news.naver.com/main/read.nhn?mode=LSD&mid=sec&sid1=106&oid=312&aid=0000394963,1
이하이,"이하이, ‘누구 없소’ 안무 연습 비하인드 공개…완벽 안무 향한 열정",연예,3,2019,06,25,14:40,1,1,0,0,0,0,0,0,0,0,0,https://news.naver.com/main/read.nhn?mode=LSD&mid=sec&sid1=106&oid=215&aid=0000786502,1
이하이,"이하이-휘성-카더가든, 8월 '2019 썸머홀릭' 참여",연예,4,2019,07,03,15:45,7,7,0,0,0,0,0,0,0,0,0,https://news.naver.com/main/read.nhn?mode=LSD&mid=sec&sid1=106&oid=468&aid=0000529060,1
이하이,"이하이, 휘성, 카더가든과 함께 ‘2019 썸머홀릭’ 참여",연예,4,2019,07,04,6:52,18,18,0,0,0,0,0,0,0,0,0,https://news.naver.com/main/read.nhn?mode=LSD&mid=sec&sid1=106&oid=144&aid=0000619180,1
이하이,"이하이·은지원, 비아이 사태 직격타",연예,4,2019,07,01,6:58,26,9,0,17,0,0,0,0,0,0,0,https://news.naver.com/main/read.nhn?mode=LSD&mid=sec&sid1=106&oid=382&aid=0000742798,1
이하이,"롯데콘서트홀에서 듣는 이하이, 휘성, 카더가든",생활,4,2019,07,03,10:52,8,8,0,0,0,0,0,0,0,0,0,https://news.naver.com/main/read.nhn?mode=LSD&mid=sec&sid1=103&oid=014&aid=0004255230,1
이하이,"이하이, 휘성·카더가든과 함께 2019 썸머홀릭 참여",연예,4,2019,07,03,15:05,11,11,0,0,0,0,0,0,0,0,0,https://news.naver.com/main/read.nhn?mode=LSD&mid=sec&sid1=106&oid=018&aid=0004417927,1
이하이,"이하이·카더가든·휘성, `2019 썸머홀릭`서 뭉쳤다",연예,4,2019,07,03,15:15,11,11,0,0,0,0,0,0,0,0,0,https://news.naver.com/main/read.nhn?mode=LSD&mid=sec&sid1=106&oid=009&aid=0004385183,1
이하이,"이하이·카더가든·휘성, '2019 썸머 홀릭' 출연",연예,4,2019,07,03,10:15,15,15,0,0,0,0,0,0,0,0,0,https://news.naver.com/main/read.nhn?mode=LSD&mid=sec&sid1=106&oid=312&aid=0000396413,1
이하이,"[사진]이하이, '매력적인 눈빛'",연예,5,2019,07,11,20:15,1,1,0,0,0,0,0,0,0,0,0,https://news.naver.com/main/read.nhn?mode=LSD&mid=sec&sid1=106&oid=109&aid=0004047988,1
이하이,"[사진]이하이, '바람에 흩날리는 머릿결'",연예,5,2019,07,11,20:31,6,6,0,0,0,0,0,0,0,0,0,https://news.naver.com/main/read.nhn?mode=LSD&mid=sec&sid1=106&oid=109&aid=0004048012,1
이하이,위너X이하이 ‘광주세계수영선수권대회’ 전야제 출격,연예,5,2019,07,10,14:13,253,253,0,0,0,0,0,0,0,0,0,https://news.naver.com/main/read.nhn?mode=LSD&mid=sec&sid1=106&oid=609&aid=0000137125,1
이하이,"'2019 썸머 홀릭', 휘성X이하이X카더가든 출연…8일 티켓 오픈",연예,5,2019,07,08,15:13,9,9,0,0,0,0,0,0,0,0,0,https://news.naver.com/main/read.nhn?mode=LSD&mid=sec&sid1=106&oid=421&aid=0004081588,1
이하이,[광주세계수영]'평화의 물결 속으로' 전야제서 대회 성공 염원,사회,5,2019,07,11,19:54,5,2,1,0,2,0,0,0,0,0,0,https://news.naver.com/main/read.nhn?mode=LSD&mid=sec&sid1=102&oid=003&aid=0009338323,1
이하이,[광주세계수영] 5·18민주광장서 전야제…열기 고조,생활,5,2019,07,11,19:00,1,0,0,0,1,0,0,0,0,0,0,https://news.naver.com/main/read.nhn?mode=LSD&mid=sec&sid1=103&oid=001&aid=0010946907,1
이하이,[광주세계수영]K-POP의 향연 '5·18 금남로 전야제',사회,5,2019,07,11,6:03,3,2,0,0,1,0,0,0,0,0,0,https://news.naver.com/main/read.nhn?mode=LSD&mid=sec&sid1=102&oid=003&aid=0009336239,1
이하이,"[사진]이하이, '무대 위 빛나며'",연예,5,2019,07,11,20:28,2,2,0,0,0,0,0,0,0,0,0,https://news.naver.com/main/read.nhn?mode=LSD&mid=sec&sid1=106&oid=109&aid=0004048009,1
이하이,"[사진]이하이, '레드와 블랙'",연예,5,2019,07,11,20:27,4,4,0,0,0,0,0,0,0,0,0,https://news.naver.com/main/read.nhn?mode=LSD&mid=sec&sid1=106&oid=109&aid=0004048007,1
이하이,"[사진]이하이, '무대 즐겨요'",연예,5,2019,07,11,20:20,9,9,0,0,0,0,0,0,0,0,0,https://news.naver.com/main/read.nhn?mode=LSD&mid=sec&sid1=106&oid=109&aid=0004047998,1
이하이,"[사진]이하이, '청량감 넘치는 미소'",연예,5,2019,07,11,20:22,3,3,0,0,0,0,0,0,0,0,0,https://news.naver.com/main/read.nhn?mode=LSD&mid=sec&sid1=106&oid=109&aid=0004048000,1
이하이,"광주세계수영대회, 11일 전야제로 본격 레이스 돌입",사회,5,2019,07,10,16:17,1,0,0,0,1,0,0,0,0,0,0,https://news.naver.com/main/read.nhn?mode=LSD&mid=sec&sid1=102&oid=023&aid=0003459846,1
이하이,[광주세계수영] '물·빛·흥 어우러진 세계 속 광주로',스포츠,5,2019,07,10,14:41,1,0,0,0,1,0,0,0,0,0,0,http://sports.news.naver.com/general/news/read.nhn?oid=001&aid=0010943671,1
이하이,2019광주세계수영선수권대회 11일 전야제,스포츠,5,2019,07,10,17:49,1,0,0,0,1,0,0,0,0,0,0,http://sports.news.naver.com/general/news/read.nhn?oid=310&aid=0000073715,1
이하이,"이하이, '2019 썸머 홀릭' 첫 주자 ""풍성한 세트리스트""",연예,6,2019,07,20,17:21,20,20,0,0,0,0,0,0,0,0,0,https://news.naver.com/main/read.nhn?mode=LSD&mid=sec&sid1=106&oid=241&aid=0002939872,1
이하이,"""'걱정말아요 그대'는 신기한 곡, 나도 부르다 울컥한다""",생활,6,2019,07,18,8:23,62,45,0,1,13,3,0,0,0,0,0,https://news.naver.com/main/read.nhn?mode=LSD&mid=sec&sid1=103&oid=047&aid=0002233916,1
이하이,[K-POP] `양현석 왕국` YG 어쩌다 벼랑 끝에 몰렸나,연예,6,2019,07,19,17:33,9,8,0,1,0,0,0,0,0,0,0,https://news.naver.com/main/read.nhn?mode=LSD&mid=sec&sid1=106&oid=009&aid=0004395352,1
이하이,"달샤벳 출신 수빈, 10인조 밴드 '달수빈 밴드'로 이미지 변신",연예,6,2019,07,15,14:15,19,19,0,0,0,0,0,0,0,0,0,https://news.naver.com/main/read.nhn?mode=LSD&mid=sec&sid1=106&oid=112&aid=0003188477,1
이하이,"스누퍼 상일, '복면가왕'서 눈물 ""슬럼프 겪어..성장 기회될 것""",연예,6,2019,07,15,10:25,26,26,0,0,0,0,0,0,0,0,0,https://news.naver.com/main/read.nhn?mode=LSD&mid=sec&sid1=106&oid=052&aid=0001318837,1
이하이,'복면가왕' 고막남친은 스누퍼 메인보컬 ‘상일’,연예,6,2019,07,14,22:51,8,8,0,0,0,0,0,0,0,0,0,https://news.naver.com/main/read.nhn?mode=LSD&mid=sec&sid1=106&oid=015&aid=0004175625,1
이하이,'복면가왕' 고막남친 정체는 스누퍼 상일…꿀보이스 2R 진출,연예,6,2019,07,14,17:49,10,10,0,0,0,0,0,0,0,0,0,https://news.naver.com/main/read.nhn?mode=LSD&mid=sec&sid1=106&oid=421&aid=0004092764,1
이하이,'복면가왕' izi 오진성·상일·허일후·김보연…반전의 연속[종합],연예,6,2019,07,14,18:48,36,34,0,2,0,0,0,0,0,0,0,https://news.naver.com/main/read.nhn?mode=LSD&mid=sec&sid1=106&oid=076&aid=0003441896,1
이하이,"이하이, '2019 썸머 홀릭' 8월 9일 개최 ""'누구 없소' 특별 무대""",연예,6,2019,07,20,10:33,13,11,0,2,0,0,0,0,0,0,0,https://news.naver.com/main/read.nhn?mode=LSD&mid=sec&sid1=106&oid=076&aid=0003444549,1
이하이,"이하이, '2019 썸머 홀릭' 콘서트 첫 주자.. 8월 9일 개최",연예,6,2019,07,20,13:22,23,23,0,0,0,0,0,0,0,0,0,https://news.naver.com/main/read.nhn?mode=LSD&mid=sec&sid1=106&oid=408&aid=0000075676,1
이하이,"이하이, ‘2019 썸머 홀릭’ 콘서트 첫 주자…8월 9일 개최",연예,6,2019,07,20,15:56,6,6,0,0,0,0,0,0,0,0,0,https://news.naver.com/main/read.nhn?mode=LSD&mid=sec&sid1=106&oid=382&aid=0000748216,1
이하이,"이하이, '2019 썸머 홀릭' 콘서트 첫 주자...전곡 라이브 세션",연예,6,2019,07,20,13:45,17,17,0,0,0,0,0,0,0,0,0,https://news.naver.com/main/read.nhn?mode=LSD&mid=sec&sid1=106&oid=312&aid=0000399763,1
이하이,"스누퍼 상일 '복면가왕'서 눈물 ""간절했던 무대…감사합니다""",연예,6,2019,07,15,9:39,46,45,0,1,0,0,0,0,0,0,0,https://news.naver.com/main/read.nhn?mode=LSD&mid=sec&sid1=106&oid=468&aid=0000534457,1
이하이,'복면가왕' 고막남친은 스누퍼 메인보컬 ‘상일’,연예,6,2019,07,15,6:26,3,3,0,0,0,0,0,0,0,0,0,https://news.naver.com/main/read.nhn?mode=LSD&mid=sec&sid1=106&oid=011&aid=0003586083,1
이하이,"'복면가왕' 스누퍼 상일 ""설레고 재밌었다…성장한 계기""",연예,6,2019,07,15,9:38,8,8,0,0,0,0,0,0,0,0,0,https://news.naver.com/main/read.nhn?mode=LSD&mid=sec&sid1=106&oid=421&aid=0004093176,1
이하이,"'복면가왕' 스누퍼 상일 ""간절했던 무대, 감사하다"" 눈물의 소감",연예,6,2019,07,15,9:55,6,6,0,0,0,0,0,0,0,0,0,https://news.naver.com/main/read.nhn?mode=LSD&mid=sec&sid1=106&oid=076&aid=0003442122,1
이하이,"'복면가왕', 고막남친은 스누퍼 상일...탈락 후 눈물",연예,6,2019,07,14,18:38,9,8,0,1,0,0,0,0,0,0,0,https://news.naver.com/main/read.nhn?mode=LSD&mid=sec&sid1=106&oid=312&aid=0000398586,1
이하이,"`복면가왕` 고막남친=스누퍼 상일, ""절실한 무대"" 눈물",연예,6,2019,07,14,18:01,14,11,0,3,0,0,0,0,0,0,0,https://news.naver.com/main/read.nhn?mode=LSD&mid=sec&sid1=106&oid=009&aid=0004391581,1
이하이,"'복면가왕' 고막남친=스누퍼 상일…""韓 인지도 부족해 슬럼프"" 눈물",연예,6,2019,07,14,18:19,10,9,0,1,0,0,0,0,0,0,0,https://news.naver.com/main/read.nhn?mode=LSD&mid=sec&sid1=106&oid=076&aid=0003441878,1
이하이,"'복면가왕' 고막남친은 스누퍼 상일..""韓서 사랑 받고파"" 눈물",연예,6,2019,07,14,18:30,5,4,0,1,0,0,0,0,0,0,0,https://news.naver.com/main/read.nhn?mode=LSD&mid=sec&sid1=106&oid=108&aid=0002796930,1
이하이,고막남친 정체는 스누퍼 상일 “절실한 무대”…꿀보이스 2R 진출(복면가왕),연예,6,2019,07,14,17:58,4,4,0,0,0,0,0,0,0,0,0,https://news.naver.com/main/read.nhn?mode=LSD&mid=sec&sid1=106&oid=410&aid=0000604920,1
이하이,'복면가왕' 고막남친=스누퍼 상일…꿀보이스 2R 진출,연예,6,2019,07,14,17:48,17,17,0,0,0,0,0,0,0,0,0,https://news.naver.com/main/read.nhn?mode=LSD&mid=sec&sid1=106&oid=241&aid=0002937127,1
이하이,"‘복면가왕’ 고막남친=스누퍼 상일, 꿀보이스 2라운드 진출",연예,6,2019,07,14,17:49,3,3,0,0,0,0,0,0,0,0,0,https://news.naver.com/main/read.nhn?mode=LSD&mid=sec&sid1=106&oid=382&aid=0000746362,1
이하이,"'복면가왕' izi오진성·스누퍼 상일·허일후·김보연, 가면속 반전 [★밤TView]",연예,6,2019,07,14,19:28,2,2,0,0,0,0,0,0,0,0,0,https://news.naver.com/main/read.nhn?mode=LSD&mid=sec&sid1=106&oid=108&aid=0002796939,1
이하이,"‘복면가왕’ 김보연·오진성·상일·허일후 탈락, 가왕후보 지니는 규현?(종합)",연예,6,2019,07,14,18:35,5,5,0,0,0,0,0,0,0,0,0,https://news.naver.com/main/read.nhn?mode=LSD&mid=sec&sid1=106&oid=609&aid=0000139329,1
이하이,"오진성·상일·허일후·김보연, '복면가왕' 들었다 놨다[종합]",연예,6,2019,07,14,18:34,14,14,0,0,0,0,0,0,0,0,0,https://news.naver.com/main/read.nhn?mode=LSD&mid=sec&sid1=106&oid=241&aid=0002937145,1
이하이,한여름밤 도심 속 콘캉스 ‘2019 썸머 홀릭’ 개최… 휘성&카더가든&이하이 출연,연예,7,2019,07,26,13:59,8,8,0,0,0,0,0,0,0,0,0,https://news.naver.com/main/read.nhn?mode=LSD&mid=sec&sid1=106&oid=215&aid=0000797868,1
이하이,"이하이, 일상도 화보 처럼[똑똑SNS]",연예,7,2019,07,23,7:55,3,3,0,0,0,0,0,0,0,0,0,https://news.naver.com/main/read.nhn?mode=LSD&mid=sec&sid1=106&oid=410&aid=0000607680,1
이하이,"""스웨그 가득한 일상""…이하이, 편의점서도 강렬한 비주얼",연예,7,2019,07,22,21:55,11,11,0,0,0,0,0,0,0,0,0,https://news.naver.com/main/read.nhn?mode=LSD&mid=sec&sid1=106&oid=112&aid=0003191346,1
이하이,"'YG의 행방불명', 음원 차트서 사라진 '음원깡패들'[SS뮤직]",연예,7,2019,07,26,6:00,10,4,0,6,0,0,0,0,0,0,0,https://news.naver.com/main/read.nhn?mode=LSD&mid=sec&sid1=106&oid=468&aid=0000539941,1
이하이,"이하이, '2019 썸머 홀릭' 콘서트 첫 주자, 8월 9일 개최",연예,7,2019,07,21,6:15,1,1,0,0,0,0,0,0,0,0,0,https://news.naver.com/main/read.nhn?mode=LSD&mid=sec&sid1=106&oid=011&aid=0003589659,1
이하이,'2019 썸머 홀릭' 한 여름밤 도심 속 콘캉스..휘성·카더가든·이하이 출연,연예,7,2019,07,27,9:37,4,4,0,0,0,0,0,0,0,0,0,https://news.naver.com/main/read.nhn?mode=LSD&mid=sec&sid1=106&oid=011&aid=0003593723,1
이하이,"""바닥에, 과자 다 흘렸소""…이하이, 편의점서 뱅헤어 독특 패션 근황 공개",연예,7,2019,07,23,8:01,5,5,0,0,0,0,0,0,0,0,0,https://news.naver.com/main/read.nhn?mode=LSD&mid=sec&sid1=106&oid=117&aid=0003249931,1
이하이,"이하이, 편의점서 얼룩말 패션",연예,7,2019,07,23,14:05,7,7,0,0,0,0,0,0,0,0,0,https://news.naver.com/main/read.nhn?mode=LSD&mid=sec&sid1=106&oid=417&aid=0000431474,1
이하이,"‘복면가왕’ 로시, ‘음색+실력’으로 입증한 꿀보이스",연예,7,2019,07,22,10:03,17,17,0,0,0,0,0,0,0,0,0,https://news.naver.com/main/read.nhn?mode=LSD&mid=sec&sid1=106&oid=215&aid=0000795845,1
이하이,"'복면가왕' 로시, '음색+실력'으로 입증한 '꿀보이스'",연예,7,2019,07,22,13:05,12,12,0,0,0,0,0,0,0,0,0,https://news.naver.com/main/read.nhn?mode=LSD&mid=sec&sid1=106&oid=011&aid=0003590293,1
이하이,"‘복면가왕’ 로시, ‘음색+실력’으로 입증한 ‘꿀보이스’",연예,7,2019,07,22,11:55,2,2,0,0,0,0,0,0,0,0,0,https://news.naver.com/main/read.nhn?mode=LSD&mid=sec&sid1=106&oid=005&aid=0001220783,1
이하이,"[ENT터뷰] 김민석 모래공장 아카데미 원장, ""발전 거듭할 K팝한류, 핵심은 음악역량""",생활,8,2019,07,31,19:37,11,8,1,0,2,0,0,0,0,0,0,https://news.naver.com/main/read.nhn?mode=LSD&mid=sec&sid1=103&oid=030&aid=0002833476,1
이하이,"연계소문｜잘 나가는 빅히트·JYP, 주춤하는 SM·YG … 희비 엇갈린 공룡엔터들",생활,8,2019,08,03,8:38,128,82,19,1,16,10,0,0,0,0,0,https://news.naver.com/main/read.nhn?mode=LSD&mid=sec&sid1=103&oid=015&aid=0004186385,1
이하이,"신지수, 퇴근 없는 육아에도 미소 ""오늘도 짱 바빴음""",연예,8,2019,08,02,6:40,8,8,0,0,0,0,0,0,0,0,0,https://news.naver.com/main/read.nhn?mode=LSD&mid=sec&sid1=106&oid=112&aid=0003195337,1
이하이,"뮤지코인, 거미·모모랜드·비투비 등 8월 옥션 라인업 공개",경제,8,2019,08,01,16:57,25,22,3,0,0,0,0,0,0,0,0,https://news.naver.com/main/read.nhn?mode=LSD&mid=sec&sid1=101&oid=008&aid=0004257647,1
이하이,"[전효진의 사심픽③] 오마이걸, 집약된 요정美…2019 상반기 히든송15",연예,8,2019,07,31,9:55,26,26,0,0,0,0,0,0,0,0,0,https://news.naver.com/main/read.nhn?mode=LSD&mid=sec&sid1=106&oid=382&aid=0000750744,1
이하이,"신지수, 육아 일상 ""가을학기 문센 4개 등록 ..더 바쁠 예정""",연예,8,2019,07,30,7:18,1,1,0,0,0,0,0,0,0,0,0,https://news.naver.com/main/read.nhn?mode=LSD&mid=sec&sid1=106&oid=112&aid=0003194078,1
이하이,"신지수, ""아 놓으라고 엄마!!...요즘 나한테 완전 개...아니 반항한다""",연예,9,2019,08,10,17:32,13,13,0,0,0,0,0,0,0,0,0,https://news.naver.com/main/read.nhn?mode=LSD&mid=sec&sid1=106&oid=117&aid=0003258346,1
이하이,"복면가왕 지니, 가왕 방어전 성공…정체는 규현?",연예,9,2019,08,07,9:17,19,19,0,0,0,0,0,0,0,0,0,https://news.naver.com/main/read.nhn?mode=LSD&mid=sec&sid1=106&oid=008&aid=0004260093,1
이하이,"[종합] `복면가왕` 지니, 故 김종현 작사·작곡 `한숨` 열창... 가왕 방어전 성공",연예,9,2019,08,04,18:44,36,35,0,1,0,0,0,0,0,0,0,https://news.naver.com/main/read.nhn?mode=LSD&mid=sec&sid1=106&oid=009&aid=0004404215,-1
이하이,"눈물의 추모식 ""미안하다 정주야""",사회,9,2019,08,10,18:39,71,4,1,24,41,1,0,0,0,0,0,https://news.naver.com/main/read.nhn?mode=LSD&mid=sec&sid1=102&oid=006&aid=0000098206,1
이하이,"신지수,""옷이 없다고 신경질을 부리신것 같습니다 옷 나보다 백배 많은데""",연예,9,2019,08,06,15:52,23,22,0,1,0,0,0,0,0,0,0,https://news.naver.com/main/read.nhn?mode=LSD&mid=sec&sid1=106&oid=117&aid=0003256146,1
이하이,복면가왕 지니 정체는 규현?… 근거는 '이것',연예,9,2019,08,07,7:55,15,15,0,0,0,0,0,0,0,0,0,https://news.naver.com/main/read.nhn?mode=LSD&mid=sec&sid1=106&oid=417&aid=0000436268,1
이하이,'복면가왕' 지니 2연속 가왕…방탄모래성 정체는 엔씨아(종합),연예,9,2019,08,04,18:39,39,39,0,0,0,0,0,0,0,0,0,https://news.naver.com/main/read.nhn?mode=LSD&mid=sec&sid1=106&oid=421&aid=0004129366,1
이하이,"'복면가왕' 지니, '107대 가왕' 등극…김영우·MJ·현진영·앤씨아 공개 [종합]",연예,9,2019,08,04,18:54,152,151,0,1,0,0,0,0,0,0,0,https://news.naver.com/main/read.nhn?mode=LSD&mid=sec&sid1=106&oid=076&aid=0003450154,1
이하이,"[DA:리뷰] ‘복면가왕’ 지니 2연승 성공, 방탄모래성=앤씨아 (종합)",연예,9,2019,08,04,18:39,58,58,0,0,0,0,0,0,0,0,0,https://news.naver.com/main/read.nhn?mode=LSD&mid=sec&sid1=106&oid=382&aid=0000751671,1
이하이,"'복면가왕' 노래요정 지니, 2연승 성공…방탄모래성 정체는 앤씨아 [종합]",연예,9,2019,08,04,18:53,26,26,0,0,0,0,0,0,0,0,0,https://news.naver.com/main/read.nhn?mode=LSD&mid=sec&sid1=106&oid=117&aid=0003255451,1
이하이,"'2019 렛츠락', 김윤아·이승환·에픽하이·이하이 최종 라인업 공개",연예,10,2019,08,13,9:43,2,2,0,0,0,0,0,0,0,0,0,https://news.naver.com/main/read.nhn?mode=LSD&mid=sec&sid1=106&oid=311&aid=0001031974,1
이하이,에픽하이·이하이·페퍼톤스 ‘2019 렛츠락 페스티벌’ 출연···이승환 등 헤드라이너,연예,10,2019,08,14,21:29,12,12,0,0,0,0,0,0,0,0,0,https://news.naver.com/main/read.nhn?mode=LSD&mid=sec&sid1=106&oid=144&aid=0000626240,1
이하이,"'해투4' 김고은X정해인X김국희X정유진, 네 배우의 '음악앨범' 특집(종합)",연예,10,2019,08,16,12:39,44,44,0,0,0,0,0,0,0,0,0,https://news.naver.com/main/read.nhn?mode=LSD&mid=sec&sid1=106&oid=421&aid=0004147331,1
이하이,"신지수, ""네시 신데렐라에요 네시 이후 밖에서 볼 수 없답니다...""",연예,10,2019,08,17,14:16,2,2,0,0,0,0,0,0,0,0,0,https://news.naver.com/main/read.nhn?mode=LSD&mid=sec&sid1=106&oid=117&aid=0003261191,1
이하이,"[해피투게더4] 정해인, ‘잊어야 한다는 마음으로~♬ 듣기만 해도 감성 충전 라이브 무대!",연예,10,2019,08,16,11:54,92,92,0,0,0,0,0,0,0,0,0,https://news.naver.com/main/read.nhn?mode=LSD&mid=sec&sid1=106&oid=438&aid=0000025510,1
이하이,이승환·김윤아에 잔나비·이하이까지..'2019 렛츠락' 역대급 라인업 [공식],연예,10,2019,08,13,13:43,81,81,0,0,0,0,0,0,0,0,0,https://news.naver.com/main/read.nhn?mode=LSD&mid=sec&sid1=106&oid=109&aid=0004067147,1
이하이,"2019 렛츠락, 김윤아X넬X이승환X에픽하이 헤드라이너 확정",연예,10,2019,08,13,14:23,2,2,0,0,0,0,0,0,0,0,0,https://news.naver.com/main/read.nhn?mode=LSD&mid=sec&sid1=106&oid=468&aid=0000548097,1
이하이,'2019 렛츠락 페스티벌' 김윤아X이승환X에픽하이 등 최총 라인업 공개,연예,10,2019,08,14,8:00,3,3,0,0,0,0,0,0,0,0,0,https://news.naver.com/main/read.nhn?mode=LSD&mid=sec&sid1=106&oid=011&aid=0003602951,1
이하이,"'해투4' 김고은X정해인, 예능도 정복한 멜로 케미",연예,10,2019,08,16,7:27,193,191,0,2,0,0,0,0,0,0,0,https://news.naver.com/main/read.nhn?mode=LSD&mid=sec&sid1=106&oid=241&aid=0002948427,1
이하이,"김고은, 공유보다 정해인? ""제일 환하게 웃었다더라""",연예,10,2019,08,16,8:06,24,24,0,0,0,0,0,0,0,0,0,https://news.naver.com/main/read.nhn?mode=LSD&mid=sec&sid1=106&oid=416&aid=0000247577,1
이하이,"'해투4' 김고은-정해인, 예능 케미 선보이며 화제성↑",연예,10,2019,08,16,7:44,45,43,0,2,0,0,0,0,0,0,0,https://news.naver.com/main/read.nhn?mode=LSD&mid=sec&sid1=106&oid=079&aid=0003259950,1
이하이,"'해투4' 김고은X정해인, 예능도 정복한 역대급 케미",연예,10,2019,08,16,7:25,16,16,0,0,0,0,0,0,0,0,0,https://news.naver.com/main/read.nhn?mode=LSD&mid=sec&sid1=106&oid=215&aid=0000803098,1
이하이,'복면가왕 방탄모래성' 정체는 앤씨아… 감동의 소감 '눈길',연예,10,2019,08,16,8:09,3,3,0,0,0,0,0,0,0,0,0,https://news.naver.com/main/read.nhn?mode=LSD&mid=sec&sid1=106&oid=417&aid=0000439093,1
이하이,"'복면가왕' 노래요정 지니, '3연속 가왕 등극' 순간 최고 시청률 10.4%",연예,11,2019,08,19,11:31,19,19,0,0,0,0,0,0,0,0,0,https://news.naver.com/main/read.nhn?mode=LSD&mid=sec&sid1=106&oid=076&aid=0003456672,1
이하이,[CASE STUDY] (42) 세계 최대 중식 프랜차이즈 ‘하이디라오’ 도제 경영·고객 감동…中 훠궈 시장 평정,경제,11,2019,08,21,14:43,2,1,0,0,0,1,0,0,0,0,0,https://news.naver.com/main/read.nhn?mode=LSD&mid=sec&sid1=101&oid=024&aid=0000063209,1
이하이,"'복면가왕' 김구라, 노래요정 지니 방어전에 ""새 가왕 나온다""",연예,11,2019,08,18,9:02,5,5,0,0,0,0,0,0,0,0,0,https://news.naver.com/main/read.nhn?mode=LSD&mid=sec&sid1=106&oid=241&aid=0002948986,1
이하이,"2019 렛츠락 헤드라이너 김윤아, 넬, 이승환, 에픽하이",연예,11,2019,08,18,24:25,14,14,0,0,0,0,0,0,0,0,0,https://news.naver.com/main/read.nhn?mode=LSD&mid=sec&sid1=106&oid=213&aid=0001125310,1
이하이,"태연, 공식 유튜브 '탱구TV' 구독자 100만 돌파..다양한 국가에서 시청",연예,11,2019,08,22,9:33,8,8,0,0,0,0,0,0,0,0,0,https://news.naver.com/main/read.nhn?mode=LSD&mid=sec&sid1=106&oid=011&aid=0003606855,1
이하이,"[사진]""언니 오빠들 화이팅"" 머니투데이대학가요제 개막공연",경제,11,2019,08,24,19:54,2,2,0,0,0,0,0,0,0,0,0,https://news.naver.com/main/read.nhn?mode=LSD&mid=sec&sid1=101&oid=008&aid=0004267647,1
이하이,"'복면가왕' 노래요정 지니, 3연속 가왕 등극..동시간대 시청률 1위",연예,11,2019,08,19,24:39,5,5,0,0,0,0,0,0,0,0,0,https://news.naver.com/main/read.nhn?mode=LSD&mid=sec&sid1=106&oid=011&aid=0003604947,1
이하이,"'복면가왕' '노래요정 지니', 3연속 가왕 등극 순간 최고 시청률 기록",연예,11,2019,08,19,9:31,35,35,0,0,0,0,0,0,0,0,0,https://news.naver.com/main/read.nhn?mode=LSD&mid=sec&sid1=106&oid=408&aid=0000076873,1
이하이,"'복면가왕' 노래요정 지니, 3연속 가왕 등극 순간 최고 시청률 10.4% 기록",연예,11,2019,08,19,8:21,7,7,0,0,0,0,0,0,0,0,0,https://news.naver.com/main/read.nhn?mode=LSD&mid=sec&sid1=106&oid=112&aid=0003201636,1
이하이,"‘복면가왕’ 지니, 3연속 가왕 등극…정준하→덕인 정체 공개 [M+TV시청률]",연예,11,2019,08,19,8:20,10,10,0,0,0,0,0,0,0,0,0,https://news.naver.com/main/read.nhn?mode=LSD&mid=sec&sid1=106&oid=057&aid=0001375826,1
이하이,MBC 복면가왕 “가왕이 100% 진다” 구라 예언 적중할까?,연예,11,2019,08,18,9:08,3,3,0,0,0,0,0,0,0,0,0,https://news.naver.com/main/read.nhn?mode=LSD&mid=sec&sid1=106&oid=015&aid=0004194032,1
이하이,‘복면가왕’ “가왕이 100% 진다” 복면가왕 ‘촉’ 구라 예언 적중할까?,연예,11,2019,08,18,10:37,7,7,0,0,0,0,0,0,0,0,0,https://news.naver.com/main/read.nhn?mode=LSD&mid=sec&sid1=106&oid=408&aid=0000076834,1
이하이,‘복면가왕’ 김구라 “가왕이 100% 진다” 예언 적중할까[오늘TV],연예,11,2019,08,18,8:17,5,5,0,0,0,0,0,0,0,0,0,https://news.naver.com/main/read.nhn?mode=LSD&mid=sec&sid1=106&oid=609&aid=0000156498,1
이하이,"태연, 클래스가 다르다…영상 27개로 유튜브 구독자 100만 명",연예,11,2019,08,22,9:33,77,77,0,0,0,0,0,0,0,0,0,https://news.naver.com/main/read.nhn?mode=LSD&mid=sec&sid1=106&oid=119&aid=0002347577,1
이하이,"태연, 공식 유튜브 '탱구TV' 구독자 100만 돌파",연예,11,2019,08,22,10:32,19,19,0,0,0,0,0,0,0,0,0,https://news.naver.com/main/read.nhn?mode=LSD&mid=sec&sid1=106&oid=108&aid=0002805522,1
이하이,"'믿듣탱' 태연, 이제 믿고 보는 '탱구TV'까지…유튜브 구독자 100만 돌파",연예,11,2019,08,22,8:40,39,39,0,0,0,0,0,0,0,0,0,https://news.naver.com/main/read.nhn?mode=LSD&mid=sec&sid1=106&oid=015&aid=0004196384,1
이하이,"태연, 공식 유튜브 '탱구TV' 구독자 100만 돌파",연예,11,2019,08,22,8:20,39,39,0,0,0,0,0,0,0,0,0,https://news.naver.com/main/read.nhn?mode=LSD&mid=sec&sid1=106&oid=468&aid=0000551737,1
이하이,"지소울, 9월 4일 현역 만기 전역 '제대 후 열일 예고'",연예,12,2019,08,30,16:08,4,4,0,0,0,0,0,0,0,0,0,https://news.naver.com/main/read.nhn?mode=LSD&mid=sec&sid1=106&oid=117&aid=0003267809,1
이하이,"신지수, 육아 일상 ""강아지는 딸을 제일 좋아해..먹을 걸 계속 주니까""",연예,12,2019,08,31,7:34,3,3,0,0,0,0,0,0,0,0,0,https://news.naver.com/main/read.nhn?mode=LSD&mid=sec&sid1=106&oid=112&aid=0003206884,1
이하이,"'2019 제12회 머니투데이대학가요제' 성료, 혼성4인조밴드 '유다빈밴드' 대상",경제,12,2019,08,26,11:27,6,5,1,0,0,0,0,0,0,0,0,https://news.naver.com/main/read.nhn?mode=LSD&mid=sec&sid1=101&oid=008&aid=0004268144,1
이하이,`청춘아레나2019` 10월 개최...잔나비·산들·이하이 출연[공식],연예,12,2019,08,27,11:13,86,86,0,0,0,0,0,0,0,0,0,https://news.naver.com/main/read.nhn?mode=LSD&mid=sec&sid1=106&oid=009&aid=0004416794,1
이하이,"이하이, 여름 끝물 수영中...'귀염 뽀짝' 근황 공개 [★해시태그]",연예,13,2019,09,04,19:31,6,6,0,0,0,0,0,0,0,0,0,https://news.naver.com/main/read.nhn?mode=LSD&mid=sec&sid1=106&oid=311&aid=0001041866,1
이하이,"신지수, ""그래 불금이라 이거지 한번 놀아보세...내가졌소""",연예,13,2019,09,07,15:05,2,2,0,0,0,0,0,0,0,0,0,https://news.naver.com/main/read.nhn?mode=LSD&mid=sec&sid1=106&oid=117&aid=0003271196,1
이하이,"지소울, 오늘(4일) 만기 전역..21개월 군생활 끝",연예,13,2019,09,04,8:50,2,2,0,0,0,0,0,0,0,0,0,https://news.naver.com/main/read.nhn?mode=LSD&mid=sec&sid1=106&oid=108&aid=0002808119,1
이하이,"'복면가왕' 노래요정 지니, 4연승 성공…최고 시청률 8.5%",연예,13,2019,09,02,8:00,1,1,0,0,0,0,0,0,0,0,0,https://news.naver.com/main/read.nhn?mode=LSD&mid=sec&sid1=106&oid=015&aid=0004202104,1
이하이,악동뮤지션 9월 25일 컴백 예정...'위기의 YG' 구원투수 될까?[SS이슈],연예,13,2019,09,05,8:47,47,45,0,2,0,0,0,0,0,0,0,https://news.naver.com/main/read.nhn?mode=LSD&mid=sec&sid1=106&oid=468&aid=0000558471,1
이하이,"‘복면가왕’ ‘노래요정 지니’, 이번엔 워너원이다! 반전의 ‘에너제틱’ 선곡",연예,13,2019,09,01,9:43,21,21,0,0,0,0,0,0,0,0,0,https://news.naver.com/main/read.nhn?mode=LSD&mid=sec&sid1=106&oid=408&aid=0000077407,1
이하이,"신지수, 고된 육아 근황..얼굴살이 쏙 빠졌네",연예,13,2019,09,04,6:27,4,4,0,0,0,0,0,0,0,0,0,https://news.naver.com/main/read.nhn?mode=LSD&mid=sec&sid1=106&oid=112&aid=0003208233,1
이하이,YG 양현석 전 대표의 주식·명예 그리고 YG 흥행 파워 모두 '반토막'[SS이슈],연예,13,2019,09,02,6:00,12,8,0,4,0,0,0,0,0,0,0,https://news.naver.com/main/read.nhn?mode=LSD&mid=sec&sid1=106&oid=468&aid=0000556751,1
이하이,"이하이, 늦여름의 물놀이 근황...""수영모 쓰고 귀여운 물개로 변신""",연예,13,2019,09,04,8:46,8,8,0,0,0,0,0,0,0,0,0,https://news.naver.com/main/read.nhn?mode=LSD&mid=sec&sid1=106&oid=112&aid=0003208296,1
이하이,"이하이, 다이어트 비결은 수영? 물놀이 인증샷 공개[SNS★컷]",연예,13,2019,09,04,9:22,1,1,0,0,0,0,0,0,0,0,0,https://news.naver.com/main/read.nhn?mode=LSD&mid=sec&sid1=106&oid=609&aid=0000165537,1
이하이,"지소울, 오늘(4일) 육군 현역 만기 전역…활발한 활동 기대해",연예,13,2019,09,04,9:48,5,4,0,1,0,0,0,0,0,0,0,https://news.naver.com/main/read.nhn?mode=LSD&mid=sec&sid1=106&oid=469&aid=0000419347,1
이하이,"[POP이슈]지소울, 오늘(4일) 현역 만기전역‥제대 직후부터 열일 예고",연예,13,2019,09,04,6:46,6,6,0,0,0,0,0,0,0,0,0,https://news.naver.com/main/read.nhn?mode=LSD&mid=sec&sid1=106&oid=112&aid=0003208238,1
이하이,"'복면가왕' 4연승에 성공한 가왕 '지니', 동시간대 시청률 1위",연예,13,2019,09,02,7:53,2,2,0,0,0,0,0,0,0,0,0,https://news.naver.com/main/read.nhn?mode=LSD&mid=sec&sid1=106&oid=011&aid=0003612179,1
이하이,"'복면가왕' 지니, 권인하 위협에도 방어전 성공…동시간대 1위",연예,13,2019,09,02,8:24,7,7,0,0,0,0,0,0,0,0,0,https://news.naver.com/main/read.nhn?mode=LSD&mid=sec&sid1=106&oid=312&aid=0000407432,1
이하이,"'복면가왕' 지니, 4연승 성공…진미령·유상무·백아연·권인하 정체 공개",연예,13,2019,09,02,7:51,7,7,0,0,0,0,0,0,0,0,0,https://news.naver.com/main/read.nhn?mode=LSD&mid=sec&sid1=106&oid=076&aid=0003463269,1
이하이,"'복면가왕' 지니, '에너제틱'으로 4연승! 진미령-유상무-백아연-권인하 등장",연예,13,2019,09,02,9:42,11,11,0,0,0,0,0,0,0,0,0,https://news.naver.com/main/read.nhn?mode=LSD&mid=sec&sid1=106&oid=408&aid=0000077443,1
이하이,"""이번엔 워너원""..'복면가왕' 가왕 지니, '에너제틱'으로 4연승 도전",연예,13,2019,09,01,8:48,44,44,0,0,0,0,0,0,0,0,0,https://news.naver.com/main/read.nhn?mode=LSD&mid=sec&sid1=106&oid=112&aid=0003207107,1
이하이,"'복면가왕' 노래요정 지니, 워너원 '에너제틱' 반전 선곡 통할까 [Oh!쎈 컷]",연예,13,2019,09,01,8:58,6,6,0,0,0,0,0,0,0,0,0,https://news.naver.com/main/read.nhn?mode=LSD&mid=sec&sid1=106&oid=109&aid=0004078421,1
이하이,"'복면가왕' 가왕 ‘노래요정 지니’, 반전의 ‘에너제틱’ 선곡",연예,13,2019,09,01,8:18,10,10,0,0,0,0,0,0,0,0,0,https://news.naver.com/main/read.nhn?mode=LSD&mid=sec&sid1=106&oid=015&aid=0004201753,1
이하이,"신지수, 더욱 마른 근황‥육아 고충 때문인가[SNS★컷]",연예,13,2019,09,04,8:58,2,1,0,1,0,0,0,0,0,0,0,https://news.naver.com/main/read.nhn?mode=LSD&mid=sec&sid1=106&oid=609&aid=0000165517,1
이하이,"이하이, 똑단발에 민낯..가을을 맞이하는 자세",연예,14,2019,09,10,11:48,9,9,0,0,0,0,0,0,0,0,0,https://news.naver.com/main/read.nhn?mode=LSD&mid=sec&sid1=106&oid=112&aid=0003210686,1
이하이,"신지수, ""목살 덮밥 이 아니고 밥이 죽이 되어서 목살 리조또가 됨""",연예,14,2019,09,08,11:15,2,1,0,1,0,0,0,0,0,0,0,https://news.naver.com/main/read.nhn?mode=LSD&mid=sec&sid1=106&oid=117&aid=0003271322,1
이하이,"‘민낯 여신’ 이하이, 가을맞이도 사랑스럽게 “여름아 잘가”[SNS★컷]",연예,14,2019,09,10,13:41,7,7,0,0,0,0,0,0,0,0,0,https://news.naver.com/main/read.nhn?mode=LSD&mid=sec&sid1=106&oid=609&aid=0000169077,1
이하이,"'청춘아레나 2019', 일정·장소·라인업은?",생활,14,2019,09,08,19:31,1,1,0,0,0,0,0,0,0,0,0,https://news.naver.com/main/read.nhn?mode=LSD&mid=sec&sid1=103&oid=015&aid=0004206063,1
이하이,‘청춘아레나2019’ 아티스트 총출동..‘티켓비도 합리적’ 언제?,연예,14,2019,09,08,16:16,58,58,0,0,0,0,0,0,0,0,0,https://news.naver.com/main/read.nhn?mode=LSD&mid=sec&sid1=106&oid=081&aid=0003027411,1
이하이,"신지수,""장난감 업그레이드 상당히 했는데 장바구니에 아직 백만원어치 남음""",연예,15,2019,09,21,14:37,2,2,0,0,0,0,0,0,0,0,0,https://news.naver.com/main/read.nhn?mode=LSD&mid=sec&sid1=106&oid=117&aid=0003276549,1
이하이,"신지수, ""가을이네 했다가 햇빛 넘 뜨거워서 정수리에서 불날뻔...""",연예,15,2019,09,17,16:53,3,3,0,0,0,0,0,0,0,0,0,https://news.naver.com/main/read.nhn?mode=LSD&mid=sec&sid1=106&oid=117&aid=0003274649,1
이하이,"'컴백' 악동뮤지션, YG 구원투수 될까[★FOCUS]",연예,15,2019,09,21,6:00,65,65,0,0,0,0,0,0,0,0,0,https://news.naver.com/main/read.nhn?mode=LSD&mid=sec&sid1=106&oid=108&aid=0002811646,1
이하이,"신지수, 딸 놀이터 자택 공개 ""아직 장바구니에 100만원어치 남음""",연예,15,2019,09,21,7:39,9,7,0,2,0,0,0,0,0,0,0,https://news.naver.com/main/read.nhn?mode=LSD&mid=sec&sid1=106&oid=112&aid=0003214350,1
이하이,"신지수, 딸 위한 장난감 구매 “아직 백만 원어치 남음”[SNS★컷]",연예,15,2019,09,21,24:14,4,3,0,1,0,0,0,0,0,0,0,https://news.naver.com/main/read.nhn?mode=LSD&mid=sec&sid1=106&oid=609&aid=0000174539,1
이하이,"이하이, 악동뮤지션 컴백 응원 “이 시대에 태어나줘서 고마워” [똑똑SNS]",연예,16,2019,09,26,9:02,2,2,0,0,0,0,0,0,0,0,0,https://news.naver.com/main/read.nhn?mode=LSD&mid=sec&sid1=106&oid=410&aid=0000627106,1
이하이,"""같은 시대 태어나줘서 고마워""…이하이, 악동뮤지션 컴백 응원 [★SHOT!]",연예,16,2019,09,25,21:04,59,59,0,0,0,0,0,0,0,0,0,https://news.naver.com/main/read.nhn?mode=LSD&mid=sec&sid1=106&oid=109&aid=0004090688,1
이하이,"""오마이걸 1위""…'퀸덤' 2차 경연 순위 공개→유닛 대결 돌입 [종합]",연예,16,2019,09,26,22:52,408,404,0,4,0,0,0,0,0,0,0,https://news.naver.com/main/read.nhn?mode=LSD&mid=sec&sid1=106&oid=311&aid=0001051421,1
이하이,"'퀸덤' 화사xKei,박봄x효정, 혜정x민니, '보컬 유닛' 파트너 선정 완료[종합]",연예,16,2019,09,26,23:00,10,10,0,0,0,0,0,0,0,0,0,https://news.naver.com/main/read.nhn?mode=LSD&mid=sec&sid1=106&oid=109&aid=0004091450,1
이하이,"[RE:TV] '퀸덤' 화사, 듀엣 파트너로 인기 폭발…케이 최종 선택",연예,16,2019,09,27,6:30,144,141,0,3,0,0,0,0,0,0,0,https://news.naver.com/main/read.nhn?mode=LSD&mid=sec&sid1=106&oid=421&aid=0004218216,1
이하이,"'퀸덤' 보컬 유닛, 화사 쟁탈전→승자는 러블리즈 케이 [어저께TV]",연예,16,2019,09,27,6:52,13,13,0,0,0,0,0,0,0,0,0,https://news.naver.com/main/read.nhn?mode=LSD&mid=sec&sid1=106&oid=109&aid=0004091493,1
이하이,"[주목!e해외주식]이하이국제, 훠궈조미료 고성장…중장기 매력",경제,17,2019,10,05,24:11,1,1,0,0,0,0,0,0,0,0,0,https://news.naver.com/main/read.nhn?mode=LSD&mid=sec&sid1=101&oid=018&aid=0004483609,1
이하이,"[단독] 잔나비x이하이 '청춘아레나 2019', 아프리카돼지열병(ASF)으로 결국 취소",연예,17,2019,10,03,10:58,59,7,0,52,0,0,0,0,0,0,0,https://news.naver.com/main/read.nhn?mode=LSD&mid=sec&sid1=106&oid=109&aid=0004094898,1
이하이,"'수요일은 음악프로' 존박, ""악뮤·이하이·이소라, 게스트 초대하고파""",연예,17,2019,10,02,24:33,6,6,0,0,0,0,0,0,0,0,0,https://news.naver.com/main/read.nhn?mode=LSD&mid=sec&sid1=106&oid=404&aid=0000253604,1
이하이,"이하이 이어 악뮤…'K팝 스타' 출신, 추락 YG에 희망",연예,17,2019,09,29,6:00,14,14,0,0,0,0,0,0,0,0,0,https://news.naver.com/main/read.nhn?mode=LSD&mid=sec&sid1=106&oid=018&aid=0004478708,1
이하이,"'퀸덤' 혜정x민니, 중간 점검 1위…딘 '인스타그램' 선곡(종합)",연예,17,2019,10,03,22:56,12,12,0,0,0,0,0,0,0,0,0,https://news.naver.com/main/read.nhn?mode=LSD&mid=sec&sid1=106&oid=421&aid=0004230478,1
이하이,"'수요일은 음악프로' 전현무, RM에 러브콜 ""다 맞춰줄게""",연예,17,2019,10,02,24:11,51,51,0,0,0,0,0,0,0,0,0,https://news.naver.com/main/read.nhn?mode=LSD&mid=sec&sid1=106&oid=108&aid=0002814322,1
이하이,[DA:현장] 예상불가 컨버터블 음악예능…류호진의 ‘수요일은 음악프로’ ft.RM♥ (종합),연예,17,2019,10,02,24:16,80,78,0,2,0,0,0,0,0,0,0,https://news.naver.com/main/read.nhn?mode=LSD&mid=sec&sid1=106&oid=382&aid=0000765704,1
이하이,"[SC현장]""BTS RM·악뮤 러브콜""…전현무→김재환 '수요일은음악프로' 新고막남친 예고(종합)",연예,17,2019,10,02,24:24,42,42,0,0,0,0,0,0,0,0,0,https://news.naver.com/main/read.nhn?mode=LSD&mid=sec&sid1=106&oid=076&aid=0003475951,1
이하이,"[Y리뷰] '퀸덤' 혜정X민니, 중간점검 1위…유니크한 음색 과시",연예,17,2019,10,04,9:27,13,13,0,0,0,0,0,0,0,0,0,https://news.naver.com/main/read.nhn?mode=LSD&mid=sec&sid1=106&oid=052&aid=0001350026,1
이하이,'퀸덤' 보컬 유닛 중간점검…혜정X민니 '1위' [콕TV],연예,17,2019,10,03,23:00,10,10,0,0,0,0,0,0,0,0,0,https://news.naver.com/main/read.nhn?mode=LSD&mid=sec&sid1=106&oid=213&aid=0001133843,1
이하이,'퀸덤' 보컬·퍼포먼스 준비 돌입…맛보기만으로도 설렌다 [종합],연예,17,2019,10,03,22:55,10,10,0,0,0,0,0,0,0,0,0,https://news.naver.com/main/read.nhn?mode=LSD&mid=sec&sid1=106&oid=311&aid=0001054802,1
이하이,"‘수요일은 음악프로’ 전현무, 방탄소년단 RM에 러브콜 “하고 싶은 거 다 해”",연예,17,2019,10,02,24:01,69,69,0,0,0,0,0,0,0,0,0,https://news.naver.com/main/read.nhn?mode=LSD&mid=sec&sid1=106&oid=382&aid=0000765700,1
이하이,"‘수요일은’ 전현무 “방탄소년단 RM 꼭 나와줬으면, 스케줄 다 맞추겠다”",연예,17,2019,10,02,24:00,72,72,0,0,0,0,0,0,0,0,0,https://news.naver.com/main/read.nhn?mode=LSD&mid=sec&sid1=106&oid=609&aid=0000180858,1
이하이,"이하이, 이런 모습 처음…튜브톱 드레스 속 `고혹미`[똑똑SNS]",연예,18,2019,10,10,17:59,3,3,0,0,0,0,0,0,0,0,0,https://news.naver.com/main/read.nhn?mode=LSD&mid=sec&sid1=106&oid=410&aid=0000631812,1
이하이,"이하이, 넘치는 고혹美…요염한 자태로 물오른 비주얼 자랑",연예,18,2019,10,10,16:13,2,2,0,0,0,0,0,0,0,0,0,https://news.naver.com/main/read.nhn?mode=LSD&mid=sec&sid1=106&oid=112&aid=0003221618,1
이하이,"'퀸덤' 박봄, 효정의 외로움에 공감...""연예계 생활 많이 외로워"" 눈물 [전일야화]",연예,18,2019,10,11,7:01,2,0,0,2,0,0,0,0,0,0,0,https://news.naver.com/main/read.nhn?mode=LSD&mid=sec&sid1=106&oid=311&aid=0001058106,1
이하이,“무대서 위로 받아” 박봄X효정 ‘퀸덤’ 경쟁 보다 빛난 눈물 [어제TV],연예,18,2019,10,11,6:00,3,3,0,0,0,0,0,0,0,0,0,https://news.naver.com/main/read.nhn?mode=LSD&mid=sec&sid1=106&oid=609&aid=0000185862,1
이하이,"이하이, 한층 성숙해진 매력 [★해시태그]",연예,18,2019,10,10,20:05,14,13,0,1,0,0,0,0,0,0,0,https://news.naver.com/main/read.nhn?mode=LSD&mid=sec&sid1=106&oid=311&aid=0001057908,1
이하이,"이하이, 파격 드레스로 빛난 섹시..흑백의 아름다움 [★SHOT!]",연예,18,2019,10,10,15:55,3,3,0,0,0,0,0,0,0,0,0,https://news.naver.com/main/read.nhn?mode=LSD&mid=sec&sid1=106&oid=109&aid=0004099433,1
이하이,"""빠져든다 이 눈빛""…이하이, 흑백에도 빛나는 미모",연예,18,2019,10,10,15:52,2,2,0,0,0,0,0,0,0,0,0,https://news.naver.com/main/read.nhn?mode=LSD&mid=sec&sid1=106&oid=076&aid=0003479363,1
이하이,"이하이, 이렇게 섹시했나? 푹 파인 원피스에 고혹 눈빛 작렬[SNS★컷]",연예,18,2019,10,10,15:58,2,2,0,0,0,0,0,0,0,0,0,https://news.naver.com/main/read.nhn?mode=LSD&mid=sec&sid1=106&oid=609&aid=0000185689,1
이하이,"'퀸덤' 보컬 유닛→퍼포먼스 유닛, 시청자들 귀호강·눈호강 [종합]",연예,18,2019,10,10,22:56,47,47,0,0,0,0,0,0,0,0,0,https://news.naver.com/main/read.nhn?mode=LSD&mid=sec&sid1=106&oid=311&aid=0001058054,1
이하이,"'퀸덤' 효정 눈물의 의미… ""혼자라고 느껴질 때 많아""",연예,18,2019,10,11,10:03,1,0,0,1,0,0,0,0,0,0,0,https://news.naver.com/main/read.nhn?mode=LSD&mid=sec&sid1=106&oid=417&aid=0000458567,1
이하이,"'퀸덤' 효정 ""혼자라고 생각할 때 많아 외로웠다""...박봄도 눈물",연예,18,2019,10,10,21:51,6,6,0,0,0,0,0,0,0,0,0,https://news.naver.com/main/read.nhn?mode=LSD&mid=sec&sid1=106&oid=311&aid=0001058001,1
이하이,"신지수, 행복한 육아 일상 ""딸 낮잠자서 육퇴가 늦어져""",연예,19,2019,10,19,8:18,5,5,0,0,0,0,0,0,0,0,0,https://news.naver.com/main/read.nhn?mode=LSD&mid=sec&sid1=106&oid=112&aid=0003224811,1
이하이,"'섹션TV' 규현 ""'복면가왕' 5연속 가왕? 우승할 지 몰랐다""",연예,19,2019,10,17,23:44,32,32,0,0,0,0,0,0,0,0,0,https://news.naver.com/main/read.nhn?mode=LSD&mid=sec&sid1=106&oid=076&aid=0003482925,1
이하이,"신지수 ""내가 엄마라니..아이가 있다니..꿈인가 생시인가""",연예,19,2019,10,17,23:18,37,36,0,1,0,0,0,0,0,0,0,https://news.naver.com/main/read.nhn?mode=LSD&mid=sec&sid1=106&oid=112&aid=0003224258,1
이하이,'런웨이브' 슈퍼주니어 '군백기' 끝내고 컴백..역대급 퍼포먼스,연예,20,2019,10,26,10:10,24,24,0,0,0,0,0,0,0,0,0,https://news.naver.com/main/read.nhn?mode=LSD&mid=sec&sid1=106&oid=241&aid=0002973058,1
이하이,"'런웨이브' 슈퍼주니어, 군백기 끝내고 완전체로 컴백",연예,20,2019,10,26,17:48,34,34,0,0,0,0,0,0,0,0,0,https://news.naver.com/main/read.nhn?mode=LSD&mid=sec&sid1=106&oid=437&aid=0000222776,1
이하이,‘런웨이브’ 슈퍼주니어 “슈퍼클랩은 타이틀곡 후보에도 들지 못했던 곡”,연예,20,2019,10,26,13:54,24,24,0,0,0,0,0,0,0,0,0,https://news.naver.com/main/read.nhn?mode=LSD&mid=sec&sid1=106&oid=312&aid=0000416992,1
이하이,"'군백기 끝낸' 슈퍼주니어, '런웨이브'서 역대급 퍼포먼스 공개",연예,20,2019,10,26,10:19,60,60,0,0,0,0,0,0,0,0,0,https://news.naver.com/main/read.nhn?mode=LSD&mid=sec&sid1=106&oid=213&aid=0001137783,1
이하이,‘런웨이브’ 슈퍼주니어 '군백기’ 끝내고 컴백! 역대급 퍼포먼스 공개?,연예,20,2019,10,26,13:54,9,9,0,0,0,0,0,0,0,0,0,https://news.naver.com/main/read.nhn?mode=LSD&mid=sec&sid1=106&oid=469&aid=0000434283,1
이하이,"‘런웨이브’ 군백기 끝낸 슈퍼주니어, 파격 헤어스타일 비하인드 공개[오늘TV]",연예,20,2019,10,26,9:56,60,60,0,0,0,0,0,0,0,0,0,https://news.naver.com/main/read.nhn?mode=LSD&mid=sec&sid1=106&oid=609&aid=0000193581,1
이하이,"'컴백' 위너 ""YG 상황? 마음 고생 없었다면 거짓말""",연예,20,2019,10,24,8:42,47,47,0,0,0,0,0,0,0,0,0,https://news.naver.com/main/read.nhn?mode=LSD&mid=sec&sid1=106&oid=015&aid=0004228849,1
이하이,"신지수, 딸 봄과 행복해 ""일탈이 아닌 안정감, 아줌마의 작은 소원""",연예,20,2019,10,24,7:31,2,2,0,0,0,0,0,0,0,0,0,https://news.naver.com/main/read.nhn?mode=LSD&mid=sec&sid1=106&oid=112&aid=0003226761,1
이하이,‘런웨이브’ 슈퍼주니어 군백기 끝내고 컴백 역대급 퍼포먼스 공개?,연예,20,2019,10,26,18:09,21,21,0,0,0,0,0,0,0,0,0,https://news.naver.com/main/read.nhn?mode=LSD&mid=sec&sid1=106&oid=015&aid=0004230557,1
이하이,"이하이, 언제 이렇게 예뻐졌지‥아이 같은 청순 눈웃음",연예,21,2019,11,02,24:43,24,23,0,1,0,0,0,0,0,0,0,https://news.naver.com/main/read.nhn?mode=LSD&mid=sec&sid1=106&oid=112&aid=0003230537,1
이하이,"이하이, 단발 머리가 찰떡..한층 어려진 미모",연예,21,2019,10,31,15:03,4,4,0,0,0,0,0,0,0,0,0,https://news.naver.com/main/read.nhn?mode=LSD&mid=sec&sid1=106&oid=112&aid=0003229718,1
이하이,"이하이, ET 끌어안고 입맞춤..""내 진짜 남자친구""",연예,21,2019,11,02,16:28,15,13,0,2,0,0,0,0,0,0,0,https://news.naver.com/main/read.nhn?mode=LSD&mid=sec&sid1=106&oid=112&aid=0003230596,1
이하이,"이하이 자필편지 ""데뷔 7주년! 10주년까지 함께 해주실거죠?""",연예,22,2019,11,04,22:58,3,2,0,1,0,0,0,0,0,0,0,https://news.naver.com/main/read.nhn?mode=LSD&mid=sec&sid1=106&oid=082&aid=0000955020,1
이하이,"딘딘, 싱글 ‘숨’ 발매..이하이 ‘한숨’ 재해석",연예,22,2019,11,04,16:36,6,6,0,0,0,0,0,0,0,0,0,https://news.naver.com/main/read.nhn?mode=LSD&mid=sec&sid1=106&oid=081&aid=0003040963,-1
이하이,"딘딘, 이하이 ‘한숨’ 재해석한 싱글 ‘숨’ 발매 (feat. B1A4 산들)",연예,22,2019,11,05,9:16,7,7,0,0,0,0,0,0,0,0,0,https://news.naver.com/main/read.nhn?mode=LSD&mid=sec&sid1=106&oid=144&aid=0000640523,-1
이하이,"'데뷔 7주년' 이하이 ""18살의 저는 많이 수줍었지만…"" 자필 편지 공개",연예,22,2019,11,04,20:13,21,21,0,0,0,0,0,0,0,0,0,https://news.naver.com/main/read.nhn?mode=LSD&mid=sec&sid1=106&oid=117&aid=0003296729,1
이하이,"이하이, 데뷔 7주년 기념 자필 편지 공개…""늘 고맙고 사랑해"" [★해시태그]",연예,22,2019,11,04,19:27,4,4,0,0,0,0,0,0,0,0,0,https://news.naver.com/main/read.nhn?mode=LSD&mid=sec&sid1=106&oid=311&aid=0001069756,1
이하이,"""18살 때 내가 아냐"" 이하이, 데뷔 7주년 '자축'‥ 팬들과 100년 약속♡ [★SHOT!]",연예,22,2019,11,04,20:31,60,58,0,2,0,0,0,0,0,0,0,https://news.naver.com/main/read.nhn?mode=LSD&mid=sec&sid1=106&oid=109&aid=0004114612,1
이하이,"딘딘, 4일 새 싱글 ‘숨’ 발매...이하이 ‘한숨’ 재해석",연예,22,2019,11,04,17:16,4,4,0,0,0,0,0,0,0,0,0,https://news.naver.com/main/read.nhn?mode=LSD&mid=sec&sid1=106&oid=015&aid=0004235802,-1
이하이,"딘딘, 이하이 '한숨' 재해석한 싱글 '숨' 발표...B1A4 산들 피처링",연예,22,2019,11,04,19:03,112,111,0,1,0,0,0,0,0,0,0,https://news.naver.com/main/read.nhn?mode=LSD&mid=sec&sid1=106&oid=404&aid=0000255887,-1
이하이,"딘딘, 4일 새 싱글 ‘숨(Feat. B1A4 산들)’ 발매…이하이 ‘한숨’ 완벽 재해석",연예,22,2019,11,04,16:51,73,73,0,0,0,0,0,0,0,0,0,https://news.naver.com/main/read.nhn?mode=LSD&mid=sec&sid1=106&oid=215&aid=0000821250,-1
이하이,"이하이, 데뷔 7주년 맞아 자필 편지 공개 ""긴 시간 믿고 응원해줘 감사""[전문]",연예,22,2019,11,05,7:07,2,2,0,0,0,0,0,0,0,0,0,https://news.naver.com/main/read.nhn?mode=LSD&mid=sec&sid1=106&oid=112&aid=0003231383,1
이하이,"신지수, 오늘도 예쁜 엄마 ""늘어져있다가 밥먹으러 나가고 싶구나""",연예,24,2019,11,19,23:14,6,6,0,0,0,0,0,0,0,0,0,https://news.naver.com/main/read.nhn?mode=LSD&mid=sec&sid1=106&oid=112&aid=0003237343,1
이하이,"피처링요정이 또…송민호, 은지원→피오→김진우→블루디 지원사격 “응원 부탁”",연예,24,2019,11,19,20:33,333,333,0,0,0,0,0,0,0,0,0,https://news.naver.com/main/read.nhn?mode=LSD&mid=sec&sid1=106&oid=609&aid=0000205627,1
이하이,"제이더블엔터테인먼트, 베트남에 K-POP 알린다",연예,25,2019,11,29,8:20,2,2,0,0,0,0,0,0,0,0,0,https://news.naver.com/main/read.nhn?mode=LSD&mid=sec&sid1=106&oid=011&aid=0003659032,1
이하이,"제이더블엔터테인먼트, 베트남 엔터社 3자 MOU 'K팝 출사표'",연예,25,2019,11,29,13:38,4,4,0,0,0,0,0,0,0,0,0,https://news.naver.com/main/read.nhn?mode=LSD&mid=sec&sid1=106&oid=016&aid=0001608438,1
이하이,"""우주를 끌어모은 영감"" 이하이, 책 속에 빠진 '뇌섹女' [★SHOT!]",연예,26,2019,12,02,18:26,11,11,0,0,0,0,0,0,0,0,0,https://news.naver.com/main/read.nhn?mode=LSD&mid=sec&sid1=106&oid=109&aid=0004129142,1
이하이,"이하이, 굴욕따위 없는 아기 피부…사탕들고 러블리 뿜뿜",연예,26,2019,12,02,17:54,19,19,0,0,0,0,0,0,0,0,0,https://news.naver.com/main/read.nhn?mode=LSD&mid=sec&sid1=106&oid=112&aid=0003242275,1
이하이,"""마침내 첫 발 내딛다""‥CL, 오늘(4일) 컴백‥태양-2NE1-이하이 지원사격[공식]",연예,26,2019,12,04,8:41,5,5,0,0,0,0,0,0,0,0,0,https://news.naver.com/main/read.nhn?mode=LSD&mid=sec&sid1=106&oid=112&aid=0003242901,1
이하이,[내 인생의 노래]이하이의 <한숨>,생활,26,2019,12,04,9:27,1,1,0,0,0,0,0,0,0,0,0,https://news.naver.com/main/read.nhn?mode=LSD&mid=sec&sid1=103&oid=033&aid=0000040175,-1
이하이,"[종합] '김기현 첩보' 송병기 ""선거 염두에 두고 제보한 것 아냐""",정치,26,2019,12,05,16:07,151,0,0,0,150,1,0,0,0,0,0,https://news.naver.com/main/read.nhn?mode=LSD&mid=sec&sid1=100&oid=015&aid=0004252774,1
이하이,"‘호기심 대장’ 이하이, 팬들 심쿵케 하는 초롱초롱 눈빛[SNS★컷]",연예,26,2019,12,03,14:56,3,3,0,0,0,0,0,0,0,0,0,https://news.naver.com/main/read.nhn?mode=LSD&mid=sec&sid1=106&oid=609&aid=0000212811,1
이하이,"CL의 귀환, 4일 신곡 ‘+DONE161201+’ 발표",연예,26,2019,12,04,14:21,42,41,0,1,0,0,0,0,0,0,0,https://news.naver.com/main/read.nhn?mode=LSD&mid=sec&sid1=106&oid=021&aid=0002410168,1
이하이,"CL, 4일 신곡 ‘+DONE161201+’ ‘+처음으로170205+’ 발표",연예,26,2019,12,04,8:36,9,9,0,0,0,0,0,0,0,0,0,https://news.naver.com/main/read.nhn?mode=LSD&mid=sec&sid1=106&oid=215&aid=0000828963,1
이하이,"[공식]CL, 오늘(4일) 신곡 발매…2NE1 해체 후 3년간 심경 담았다",연예,26,2019,12,04,8:39,8,8,0,0,0,0,0,0,0,0,0,https://news.naver.com/main/read.nhn?mode=LSD&mid=sec&sid1=106&oid=076&aid=0003504901,1
이하이,"CL, 오늘(4일) 신곡 '+DONE161201+', '+처음으로170205+' 발표",연예,26,2019,12,04,9:31,32,31,0,1,0,0,0,0,0,0,0,https://news.naver.com/main/read.nhn?mode=LSD&mid=sec&sid1=106&oid=011&aid=0003661310,1
이하이,"골든, 2년만 새 앨범 발매에 태양·현아·이하이·하이어뮤직 뮤지션 등 응원",연예,27,2019,12,12,18:10,3,3,0,0,0,0,0,0,0,0,0,https://news.naver.com/main/read.nhn?mode=LSD&mid=sec&sid1=106&oid=011&aid=0003665624,1
이하이,"이하이, 깜찍 vs 섹시 반전매력 자랑 “두 얼굴의 여자”[SNS★컷]",연예,27,2019,12,08,24:49,5,5,0,0,0,0,0,0,0,0,0,https://news.naver.com/main/read.nhn?mode=LSD&mid=sec&sid1=106&oid=609&aid=0000215566,1
이하이,톨게이트 요금수납원 등 220명 불법파견...직접고용 지시,사회,27,2019,12,12,10:04,6,3,0,0,1,2,0,0,0,0,0,https://news.naver.com/main/read.nhn?mode=LSD&mid=sec&sid1=102&oid=003&aid=0009603782,1
이하이,"당당히 홀로 선 씨엘, '3년 공백' 설움 풀다",연예,27,2019,12,13,14:16,96,96,0,0,0,0,0,0,0,0,0,https://news.naver.com/main/read.nhn?mode=LSD&mid=sec&sid1=106&oid=015&aid=0004257043,1
이하이,악뮤→정세운까지…'프듀' 파문 속 'K팝스타' 출신들의 활약[SS뮤직],연예,27,2019,12,13,8:15,86,86,0,0,0,0,0,0,0,0,0,https://news.naver.com/main/read.nhn?mode=LSD&mid=sec&sid1=106&oid=468&aid=0000603508,1
이하이,"CL, 글로벌 팬 버전 커버 뮤비까지 등장..놀라운 글로벌 영향력",연예,27,2019,12,10,12:46,37,37,0,0,0,0,0,0,0,0,0,https://news.naver.com/main/read.nhn?mode=LSD&mid=sec&sid1=106&oid=011&aid=0003663841,1
이하이,"CL, 29개국 전세계 팬들 의기투합…놀라운 글로벌 영향력",연예,27,2019,12,09,14:54,23,23,0,0,0,0,0,0,0,0,0,https://news.naver.com/main/read.nhn?mode=LSD&mid=sec&sid1=106&oid=215&aid=0000829991,1
이하이,"지소울→골든, 2년만 새 앨범…태양·현아·이하이 등 응원",연예,27,2019,12,12,16:21,8,7,0,1,0,0,0,0,0,0,0,https://news.naver.com/main/read.nhn?mode=LSD&mid=sec&sid1=106&oid=117&aid=0003311394,1
이하이,"지소울→골든, 2년만 새 앨범 발표..태양·현아·이하이·하이어뮤직 응원 ""최고""",연예,27,2019,12,12,14:32,7,7,0,0,0,0,0,0,0,0,0,https://news.naver.com/main/read.nhn?mode=LSD&mid=sec&sid1=106&oid=109&aid=0004134298,1
이하이,"'+DONE161201+' CL, 29개국 팬 의기투합…글로벌 팬 버전 커버 뮤비 탄생",연예,27,2019,12,09,17:51,42,42,0,0,0,0,0,0,0,0,0,https://news.naver.com/main/read.nhn?mode=LSD&mid=sec&sid1=106&oid=468&aid=0000602316,1
이하이,"“글로벌 팬심 여전”…씨엘, 29개국 팬 의기투합 커버 MV 등장",연예,27,2019,12,09,14:07,7,7,0,0,0,0,0,0,0,0,0,https://news.naver.com/main/read.nhn?mode=LSD&mid=sec&sid1=106&oid=382&aid=0000782160,1
이하이,CL 컴백에 전 세계 팬 의기 투합…'+DONE161201+' 글로벌 팬 MV 등장,연예,27,2019,12,09,14:48,8,8,0,0,0,0,0,0,0,0,0,https://news.naver.com/main/read.nhn?mode=LSD&mid=sec&sid1=106&oid=312&aid=0000424960,1
이하이,"""29개국 팬들 의기투합"" CL, '+DONE161201+' 글로벌 팬 버전 커버 뮤비 등장",연예,27,2019,12,09,14:14,18,18,0,0,0,0,0,0,0,0,0,https://news.naver.com/main/read.nhn?mode=LSD&mid=sec&sid1=106&oid=311&aid=0001084731,1
이하이,"[TEN 이슈] 故 종현 2주기, 여전히 아름답고 따뜻한 우리의 자랑",연예,28,2019,12,18,15:23,114,13,0,101,0,0,0,0,0,0,0,https://news.naver.com/main/read.nhn?mode=LSD&mid=sec&sid1=106&oid=312&aid=0000426378,1
이하이,"레드벨벳 예리, 친오빠 같던 故 종현 추모…""항상 나 잘 지켜봐 줘""[종합]",연예,28,2019,12,19,11:02,63,4,0,59,0,0,0,0,0,0,0,https://news.naver.com/main/read.nhn?mode=LSD&mid=sec&sid1=106&oid=477&aid=0000223802,1
이하이,"'써브라임行' 윤서빈, 첫 팬미팅 성료 ""좋은 사람 되겠다""",연예,28,2019,12,19,16:18,46,41,0,0,0,0,0,0,0,5,0,https://news.naver.com/main/read.nhn?mode=LSD&mid=sec&sid1=106&oid=052&aid=0001378905,1
이하이,"[POP이슈]""여전히 그립고 그리운""‥샤이니 故종현, 오늘(18일) 2주기",연예,28,2019,12,18,6:31,42,1,0,41,0,0,0,0,0,0,0,https://news.naver.com/main/read.nhn?mode=LSD&mid=sec&sid1=106&oid=112&aid=0003247637,1
이하이,"[종합] ""잊히지 않아, 사랑합니다""…故 종현 2주기, SM·샤이니→나인 추모",연예,28,2019,12,18,8:35,55,3,0,52,0,0,0,0,0,0,0,https://news.naver.com/main/read.nhn?mode=LSD&mid=sec&sid1=106&oid=076&aid=0003510407,1
이하이,故 종현 2주기…여전히 빛나는 푸른밤의 별[SS이슈],연예,28,2019,12,18,8:37,236,10,0,226,0,0,0,0,0,0,0,https://news.naver.com/main/read.nhn?mode=LSD&mid=sec&sid1=106&oid=468&aid=0000605527,1
이하이,"여전히 그리운 故종현, 오늘(18일) 2주기..샤이니 “당신을 사랑합니다”[종합]",연예,28,2019,12,18,8:47,12,0,0,12,0,0,0,0,0,0,0,https://news.naver.com/main/read.nhn?mode=LSD&mid=sec&sid1=106&oid=109&aid=0004137107,1
이하이,"여전히 빛나는 故종현, 오늘(18일) 2주기…샤이니·SM ""사랑합니다""",연예,28,2019,12,18,9:47,8,1,0,7,0,0,0,0,0,0,0,https://news.naver.com/main/read.nhn?mode=LSD&mid=sec&sid1=106&oid=477&aid=0000223547,1
이하이,"샤이니 종현, 어느덧 2주기···""당신을 사랑합니다""",연예,28,2019,12,18,8:39,90,10,0,80,0,0,0,0,0,0,0,https://news.naver.com/main/read.nhn?mode=LSD&mid=sec&sid1=106&oid=003&aid=0009612878,1
이하이,"‘아이돌 라디오’ 아스트로 MJ-정세운-엘리스-네이처, 노래자랑+새해 소원 ‘시선집중’",연예,28,2019,12,21,10:09,13,13,0,0,0,0,0,0,0,0,0,https://news.naver.com/main/read.nhn?mode=LSD&mid=sec&sid1=106&oid=408&aid=0000083618,1
이하이,"""꾀꼬리 노래자랑""..'아이돌 라디오' 아스트로 MJx정세운, 스페셜DJ 활약",연예,28,2019,12,21,9:16,10,10,0,0,0,0,0,0,0,0,0,https://news.naver.com/main/read.nhn?mode=LSD&mid=sec&sid1=106&oid=109&aid=0004138941,1
이하이,"‘아이돌 라디오’ 아스트로 MJ, ‘강남스타일’ 열창···흥 넘치는 무대로 어깨 '들썩'",연예,28,2019,12,21,24:36,3,3,0,0,0,0,0,0,0,0,0,https://news.naver.com/main/read.nhn?mode=LSD&mid=sec&sid1=106&oid=312&aid=0000426815,1
이하이,"윤서빈, 첫번째 팬미팅 성료...""좋은 사람 되겠다"" 눈물",연예,28,2019,12,19,9:04,7,7,0,0,0,0,0,0,0,0,0,https://news.naver.com/main/read.nhn?mode=LSD&mid=sec&sid1=106&oid=213&aid=0001145767,1
이하이,"윤서빈, 첫 팬미팅 성공적 개최 “좋은 사람 되겠다”",연예,28,2019,12,19,17:04,10,10,0,0,0,0,0,0,0,0,0,https://news.naver.com/main/read.nhn?mode=LSD&mid=sec&sid1=106&oid=057&aid=0001404954,1
이하이,"'프듀101' 윤서빈, 팬미팅서 ""좋은 사람 되겠다"" 눈물",연예,28,2019,12,19,14:15,21,21,0,0,0,0,0,0,0,0,0,https://news.naver.com/main/read.nhn?mode=LSD&mid=sec&sid1=106&oid=109&aid=0004137863,1
이하이,"윤서빈, 눈물의 팬미팅 ""앞으로 좋은 사람 되겠다""",연예,28,2019,12,19,8:55,5,5,0,0,0,0,0,0,0,0,0,https://news.naver.com/main/read.nhn?mode=LSD&mid=sec&sid1=106&oid=108&aid=0002831051,1
이하이,"故 샤이니 종현, 오늘 2주기… ""보고 싶다, 사랑해""",연예,28,2019,12,18,4:06,49,3,0,46,0,0,0,0,0,0,0,https://news.naver.com/main/read.nhn?mode=LSD&mid=sec&sid1=106&oid=079&aid=0003302889,1
이하이,"故 종현, 2주기 추모 물결…SM ""당신을 사랑합니다""",연예,28,2019,12,18,8:04,11,2,0,9,0,0,0,0,0,0,0,https://news.naver.com/main/read.nhn?mode=LSD&mid=sec&sid1=106&oid=312&aid=0000426241,1
이하이,"故 종현, 오늘(18일) 2주기...""아름다운 사람 잊히지 않아""",연예,28,2019,12,18,9:29,2,0,0,2,0,0,0,0,0,0,0,https://news.naver.com/main/read.nhn?mode=LSD&mid=sec&sid1=106&oid=629&aid=0000007054,1
이하이,"""그곳에서 행복해""…故 종현 사망 2주기, 소속사·절친·팬 한 목소리 '추모'",사회,28,2019,12,18,9:12,6,0,0,5,1,0,0,0,0,0,0,https://news.naver.com/main/read.nhn?mode=LSD&mid=sec&sid1=102&oid=015&aid=0004259253,1
이하이,“아름다운 사람은 잊히지 않아” 종현 2주기 절친이 남긴 글,연예,28,2019,12,18,10:08,27,1,0,26,0,0,0,0,0,0,0,https://news.naver.com/main/read.nhn?mode=LSD&mid=sec&sid1=106&oid=005&aid=0001269641,1
이하이,내년 활약할 쥐띠 스타는…트와이스부터 유재석까지,연예,29,2019,12,28,8:00,125,125,0,0,0,0,0,0,0,0,0,https://news.naver.com/main/read.nhn?mode=LSD&mid=sec&sid1=106&oid=001&aid=0011302331,1
이하이,"한동근, 음주운전 이후 근황…버스킹+유튜브 시작 ""초심 찾을 것"" [전문]",연예,29,2019,12,26,10:17,6,6,0,0,0,0,0,0,0,0,0,https://news.naver.com/main/read.nhn?mode=LSD&mid=sec&sid1=106&oid=408&aid=0000083900,1
이하이,"바이브가 선물한 극한감동, 전국투어 ‘발라드림 VI’ 부산-창원-수원 콘서트 성료",연예,29,2019,12,26,7:05,2,1,0,1,0,0,0,0,0,0,0,https://news.naver.com/main/read.nhn?mode=LSD&mid=sec&sid1=106&oid=215&aid=0000834181,1
이하이,"2020년 경자년 활약할 쥐띠 스타보니…""엄청나네""",사회,29,2019,12,28,8:16,67,44,18,0,0,5,0,0,0,0,0,https://news.naver.com/main/read.nhn?mode=LSD&mid=sec&sid1=102&oid=009&aid=0004490487,1
이하이,"바이브, 전국투어 '발라드림 VI' 부산·창원·수원 콘서트 성료",연예,29,2019,12,26,7:10,1,1,0,0,0,0,0,0,0,0,0,https://news.naver.com/main/read.nhn?mode=LSD&mid=sec&sid1=106&oid=311&aid=0001091378,1
이하이,"바이브, 전국투어 콘서트 '발라드림' 순항 중..극한감동 선물",연예,29,2019,12,26,7:04,2,2,0,0,0,0,0,0,0,0,0,https://news.naver.com/main/read.nhn?mode=LSD&mid=sec&sid1=106&oid=108&aid=0002832340,1
이하이,"바이브, 전국투어 '발라드림 VI' 부산-창원-수원 콘서트 성료‥극함감동 선물",연예,29,2019,12,26,7:07,5,5,0,0,0,0,0,0,0,0,0,https://news.naver.com/main/read.nhn?mode=LSD&mid=sec&sid1=106&oid=112&aid=0003250219,1
이하이,"이하이, YG엔터테인먼트 떠난다",연예,30,2019,12,31,17:11,62,56,0,5,0,0,0,0,0,1,0,https://news.naver.com/main/read.nhn?mode=LSD&mid=sec&sid1=106&oid=079&aid=0003306991,1
이하이,"이하이, 싱그러움 가득한 미소 '2020년엔 자주 봤으면' [★해시태그]",연예,30,2020,01,03,18:01,11,11,0,0,0,0,0,0,0,0,0,https://news.naver.com/main/read.nhn?mode=LSD&mid=sec&sid1=106&oid=311&aid=0001094915,1
이하이,"[공식입장] 이하이, YG 떠난다 ""오랜 시간 신중한 논의 끝에 내린 결정""",연예,30,2020,01,02,14:45,26,22,0,4,0,0,0,0,0,0,0,https://news.naver.com/main/read.nhn?mode=LSD&mid=sec&sid1=106&oid=011&aid=0003674701,1
이하이,"YG 떠나는 이하이 ""오랜 고민 끝에 결정, 새 회사 신중하게 정할 것""",연예,30,2020,01,01,15:04,43,37,0,6,0,0,0,0,0,0,0,https://news.naver.com/main/read.nhn?mode=LSD&mid=sec&sid1=106&oid=416&aid=0000253419,1
이하이,"태양, 수익금 전액 기부하는 플리마켓 개최…YG 식구 비롯해 이하이·씨엘 참여",연예,30,2020,01,02,15:21,37,37,0,0,0,0,0,0,0,0,0,https://news.naver.com/main/read.nhn?mode=LSD&mid=sec&sid1=106&oid=312&aid=0000428829,1
이하이,"이하이 “함께 할 회사 고민 중, 더 좋은 음악으로 보답할 것” [전문]",연예,30,2019,12,31,17:45,46,45,0,1,0,0,0,0,0,0,0,https://news.naver.com/main/read.nhn?mode=LSD&mid=sec&sid1=106&oid=469&aid=0000453392,1
이하이,"규현·이석훈, 이하이 ‘한숨’ 무대…감동의 하모니 [2019 MBC 가요대제전]",연예,30,2019,12,31,22:29,39,39,0,0,0,0,0,0,0,0,0,https://news.naver.com/main/read.nhn?mode=LSD&mid=sec&sid1=106&oid=410&aid=0000657179,-1
이하이,"이하이, YG 떠난다 '전속계약 종료' (공식)",연예,30,2019,12,31,17:31,14,12,0,1,0,0,0,0,0,1,0,https://news.naver.com/main/read.nhn?mode=LSD&mid=sec&sid1=106&oid=312&aid=0000428407,1
이하이,"가수 이하이, YG엔터테인먼트 떠난다",연예,30,2019,12,31,18:38,65,63,0,2,0,0,0,0,0,0,0,https://news.naver.com/main/read.nhn?mode=LSD&mid=sec&sid1=106&oid=144&aid=0000649612,1
이하이,"YG 측 ""이하이와 전속계약 종료…서로의 앞날 응원하기로""[전문]",연예,30,2019,12,31,17:14,158,155,0,3,0,0,0,0,0,0,0,https://news.naver.com/main/read.nhn?mode=LSD&mid=sec&sid1=106&oid=241&aid=0002992253,1
이하이,"[공식]YG 측 ""이하이와 전속계약 종료…7년간 감사, 응원할 것""(전문)",연예,30,2019,12,31,17:12,6,5,0,1,0,0,0,0,0,0,0,https://news.naver.com/main/read.nhn?mode=LSD&mid=sec&sid1=106&oid=076&aid=0003514764,1
이하이,"‘YG와 이별’ 이하이, 아기 같은 미소+청순한 민낯[SNS★컷]",연예,30,2020,01,03,9:26,16,16,0,0,0,0,0,0,0,0,0,https://news.naver.com/main/read.nhn?mode=LSD&mid=sec&sid1=106&oid=609&aid=0000227645,1
이하이,"YG 떠난 이하이, 무공해 청정 웃음‥성숙美 넘치는 근황",연예,30,2020,01,02,22:06,56,56,0,0,0,0,0,0,0,0,0,https://news.naver.com/main/read.nhn?mode=LSD&mid=sec&sid1=106&oid=112&aid=0003252926,1
이하이,"이하이, YG와 전속계약 만료…“서로 앞날 응원”(공식입장 전문)",연예,30,2020,01,01,12:59,27,25,0,2,0,0,0,0,0,0,0,https://news.naver.com/main/read.nhn?mode=LSD&mid=sec&sid1=106&oid=057&aid=0001408084,1
이하이,이하이 “YG와 이별 오랫동안 고민…신중하게 회사 물색 중”(전문),연예,30,2020,01,01,10:20,24,22,0,2,0,0,0,0,0,0,0,https://news.naver.com/main/read.nhn?mode=LSD&mid=sec&sid1=106&oid=410&aid=0000657247,1
이하이,"이하이 “YG와 계약만료, 고민 끝 내린 결정…빠른 시일 내 좋은 소식드릴 것”(전문)",연예,30,2020,01,01,14:19,72,72,0,0,0,0,0,0,0,0,0,https://news.naver.com/main/read.nhn?mode=LSD&mid=sec&sid1=106&oid=057&aid=0001408239,1
이하이,"""수많은 고민 끝 내린 결정""…이하이, YG와 아름다운 이별 (전문) [종합]",연예,30,2019,12,31,20:36,"1,307","1,288",0,19,0,0,0,0,0,0,0,https://news.naver.com/main/read.nhn?mode=LSD&mid=sec&sid1=106&oid=076&aid=0003514923,1
이하이,"[전문] 이하이, YG 전속계약 종료 “함께할 회사 고민 중”",연예,30,2019,12,31,17:52,24,18,0,6,0,0,0,0,0,0,0,https://news.naver.com/main/read.nhn?mode=LSD&mid=sec&sid1=106&oid=382&aid=0000787552,1
이하이,"이하이, 7년 몸담은 YG 떠난다 ""소중한 추억으로 간직"" [종합]",연예,30,2019,12,31,20:20,22,18,0,3,0,0,1,0,0,0,0,https://news.naver.com/main/read.nhn?mode=LSD&mid=sec&sid1=106&oid=241&aid=0002992394,1
이하이,"이하이, YG 전속계약 종료 ""고민 끝 내린 결정, 함께할 회사 고민 중"" [전문]",연예,30,2019,12,31,18:11,17,15,0,2,0,0,0,0,0,0,0,https://news.naver.com/main/read.nhn?mode=LSD&mid=sec&sid1=106&oid=076&aid=0003514788,1
이하이,"규현X이석훈 ‘복면가왕’ 뭉친 듀엣, 이하이 ‘한숨’ 열창[MBC 가요대제전]",연예,30,2019,12,31,22:20,57,57,0,0,0,0,0,0,0,0,0,https://news.naver.com/main/read.nhn?mode=LSD&mid=sec&sid1=106&oid=609&aid=0000226506,-1
이하이,차승원 이어 손호준 YG 재계약…인연 이어간다 [공식입장],연예,31,2020,01,10,14:33,84,83,0,1,0,0,0,0,0,0,0,https://news.naver.com/main/read.nhn?mode=LSD&mid=sec&sid1=106&oid=382&aid=0000790232,1
이하이,"대탈출이 시작됐다, 대형 기획사 떠나는 톱가수들",연예,31,2020,01,08,3:08,132,132,0,0,0,0,0,0,0,0,0,https://news.naver.com/main/read.nhn?mode=LSD&mid=sec&sid1=106&oid=023&aid=0003498763,1
이하이,"빅뱅 귀환·트레저 재정비…YG, 재도약할까",연예,31,2020,01,06,18:38,26,25,0,0,0,0,0,0,0,1,0,https://news.naver.com/main/read.nhn?mode=LSD&mid=sec&sid1=106&oid=001&aid=0011318150,1
이하이,"강동원·차승원·손호준·이성경, YG와 재계약…의리 이어간다 [종합]",연예,31,2020,01,11,12:39,26,25,0,1,0,0,0,0,0,0,0,https://news.naver.com/main/read.nhn?mode=LSD&mid=sec&sid1=106&oid=311&aid=0001098200,1
이하이,"""강다니엘→아이유"" 배우만? 톱가수도 1인 기획사行…그 이유는?[SS뮤직]",연예,31,2020,01,10,6:11,67,67,0,0,0,0,0,0,0,0,0,https://news.naver.com/main/read.nhn?mode=LSD&mid=sec&sid1=106&oid=468&aid=0000613860,1
이하이,"[단독]‘달라진 YG’ 차승원이어 손호준도 재계약 성공, 빅뱅도?",연예,31,2020,01,10,13:45,56,56,0,0,0,0,0,0,0,0,0,https://news.naver.com/main/read.nhn?mode=LSD&mid=sec&sid1=106&oid=609&aid=0000231714,1
이하이,강동원·손호준·차승원 'YG 재계약' 완료…'의리의' YG 재도약할까 [종합],연예,31,2020,01,10,20:31,8,8,0,0,0,0,0,0,0,0,0,https://news.naver.com/main/read.nhn?mode=LSD&mid=sec&sid1=106&oid=076&aid=0003518665,1
이하이,"[팝업★]""5년 의리 지켰다"" 강동원, 차승원-손호준 이어 지난해 YG엔터와 재계약",연예,31,2020,01,10,21:00,6,6,0,0,0,0,0,0,0,0,0,https://news.naver.com/main/read.nhn?mode=LSD&mid=sec&sid1=106&oid=112&aid=0003256008,1
이하이,"강동원·차승원·손호준·이성경, 지난해 YG 재계약..의리X열일 잇는다 [종합]",연예,31,2020,01,10,20:46,7,7,0,0,0,0,0,0,0,0,0,https://news.naver.com/main/read.nhn?mode=LSD&mid=sec&sid1=106&oid=109&aid=0004148664,1
이하이,"신지수, 딸 낙서에 멘붕 ""집에 뭔 지렁이가 저렇게""",연예,32,2020,01,15,6:44,14,13,0,1,0,0,0,0,0,0,0,https://news.naver.com/main/read.nhn?mode=LSD&mid=sec&sid1=106&oid=112&aid=0003257389,1
이하이,"신지수, 딸 낙서에 당황 “집 곳곳에 지렁이가..”[SNS★컷]",연예,32,2020,01,15,10:37,1,1,0,0,0,0,0,0,0,0,0,https://news.naver.com/main/read.nhn?mode=LSD&mid=sec&sid1=106&oid=609&aid=0000234020,-1
이하이,"메이크어스 측 ""이하이와 전속계약, 긍정 논의 중"" [공식]",연예,33,2020,01,22,19:20,3,3,0,0,0,0,0,0,0,0,0,https://news.naver.com/main/read.nhn?mode=LSD&mid=sec&sid1=106&oid=241&aid=0002998803,1
이하이,"이하이 ""소속사 이적? 현재 결론 내린 것 없어…신중히 고민하는 단계"" [전문]",연예,33,2020,01,22,23:52,3,2,0,1,0,0,0,0,0,0,0,https://news.naver.com/main/read.nhn?mode=LSD&mid=sec&sid1=106&oid=311&aid=0001103105,1
이하이,[한복 인터뷰②] ANS 멤버들이 직접 소개하는 프로필,연예,33,2020,01,25,9:03,10,10,0,0,0,0,0,0,0,0,0,https://news.naver.com/main/read.nhn?mode=LSD&mid=sec&sid1=106&oid=241&aid=0002999325,1
이하이,‘2NE1 출신’ 씨엘 “너 없이 원래 나 잘해”…홀로서기 나서도 ‘나쁜 기집애’는 계속된다 [핀 라이트],생활,33,2020,01,21,6:00,19,17,1,0,1,0,0,0,0,0,0,https://news.naver.com/main/read.nhn?mode=LSD&mid=sec&sid1=103&oid=032&aid=0002987264,1
이하이,"YG 떠난 이하이, 새 둥지 트나…메이크어스 측 ""계약 긍정 논의 중"" (공식)",연예,33,2020,01,22,15:40,16,16,0,0,0,0,0,0,0,0,0,https://news.naver.com/main/read.nhn?mode=LSD&mid=sec&sid1=106&oid=052&aid=0001391500,1
이하이,"가수 이하이, 메이크어스와 전속계약 논의",연예,33,2020,01,22,20:13,39,37,0,1,0,0,1,0,0,0,0,https://news.naver.com/main/read.nhn?mode=LSD&mid=sec&sid1=106&oid=144&aid=0000652877,1
이하이,"이하이, 선미와 한솥밥 먹나…메이크어스 ""긍정 논의 중""",연예,33,2020,01,22,15:36,2,2,0,0,0,0,0,0,0,0,0,https://news.naver.com/main/read.nhn?mode=LSD&mid=sec&sid1=106&oid=421&aid=0004422995,1
이하이,메이크어스 측 “이하이 전속계약 긍정 논의 중” [공식입장],연예,33,2020,01,22,15:36,7,7,0,0,0,0,0,0,0,0,0,https://news.naver.com/main/read.nhn?mode=LSD&mid=sec&sid1=106&oid=382&aid=0000792946,1
이하이,"이하이, 카리스마 넘치는 근황..시크美 철철",연예,35,2020,02,05,8:28,15,14,0,1,0,0,0,0,0,0,0,https://news.naver.com/main/read.nhn?mode=LSD&mid=sec&sid1=106&oid=112&aid=0003264507,1
이하이,"이하이, 베이비 페이스에 시크美 추가 ‘더 예뻐졌네’[SNS★컷]",연예,35,2020,02,05,17:14,11,11,0,0,0,0,0,0,0,0,0,https://news.naver.com/main/read.nhn?mode=LSD&mid=sec&sid1=106&oid=609&aid=0000243652,1
이하이,대한항공 중국 노선 추가 감편… 이스타항공은 홍콩ㆍ마카오도 감편,경제,35,2020,02,03,17:11,1,1,0,0,0,0,0,0,0,0,0,https://news.naver.com/main/read.nhn?mode=LSD&mid=sec&sid1=101&oid=469&aid=0000463193,1
이하이,"신지수, 육아 근황 공개 ""상큼한 척 셀카"" 빙구美 자랑",연예,35,2020,02,07,16:33,2,1,0,1,0,0,0,0,0,0,0,https://news.naver.com/main/read.nhn?mode=LSD&mid=sec&sid1=106&oid=112&aid=0003265578,1
이하이,"MBK, 코웨이 등 대형 M&A 잇따라..엑시트 '쾌거'",경제,36,2020,02,11,6:00,1,0,0,0,1,0,0,0,0,0,0,https://news.naver.com/main/read.nhn?mode=LSD&mid=sec&sid1=101&oid=008&aid=0004355106,1
이하이,"수안, 오늘(13일) ‘사랑해’ 발매…소수빈과 감성 콜라보",연예,36,2020,02,13,9:50,2,2,0,0,0,0,0,0,0,0,0,https://news.naver.com/main/read.nhn?mode=LSD&mid=sec&sid1=106&oid=382&aid=0000798167,1
이하이,"수안, 오늘(13일) 신곡 '사랑해' 발매 '소수빈과 콜라보'",연예,36,2020,02,13,14:22,1,1,0,0,0,0,0,0,0,0,0,https://news.naver.com/main/read.nhn?mode=LSD&mid=sec&sid1=106&oid=117&aid=0003333148,1
이하이,"수안, 13일 새 싱글 ‘사랑해’ 발매…소수빈과 달달한 감성 컬래버",연예,36,2020,02,13,8:41,1,1,0,0,0,0,0,0,0,0,0,https://news.naver.com/main/read.nhn?mode=LSD&mid=sec&sid1=106&oid=215&aid=0000847583,1
이하이,"신지수, 포동포동한 귀요미 딸 공개..""진정한 주방놀이 중""",연예,38,2020,02,29,11:17,5,5,0,0,0,0,0,0,0,0,0,https://news.naver.com/main/read.nhn?mode=LSD&mid=sec&sid1=106&oid=112&aid=0003273228,1
이하이,"신지수, 잠든 아가 옆 고민하는 엄마 ""낼은 뭘 먹지 하며 잠드는 밤""",연예,38,2020,02,26,5:22,1,1,0,0,0,0,0,0,0,0,0,https://news.naver.com/main/read.nhn?mode=LSD&mid=sec&sid1=106&oid=112&aid=0003271911,1
이하이,"""성격 급한 모녀""…신지수, 세 살배기 딸과 행복한 일상 [★해시태그]",연예,38,2020,02,23,13:34,8,8,0,0,0,0,0,0,0,0,0,https://news.naver.com/main/read.nhn?mode=LSD&mid=sec&sid1=106&oid=311&aid=0001115788,1
이하이,"신지수, 훌쩍 큰 딸과 손 꼭 잡고 외출 ""세상 성격 급한 모녀""",연예,38,2020,02,23,9:51,16,11,0,5,0,0,0,0,0,0,0,https://news.naver.com/main/read.nhn?mode=LSD&mid=sec&sid1=106&oid=112&aid=0003270910,1
이하이,"AOMG 측 ""이하이 전속계약 결정된 바 없다""",연예,39,2020,03,03,14:31,19,14,0,4,0,0,0,0,0,1,0,https://news.naver.com/main/read.nhn?mode=LSD&mid=sec&sid1=106&oid=241&aid=0003007999,1
이하이,"7년만에 YG 떠난 이하이, AOMG 품에 안기나?",연예,39,2020,03,03,17:57,24,23,0,1,0,0,0,0,0,0,0,https://news.naver.com/main/read.nhn?mode=LSD&mid=sec&sid1=106&oid=416&aid=0000255858,1
이하이,"다비 ""협업 호흡 베스트는 헤이즈…폴킴·이하이와도 컬래버 하고 싶다""(인터뷰)",연예,39,2020,03,05,8:03,9,9,0,0,0,0,0,0,0,0,0,https://news.naver.com/main/read.nhn?mode=LSD&mid=sec&sid1=106&oid=015&aid=0004301478,1
이하이,"이하이, YG 결별→AOMG 전속계약 논의…박재범 품 택할까(종합)",연예,39,2020,03,04,1:02,34,34,0,0,0,0,0,0,0,0,0,https://news.naver.com/main/read.nhn?mode=LSD&mid=sec&sid1=106&oid=410&aid=0000673999,1
이하이,권진아 “이하이 무대 보고 ‘K팝스타 3’ 출연 결심”,연예,39,2020,03,04,14:37,11,11,0,0,0,0,0,0,0,0,0,https://news.naver.com/main/read.nhn?mode=LSD&mid=sec&sid1=106&oid=469&aid=0000473670,1
이하이,"YG 떠난 이하이, 박재범 레이블 AOMG로 가나",연예,39,2020,03,03,17:16,34,34,0,0,0,0,0,0,0,0,0,https://news.naver.com/main/read.nhn?mode=LSD&mid=sec&sid1=106&oid=011&aid=0003703999,1
이하이,"""이하이, AOMG 박재범 품으로? 확정NO"" [공식입장]",연예,39,2020,03,03,15:22,6,6,0,0,0,0,0,0,0,0,0,https://news.naver.com/main/read.nhn?mode=LSD&mid=sec&sid1=106&oid=408&aid=0000087917,1
이하이,"[공식입장] AOMG 측 ""이하이와 전속계약? 논의 중, 결정된 것 없어""",연예,39,2020,03,03,15:05,1,1,0,0,0,0,0,0,0,0,0,https://news.naver.com/main/read.nhn?mode=LSD&mid=sec&sid1=106&oid=421&aid=0004499102,1
이하이,"이하이, YG와 결별→AOMG 行? ""논의 중, 결정된 바 없어""[공식]",연예,39,2020,03,03,16:44,17,16,0,1,0,0,0,0,0,0,0,https://news.naver.com/main/read.nhn?mode=LSD&mid=sec&sid1=106&oid=468&aid=0000632859,1
이하이,"AOMG ""이하이 전속계약 결정된 것 없어""",연예,39,2020,03,03,15:58,1,1,0,0,0,0,0,0,0,0,0,https://news.naver.com/main/read.nhn?mode=LSD&mid=sec&sid1=106&oid=629&aid=0000017635,1
이하이,‘정희’ 권진아 ”‘K팝스타’ 출연 계기? 이하이…신선한 목소리에 빠졌다“,연예,39,2020,03,04,13:32,2,2,0,0,0,0,0,0,0,0,0,https://news.naver.com/main/read.nhn?mode=LSD&mid=sec&sid1=106&oid=057&aid=0001428144,1
이하이,남주혁도 YG 품 떠날까…매니지먼트 숲 “미팅했지만 확정아냐”,연예,40,2020,03,11,10:53,23,19,0,4,0,0,0,0,0,0,0,https://news.naver.com/main/read.nhn?mode=LSD&mid=sec&sid1=106&oid=119&aid=0002388368,1
이하이,"빅뱅-YG, 재계약 체결로 '버닝썬' 딛고 반향 일으킬까…4인조 컴백에 관심 집중 [이슈+]",연예,40,2020,03,11,10:54,45,44,0,1,0,0,0,0,0,0,0,https://news.naver.com/main/read.nhn?mode=LSD&mid=sec&sid1=106&oid=015&aid=0004304627,1
이하이,"[카드뉴스] 지난주 핫이슈, '이태원 클라쓰' 이주영의 아웃팅",연예,40,2020,03,09,10:24,3,3,0,0,0,0,0,0,0,0,0,https://news.naver.com/main/read.nhn?mode=LSD&mid=sec&sid1=106&oid=076&aid=0003539695,1
이하이,"신지수 ""이러다 여섯시까지 자겠네..오늘 육퇴 망한 것 같군""",연예,40,2020,03,10,17:51,1,1,0,0,0,0,0,0,0,0,0,https://news.naver.com/main/read.nhn?mode=LSD&mid=sec&sid1=106&oid=112&aid=0003276743,1
이하이,"연계소문｜버닝썬 사태 1년…승리는 군대로, YG는 정상화의 길로?",생활,40,2020,03,08,8:29,37,2,3,0,32,0,0,0,0,0,0,https://news.naver.com/main/read.nhn?mode=LSD&mid=sec&sid1=103&oid=015&aid=0004302880,1
이하이,"'AOMG' 새 영입 멤버에 대한 기대 만발 ""혹시 이하이?""",연예,43,2020,04,03,14:05,70,70,0,0,0,0,0,0,0,0,0,https://news.naver.com/main/read.nhn?mode=LSD&mid=sec&sid1=106&oid=468&aid=0000644208,1
이하이,코드 쿤스트 오늘(2일) 정규 4집 발표…박재범·이하이 초호화 피처링,연예,43,2020,04,02,16:53,2,2,0,0,0,0,0,0,0,0,0,https://news.naver.com/main/read.nhn?mode=LSD&mid=sec&sid1=106&oid=009&aid=0004549678,1
이하이,"코드 쿤스트, 정규 4집 더블타이틀곡 ‘꽃’-‘O’ 차트 최상위권 진입",연예,43,2020,04,03,9:34,1,1,0,0,0,0,0,0,0,0,0,https://news.naver.com/main/read.nhn?mode=LSD&mid=sec&sid1=106&oid=215&aid=0000861502,1
이하이,"""실시간 시청 5만명""...'미스터트롯' TOP7, '사랑의 콜센타'까지 통할까 [종합]",연예,43,2020,04,02,18:28,80,80,0,0,0,0,0,0,0,0,0,https://news.naver.com/main/read.nhn?mode=LSD&mid=sec&sid1=106&oid=109&aid=0004187494,1
이하이,"영탁 ""춤신춤왕 민호형 위해 댄스곡 만들었어요""",생활,43,2020,04,02,17:27,"1,580","1,423",101,5,28,23,0,0,0,0,0,https://news.naver.com/main/read.nhn?mode=LSD&mid=sec&sid1=103&oid=023&aid=0003520387,1
이하이,"""춤신춤왕 민호형, 내가 댄스곡 줄게!""",연예,43,2020,04,03,3:41,26,26,0,0,0,0,0,0,0,0,0,https://news.naver.com/main/read.nhn?mode=LSD&mid=sec&sid1=106&oid=023&aid=0003520487,1
이하이,"코드쿤스트, 오늘(2일) 정규 4집 'PEOPLE' 발매..이하이·박재범·백예린 피처링",연예,43,2020,04,02,13:58,5,5,0,0,0,0,0,0,0,0,0,https://news.naver.com/main/read.nhn?mode=LSD&mid=sec&sid1=106&oid=109&aid=0004187311,1
이하이,"코드 쿤스트, 2일 정규 4집 ‘PEOPLE’ 발매",연예,43,2020,04,02,14:17,6,6,0,0,0,0,0,0,0,0,0,https://news.naver.com/main/read.nhn?mode=LSD&mid=sec&sid1=106&oid=215&aid=0000861292,1
이하이,"코드 쿤스트, 2일 정규 4집 ‘PEOPLE’ 발매…박재범·기리보이 피처링",연예,43,2020,04,02,15:01,4,4,0,0,0,0,0,0,0,0,0,https://news.naver.com/main/read.nhn?mode=LSD&mid=sec&sid1=106&oid=021&aid=0002423207,1
이하이,"코드 쿤스트, 정규 4집 음악성 호평...""봄에 어울리는 명곡 탄생""",연예,43,2020,04,03,9:35,7,7,0,0,0,0,0,0,0,0,0,https://news.naver.com/main/read.nhn?mode=LSD&mid=sec&sid1=106&oid=416&aid=0000256849,1
이하이,"코드 쿤스트 ‘꽃’·‘O’ 차트 최상위권 진입, “행복한 순간 마주하길”",연예,43,2020,04,03,9:15,1,1,0,0,0,0,0,0,0,0,0,https://news.naver.com/main/read.nhn?mode=LSD&mid=sec&sid1=106&oid=382&aid=0000810429,1
이하이,"""역시 대세""…코드 쿤스트, 타이틀곡 '꽃'-'O' 차트 최상위권 진입",연예,43,2020,04,03,9:28,1,1,0,0,0,0,0,0,0,0,0,https://news.naver.com/main/read.nhn?mode=LSD&mid=sec&sid1=106&oid=311&aid=0001130549,1
이하이,"코드 쿤스트, '꽃'-'O' 차트 최상위권 진입 '믿듣 대세'",연예,43,2020,04,03,9:49,2,2,0,0,0,0,0,0,0,0,0,https://news.naver.com/main/read.nhn?mode=LSD&mid=sec&sid1=106&oid=117&aid=0003348930,1
이하이,"백예린·박재범·이하이·개코·그레이…코드 쿤스트, 정규 4집 초호화 피처링진",연예,43,2020,03,31,8:52,1,1,0,0,0,0,0,0,0,0,0,https://news.naver.com/main/read.nhn?mode=LSD&mid=sec&sid1=106&oid=117&aid=0003347698,1
이하이,박재범·pH-1·개코·재키와이·하온…코드 쿤스트 역대급 피처링 라인업,연예,43,2020,03,31,7:46,15,14,0,0,0,0,1,0,0,0,0,https://news.naver.com/main/read.nhn?mode=LSD&mid=sec&sid1=106&oid=241&aid=0003013585,1
이하이,"코드 쿤스트, 정규 4집 트랙리스트 공개…박재범→개코 역대급 피처링진",연예,43,2020,03,31,9:19,1,1,0,0,0,0,0,0,0,0,0,https://news.naver.com/main/read.nhn?mode=LSD&mid=sec&sid1=106&oid=468&aid=0000642822,1
이하이,"'사랑의 콜센타' 임영웅, 김희재 적극 추천한 이유",연예,43,2020,04,02,18:03,513,511,0,2,0,0,0,0,0,0,0,https://news.naver.com/main/read.nhn?mode=LSD&mid=sec&sid1=106&oid=408&aid=0000089923,1
이하이,"'컴백 D-1' 콘드 쿤스트, '꽃(Feat. 박재범, 우원재, 기리보이)' 뮤비 1차 티저 공개",연예,43,2020,04,01,7:40,1,1,0,0,0,0,0,0,0,0,0,https://news.naver.com/main/read.nhn?mode=LSD&mid=sec&sid1=106&oid=112&aid=0003283985,1
이하이,"'컴백 D-1' 코드 쿤스트, '꽃' MV 티저 공개…박재범 지원사격",연예,43,2020,04,01,9:40,1,1,0,0,0,0,0,0,0,0,0,https://news.naver.com/main/read.nhn?mode=LSD&mid=sec&sid1=106&oid=421&aid=0004556087,1
이하이,"코드쿤스트 “이하이→백예린 역대급 피처링, 직접 섭외했다”",연예,44,2020,04,09,15:19,14,14,0,0,0,0,0,0,0,0,0,https://news.naver.com/main/read.nhn?mode=LSD&mid=sec&sid1=106&oid=609&aid=0000265426,1
이하이,"AOMG, 새 아티스트 정체는 이하이·림킴 아니라 DeVita(드비타)",연예,44,2020,04,08,15:48,5,5,0,0,0,0,0,0,0,0,0,https://news.naver.com/main/read.nhn?mode=LSD&mid=sec&sid1=106&oid=312&aid=0000441746,1
이하이,"이하이, 청초한 민낯+감미로운 보이스 “팬들 위한 선물” [M+★SNS]",연예,44,2020,04,08,16:23,14,14,0,0,0,0,0,0,0,0,0,https://news.naver.com/main/read.nhn?mode=LSD&mid=sec&sid1=106&oid=057&aid=0001441657,1
이하이,"'거취 주목' 이하이, 사회적 거리두기 중 커버 영상 공개..여전한 음색",연예,44,2020,04,08,14:35,15,15,0,0,0,0,0,0,0,0,0,https://news.naver.com/main/read.nhn?mode=LSD&mid=sec&sid1=106&oid=108&aid=0002854594,1
이하이,"[팝업★]""보고싶다"" 태연, 故 종현 31번째 생일축하→SNS 계정 태그..'영원한 우정'",연예,44,2020,04,08,15:52,17,1,0,16,0,0,0,0,0,0,0,https://news.naver.com/main/read.nhn?mode=LSD&mid=sec&sid1=106&oid=112&aid=0003286359,1
이하이,"경기도, 신천지 이만희 총회장 등 '감염병 관리법 위반' 혐의로 고발",정치,44,2020,04,08,11:14,1,1,0,0,0,0,0,0,0,0,0,https://news.naver.com/main/read.nhn?mode=LSD&mid=sec&sid1=100&oid=002&aid=0002129635,-1
이하이,“뮤지션의 뮤지션” 코드쿤스트·카더가든 극찬한 흰 명품 고음(종합),연예,44,2020,04,09,15:56,6,6,0,0,0,0,0,0,0,0,0,https://news.naver.com/main/read.nhn?mode=LSD&mid=sec&sid1=106&oid=609&aid=0000265438,1
이하이,이하이·재키와이도 아니었다..AOMG 새 아티스트 정체는 드비타,연예,44,2020,04,08,15:00,2,1,0,0,0,0,1,0,0,0,0,https://news.naver.com/main/read.nhn?mode=LSD&mid=sec&sid1=106&oid=108&aid=0002854598,1
이하이,"""그리운 그 이름""…태연엠버샤이니 키, 故 종현 생일 챙긴 '참우정 [종합]",연예,44,2020,04,08,20:22,658,28,0,630,0,0,0,0,0,0,0,https://news.naver.com/main/read.nhn?mode=LSD&mid=sec&sid1=106&oid=109&aid=0004189867,1
이하이,"태연·엠버, 故종현 31번째 생일 축하…SM 남매들의 깊은 우애[종합]",연예,44,2020,04,08,19:00,452,39,0,413,0,0,0,0,0,0,0,https://news.naver.com/main/read.nhn?mode=LSD&mid=sec&sid1=106&oid=477&aid=0000239288,1
이하이,"[TD영상] 故 샤이니 종현, “31번째 봄 축하”…국내외 팬들 추모 물결",연예,44,2020,04,08,9:43,43,5,0,38,0,0,0,0,0,0,0,https://news.naver.com/main/read.nhn?mode=LSD&mid=sec&sid1=106&oid=440&aid=0000021842,1
이하이,"태연·엠버→샤이니 키, 故 종현 생일 축하로 드러낸 그리움 ""늘 미안하고 늘 사랑해"" [종합]",연예,44,2020,04,08,21:13,255,7,0,248,0,0,0,0,0,0,0,https://news.naver.com/main/read.nhn?mode=LSD&mid=sec&sid1=106&oid=076&aid=0003552364,1
이하이,"태연, 故종현 생일 축하…한 살 터울 SM 남매의 영원한 우정[종합]",연예,44,2020,04,08,14:22,70,3,0,67,0,0,0,0,0,0,0,https://news.naver.com/main/read.nhn?mode=LSD&mid=sec&sid1=106&oid=477&aid=0000239230,1
이하이,코드 쿤스트 “위로의 감정 전하고 싶었다” [화보],연예,45,2020,04,17,9:43,13,13,0,0,0,0,0,0,0,0,0,https://news.naver.com/main/read.nhn?mode=LSD&mid=sec&sid1=106&oid=382&aid=0000813844,1
이하이,"[화보IS] 코드쿤스트 ""AOMG 이적 후 첫 앨범, '사람들'에 대한 이야기""",연예,45,2020,04,17,11:10,3,3,0,0,0,0,0,0,0,0,0,https://news.naver.com/main/read.nhn?mode=LSD&mid=sec&sid1=106&oid=241&aid=0003016894,1
이하이,"코드 쿤스트 ""주변 사람들과 행복감 나누고 싶다"" [화보]",연예,45,2020,04,17,9:54,2,2,0,0,0,0,0,0,0,0,0,https://news.naver.com/main/read.nhn?mode=LSD&mid=sec&sid1=106&oid=311&aid=0001135583,1
이하이,"신지수, ""집에서 샤브샤브...오르거라 살들아 체력아 미모야""",연예,45,2020,04,12,9:59,36,34,0,2,0,0,0,0,0,0,0,https://news.naver.com/main/read.nhn?mode=LSD&mid=sec&sid1=106&oid=117&aid=0003351805,1
이하이,"코드 쿤스트 ""3년만의 정규앨범, 내가 느끼는 행복감 주변 사람과 나누고파""(화보)",연예,45,2020,04,17,9:36,6,4,0,2,0,0,0,0,0,0,0,https://news.naver.com/main/read.nhn?mode=LSD&mid=sec&sid1=106&oid=112&aid=0003289316,1
이하이,"코드 쿤스트 “정규 4집, 70세까지 음악한다고 할때 꼭 필요한 앨범”[화보]",연예,45,2020,04,17,9:37,13,11,0,2,0,0,0,0,0,0,0,https://news.naver.com/main/read.nhn?mode=LSD&mid=sec&sid1=106&oid=609&aid=0000268048,1
이하이,"신지수, ‘어디 갈래’ 챌린지 동참 “지금 파리” [똑똑SNS]",연예,45,2020,04,14,24:39,2,2,0,0,0,0,0,0,0,0,0,https://news.naver.com/main/read.nhn?mode=LSD&mid=sec&sid1=106&oid=410&aid=0000684497,1
이하이,"신지수 ""지금 파린데 겁도 없이 잘다니네..낮잠시간에 어디가 딸""[★SHOT!]",연예,45,2020,04,14,11:17,31,30,0,1,0,0,0,0,0,0,0,https://news.naver.com/main/read.nhn?mode=LSD&mid=sec&sid1=106&oid=109&aid=0004192010,1
이하이,"산다라박, 이수현X이하이 응원에 감동 ""넘 이쁜 동생들""",연예,46,2020,04,20,14:16,26,26,0,0,0,0,0,0,0,0,0,https://news.naver.com/main/read.nhn?mode=LSD&mid=sec&sid1=106&oid=241&aid=0003017422,1
이하이,"前 YG디렉터, 이하이 미공개 앨범 사진 공개…""참 좋았는데""",연예,46,2020,04,21,10:15,38,11,0,27,0,0,0,0,0,0,0,https://news.naver.com/main/read.nhn?mode=LSD&mid=sec&sid1=106&oid=311&aid=0001136856,1
이하이,"신지수, 귀여운 현실 육아 ""소싯적에 비키니 200벌 이상 입어본게 다행""",연예,46,2020,04,19,8:18,28,25,0,3,0,0,0,0,0,0,0,https://news.naver.com/main/read.nhn?mode=LSD&mid=sec&sid1=106&oid=112&aid=0003289792,1
이하이,"산다라박, 하이X수현과 여전한 YG 의리 “우리 아기들” [SNS★컷]",연예,46,2020,04,20,9:45,21,21,0,0,0,0,0,0,0,0,0,https://news.naver.com/main/read.nhn?mode=LSD&mid=sec&sid1=106&oid=609&aid=0000268847,1
이하이,"'폭풍성량' 박지민 ""제이미로 더 진솔한 음악"" 워너뮤직코리아와 전속계약",연예,46,2020,04,21,11:04,6,5,0,1,0,0,0,0,0,0,0,https://news.naver.com/main/read.nhn?mode=LSD&mid=sec&sid1=106&oid=468&aid=0000650434,1
이하이,엄마 된 신지수 “이제 내 인생에 핫팬츠는 없을 것”,연예,46,2020,04,19,22:08,66,58,0,8,0,0,0,0,0,0,0,https://news.naver.com/main/read.nhn?mode=LSD&mid=sec&sid1=106&oid=213&aid=0001160938,1
이하이,"신지수 ""이제 핫팬츠는 내인생에 없음..소싯적에 비키니 이백벌""[★SHOT!]",연예,46,2020,04,19,10:15,39,37,0,2,0,0,0,0,0,0,0,https://news.naver.com/main/read.nhn?mode=LSD&mid=sec&sid1=106&oid=109&aid=0004193988,1
이하이,"'또오해영' 산다라박, 이하이X이수현 응원에 ""고마워""",연예,46,2020,04,20,6:38,24,24,0,0,0,0,0,0,0,0,0,https://news.naver.com/main/read.nhn?mode=LSD&mid=sec&sid1=106&oid=108&aid=0002857161,1
이하이,"산다라박, 악뮤 수현X이하이 뮤지컬 응원에 감동..""울 애기들 보고싶었당""",연예,46,2020,04,20,8:06,19,19,0,0,0,0,0,0,0,0,0,https://news.naver.com/main/read.nhn?mode=LSD&mid=sec&sid1=106&oid=112&aid=0003290039,1
이하이,"""예쁜애 옆 예쁜애""..산다라박, 이하이X이수현과 '또오해영' 관람 인증샷 [★SHOT!]",연예,46,2020,04,20,9:08,5,5,0,0,0,0,0,0,0,0,0,https://news.naver.com/main/read.nhn?mode=LSD&mid=sec&sid1=106&oid=109&aid=0004194249,1
이하이,"산다라박, 이하이X이수현 뮤지컬 응원에 감동 ""너무 보고 싶었다"" [★해시태그]",연예,46,2020,04,20,9:10,6,6,0,0,0,0,0,0,0,0,0,https://news.naver.com/main/read.nhn?mode=LSD&mid=sec&sid1=106&oid=311&aid=0001136302,1
이하이,"신지수, 체력 단련 수준의 극한 육아 ""인생 힘들다""",연예,47,2020,05,02,7:55,38,33,0,5,0,0,0,0,0,0,0,https://news.naver.com/main/read.nhn?mode=LSD&mid=sec&sid1=106&oid=112&aid=0003294281,1
이하이,"도망갈 수 없었던 현서, '부부의 세계' 속 스토킹의 진짜 문제",연예,47,2020,04,26,16:41,36,10,0,26,0,0,0,0,0,0,0,https://news.naver.com/main/read.nhn?mode=LSD&mid=sec&sid1=106&oid=047&aid=0002267720,-1
이하이,"신지수, 살신성인 육아일기 “인생 힘들다” [SNS★컷]",연예,47,2020,05,02,10:46,9,9,0,0,0,0,0,0,0,0,0,https://news.naver.com/main/read.nhn?mode=LSD&mid=sec&sid1=106&oid=609&aid=0000272966,1
이하이,"신지수, 폭풍성장 딸과 행복 근황 ""필터 써서 인간 백설기로 변신 까꿍""",연예,47,2020,04,30,12:01,9,9,0,0,0,0,0,0,0,0,0,https://news.naver.com/main/read.nhn?mode=LSD&mid=sec&sid1=106&oid=112&aid=0003293677,1
이하이,"'덕이' 신지수, 딸과 그네타며 행복..""무려 20분간 조용히 세상에! 인간백설기""[★SHOT!]",연예,47,2020,04,30,13:57,8,8,0,0,0,0,0,0,0,0,0,https://news.naver.com/main/read.nhn?mode=LSD&mid=sec&sid1=106&oid=109&aid=0004199068,1
이하이,"DJ 레이든X엑소 찬열 'Yours', 이하이·창모 피처링 지원사격",연예,48,2020,05,08,10:22,76,76,0,0,0,0,0,0,0,0,0,https://news.naver.com/main/read.nhn?mode=LSD&mid=sec&sid1=106&oid=213&aid=0001162463,1
이하이,"DJ 레이든·엑소 찬열, 협업 싱글 '유어스'",연예,48,2020,05,07,10:56,222,222,0,0,0,0,0,0,0,0,0,https://news.naver.com/main/read.nhn?mode=LSD&mid=sec&sid1=106&oid=001&aid=0011592493,1
이하이,"'아이돌 라디오' 공원소녀 ""팬들에게 선물 같은 활동 꾸준히 이어나갈 것""",연예,48,2020,05,07,15:08,15,15,0,0,0,0,0,0,0,0,0,https://news.naver.com/main/read.nhn?mode=LSD&mid=sec&sid1=106&oid=408&aid=0000092409,1
이하이,"‘아이돌 라디오’ 갓세븐 영재, 공원소녀 극찬 “무대 보고 옛날 생각났다”",연예,48,2020,05,07,14:58,12,12,0,0,0,0,0,0,0,0,0,https://news.naver.com/main/read.nhn?mode=LSD&mid=sec&sid1=106&oid=382&aid=0000818287,1
이하이,"이하이·창모, 레이든X찬열 ‘Yours’ 피처링 참여",연예,48,2020,05,08,10:10,87,87,0,0,0,0,0,0,0,0,0,https://news.naver.com/main/read.nhn?mode=LSD&mid=sec&sid1=106&oid=382&aid=0000818593,1
이하이,"DJ 레이든X엑소 찬열 ‘Yours’, 이하이-창모 피처링 지원사격",연예,48,2020,05,08,10:09,82,82,0,0,0,0,0,0,0,0,0,https://news.naver.com/main/read.nhn?mode=LSD&mid=sec&sid1=106&oid=215&aid=0000869331,1
이하이,"DJ 레이든X엑소 찬열 콜라보곡 '유어스', 이하이·창모 지원사격",연예,48,2020,05,08,14:15,105,105,0,0,0,0,0,0,0,0,0,https://news.naver.com/main/read.nhn?mode=LSD&mid=sec&sid1=106&oid=421&aid=0004627112,1
이하이,"DJ레이든X엑소 찬열 콜라보 싱글 'Yours', 이하이·창모 피처링 지원사격",연예,48,2020,05,08,15:10,169,169,0,0,0,0,0,0,0,0,0,https://news.naver.com/main/read.nhn?mode=LSD&mid=sec&sid1=106&oid=408&aid=0000092518,1
이하이,"'아이돌라디오' 갓세븐 영재·데이식스 영케이 ""공원소녀 보면 옛날 생각나""",연예,48,2020,05,07,15:29,30,30,0,0,0,0,0,0,0,0,0,https://news.naver.com/main/read.nhn?mode=LSD&mid=sec&sid1=106&oid=311&aid=0001143385,1
이하이,"갓세븐 영재·데이식스 영케이 ""공원소녀 무대 보면 옛날 생각나, 대단한 팀"" 극찬('아이돌 라디오')",연예,48,2020,05,07,14:57,20,20,0,0,0,0,0,0,0,0,0,https://news.naver.com/main/read.nhn?mode=LSD&mid=sec&sid1=106&oid=112&aid=0003295898,1
이하이,"[DA:신곡] 레이든X찬열→이하이·창모, 특급 시너지 ‘Yours’",연예,49,2020,05,12,18:00,131,131,0,0,0,0,0,0,0,0,0,https://news.naver.com/main/read.nhn?mode=LSD&mid=sec&sid1=106&oid=382&aid=0000819563,1
이하이,"[팝's신곡]찬열X레이든, 월드클래스 컬래버‥이별 담은 'Yours'(ft.이하이-창모)",연예,49,2020,05,12,18:01,150,150,0,0,0,0,0,0,0,0,0,https://news.naver.com/main/read.nhn?mode=LSD&mid=sec&sid1=106&oid=112&aid=0003297454,1
이하이,"엑소 찬열, 컬래버 곡으로 차트 상위권…백현 잇다 [성적표]",연예,49,2020,05,13,13:46,332,328,0,1,0,0,3,0,0,0,0,https://news.naver.com/main/read.nhn?mode=LSD&mid=sec&sid1=106&oid=213&aid=0001162815,1
이하이,"'아이돌 라디오' DJ펌킨→소녀시대 효연, 페스티벌 방불케하는 상암 디제잉 파티!",연예,49,2020,05,14,11:39,10,8,0,0,0,0,2,0,0,0,0,https://news.naver.com/main/read.nhn?mode=LSD&mid=sec&sid1=106&oid=408&aid=0000092949,1
이하이,"DJ 레이든X엑소 찬열, 싱글 '유어스' 오늘 공개…이하이·창모 지원사격",연예,49,2020,05,12,9:18,102,101,0,0,0,0,0,0,0,1,0,https://news.naver.com/main/read.nhn?mode=LSD&mid=sec&sid1=106&oid=421&aid=0004632187,1
이하이,"DJ레이든X찬열 콜라보 싱글 'Yours', 오늘(12일) 공개 (Feat. 이하이, 창모)",연예,49,2020,05,12,14:08,40,40,0,0,0,0,0,0,0,0,0,https://news.naver.com/main/read.nhn?mode=LSD&mid=sec&sid1=106&oid=408&aid=0000092775,1
이하이,"[DA:투데이] DJ레이든X엑소 찬열, 오늘(12일) ‘Yours’ 발표…이하이·창모 피처링",연예,49,2020,05,12,9:06,288,288,0,0,0,0,0,0,0,0,0,https://news.naver.com/main/read.nhn?mode=LSD&mid=sec&sid1=106&oid=382&aid=0000819372,1
이하이,레이든·찬열·이하이·창모 만났다..특급 이별송 'Yours'[6시★살롱],연예,49,2020,05,12,18:22,137,137,0,0,0,0,0,0,0,0,0,https://news.naver.com/main/read.nhn?mode=LSD&mid=sec&sid1=106&oid=108&aid=0002862289,1
이하이,"[MD신곡] ""서로를 원하는, 너와 나""…찬열X레이든, 이하이X창모까지 역대급 'Yours' 탄생",연예,49,2020,05,12,18:01,108,108,0,0,0,0,0,0,0,0,0,https://news.naver.com/main/read.nhn?mode=LSD&mid=sec&sid1=106&oid=117&aid=0003361933,1
이하이,"레이든X찬열 ‘Yours’, 아이튠즈 톱 송 차트 전 세계 21개 지역 1위",연예,49,2020,05,13,16:21,162,161,0,0,0,0,1,0,0,0,0,https://news.naver.com/main/read.nhn?mode=LSD&mid=sec&sid1=106&oid=021&aid=0002427721,1
이하이,"레이든X찬열, ‘Yours’ 아이튠즈 톱 송 차트 전 세계 21개 지역 1위",연예,49,2020,05,13,10:08,178,177,0,0,0,0,1,0,0,0,0,https://news.naver.com/main/read.nhn?mode=LSD&mid=sec&sid1=106&oid=215&aid=0000870425,1
이하이,"레이든X찬열, '유어스'로 전 세계 21개 지역 1위 '시너지 뿜뿜'",연예,49,2020,05,13,11:56,64,64,0,0,0,0,0,0,0,0,0,https://news.naver.com/main/read.nhn?mode=LSD&mid=sec&sid1=106&oid=404&aid=0000266052,1
이하이,"레이든X찬열 '유어스', 아이튠즈 톱 송 차트 전 세계 21개 지역 1위",연예,49,2020,05,13,10:15,120,119,0,0,0,0,1,0,0,0,0,https://news.naver.com/main/read.nhn?mode=LSD&mid=sec&sid1=106&oid=421&aid=0004634777,1
이하이,"'아이돌 라디오' DJ 웨건 ""박재범과 작업한 앨범 곧 나온다"" 깜짝 공개",연예,49,2020,05,14,11:36,7,6,0,0,0,0,1,0,0,0,0,https://news.naver.com/main/read.nhn?mode=LSD&mid=sec&sid1=106&oid=109&aid=0004205988,1
이하이,"‘아이돌 라디오’ DJ 웨건 “박재범과 작업한 앨범, 2달 안에 발매”",연예,49,2020,05,14,11:16,1,1,0,0,0,0,0,0,0,0,0,https://news.naver.com/main/read.nhn?mode=LSD&mid=sec&sid1=106&oid=382&aid=0000820257,1
이하이,"신지수, 고등학생 외모의 엄마..이연두와 ""세 시간의 자유, 날라리 본능""[★SHOT!]",연예,50,2020,05,23,9:02,13,10,0,0,0,0,1,1,0,1,0,https://news.naver.com/main/read.nhn?mode=LSD&mid=sec&sid1=106&oid=109&aid=0004211373,1
이하이,"‘미라’ 레이든 “찬열과 발매한 ‘Yours’, 이하이창모 참여…우리는 어벤져스”",연예,50,2020,05,19,17:32,108,94,0,0,0,0,14,0,0,0,0,https://news.naver.com/main/read.nhn?mode=LSD&mid=sec&sid1=106&oid=410&aid=0000694928,1
이하이,"[차트IS] 아이유, 디지털차트 2주 연속 1위-뉴이스트 3관왕 등극",연예,50,2020,05,21,8:53,155,138,0,0,0,0,2,10,0,5,0,https://news.naver.com/main/read.nhn?mode=LSD&mid=sec&sid1=106&oid=241&aid=0003024732,1
이하이,뭉치면 더 뜬다…가요계에 부는 '특급 피처링' 바람,연예,50,2020,05,17,10:06,117,93,0,2,0,0,14,0,3,5,0,https://news.naver.com/main/read.nhn?mode=LSD&mid=sec&sid1=106&oid=001&aid=0011613208,1
이하이,"'미라' 레이든, SM 최초 DJ ""이수만 소맥 말아줘""..보이콜드 ""BTS와 곡 작업 희망""[종합]",연예,50,2020,05,19,18:00,30,13,0,1,0,0,4,1,0,11,0,https://news.naver.com/main/read.nhn?mode=LSD&mid=sec&sid1=106&oid=112&aid=0003299765,1
이하이,"신지수, 육아 해방 후 ""3시간 자유, 날라리 본능 꿈틀꿈틀 갈등하며 집에 무사히 귀환""",연예,50,2020,05,23,7:31,19,13,0,0,0,0,4,0,0,2,0,https://news.naver.com/main/read.nhn?mode=LSD&mid=sec&sid1=106&oid=112&aid=0003301076,1
이하이,"신지수, 육아 해방 일상? 늘씬한 몸매 뽐내며 해맑게[SNS★컷]",연예,50,2020,05,23,10:24,2,1,0,0,0,0,0,0,0,1,0,https://news.naver.com/main/read.nhn?mode=LSD&mid=sec&sid1=106&oid=609&aid=0000280562,1
이하이,"[DA:차트] 뉴이스트, 20주차 가온차트서 3관왕…아이유 2관왕 영예",연예,50,2020,05,21,8:37,866,845,0,1,0,0,14,4,0,2,0,https://news.naver.com/main/read.nhn?mode=LSD&mid=sec&sid1=106&oid=382&aid=0000822309,1
이하이,"뉴이스트, 가온차트 3관왕 대세 입증…아이유 2관왕",연예,50,2020,05,21,8:57,326,304,0,1,0,0,1,14,1,5,0,https://news.naver.com/main/read.nhn?mode=LSD&mid=sec&sid1=106&oid=609&aid=0000279586,1
이하이,"""BTS ♥콜"" '미라' 제이든X보이콜드, SM 최초DJ→입담꾼 입증 (ft.이수만) [종합]",연예,50,2020,05,19,18:54,203,141,0,4,0,0,12,0,1,45,0,https://news.naver.com/main/read.nhn?mode=LSD&mid=sec&sid1=106&oid=109&aid=0004209065,1
이하이,"'난수표' 부동산 규제, 전문가도 ""잘 몰라요""",경제,51,2020,05,27,7:09,12,0,0,1,11,0,0,0,0,0,0,https://news.naver.com/main/read.nhn?mode=LSD&mid=sec&sid1=101&oid=008&aid=0004415107,1
이하이,"'뮤직카우' 김원준 ""평소 집에서 육아..기회 되면 동요도 만들고파""",연예,51,2020,05,29,14:58,11,9,0,1,0,0,1,0,0,0,0,https://news.naver.com/main/read.nhn?mode=LSD&mid=sec&sid1=106&oid=112&aid=0003303410,1
이하이,"뮤직카우, 2000년대 최고 히트곡 2NE1 '아이돈케어' 공개",연예,51,2020,05,27,16:23,3,1,0,0,0,0,0,0,2,0,0,https://news.naver.com/main/read.nhn?mode=LSD&mid=sec&sid1=106&oid=108&aid=0002866073,1
이하이,"뮤직카우, 투애니원 히트곡 '아이 돈트 케어' 저작권 옥션 시작",연예,51,2020,05,27,17:05,2,1,0,0,0,0,0,0,0,1,0,https://news.naver.com/main/read.nhn?mode=LSD&mid=sec&sid1=106&oid=477&aid=0000244973,1
