하현우,"서울시향, 하현우 정선아와 함께 '강변음악회'",생활,0,2019,06,05,9:47,80,80,0,0,0,0,0,0,0,0,0,https://news.naver.com/main/read.nhn?mode=LSD&mid=sec&sid1=103&oid=014&aid=0004240128,1
하현우,"'하현우 이어 2번째' 이원석, '복면가왕' 역사 다시 썼다",연예,0,2019,06,03,11:34,6,6,0,0,0,0,0,0,0,0,0,https://news.naver.com/main/read.nhn?mode=LSD&mid=sec&sid1=106&oid=119&aid=0002332528,1
하현우,"‘복면가왕’ 나이팅게일, 103대 가왕 등극...걸리버 정체는 데이브레이크 이원석",연예,0,2019,06,02,19:16,1,1,0,0,0,0,0,0,0,0,0,https://news.naver.com/main/read.nhn?mode=LSD&mid=sec&sid1=106&oid=312&aid=0000390989,1
하현우,한강에서 즐기는 주말 나들이…서울 밤도깨비 야시장,생활,0,2019,06,08,18:52,6,3,0,0,2,1,0,0,0,0,0,https://news.naver.com/main/read.nhn?mode=LSD&mid=sec&sid1=103&oid=422&aid=0000378409,1
하현우,"데이브레이크 이원석, ‘복면가왕’ 출연 소감 전했다 “‘걸리버’로서 너무나도 행복했어요”",연예,0,2019,06,02,20:49,3,3,0,0,0,0,0,0,0,0,0,https://news.naver.com/main/read.nhn?mode=LSD&mid=sec&sid1=106&oid=408&aid=0000073493,1
하현우,[공연소식] 서울시향 강변음악회·르 프리미에 갈라,생활,0,2019,06,05,11:14,9,9,0,0,0,0,0,0,0,0,0,https://news.naver.com/main/read.nhn?mode=LSD&mid=sec&sid1=103&oid=001&aid=0010870365,1
하현우,"[인터뷰] 낮엔 콜센터 상담원, 밤엔 가수… 이젠 민선e로 살래요",사회,0,2019,06,05,22:52,14,11,2,0,1,0,0,0,0,0,0,https://news.naver.com/main/read.nhn?mode=LSD&mid=sec&sid1=102&oid=310&aid=0000073142,1
하현우,'음악대장' 하현우와 함께하는 클래식 음악회,생활,0,2019,06,05,18:01,47,47,0,0,0,0,0,0,0,0,0,https://news.naver.com/main/read.nhn?mode=LSD&mid=sec&sid1=103&oid=079&aid=0003235342,1
하현우,8일 한강서 듣는다…서울시향·하현우 '강변음악회',생활,0,2019,06,05,10:09,39,38,1,0,0,0,0,0,0,0,0,https://news.naver.com/main/read.nhn?mode=LSD&mid=sec&sid1=103&oid=421&aid=0004026040,1
하현우,열대야 오기 전에.. 한강서 듣는 서울시향 ‘강변음악회’,생활,0,2019,06,05,8:51,8,8,0,0,0,0,0,0,0,0,0,https://news.naver.com/main/read.nhn?mode=LSD&mid=sec&sid1=103&oid=018&aid=0004395189,1
하현우,"데이브레이크 이원석, 하현우 이어 '복면가왕' 5연속 가왕 ""떨렸지만 행복""",연예,0,2019,06,03,7:43,2,2,0,0,0,0,0,0,0,0,0,https://news.naver.com/main/read.nhn?mode=LSD&mid=sec&sid1=106&oid=404&aid=0000244971,1
하현우,"'복면가왕' 데이브레이크 이원석, 5연승 가왕의 위엄…하현우 이후 3년만",연예,0,2019,06,03,7:22,1,1,0,0,0,0,0,0,0,0,0,https://news.naver.com/main/read.nhn?mode=LSD&mid=sec&sid1=106&oid=112&aid=0003171425,1
하현우,"'복면가왕' 이원석, '5연승' 역사 다시 썼다 ""더 좋은 음악 들려드릴 것""",연예,0,2019,06,03,7:39,6,6,0,0,0,0,0,0,0,0,0,https://news.naver.com/main/read.nhn?mode=LSD&mid=sec&sid1=106&oid=076&aid=0003424531,1
하현우,자이언티·장범준·하현우 총출동… 잠실서 '2019 파크뮤직 페스티벌',생활,1,2019,06,13,3:04,65,64,1,0,0,0,0,0,0,0,0,https://news.naver.com/main/read.nhn?mode=LSD&mid=sec&sid1=103&oid=023&aid=0003453313,1
하현우,국카스텐 ‘Hello’ 콘서트 오프닝 음원 무료 공개,연예,1,2019,06,11,9:28,262,262,0,0,0,0,0,0,0,0,0,https://news.naver.com/main/read.nhn?mode=LSD&mid=sec&sid1=106&oid=382&aid=0000737787,1
하현우,"국카스텐, 콘서트 오프닝 음원 무료 공개 ‘끝없는 팬사랑’",연예,1,2019,06,11,9:24,72,72,0,0,0,0,0,0,0,0,0,https://news.naver.com/main/read.nhn?mode=LSD&mid=sec&sid1=106&oid=144&aid=0000615219,1
하현우,국카스텐 '헬로' 콘서트 오프닝 음원 무료 공개,연예,1,2019,06,11,9:04,51,51,0,0,0,0,0,0,0,0,0,https://news.naver.com/main/read.nhn?mode=LSD&mid=sec&sid1=106&oid=108&aid=0002789375,1
하현우,"국카스텐, 'Hello' 콘서트 오프닝 음원 무료 공개..'끝없는 팬사랑'",연예,1,2019,06,12,7:52,59,59,0,0,0,0,0,0,0,0,0,https://news.naver.com/main/read.nhn?mode=LSD&mid=sec&sid1=106&oid=011&aid=0003568573,1
하현우,"국카스텐, 끝없는 팬♥…'Hello' 콘서트 오프닝 음원 무료 공개",연예,1,2019,06,11,9:26,132,132,0,0,0,0,0,0,0,0,0,https://news.naver.com/main/read.nhn?mode=LSD&mid=sec&sid1=106&oid=076&aid=0003427447,1
하현우,"국가스텐, 'Hello(헬로)' 콘서트 오프닝 음원 무료 공개",연예,1,2019,06,11,10:02,26,26,0,0,0,0,0,0,0,0,0,https://news.naver.com/main/read.nhn?mode=LSD&mid=sec&sid1=106&oid=112&aid=0003174466,1
하현우,"국카스텐 하현우, 608 싱글 '안개' 작사&피쳐링 지원사격",연예,2,2019,06,21,11:06,126,126,0,0,0,0,0,0,0,0,0,https://news.naver.com/main/read.nhn?mode=LSD&mid=sec&sid1=106&oid=468&aid=0000523512,1
하현우,"'유희열의 스케치북' 국카스텐, 저세상 텐션 뽐내는 충격과 공포의 ‘흥카스텐'",연예,2,2019,06,20,15:37,2,2,0,0,0,0,0,0,0,0,0,https://news.naver.com/main/read.nhn?mode=LSD&mid=sec&sid1=106&oid=082&aid=0000916327,1
하현우,"'유스케' 국가스텐, 현란한 비트박스...""유희열 프로듀서명이 '잣'?""",연예,2,2019,06,22,12:05,33,33,0,0,0,0,0,0,0,0,0,https://news.naver.com/main/read.nhn?mode=LSD&mid=sec&sid1=106&oid=117&aid=0003234903,1
하현우,[취재후 Talk] 검찰총장 후보자는 '윤서결'일까? '윤성녈'일까?,사회,2,2019,06,18,14:37,136,31,0,1,99,5,0,0,0,0,0,https://news.naver.com/main/read.nhn?mode=LSD&mid=sec&sid1=102&oid=448&aid=0000276240,1
하현우,프로젝트그룹 608 싱글 `안개` 발매…하현우 피처링,연예,2,2019,06,21,11:06,98,98,0,0,0,0,0,0,0,0,0,https://news.naver.com/main/read.nhn?mode=LSD&mid=sec&sid1=106&oid=009&aid=0004377815,1
하현우,"608, 싱글 '안개' 발매…하현우 작사·피처링 지원사격 '의리'",연예,2,2019,06,21,19:30,41,41,0,0,0,0,0,0,0,0,0,https://news.naver.com/main/read.nhn?mode=LSD&mid=sec&sid1=106&oid=311&aid=0001008250,1
하현우,"‘국카스텐 의리’ 하현우, 김기범X곰방이 608 위해 작사·피처링 참여",연예,2,2019,06,21,11:38,68,68,0,0,0,0,0,0,0,0,0,https://news.naver.com/main/read.nhn?mode=LSD&mid=sec&sid1=106&oid=469&aid=0000398878,1
하현우,[유희열의 스케치북] 막강한 신세대 힙합 듀오로 활동 중인 루피&나플라 ♬ 얼음왕,,2,2019,06,22,10:05,11,11,0,0,0,0,0,0,0,0,0,https://news.naver.com/main/read.nhn?mode=LSD&mid=sec&sid1=004&oid=438&aid=0000024895,1
하현우,[유희열의 스케치북] 황홀한 보이스의 소유자 감성보컬! 김민석 ♬ 눈물이 주룩주룩,,2,2019,06,22,9:42,3,3,0,0,0,0,0,0,0,0,0,https://news.naver.com/main/read.nhn?mode=LSD&mid=sec&sid1=004&oid=438&aid=0000024893,1
하현우,[유희열의 스케치북] 오직 노래의 힘 하나로 무대에 오른 임재현 ♬사랑에 연습이 있었다면,,2,2019,06,22,9:53,16,15,0,0,1,0,0,0,0,0,0,https://news.naver.com/main/read.nhn?mode=LSD&mid=sec&sid1=004&oid=438&aid=0000024894,1
하현우,[유희열의 스케치북] 대한민국 밴드의 자존심 국카스텐 ♬ 이방인 -강렬한 사운드-,,2,2019,06,22,9:29,69,69,0,0,0,0,0,0,0,0,0,https://news.naver.com/main/read.nhn?mode=LSD&mid=sec&sid1=004&oid=438&aid=0000024892,1
하현우,"허영지 양갈래, 전 남친 하현우와 결별 후 '열일 중'",연예,3,2019,06,28,11:46,2,2,0,0,0,0,0,0,0,0,0,https://news.naver.com/main/read.nhn?mode=LSD&mid=sec&sid1=106&oid=082&aid=0000918912,1
하현우,[시청자가 찜한 TV] 여전히 궁금한 '복면가왕' 4위,생활,3,2019,06,26,8:00,2,2,0,0,0,0,0,0,0,0,0,https://news.naver.com/main/read.nhn?mode=LSD&mid=sec&sid1=103&oid=001&aid=0010913460,1
하현우,허영지 근황 '창백한' 얼굴… 하현우와 결별 이유는?,연예,4,2019,07,05,21:53,5,4,0,1,0,0,0,0,0,0,0,https://news.naver.com/main/read.nhn?mode=LSD&mid=sec&sid1=106&oid=082&aid=0000921141,1
하현우,"'쇼 오디오자키' 박명수부터 설하윤까지, 마지막 로드싱어 찾는다",연예,4,2019,06,30,16:07,9,8,0,1,0,0,0,0,0,0,0,https://news.naver.com/main/read.nhn?mode=LSD&mid=sec&sid1=106&oid=117&aid=0003238898,1
하현우,"렛츠락페스티벌, 넬-국카스텐-잔나비 포함된 2차 라인업 공개",연예,6,2019,07,18,9:13,58,58,0,0,0,0,0,0,0,0,0,https://news.naver.com/main/read.nhn?mode=LSD&mid=sec&sid1=106&oid=144&aid=0000621585,1
하현우,국카스텐 하현우 발라더 변신…새 싱글 ‘환상’ 발매,연예,8,2019,08,02,9:23,57,57,0,0,0,0,0,0,0,0,0,https://news.naver.com/main/read.nhn?mode=LSD&mid=sec&sid1=106&oid=382&aid=0000751357,1
하현우,영월 동강뗏목축제 내달 3일 개막,사회,8,2019,07,28,24:12,15,15,0,0,0,0,0,0,0,0,0,https://news.naver.com/main/read.nhn?mode=LSD&mid=sec&sid1=102&oid=002&aid=0002098627,1
하현우,"국카스텐 하현우, 발라더 변신…새 싱글 '환상' 3일 발표",연예,8,2019,08,02,9:31,53,53,0,0,0,0,0,0,0,0,0,https://news.naver.com/main/read.nhn?mode=LSD&mid=sec&sid1=106&oid=312&aid=0000401936,1
하현우,"하현우, 새 싱글 '환상' 3일 발매...심금 울리는 발라더로 변신",연예,8,2019,08,02,9:21,58,58,0,0,0,0,0,0,0,0,0,https://news.naver.com/main/read.nhn?mode=LSD&mid=sec&sid1=106&oid=112&aid=0003195460,1
하현우,"하현우, 발라더 변신…3일 새 싱글 '환상' 발매 [공식입장]",연예,8,2019,08,02,9:19,169,169,0,0,0,0,0,0,0,0,0,https://news.naver.com/main/read.nhn?mode=LSD&mid=sec&sid1=106&oid=311&aid=0001027317,1
하현우,‘2019 동강뗏목축제’ 8일 개막,사회,9,2019,08,06,17:00,1,1,0,0,0,0,0,0,0,0,0,https://news.naver.com/main/read.nhn?mode=LSD&mid=sec&sid1=102&oid=002&aid=0002099599,1
하현우,"동강뗏목축제, 8~10일 영월 동강둔치 일원서 펼쳐진다",사회,9,2019,08,07,11:19,3,3,0,0,0,0,0,0,0,0,0,https://news.naver.com/main/read.nhn?mode=LSD&mid=sec&sid1=102&oid=421&aid=0004133790,1
하현우,"하현우, 독립유공자 후손 초청 위로공연 참여..'아리랑' 열창 예정",연예,10,2019,08,12,10:45,50,50,0,0,0,0,0,0,0,0,0,https://news.naver.com/main/read.nhn?mode=LSD&mid=sec&sid1=106&oid=011&aid=0003601843,1
하현우,윤봉길 의사 증손·봉오동전투 최운산 장군 후손 한자리 모인 사연은,경제,10,2019,08,14,14:01,22,20,2,0,0,0,0,0,0,0,0,https://news.naver.com/main/read.nhn?mode=LSD&mid=sec&sid1=101&oid=009&aid=0004409914,1
하현우,"보훈처, 영주귀국 독립유공자 후손들에 지원금 전달",,10,2019,08,13,8:35,6,6,0,0,0,0,0,0,0,0,0,https://news.naver.com/main/read.nhn?mode=LSD&mid=sec&sid1=004&oid=001&aid=0011015718,1
하현우,"플랫폼파트너스자산운용, 인프라펀드 2차 자금모집 돌입",경제,10,2019,08,12,10:02,2,2,0,0,0,0,0,0,0,0,0,https://news.naver.com/main/read.nhn?mode=LSD&mid=sec&sid1=101&oid=015&aid=0004191157,1
하현우,"""고국의 품은 따스했습니다"" 독립유공자 후손 지원금 전달식 [사진in세상]",사회,10,2019,08,15,10:51,21,19,1,0,1,0,0,0,0,0,0,https://news.naver.com/main/read.nhn?mode=LSD&mid=sec&sid1=102&oid=022&aid=0003389411,1
하현우,"국카스텐 하현우, 독립유공자 희생 헌신 기린다…위로 공연 참석",연예,10,2019,08,12,9:28,62,62,0,0,0,0,0,0,0,0,0,https://news.naver.com/main/read.nhn?mode=LSD&mid=sec&sid1=106&oid=312&aid=0000403655,1
하현우,"하현우, 13일 국가보훈처 독립유공자 후손 초청 위로공연 참여",연예,10,2019,08,12,9:36,87,87,0,0,0,0,0,0,0,0,0,https://news.naver.com/main/read.nhn?mode=LSD&mid=sec&sid1=106&oid=382&aid=0000753633,1
하현우,"하현우, 독립유공자 헌신 기린다…‘아리랑’으로 위로공연 참여",연예,10,2019,08,12,9:14,71,71,0,0,0,0,0,0,0,0,0,https://news.naver.com/main/read.nhn?mode=LSD&mid=sec&sid1=106&oid=469&aid=0000412743,1
하현우,"보훈처-GS리테일, 영주귀국 독립유공자 후손 지원금 전달",정치,10,2019,08,13,10:42,1,1,0,0,0,0,0,0,0,0,0,https://news.naver.com/main/read.nhn?mode=LSD&mid=sec&sid1=100&oid=003&aid=0009397426,1
하현우,트랜스젠더 가수의 굴곡진 인생사… 한국 공연 2200회 스테디셀러 외,,11,2019,08,24,3:02,2,2,0,0,0,0,0,0,0,0,0,https://news.naver.com/main/read.nhn?mode=LSD&mid=sec&sid1=004&oid=023&aid=0003469206,1
하현우,"‘슈퍼밴드’, 그리고 그 이후 밴드 뮤직의 신호탄은?",생활,11,2019,08,22,10:40,63,60,3,0,0,0,0,0,0,0,0,https://news.naver.com/main/read.nhn?mode=LSD&mid=sec&sid1=103&oid=009&aid=0004414018,1
하현우,"하현우, 비속어 무대의상 사과 ""인지 못했다, 죄송""",연예,12,2019,08,26,14:50,5,1,0,4,0,0,0,0,0,0,0,https://news.naver.com/main/read.nhn?mode=LSD&mid=sec&sid1=106&oid=421&aid=0004163297,1
하현우,"하현우 ""'B****' 욕설 적힌 바지 입어 죄송…인지 못했다""",연예,12,2019,08,27,8:09,12,12,0,0,0,0,0,0,0,0,0,https://news.naver.com/main/read.nhn?mode=LSD&mid=sec&sid1=106&oid=025&aid=0002932599,1
하현우,"국카스텐 하현우, ""바지에 불쾌한 글씨..인지 못 했다. 죄송""",연예,12,2019,08,26,16:55,20,19,0,1,0,0,0,0,0,0,0,https://news.naver.com/main/read.nhn?mode=LSD&mid=sec&sid1=106&oid=241&aid=0002951958,1
하현우,"하현우, 욕설 의상 뭐길래…""불편하셨을 분들께 죄송""",연예,12,2019,08,26,13:15,7,7,0,0,0,0,0,0,0,0,0,https://news.naver.com/main/read.nhn?mode=LSD&mid=sec&sid1=106&oid=416&aid=0000248048,1
하현우,"하현우 사과 ""무대 의상에 불쾌한 글씨 인지 못해, 죄송하다"" [전문]",연예,12,2019,08,26,15:24,3,2,0,1,0,0,0,0,0,0,0,https://news.naver.com/main/read.nhn?mode=LSD&mid=sec&sid1=106&oid=015&aid=0004198504,1
하현우,'복면가왕' 전설 하현우가 추천한 복면가수 등장,연예,13,2019,09,07,9:45,18,18,0,0,0,0,0,0,0,0,0,https://news.naver.com/main/read.nhn?mode=LSD&mid=sec&sid1=106&oid=241&aid=0002955703,1
하현우,'복면가왕' 최다 연승 가왕 ‘음악대장’ 하현우의 추천가수 등장,연예,13,2019,09,07,8:42,8,8,0,0,0,0,0,0,0,0,0,https://news.naver.com/main/read.nhn?mode=LSD&mid=sec&sid1=106&oid=015&aid=0004205581,1
하현우,‘복면가왕’ 레전드 가왕 음악대장 하현우의 추천가수 등장,연예,13,2019,09,07,8:09,25,25,0,0,0,0,0,0,0,0,0,https://news.naver.com/main/read.nhn?mode=LSD&mid=sec&sid1=106&oid=609&aid=0000167643,1
하현우,'복면가왕' 최다 연승 가왕 ‘음악대장’ 하현우의 추천가수 등장..궁금증UP,연예,13,2019,09,07,14:25,12,12,0,0,0,0,0,0,0,0,0,https://news.naver.com/main/read.nhn?mode=LSD&mid=sec&sid1=106&oid=408&aid=0000077640,1
하현우,"'복면가왕' 새 복면가수, 음악대장 하현우가 출연 권유 '술렁'",연예,13,2019,09,07,16:29,9,9,0,0,0,0,0,0,0,0,0,https://news.naver.com/main/read.nhn?mode=LSD&mid=sec&sid1=106&oid=117&aid=0003271221,1
하현우,"'복면가왕', 음악대장 하현우 추천가수 등장..가왕이 인정한 실력자 누굴까",연예,13,2019,09,07,8:24,7,7,0,0,0,0,0,0,0,0,0,https://news.naver.com/main/read.nhn?mode=LSD&mid=sec&sid1=106&oid=112&aid=0003209641,1
하현우,"'복면가왕', 레전드 음악대장 하현우 추천가수 등장..실력자 누구? [Oh!쎈 컷]",연예,13,2019,09,07,8:19,29,29,0,0,0,0,0,0,0,0,0,https://news.naver.com/main/read.nhn?mode=LSD&mid=sec&sid1=106&oid=109&aid=0004081934,1
하현우,‘복면가왕’ ‘음악대장’ 하현우가 추천한 가수 등장?...가왕이 인정한 실력자는 누구,연예,13,2019,09,07,23:52,6,6,0,0,0,0,0,0,0,0,0,https://news.naver.com/main/read.nhn?mode=LSD&mid=sec&sid1=106&oid=469&aid=0000420499,1
하현우,"`복면가왕`, 지니 대적 할 엄청난 女가수 등장...반전 여가수의 ‘아이돌’ 댄스 완벽 커버 [MK★TV컷]",연예,13,2019,09,07,18:58,3,3,0,0,0,0,0,0,0,0,0,https://news.naver.com/main/read.nhn?mode=LSD&mid=sec&sid1=106&oid=410&aid=0000621598,1
하현우,'복면가왕' 가왕 하현우가 추천한 실력자는 누구?,연예,13,2019,09,07,8:48,15,15,0,0,0,0,0,0,0,0,0,https://news.naver.com/main/read.nhn?mode=LSD&mid=sec&sid1=106&oid=108&aid=0002808868,1
하현우,"'복면가왕' 송편은 김정현 ""하현우가 목소리 좋다며 출연 권유""",연예,14,2019,09,08,17:29,25,25,0,0,0,0,0,0,0,0,0,https://news.naver.com/main/read.nhn?mode=LSD&mid=sec&sid1=106&oid=076&aid=0003466061,1
하현우,'복면가왕' 하현우 추천 복면가수 등장 '술렁',연예,14,2019,09,08,16:57,5,5,0,0,0,0,0,0,0,0,0,https://news.naver.com/main/read.nhn?mode=LSD&mid=sec&sid1=106&oid=119&aid=0002351100,1
하현우,"'복면가왕' 황재근 ""음악대장 하현우 가면, 성형 제일 많이 했다""",연예,14,2019,09,08,17:45,19,19,0,0,0,0,0,0,0,0,0,https://news.naver.com/main/read.nhn?mode=LSD&mid=sec&sid1=106&oid=312&aid=0000408627,1
하현우,김정현→황재근도 못잊은 ‘복면가왕’ 음악대장 하현우 아우라[어제TV],연예,14,2019,09,09,6:01,42,42,0,0,0,0,0,0,0,0,0,https://news.naver.com/main/read.nhn?mode=LSD&mid=sec&sid1=106&oid=609&aid=0000168370,1
하현우,"[종합]'복면가왕' 김정현·황재근·이미주·권현빈, 추석특집 빛낸 '반전 가창력'",연예,14,2019,09,08,18:29,4,4,0,0,0,0,0,0,0,0,0,https://news.naver.com/main/read.nhn?mode=LSD&mid=sec&sid1=106&oid=076&aid=0003466080,1
하현우,"'복면가왕' 디자이너 황재근, 눈물의 소감 전하며 감동..'동시간대 시청률 1위'",연예,14,2019,09,09,8:29,4,4,0,0,0,0,0,0,0,0,0,https://news.naver.com/main/read.nhn?mode=LSD&mid=sec&sid1=106&oid=011&aid=0003616057,1
하현우,"`복면가왕` 김정현, ""하현우 추천 받아 출연""... 모둠전 2R 진출",연예,14,2019,09,08,17:26,6,6,0,0,0,0,0,0,0,0,0,https://news.naver.com/main/read.nhn?mode=LSD&mid=sec&sid1=106&oid=009&aid=0004424212,1
하현우,‘복면가왕’ ‘송편’ 정체는 배우 김정현 “‘음악대장’ 하현우 추천으로 출연”,연예,14,2019,09,08,20:53,12,12,0,0,0,0,0,0,0,0,0,https://news.naver.com/main/read.nhn?mode=LSD&mid=sec&sid1=106&oid=408&aid=0000077691,1
하현우,"'복면가왕' 송편=김정현, 반전 노래 실력 ""하현우 추천으로 출연""",연예,14,2019,09,08,17:24,2,2,0,0,0,0,0,0,0,0,0,https://news.naver.com/main/read.nhn?mode=LSD&mid=sec&sid1=106&oid=117&aid=0003271487,1
하현우,‘복면가왕’ 송편=김정현 “9연승 했던 하현우 권유로 출연했다”,연예,14,2019,09,08,17:27,15,15,0,0,0,0,0,0,0,0,0,https://news.naver.com/main/read.nhn?mode=LSD&mid=sec&sid1=106&oid=057&aid=0001380654,1
하현우,"'복면가왕' 가왕이 인정한 실력자 등장, 누구일까?",연예,14,2019,09,08,7:01,7,7,0,0,0,0,0,0,0,0,0,https://news.naver.com/main/read.nhn?mode=LSD&mid=sec&sid1=106&oid=011&aid=0003615757,1
하현우,"'복면가왕' 디자이너 황재근 출연 ""가면 제작하며 자신감 찾아"" 눈물",연예,14,2019,09,08,17:47,4,4,0,0,0,0,0,0,0,0,0,https://news.naver.com/main/read.nhn?mode=LSD&mid=sec&sid1=106&oid=076&aid=0003466074,1
하현우,"황재근 “복면가왕 가면 만들기 전, 난 못난이라 생각” 눈물[결정적장면]",연예,14,2019,09,09,6:01,7,7,0,0,0,0,0,0,0,0,0,https://news.naver.com/main/read.nhn?mode=LSD&mid=sec&sid1=106&oid=609&aid=0000168367,1
하현우,‘복면가왕’ 김정현X디자이너 황재근X러블리즈 미주X권현빈 1R 정체 공개(종합),연예,14,2019,09,08,18:29,2,2,0,0,0,0,0,0,0,0,0,https://news.naver.com/main/read.nhn?mode=LSD&mid=sec&sid1=106&oid=112&aid=0003210024,1
하현우,'복면가왕' 김정현-황재근-이미주-권현빈 정체공개…모둠전-베르사유의장미·짚신·김서방 2R 진출,연예,14,2019,09,08,19:10,2,2,0,0,0,0,0,0,0,0,0,https://news.naver.com/main/read.nhn?mode=LSD&mid=sec&sid1=106&oid=082&aid=0000939568,1
하현우,"‘복면가왕’ 김정현X권현빈X미주X황재근, 새로운 도약 그리고 반전 “대성공”[콕TV]",연예,14,2019,09,08,18:31,5,5,0,0,0,0,0,0,0,0,0,https://news.naver.com/main/read.nhn?mode=LSD&mid=sec&sid1=106&oid=213&aid=0001129735,1
하현우,"[종합] `복면가왕` 김정현X황재근X러블리즈 미주X권현빈, 반전 정체 공개",연예,14,2019,09,08,18:29,13,13,0,0,0,0,0,0,0,0,0,https://news.naver.com/main/read.nhn?mode=LSD&mid=sec&sid1=106&oid=009&aid=0004424280,1
하현우,'복면가왕' 김정현→권현빈...정체 공개로 동시간대 시청률 1위,연예,14,2019,09,09,11:48,8,8,0,0,0,0,0,0,0,0,0,https://news.naver.com/main/read.nhn?mode=LSD&mid=sec&sid1=106&oid=311&aid=0001043751,1
하현우,"[HI★리뷰] ‘복면가왕’ 김정현-황재근-러블리즈 미주-권현빈, 탈락이 아까운 반전 정체",연예,14,2019,09,09,8:23,7,7,0,0,0,0,0,0,0,0,0,https://news.naver.com/main/read.nhn?mode=LSD&mid=sec&sid1=106&oid=469&aid=0000420720,1
하현우,'복면가왕' 김정현-황재근-미주-권현빈 등장… 동시간대 시청률 1위,연예,14,2019,09,09,9:09,9,9,0,0,0,0,0,0,0,0,0,https://news.naver.com/main/read.nhn?mode=LSD&mid=sec&sid1=106&oid=408&aid=0000077704,1
하현우,"'복면가왕' 5연승 고비 넘긴 지니, 이원석 넘어 하현우까지 넘볼까",연예,16,2019,09,22,10:16,7,7,0,0,0,0,0,0,0,0,0,https://news.naver.com/main/read.nhn?mode=LSD&mid=sec&sid1=106&oid=241&aid=0002959561,1
하현우,"‘복면가왕’ 가왕 ‘노래요정 지니’, ‘음악대장’ 하현우 자리까지 넘볼까?",연예,16,2019,09,22,16:55,2,2,0,0,0,0,0,0,0,0,0,https://news.naver.com/main/read.nhn?mode=LSD&mid=sec&sid1=106&oid=011&aid=0003622281,1
하현우,"'복면가왕' 노래요정 지니, 5연승 고비 넘겼다…이원석 넘어 하현우 자리 넘볼까",연예,16,2019,09,22,8:56,7,7,0,0,0,0,0,0,0,0,0,https://news.naver.com/main/read.nhn?mode=LSD&mid=sec&sid1=106&oid=015&aid=0004212306,1
하현우,"'복면가왕' 5연승 '노래요정 지니', 이원석 기록 깨고 하현우 넘볼까",연예,16,2019,09,22,8:15,12,12,0,0,0,0,0,0,0,0,0,https://news.naver.com/main/read.nhn?mode=LSD&mid=sec&sid1=106&oid=112&aid=0003214555,1
하현우,"'복면가왕’ 만찢남, 새 가왕…6연승 실패한 지니는 누구?",사회,17,2019,09,29,20:02,2,1,1,0,0,0,0,0,0,0,0,https://news.naver.com/main/read.nhn?mode=LSD&mid=sec&sid1=102&oid=629&aid=0000000150,1
하현우,'복면가왕 만찢남' 규현 제치고 가왕 등극… 누구길래 '궁금증 ↑',연예,17,2019,10,02,8:03,10,10,0,0,0,0,0,0,0,0,0,https://news.naver.com/main/read.nhn?mode=LSD&mid=sec&sid1=106&oid=417&aid=0000455355,1
하현우,"‘복면가왕’ 규현 “3개월간 지니로 행복, 꿈꾸던 일 실현돼 감사”[직격인터뷰]",연예,17,2019,09,29,18:44,74,74,0,0,0,0,0,0,0,0,0,https://news.naver.com/main/read.nhn?mode=LSD&mid=sec&sid1=106&oid=609&aid=0000179256,1
하현우,"스트릿 패션 '스티그마', 론칭 10주년 기념 스트릿 아트 기획전",경제,17,2019,09,29,14:29,5,5,0,0,0,0,0,0,0,0,0,https://news.naver.com/main/read.nhn?mode=LSD&mid=sec&sid1=101&oid=018&aid=0004479055,1
하현우,"'복면가왕' 노래요정 지니, 6연승 도전",연예,17,2019,09,29,9:42,50,50,0,0,0,0,0,0,0,0,0,https://news.naver.com/main/read.nhn?mode=LSD&mid=sec&sid1=106&oid=079&aid=0003274780,1
하현우,'복면가왕' ‘노래요정 지니’ 남성 가왕 랭킹 2위에 도전한다,연예,17,2019,09,29,8:35,15,15,0,0,0,0,0,0,0,0,0,https://news.naver.com/main/read.nhn?mode=LSD&mid=sec&sid1=106&oid=015&aid=0004215766,1
하현우,"'복면가왕' 노래요정 지니, 6연승 도전···남성 가왕 랭킹 2위 가능할까?",연예,17,2019,09,29,10:14,18,18,0,0,0,0,0,0,0,0,0,https://news.naver.com/main/read.nhn?mode=LSD&mid=sec&sid1=106&oid=312&aid=0000412117,1
하현우,"'복면가왕' 지니는 슈퍼주니어 규현…만찢남, 새 가왕 등극(종합)",연예,17,2019,09,29,18:25,29,28,0,1,0,0,0,0,0,0,0,https://news.naver.com/main/read.nhn?mode=LSD&mid=sec&sid1=106&oid=421&aid=0004221725,1
하현우,"""故신해철→하현우까지"" '놀면뭐하니' 유재석, 드럼 독주회 성료",연예,18,2019,10,11,9:23,72,71,0,1,0,0,0,0,0,0,0,https://news.naver.com/main/read.nhn?mode=LSD&mid=sec&sid1=106&oid=421&aid=0004242736,1
하현우,"하현우, 아트워크 한정판 굿즈 판매 수익금 아티스트 양성 위해 기부",연예,18,2019,10,10,14:07,45,45,0,0,0,0,0,0,0,0,0,https://news.naver.com/main/read.nhn?mode=LSD&mid=sec&sid1=106&oid=011&aid=0003632132,1
하현우,"노원 철도공원서 가을음악회, 12일 하현우·바다 등 무대에",사회,18,2019,10,10,14:31,26,24,1,1,0,0,0,0,0,0,0,https://news.naver.com/main/read.nhn?mode=LSD&mid=sec&sid1=102&oid=021&aid=0002404933,1
하현우,`새 음원` `포비아`로 돌아온 부활 출신 `괴물성대` 김동명,생활,18,2019,10,12,6:02,28,25,0,0,2,1,0,0,0,0,0,https://news.naver.com/main/read.nhn?mode=LSD&mid=sec&sid1=103&oid=009&aid=0004443023,1
하현우,"하현우·바다·김동규, 노원구 경춘선 숲길 가을음악회",사회,18,2019,10,07,14:56,24,24,0,0,0,0,0,0,0,0,0,https://news.naver.com/main/read.nhn?mode=LSD&mid=sec&sid1=102&oid=003&aid=0009492300,1
하현우,노원의 가을밤 수놓는 클래식·대중가요 향연,사회,18,2019,10,08,5:08,12,12,0,0,0,0,0,0,0,0,0,https://news.naver.com/main/read.nhn?mode=LSD&mid=sec&sid1=102&oid=081&aid=0003034269,1
하현우,"`놀면 뭐하니` 유재석X이승환X하현우, 故 신해철 미발표곡 공개",연예,18,2019,10,11,9:27,39,39,0,0,0,0,0,0,0,0,0,https://news.naver.com/main/read.nhn?mode=LSD&mid=sec&sid1=106&oid=009&aid=0004442499,1
하현우,"[단독] 故신해철 미발표곡 공개…유재석, '놀면뭐하니' 드럼독주회서 히든 무대(ft.이승환·하현우)",연예,18,2019,10,11,6:59,252,246,0,6,0,0,0,0,0,0,0,https://news.naver.com/main/read.nhn?mode=LSD&mid=sec&sid1=106&oid=311&aid=0001058096,1
하현우,"'놀면 뭐하니' 유재석, 드럼 독주회…故신해철 미발표곡 공개",연예,18,2019,10,11,10:25,26,26,0,0,0,0,0,0,0,0,0,https://news.naver.com/main/read.nhn?mode=LSD&mid=sec&sid1=106&oid=215&aid=0000815498,1
하현우,"'놀면 뭐하니?' 유재석 '드럼 독주회', 천재 뮤지션들과 함께한 150분 향연",연예,18,2019,10,11,9:12,39,39,0,0,0,0,0,0,0,0,0,https://news.naver.com/main/read.nhn?mode=LSD&mid=sec&sid1=106&oid=076&aid=0003479991,1
하현우,"하현우, 아티스트 꿈꾸는 청소년 돕는다…한정판 굿즈 수익금 기부",연예,18,2019,10,10,11:19,57,57,0,0,0,0,0,0,0,0,0,https://news.naver.com/main/read.nhn?mode=LSD&mid=sec&sid1=106&oid=311&aid=0001057553,1
하현우,"하현우, 아티스트 꿈꾸는 청소년 돕는다…아트워크 작가 변신",연예,18,2019,10,10,9:17,112,112,0,0,0,0,0,0,0,0,0,https://news.naver.com/main/read.nhn?mode=LSD&mid=sec&sid1=106&oid=469&aid=0000429432,1
하현우,"국카스텐 하현우· S.E.S 바다, 노원구 경춘선 숲길 가을음악회 출연",사회,18,2019,10,07,9:11,21,20,0,0,0,1,0,0,0,0,0,https://news.naver.com/main/read.nhn?mode=LSD&mid=sec&sid1=102&oid=277&aid=0004548518,1
하현우,국카스텐 하현우·S.E.S 바다…12일 '경춘선 숲길 가을음악회',사회,18,2019,10,07,11:29,22,21,0,0,0,1,0,0,0,0,0,https://news.naver.com/main/read.nhn?mode=LSD&mid=sec&sid1=102&oid=421&aid=0004235087,1
하현우,경춘선 숲길서 즐기는 가을음악회,사회,18,2019,10,07,9:19,6,6,0,0,0,0,0,0,0,0,0,https://news.naver.com/main/read.nhn?mode=LSD&mid=sec&sid1=102&oid=016&aid=0001587067,1
하현우,"'놀면 뭐하니' 유재석, 8비트 드럼 독주회 포착…뮤지션 총출동 [포인트:컷]",연예,19,2019,10,19,8:12,19,19,0,0,0,0,0,0,0,0,0,https://news.naver.com/main/read.nhn?mode=LSD&mid=sec&sid1=106&oid=311&aid=0001061710,1
하현우,"'놀면 뭐하니?' 지니어스 유재석, '유고스타의 드럼 독주회' 현장!",연예,19,2019,10,18,8:33,28,28,0,0,0,0,0,0,0,0,0,https://news.naver.com/main/read.nhn?mode=LSD&mid=sec&sid1=106&oid=117&aid=0003288422,1
하현우,"'복면가왕' 만찢남, 2연승 결정 순간 시청률 8%…송하예→노지훈 활약",연예,19,2019,10,14,7:51,4,4,0,0,0,0,0,0,0,0,0,https://news.naver.com/main/read.nhn?mode=LSD&mid=sec&sid1=106&oid=241&aid=0002967348,1
하현우,유플래쉬 이어 유산슬…유재석의 '놀면 뭐하니?' 본격 가열,생활,19,2019,10,13,9:28,50,43,5,0,2,0,0,0,0,0,0,https://news.naver.com/main/read.nhn?mode=LSD&mid=sec&sid1=103&oid=001&aid=0011138851,1
하현우,"'놀면 뭐하니?' 유재석 독주→긱스, 드럼 독주회 장식...""멋진 컬래버""",연예,19,2019,10,19,11:16,24,24,0,0,0,0,0,0,0,0,0,https://news.naver.com/main/read.nhn?mode=LSD&mid=sec&sid1=106&oid=076&aid=0003483410,1
하현우,‘놀면 뭐하니?-유플래쉬’ 유재석의 ‘드럼 독주회’ 컬래버 무대,연예,19,2019,10,19,10:21,9,9,0,0,0,0,0,0,0,0,0,https://news.naver.com/main/read.nhn?mode=LSD&mid=sec&sid1=106&oid=015&aid=0004226285,1
하현우,‘놀면 뭐하니?-유플래쉬’ 유재석 ‘드럼 독주회’ 컬래버 무대,연예,19,2019,10,19,8:41,29,29,0,0,0,0,0,0,0,0,0,https://news.naver.com/main/read.nhn?mode=LSD&mid=sec&sid1=106&oid=382&aid=0000769795,1
하현우,"'놀면 뭐하니?-유플래쉬' 유재석 드럼독주회, 유희열→폴킴 컬래버 완성",연예,19,2019,10,18,8:28,17,17,0,0,0,0,0,0,0,0,0,https://news.naver.com/main/read.nhn?mode=LSD&mid=sec&sid1=106&oid=241&aid=0002969363,1
하현우,‘놀면 뭐하니?-유플래쉬’ 유재석 드럼 독주회 공개…5곡 선보여,연예,19,2019,10,18,9:00,9,9,0,0,0,0,0,0,0,0,0,https://news.naver.com/main/read.nhn?mode=LSD&mid=sec&sid1=106&oid=382&aid=0000769589,1
하현우,"'놀면 뭐하니?-유플래쉬' 유재석, '유고스타의 드럼 독주회' 단체 컷 선공개",연예,19,2019,10,18,13:10,20,20,0,0,0,0,0,0,0,0,0,https://news.naver.com/main/read.nhn?mode=LSD&mid=sec&sid1=106&oid=011&aid=0003636511,1
하현우,"'복면가왕' 가왕 '만찢남', 거미의 '날 그만 잊어요'로 2연승 성공",연예,19,2019,10,14,7:34,1,1,0,0,0,0,0,0,0,0,0,https://news.naver.com/main/read.nhn?mode=LSD&mid=sec&sid1=106&oid=011&aid=0003633525,1
하현우,"'복면가왕' 송하예부터 노지훈까지, 이어지는 반전…만찢남 2연승 성공",연예,19,2019,10,14,8:28,12,11,0,1,0,0,0,0,0,0,0,https://news.naver.com/main/read.nhn?mode=LSD&mid=sec&sid1=106&oid=468&aid=0000575762,1
하현우,'복면가왕' 만찢남 2연승 성공…송하예·이루·전유나·노지훈 정체 공개,연예,19,2019,10,14,7:35,10,9,0,1,0,0,0,0,0,0,0,https://news.naver.com/main/read.nhn?mode=LSD&mid=sec&sid1=106&oid=076&aid=0003480774,1
하현우,"'복면가왕' 송하예-이루-전유나-노지훈, 정체 공개! 동시간대 시청률 1위",연예,19,2019,10,14,9:10,6,6,0,0,0,0,0,0,0,0,0,https://news.naver.com/main/read.nhn?mode=LSD&mid=sec&sid1=106&oid=408&aid=0000079400,1
하현우,"'놀면뭐하니' 유재석X이승환X하현우, 故 신해철을 추모하며[별별TV]",연예,20,2019,10,26,19:00,36,33,0,3,0,0,0,0,0,0,0,https://news.naver.com/main/read.nhn?mode=LSD&mid=sec&sid1=106&oid=108&aid=0002819361,1
하현우,"국카스텐 하현우 “故신해철, 우리를 비춰주는 하늘 위 영원한 별”",연예,20,2019,10,26,19:04,87,86,0,1,0,0,0,0,0,0,0,https://news.naver.com/main/read.nhn?mode=LSD&mid=sec&sid1=106&oid=410&aid=0000637934,1
하현우,"'놀면 뭐하니?' 유재석X송가인 만남 성사...""듀엣하면 대박일 듯""(종합)",연예,20,2019,10,26,19:55,"1,057","1,053",0,4,0,0,0,0,0,0,0,https://news.naver.com/main/read.nhn?mode=LSD&mid=sec&sid1=106&oid=112&aid=0003227785,1
하현우,"'놀면뭐하니?' 유재석, 신해철과 부른 '스타맨'…""많이 보고싶다""(종합)",연예,20,2019,10,26,19:53,15,15,0,0,0,0,0,0,0,0,0,https://news.naver.com/main/read.nhn?mode=LSD&mid=sec&sid1=106&oid=421&aid=0004271363,1
하현우,"'놀면 뭐하니' 유재석X이승환X하현우, 故신해철 향한 그리움의 외침",연예,20,2019,10,26,8:16,42,42,0,0,0,0,0,0,0,0,0,https://news.naver.com/main/read.nhn?mode=LSD&mid=sec&sid1=106&oid=468&aid=0000582275,1
하현우,"'놀면 뭐하니?' 유재석·이승환·하현우, 故신해철 위한 'STARMAN' 무대 공개",연예,20,2019,10,26,9:47,10,10,0,0,0,0,0,0,0,0,0,https://news.naver.com/main/read.nhn?mode=LSD&mid=sec&sid1=106&oid=076&aid=0003487248,1
하현우,"'놀면 뭐하니' 유재석X이승환X하현우, 故 신해철 위한 컬래버 '뭉클'",연예,20,2019,10,26,18:59,15,15,0,0,0,0,0,0,0,0,0,https://news.naver.com/main/read.nhn?mode=LSD&mid=sec&sid1=106&oid=311&aid=0001065896,1
하현우,이승환 “고 신해철에 마음의 빚 있다…콘서트 성사 직전 안타깝게 사망”,연예,20,2019,10,26,20:36,33,22,0,11,0,0,0,0,0,0,0,https://news.naver.com/main/read.nhn?mode=LSD&mid=sec&sid1=106&oid=144&aid=0000638884,1
하현우,"'놀면 뭐하니?' 이승환 ""'故신해철에게 마음의 부채가 있다""",연예,20,2019,10,26,18:57,42,28,0,14,0,0,0,0,0,0,0,https://news.naver.com/main/read.nhn?mode=LSD&mid=sec&sid1=106&oid=076&aid=0003487724,1
하현우,'놀면 뭐하니'故 신해철 추모 공연→ 유재석X송가인 듀엣 성사 [종합],연예,20,2019,10,26,19:48,29,27,0,2,0,0,0,0,0,0,0,https://news.naver.com/main/read.nhn?mode=LSD&mid=sec&sid1=106&oid=311&aid=0001065979,1
하현우,"'놀면뭐하니?' 유재석, '마왕' 신해철과 컬래버…""헤이 스타맨""",연예,20,2019,10,26,19:10,26,22,0,4,0,0,0,0,0,0,0,https://news.naver.com/main/read.nhn?mode=LSD&mid=sec&sid1=106&oid=421&aid=0004271272,1
하현우,"놀면 뭐하니?’, ‘유플래쉬’ 드럼 독주회로 전율과 감동",연예,21,2019,10,27,10:54,28,28,0,0,0,0,0,0,0,0,0,https://news.naver.com/main/read.nhn?mode=LSD&mid=sec&sid1=106&oid=015&aid=0004230636,1
하현우,故신해철 5주기 추모 물결…마왕의 목소리는 우리 곁에,연예,21,2019,10,27,9:21,22,4,0,18,0,0,0,0,0,0,0,https://news.naver.com/main/read.nhn?mode=LSD&mid=sec&sid1=106&oid=241&aid=0002973406,1
하현우,"'놀면 뭐하니?' 측 ""'유플래쉬', 해외 제작사들과 포맷 수출-공동제작 협의""",연예,21,2019,10,27,16:03,180,179,0,1,0,0,0,0,0,0,0,https://news.naver.com/main/read.nhn?mode=LSD&mid=sec&sid1=106&oid=076&aid=0003488014,1
하현우,"[어게인TV] '놀면 뭐하니?' 유재석X이승환X하현우, 故신해철을 향한 노래...""나의 락스타""",연예,21,2019,10,27,6:50,36,36,0,0,0,0,0,0,0,0,0,https://news.naver.com/main/read.nhn?mode=LSD&mid=sec&sid1=106&oid=112&aid=0003227825,1
하현우,"유재석·이승환·하현우, 故신해철 5주기 맞아 ‘STARMAN’ 헌정 무대",연예,21,2019,10,27,9:58,49,48,0,1,0,0,0,0,0,0,0,https://news.naver.com/main/read.nhn?mode=LSD&mid=sec&sid1=106&oid=057&aid=0001391337,1
하현우,"[SC리뷰]""보고싶다"" '놀면뭐하니' 故신해철 5주기 앞둔 '최고의 추모'",연예,21,2019,10,27,7:31,71,38,0,33,0,0,0,0,0,0,0,https://news.naver.com/main/read.nhn?mode=LSD&mid=sec&sid1=106&oid=076&aid=0003487930,1
하현우,'놀면 뭐하니' 음악으로 故 신해철 5주기 추모[★밤TV],연예,21,2019,10,27,18:00,10,10,0,0,0,0,0,0,0,0,0,https://news.naver.com/main/read.nhn?mode=LSD&mid=sec&sid1=106&oid=108&aid=0002819499,1
하현우,'놀면 뭐하니?' 土 저녁 완전 휩쓸었다...'유플래쉬' 드럼 독주회로 전율과 감동,연예,21,2019,10,27,9:56,"1,961","1,934",0,27,0,0,0,0,0,0,0,https://news.naver.com/main/read.nhn?mode=LSD&mid=sec&sid1=106&oid=468&aid=0000582803,1
하현우,"[SC리뷰] ""많이 보고싶다""..'놀면 뭐하니', 故신해철 5주기 위한 최고의 추모",연예,21,2019,10,27,9:00,12,11,0,1,0,0,0,0,0,0,0,https://news.naver.com/main/read.nhn?mode=LSD&mid=sec&sid1=106&oid=076&aid=0003487936,1
하현우,"[TV북마크] “신해철 5주기, 많이 보고싶다”…‘놀면뭐하니?’ 전율 헌정무대",연예,21,2019,10,27,9:34,10,10,0,0,0,0,0,0,0,0,0,https://news.naver.com/main/read.nhn?mode=LSD&mid=sec&sid1=106&oid=382&aid=0000772061,1
하현우,"'유플래쉬' 유재석, 故신해철 향한 그리움 ""오늘따라 보고싶다""",연예,21,2019,10,27,7:28,16,10,0,6,0,0,0,0,0,0,0,https://news.naver.com/main/read.nhn?mode=LSD&mid=sec&sid1=106&oid=241&aid=0002973386,1
하현우,신해철 오늘(27일) 5주기…여전히 그리운 가요계 마왕,연예,21,2019,10,27,10:36,9,0,0,9,0,0,0,0,0,0,0,https://news.naver.com/main/read.nhn?mode=LSD&mid=sec&sid1=106&oid=421&aid=0004271670,1
하현우,故신해철 5주기…추모 콘서트 ‘시월’ 열려,연예,21,2019,10,27,13:56,13,1,0,12,0,0,0,0,0,0,0,https://news.naver.com/main/read.nhn?mode=LSD&mid=sec&sid1=106&oid=016&aid=0001595038,1
하현우,"'놀면 뭐하니?-유플래쉬', 유재석부터 故 신해철까지…성장하는 예능의 묘미",연예,21,2019,10,27,13:50,23,22,0,1,0,0,0,0,0,0,0,https://news.naver.com/main/read.nhn?mode=LSD&mid=sec&sid1=106&oid=312&aid=0000417103,1
하현우,"‘놀면 뭐하니?’ 유재석부터 故 신해철까지, 마법 같은 한 편의 뮤직 드라마",연예,21,2019,10,27,15:57,22,17,0,5,0,0,0,0,0,0,0,https://news.naver.com/main/read.nhn?mode=LSD&mid=sec&sid1=106&oid=408&aid=0000080120,1
하현우,‘놀면 뭐하니?’ 유재석부터 故 신해철까지 음악과 함께 성장하는 예능,연예,21,2019,10,27,18:58,66,66,0,0,0,0,0,0,0,0,0,https://news.naver.com/main/read.nhn?mode=LSD&mid=sec&sid1=106&oid=015&aid=0004230863,1
하현우,‘놀면뭐하니’가 앞으로 보여줄 새로운 릴레이와 확장 모습은 어떨지,연예,21,2019,10,27,17:35,100,99,0,1,0,0,0,0,0,0,0,https://news.naver.com/main/read.nhn?mode=LSD&mid=sec&sid1=106&oid=016&aid=0001595062,1
하현우,"국카스텐, 신곡 '사냥' 오늘(30일) 발매…팬 200명 함께한 MV까지",연예,21,2019,10,30,9:03,132,130,0,2,0,0,0,0,0,0,0,https://news.naver.com/main/read.nhn?mode=LSD&mid=sec&sid1=106&oid=311&aid=0001067261,1
하현우,"국카스텐, 팬 200명 함께한 신곡 '사냥' 뮤직비디오 공개",연예,21,2019,10,30,15:06,44,44,0,0,0,0,0,0,0,0,0,https://news.naver.com/main/read.nhn?mode=LSD&mid=sec&sid1=106&oid=312&aid=0000417691,1
하현우,국카스텐 신곡 `사냥` 발표…1년 11개월 만,연예,21,2019,10,30,18:09,11,11,0,0,0,0,0,0,0,0,0,https://news.naver.com/main/read.nhn?mode=LSD&mid=sec&sid1=106&oid=009&aid=0004454561,1
하현우,"‘국카스텐’ 하현우, ‘배가본드’ OST 참여...오늘(9일) 오후 6시 발매",연예,22,2019,11,09,9:42,79,79,0,0,0,0,0,0,0,0,0,https://news.naver.com/main/read.nhn?mode=LSD&mid=sec&sid1=106&oid=312&aid=0000419620,1
하현우,"[리뷰]""에어팟인듯 아닌듯"" 가성비 무선이어폰 QCY-T5 써보니",IT,22,2019,11,05,11:10,8,7,0,0,0,1,0,0,0,0,0,https://news.naver.com/main/read.nhn?mode=LSD&mid=sec&sid1=105&oid=468&aid=0000587297,1
하현우,[톡톡TV]‘놀면 뭐하니’의 신해철 추모법,생활,22,2019,11,06,9:45,9,9,0,0,0,0,0,0,0,0,0,https://news.naver.com/main/read.nhn?mode=LSD&mid=sec&sid1=103&oid=033&aid=0000040037,1
하현우,'라디오쇼' 윤도현이 밝힌 #미남 순위 #정글의 법칙 #YB [종합],연예,22,2019,11,04,11:55,10,10,0,0,0,0,0,0,0,0,0,https://news.naver.com/main/read.nhn?mode=LSD&mid=sec&sid1=106&oid=311&aid=0001069481,1
하현우,"윤도현 “한달수입? 월급이라 고정적, 사업소득 택했다”",연예,22,2019,11,04,11:30,4,4,0,0,0,0,0,0,0,0,0,https://news.naver.com/main/read.nhn?mode=LSD&mid=sec&sid1=106&oid=609&aid=0000197698,1
하현우,"'라디오쇼' 윤도현 ""록커 미남 1위는 신성우""",연예,22,2019,11,04,11:23,3,2,0,1,0,0,0,0,0,0,0,https://news.naver.com/main/read.nhn?mode=LSD&mid=sec&sid1=106&oid=311&aid=0001069432,1
하현우,"하현우, '배가본드' OST 참여…오늘(9일) 'Vagabond' 공개",연예,22,2019,11,09,10:26,62,62,0,0,0,0,0,0,0,0,0,https://news.naver.com/main/read.nhn?mode=LSD&mid=sec&sid1=106&oid=213&aid=0001140013,1
하현우,"하현우, ‘배가본드’ 록발라드 OST 참여…웅장한 목소리",연예,22,2019,11,09,9:15,181,181,0,0,0,0,0,0,0,0,0,https://news.naver.com/main/read.nhn?mode=LSD&mid=sec&sid1=106&oid=469&aid=0000438520,1
하현우,"하현우, OST 참여! 'Vagabond' 오늘 발매! 방랑자의 심정을 담은 락 발라드!",연예,22,2019,11,09,10:49,19,19,0,0,0,0,0,0,0,0,0,https://news.naver.com/main/read.nhn?mode=LSD&mid=sec&sid1=106&oid=117&aid=0003298838,1
하현우,‘라디오쇼’ YB 윤도현 밝힌 #정규앨범 #록밴드 외모순위 #정글의법칙(종합),연예,22,2019,11,04,24:01,1,1,0,0,0,0,0,0,0,0,0,https://news.naver.com/main/read.nhn?mode=LSD&mid=sec&sid1=106&oid=609&aid=0000197745,1
하현우,[김작가의 음담악담(音談樂談)] 유플래쉬를 강변북로가요제와 차별화한 묵직한 한 방,,23,2019,11,11,10:01,12,11,0,1,0,0,0,0,0,0,0,https://news.naver.com/main/read.nhn?mode=LSD&mid=sec&oid=037&aid=0000027106,1
하현우,"김용진, ‘보좌관2’ OST ‘The End’ 11일 공개",연예,23,2019,11,11,8:42,2,2,0,0,0,0,0,0,0,0,0,https://news.naver.com/main/read.nhn?mode=LSD&mid=sec&sid1=106&oid=215&aid=0000822878,1
하현우,"김용진, '보좌관2' OST 첫 주자 발탁..엔딩 타이틀곡 'The End' 발표",연예,23,2019,11,12,7:25,1,1,0,0,0,0,0,0,0,0,0,https://news.naver.com/main/read.nhn?mode=LSD&mid=sec&sid1=106&oid=011&aid=0003649732,1
하현우,"가수 김용진, '보좌관2' OST 참여...'The End' 오늘 11일 공개",연예,23,2019,11,11,9:31,1,1,0,0,0,0,0,0,0,0,0,https://news.naver.com/main/read.nhn?mode=LSD&mid=sec&sid1=106&oid=468&aid=0000590000,1
하현우,"김용진, ‘보좌관2’ OST 참여…‘The End’ 오늘(11일) 공개",연예,23,2019,11,11,15:45,1,1,0,0,0,0,0,0,0,0,0,https://news.naver.com/main/read.nhn?mode=LSD&mid=sec&sid1=106&oid=015&aid=0004239535,1
하현우,"김용진, '보좌관2' OST 'The End' 오늘(11일) 발매",연예,23,2019,11,11,9:43,1,1,0,0,0,0,0,0,0,0,0,https://news.naver.com/main/read.nhn?mode=LSD&mid=sec&sid1=106&oid=108&aid=0002822899,1
하현우,경북 울진고 ‘아이들은 즐겁다’ 동아리 활동 전국 우뚝....여성가족부장관 대상수상,사회,24,2019,11,20,21:33,2,1,1,0,0,0,0,0,0,0,0,https://news.naver.com/main/read.nhn?mode=LSD&mid=sec&sid1=102&oid=016&aid=0001604737,1
하현우,"인터파크 '2019 최고의 책&음반' 투표, 12월13일까지",생활,24,2019,11,19,24:33,18,14,3,0,1,0,0,0,0,0,0,https://news.naver.com/main/read.nhn?mode=LSD&mid=sec&sid1=103&oid=003&aid=0009564477,1
하현우,"'오빠야' 신현희, '난장' 8대 MC자리 꿰찼다!",연예,24,2019,11,18,11:15,6,6,0,0,0,0,0,0,0,0,0,https://news.naver.com/main/read.nhn?mode=LSD&mid=sec&sid1=106&oid=404&aid=0000256733,1
하현우,양방언의 '디아스포라의 노래: 아리랑로드' 내달 개봉,생활,24,2019,11,22,14:40,4,3,0,0,1,0,0,0,0,0,0,https://news.naver.com/main/read.nhn?mode=LSD&mid=sec&sid1=103&oid=001&aid=0011230637,1
하현우,양방언 출연·음악감독 ‘디아스포라의 노래: 아리랑로드’ 내달 개봉,연예,24,2019,11,22,19:55,5,5,0,0,0,0,0,0,0,0,0,https://news.naver.com/main/read.nhn?mode=LSD&mid=sec&sid1=106&oid=144&aid=0000643610,1
하현우,"‘디아스포라의 노래:아리랑 로드’ 12월 개봉 확정, “양방언 음악감독 출연·연주”",연예,24,2019,11,22,11:36,13,13,0,0,0,0,0,0,0,0,0,https://news.naver.com/main/read.nhn?mode=LSD&mid=sec&sid1=106&oid=117&aid=0003303945,1
하현우,"‘오빠야’ 신현희, ‘문화콘서트 난장’ 8대 MC 꿰찼다",연예,24,2019,11,18,8:44,7,7,0,0,0,0,0,0,0,0,0,https://news.naver.com/main/read.nhn?mode=LSD&mid=sec&sid1=106&oid=011&aid=0003652719,1
하현우,국카스텐 측 “신곡 발매 27일→29일 연기”(공식),연예,25,2019,11,26,16:05,10,6,0,4,0,0,0,0,0,0,0,https://news.naver.com/main/read.nhn?mode=LSD&mid=sec&sid1=106&oid=609&aid=0000208918,1
하현우,"국카스텐, '해프닝'으로 추억 쌓은 후 크리스마스에 공연 개최",연예,26,2019,12,02,10:14,98,98,0,0,0,0,0,0,0,0,0,https://news.naver.com/main/read.nhn?mode=LSD&mid=sec&sid1=106&oid=312&aid=0000423719,1
하현우,"골목상권 살리는 백종원, '지역 경제'도 책임질까",연예,26,2019,12,06,24:26,5,5,0,0,0,0,0,0,0,0,0,https://news.naver.com/main/read.nhn?mode=LSD&mid=sec&sid1=106&oid=047&aid=0002249074,1
하현우,"국카스텐, 파괴력 넘치는 공연-앙코르 후엔 세상 다정한 `이벤트가이`",연예,26,2019,12,02,10:25,123,123,0,0,0,0,0,0,0,0,0,https://news.naver.com/main/read.nhn?mode=LSD&mid=sec&sid1=106&oid=009&aid=0004474195,1
하현우,"""최고의 추억 선사"" 국카스텐, 크리스마스 어쿠스틱 공연 개최 [공식입장]",연예,26,2019,12,02,15:17,33,33,0,0,0,0,0,0,0,0,0,https://news.naver.com/main/read.nhn?mode=LSD&mid=sec&sid1=106&oid=311&aid=0001082074,1
하현우,"국카스텐, 2019 해프닝 콘서트→최고의 추억 선사..'크리스마스 어쿠스틱 공연 개최'",연예,26,2019,12,02,10:04,74,74,0,0,0,0,0,0,0,0,0,https://news.naver.com/main/read.nhn?mode=LSD&mid=sec&sid1=106&oid=112&aid=0003242072,1
하현우,"'복면가왕' 가왕 '만찢남', 6연승 도전…새 역사 쓸까",연예,26,2019,12,01,9:59,2,2,0,0,0,0,0,0,0,0,0,https://news.naver.com/main/read.nhn?mode=LSD&mid=sec&sid1=106&oid=312&aid=0000423622,1
하현우,"'복면가왕' 6연승 도전 만찢남, 역대 남성 가왕 랭킹 2위 눈앞…역사 새로 쓸까?",연예,26,2019,12,01,24:08,1,1,0,0,0,0,0,0,0,0,0,https://news.naver.com/main/read.nhn?mode=LSD&mid=sec&sid1=106&oid=015&aid=0004250262,1
하현우,"'복면가왕' 만찢남 6연승 도전..""리틀 남자 이선희"" 등장",연예,26,2019,12,01,8:17,3,3,0,0,0,0,0,0,0,0,0,https://news.naver.com/main/read.nhn?mode=LSD&mid=sec&sid1=106&oid=108&aid=0002827240,1
하현우,"음악대장 하현우, '복면가왕' 판정단으로 출격",연예,27,2019,12,13,11:01,30,30,0,0,0,0,0,0,0,0,0,https://news.naver.com/main/read.nhn?mode=LSD&mid=sec&sid1=106&oid=312&aid=0000425637,1
하현우,‘유스케’ 국카스텐 하현우 “목소리 안 나올 때까지 노래 부르고 싶다”,연예,27,2019,12,13,9:23,176,176,0,0,0,0,0,0,0,0,0,https://news.naver.com/main/read.nhn?mode=LSD&mid=sec&sid1=106&oid=382&aid=0000783307,1
하현우,"‘복면가왕’ 만찢남 6연승, 하현우 이후 3년 만 “대기록을 향해”",연예,27,2019,12,09,10:46,3,3,0,0,0,0,0,0,0,0,0,https://news.naver.com/main/read.nhn?mode=LSD&mid=sec&sid1=106&oid=081&aid=0003049655,1
하현우,하현우 “더컴→국카스텐 그룹명 변경 이유? 軍으로 인한 해체”,연예,27,2019,12,14,8:35,52,52,0,0,0,0,0,0,0,0,0,https://news.naver.com/main/read.nhn?mode=LSD&mid=sec&sid1=106&oid=609&aid=0000218329,1
하현우,"‘복면가왕’ 만찢남, 하현우 이후 3년만 6연승 ‘유산슬=이승우’(종합)",연예,27,2019,12,08,19:45,100,96,0,4,0,0,0,0,0,0,0,https://news.naver.com/main/read.nhn?mode=LSD&mid=sec&sid1=106&oid=609&aid=0000215682,1
하현우,"만찢남, ‘복면가왕’ 하현우 이후 6연승 성공…유산슬은 소울스타 이승우",연예,27,2019,12,08,20:04,3,3,0,0,0,0,0,0,0,0,0,https://news.naver.com/main/read.nhn?mode=LSD&mid=sec&sid1=106&oid=469&aid=0000446815,1
하현우,"'복면가왕' 음악대장 하현우, 레전드다운 추리력? ""그 분이 확실하다""",연예,27,2019,12,13,10:58,59,59,0,0,0,0,0,0,0,0,0,https://news.naver.com/main/read.nhn?mode=LSD&mid=sec&sid1=106&oid=076&aid=0003508682,1
하현우,"'복면가왕' 하현우, 소신 추리의 적중률은..""그 분이 확실하다""",연예,27,2019,12,13,24:27,28,28,0,0,0,0,0,0,0,0,0,https://news.naver.com/main/read.nhn?mode=LSD&mid=sec&sid1=106&oid=011&aid=0003665960,1
하현우,"'복면가왕' 역대 랭킹 1위 '음악대장' 하현우 출격, 2위 '만찢남' 평가는?",연예,27,2019,12,13,11:22,33,33,0,0,0,0,0,0,0,0,0,https://news.naver.com/main/read.nhn?mode=LSD&mid=sec&sid1=106&oid=015&aid=0004256915,1
하현우,"'복면가왕' '음악대장' 하현우, 판정단 출격… 레전드다운 추리력 과시!",연예,27,2019,12,13,15:37,57,57,0,0,0,0,0,0,0,0,0,https://news.naver.com/main/read.nhn?mode=LSD&mid=sec&sid1=106&oid=408&aid=0000083136,1
하현우,"[투데이TV]'유스케' 국카스텐 하현우 ""목소리 안 나올 때까지 노래 부르고 싶다""",연예,27,2019,12,13,9:23,65,65,0,0,0,0,0,0,0,0,0,https://news.naver.com/main/read.nhn?mode=LSD&mid=sec&sid1=106&oid=112&aid=0003246072,1
하현우,‘유스케’ 국카스텐 하현우 “목소리 안 나올 때까지 노래 하고파”[오늘TV],연예,27,2019,12,13,9:11,56,56,0,0,0,0,0,0,0,0,0,https://news.naver.com/main/read.nhn?mode=LSD&mid=sec&sid1=106&oid=609&aid=0000217786,1
하현우,"'복면가왕' 만찢남, 6연승 가왕…하현우 이후 3년만",사회,27,2019,12,09,8:15,2,2,0,0,0,0,0,0,0,0,0,https://news.naver.com/main/read.nhn?mode=LSD&mid=sec&sid1=102&oid=008&aid=0004321867,1
하현우,"'복면가왕' 가왕 만찢남, 하현우 이후 3년 6개월 만 6연승 남성 가왕 등극",연예,27,2019,12,09,7:49,1,1,0,0,0,0,0,0,0,0,0,https://news.naver.com/main/read.nhn?mode=LSD&mid=sec&sid1=106&oid=015&aid=0004254091,1
하현우,"'복면가왕' 만찢남, 6연승 성공…하현우 9연승 기록 도전",연예,27,2019,12,09,10:30,10,10,0,0,0,0,0,0,0,0,0,https://news.naver.com/main/read.nhn?mode=LSD&mid=sec&sid1=106&oid=277&aid=0004585852,1
하현우,'복면가왕' 만찢남 6연승…수빈·제이어스·이민규·이승우 얼굴 공개(종합),연예,27,2019,12,08,20:02,32,31,0,1,0,0,0,0,0,0,0,https://news.naver.com/main/read.nhn?mode=LSD&mid=sec&sid1=106&oid=421&aid=0004346911,1
하현우,"'복면가왕' 만찢남, 하현우 이후 3년 만에 6연승…유산슬은 이승우 [종합]",연예,27,2019,12,08,19:46,6,6,0,0,0,0,0,0,0,0,0,https://news.naver.com/main/read.nhn?mode=LSD&mid=sec&sid1=106&oid=311&aid=0001084521,1
하현우,"‘복면가왕’ ‘만찢남’, ‘음악대장’ 이후 첫 6연승 남성 가왕 등극... ‘유산슬’은 소울스타 이승우",연예,27,2019,12,08,20:56,3,3,0,0,0,0,0,0,0,0,0,https://news.naver.com/main/read.nhn?mode=LSD&mid=sec&sid1=106&oid=408&aid=0000082838,1
하현우,'복면가왕' 유산슬 '이승우'로 밝혀져.. 감기 불구 '만찢남' 6연승,연예,27,2019,12,08,20:37,6,6,0,0,0,0,0,0,0,0,0,https://news.naver.com/main/read.nhn?mode=LSD&mid=sec&sid1=106&oid=015&aid=0004254049,1
하현우,‘복면가왕’ 성탄절 특집…음악대장 하현우 뜬다 [공식],연예,28,2019,12,20,17:46,82,82,0,0,0,0,0,0,0,0,0,https://news.naver.com/main/read.nhn?mode=LSD&mid=sec&sid1=106&oid=382&aid=0000785076,1
하현우,"'복면가왕', '음악대장' 선곡 재해석한 도전자 등장···하현우의 반응은?",연예,28,2019,12,21,9:43,27,27,0,0,0,0,0,0,0,0,0,https://news.naver.com/main/read.nhn?mode=LSD&mid=sec&sid1=106&oid=312&aid=0000426795,1
하현우,"'복면가왕' 캣츠보이=펜타곤 여원 ""하현우, 굉장히 존경하는 선배""",연예,28,2019,12,15,19:07,16,16,0,0,0,0,0,0,0,0,0,https://news.naver.com/main/read.nhn?mode=LSD&mid=sec&sid1=106&oid=117&aid=0003312468,1
하현우,"""하현우 존경""..'복면가왕' 펜타곤 여원, 판정단 사로잡은 미성의 보컬 실력",연예,28,2019,12,16,11:20,33,33,0,0,0,0,0,0,0,0,0,https://news.naver.com/main/read.nhn?mode=LSD&mid=sec&sid1=106&oid=112&aid=0003246938,1
하현우,'복면가왕' 만찢남 7연승 도전→옹알스 조수원·러블리즈 예인 등장,연예,28,2019,12,16,11:34,6,6,0,0,0,0,0,0,0,0,0,https://news.naver.com/main/read.nhn?mode=LSD&mid=sec&sid1=106&oid=241&aid=0002988261,1
하현우,"'복면가왕' 펜타곤 여원 ""'캣츠맨' 목소리 듣는 순간 결과알았다"" 폭소",연예,28,2019,12,17,9:53,11,11,0,0,0,0,0,0,0,0,0,https://news.naver.com/main/read.nhn?mode=LSD&mid=sec&sid1=106&oid=404&aid=0000258407,1
하현우,"'복면가왕' 조수원·펜타곤 여원·박선영·러블리즈 예인, 1R 탈락→반전 정체에 '깜짝' [종합]",연예,28,2019,12,15,20:02,15,15,0,0,0,0,0,0,0,0,0,https://news.naver.com/main/read.nhn?mode=LSD&mid=sec&sid1=106&oid=117&aid=0003312481,1
하현우,'복면가왕' 음악대장 하현우의 성탄 선물... '라스트 크리스마스'는 어떤 느낌?,연예,28,2019,12,20,11:27,14,14,0,0,0,0,0,0,0,0,0,https://news.naver.com/main/read.nhn?mode=LSD&mid=sec&sid1=106&oid=312&aid=0000426687,1
하현우,"성탄절 특집 '복면가왕' 하현우, '음악대장'이 선사한 귀호강 캐롤",연예,28,2019,12,20,11:28,39,39,0,0,0,0,0,0,0,0,0,https://news.naver.com/main/read.nhn?mode=LSD&mid=sec&sid1=106&oid=311&aid=0001089314,1
하현우,"""하현우→백지영 출격""..'복면가왕' 캐롤 재해석한 '성탄절특집' [Oh!쎈 컷]",연예,28,2019,12,20,11:04,40,40,0,0,0,0,0,0,0,0,0,https://news.naver.com/main/read.nhn?mode=LSD&mid=sec&sid1=106&oid=109&aid=0004138503,1
하현우,"‘복면가왕’ 성탄특집! ‘음악대장’ 하현우, 박수갈채 부른 캐럴 무대로 ‘귀 호강 예고’",연예,28,2019,12,20,11:43,85,85,0,0,0,0,0,0,0,0,0,https://news.naver.com/main/read.nhn?mode=LSD&mid=sec&sid1=106&oid=408&aid=0000083544,1
하현우,"""기권제도 없냐?""…'복면가왕' 하현우X백지영 판정단 출연",연예,28,2019,12,21,8:20,34,34,0,0,0,0,0,0,0,0,0,https://news.naver.com/main/read.nhn?mode=LSD&mid=sec&sid1=106&oid=117&aid=0003314634,1
하현우,"‘복면가왕’ 하현우, ‘음악대장’ 선곡 재해석한 복면 가수의 과감한 도전 ‘주목’",연예,28,2019,12,21,10:05,47,47,0,0,0,0,0,0,0,0,0,https://news.naver.com/main/read.nhn?mode=LSD&mid=sec&sid1=106&oid=408&aid=0000083617,1
하현우,'복면가왕' '음악대장' 과거 선곡을 재해석한 복면 가수의 과감한 도전장,연예,28,2019,12,21,13:55,28,28,0,0,0,0,0,0,0,0,0,https://news.naver.com/main/read.nhn?mode=LSD&mid=sec&sid1=106&oid=015&aid=0004261028,1
하현우,안세하 “‘복면가왕’서 음악대장 하현우 만나 탈락”(‘굿모닝FM’),연예,28,2019,12,16,9:32,7,7,0,0,0,0,0,0,0,0,0,https://news.naver.com/main/read.nhn?mode=LSD&mid=sec&sid1=106&oid=009&aid=0004482880,1
하현우,"안세하, '복면가왕'에서 보여준 지극한 효심..'눈물의 父子'",연예,28,2019,12,16,10:05,4,4,0,0,0,0,0,0,0,0,0,https://news.naver.com/main/read.nhn?mode=LSD&mid=sec&sid1=106&oid=108&aid=0002830356,1
하현우,‘복면가왕’ 하현우 “만찢남 7연승 도전? 자신과 싸움이 가장 중요” 조언,연예,28,2019,12,15,18:24,56,56,0,0,0,0,0,0,0,0,0,https://news.naver.com/main/read.nhn?mode=LSD&mid=sec&sid1=106&oid=410&aid=0000652640,1
하현우,'복면' 만찢남 7연승 도전..하현우·백지영 판정단 합류,연예,28,2019,12,15,8:20,10,10,0,0,0,0,0,0,0,0,0,https://news.naver.com/main/read.nhn?mode=LSD&mid=sec&sid1=106&oid=108&aid=0002830124,1
하현우,'복면가왕' 하현우-백지영 인정한 복면가수 등장…'만찢남' 위기?,연예,28,2019,12,15,8:15,19,19,0,0,0,0,0,0,0,0,0,https://news.naver.com/main/read.nhn?mode=LSD&mid=sec&sid1=106&oid=213&aid=0001145060,1
하현우,"'복면가왕' 백지영·하현우, 1R부터 가왕으로 찍은 복면가수 등장 [Oh!쎈 컷]",연예,28,2019,12,15,8:23,9,9,0,0,0,0,0,0,0,0,0,https://news.naver.com/main/read.nhn?mode=LSD&mid=sec&sid1=106&oid=109&aid=0004135609,1
하현우,"캣츠보이 정체 펜타곤 여원 “국카스텐, 국내밴드 원톱‥하현우 존경”(복면가왕)",연예,28,2019,12,15,19:04,142,142,0,0,0,0,0,0,0,0,0,https://news.naver.com/main/read.nhn?mode=LSD&mid=sec&sid1=106&oid=057&aid=0001403644,1
하현우,"'복면가왕' 캣츠보이, 펜타곤 여원이었다 ""예전에 밴드 활동..하현우 선배님 정말 존경""",연예,28,2019,12,15,19:03,31,31,0,0,0,0,0,0,0,0,0,https://news.naver.com/main/read.nhn?mode=LSD&mid=sec&sid1=106&oid=112&aid=0003246683,1
하현우,"‘복면가왕’ 캣츠보이, 정체는 여원 “펜타곤이 잘한다는 것 보여드리고 싶었다”",연예,28,2019,12,15,19:21,12,12,0,0,0,0,0,0,0,0,0,https://news.naver.com/main/read.nhn?mode=LSD&mid=sec&sid1=106&oid=469&aid=0000448817,1
하현우,"'복면가왕', '캣츠보이'=여원 ""펜타곤 4번째 출연""[별별TV]",연예,28,2019,12,15,19:05,5,5,0,0,0,0,0,0,0,0,0,https://news.naver.com/main/read.nhn?mode=LSD&mid=sec&sid1=106&oid=108&aid=0002830225,1
하현우,"'복면가왕' 펜타곤 여원 ""'캣츠맨 목소리 듣는 순간 결과 알았다."" 폭소",연예,28,2019,12,16,11:07,5,5,0,0,0,0,0,0,0,0,0,https://news.naver.com/main/read.nhn?mode=LSD&mid=sec&sid1=106&oid=215&aid=0000831682,1
하현우,"'복면가왕' 펜타곤 여원 ""'캣츠맨' 목소리 듣는 순간 결과 알았다""",연예,28,2019,12,16,11:57,16,16,0,0,0,0,0,0,0,0,0,https://news.naver.com/main/read.nhn?mode=LSD&mid=sec&sid1=106&oid=015&aid=0004258052,1
하현우,"'복면가왕' 펜타곤 여원 ""캣츠맨 목소리 듣는 순간 결과 알았다"" 폭소",연예,28,2019,12,16,24:59,9,9,0,0,0,0,0,0,0,0,0,https://news.naver.com/main/read.nhn?mode=LSD&mid=sec&sid1=106&oid=011&aid=0003666820,1
하현우,"'복면가왕' 펜타곤 여원 ""캣츠맨 목소리 듣는 순간 결과 알았다""",연예,28,2019,12,16,11:15,4,4,0,0,0,0,0,0,0,0,0,https://news.naver.com/main/read.nhn?mode=LSD&mid=sec&sid1=106&oid=312&aid=0000425947,1
하현우,'복면가왕' 가왕 '만찢남'의 7연승 도전…예인X윤상 티키타카 '최고 시청률',연예,28,2019,12,16,7:39,2,2,0,0,0,0,0,0,0,0,0,https://news.naver.com/main/read.nhn?mode=LSD&mid=sec&sid1=106&oid=076&aid=0003509447,1
하현우,"'복면가왕' 조수원-여원-박선영-예인, 정체 공개! 최고 시청률 9.9%",연예,28,2019,12,16,9:37,3,3,0,0,0,0,0,0,0,0,0,https://news.naver.com/main/read.nhn?mode=LSD&mid=sec&sid1=106&oid=408&aid=0000083272,1
하현우,"'복면가왕' 러블리즈 예인과 윤상의 티키타가, 최고 시청률 기록",연예,28,2019,12,16,10:01,51,51,0,0,0,0,0,0,0,0,0,https://news.naver.com/main/read.nhn?mode=LSD&mid=sec&sid1=106&oid=011&aid=0003666694,1
하현우,"'복면가왕' 가왕 만찢남 7연승 도전, 러블리즈 예인X윤상 티키타카 '최고 시청률'",연예,28,2019,12,16,7:52,7,7,0,0,0,0,0,0,0,0,0,https://news.naver.com/main/read.nhn?mode=LSD&mid=sec&sid1=106&oid=015&aid=0004257776,1
하현우,"'복면가왕' 옹알스 조수원, 투병 후 복귀→펜타곤 여원·박선영·러블리즈 예인 정체 공개[종합]",연예,28,2019,12,15,19:50,20,20,0,0,0,0,0,0,0,0,0,https://news.naver.com/main/read.nhn?mode=LSD&mid=sec&sid1=106&oid=112&aid=0003246686,1
하현우,"'복면가왕' 하현우, '만찢남' 내 기록 깨주길...",연예,29,2019,12,22,8:49,22,21,0,1,0,0,0,0,0,0,0,https://news.naver.com/main/read.nhn?mode=LSD&mid=sec&sid1=106&oid=015&aid=0004261248,1
하현우,"'복면가왕' 낭랑18세 정체 추리..'음악대장' 하현우 ""누군지 알겠다""",연예,29,2019,12,23,7:20,32,32,0,0,0,0,0,0,0,0,0,https://news.naver.com/main/read.nhn?mode=LSD&mid=sec&sid1=106&oid=108&aid=0002831707,1
하현우,"`복면가왕`낭랑18세 정체, 하현우 존경심 표한 이는 정경화? 소찬휘?",연예,29,2019,12,25,15:15,10,8,0,2,0,0,0,0,0,0,0,https://news.naver.com/main/read.nhn?mode=LSD&mid=sec&sid1=106&oid=410&aid=0000655260,1
하현우,"이석훈 6연승 `복면가왕` 만찢남…손승연·하현우와 동률 ""인생 경험""",연예,29,2019,12,23,9:12,1,1,0,0,0,0,0,0,0,0,0,https://news.naver.com/main/read.nhn?mode=LSD&mid=sec&sid1=106&oid=009&aid=0004487192,1
하현우,"[종합]'복면가왕' 만찢남은 SG워너비 '이석훈'..빅스 혁, 원더나인 승환, 손태진 정체 공개",연예,29,2019,12,22,20:53,8,8,0,0,0,0,0,0,0,0,0,https://news.naver.com/main/read.nhn?mode=LSD&mid=sec&sid1=106&oid=112&aid=0003249165,1
하현우,"'복면가왕' 하현우 ""내 기록 깨주길""…만찢남 응원",연예,29,2019,12,22,8:38,36,36,0,0,0,0,0,0,0,0,0,https://news.naver.com/main/read.nhn?mode=LSD&mid=sec&sid1=106&oid=311&aid=0001089992,1
하현우,"[투데이TV]'복면가왕' 하현우 ""'만찢남', 내 9연승 기록 깼으면""",연예,29,2019,12,22,8:02,8,8,0,0,0,0,0,0,0,0,0,https://news.naver.com/main/read.nhn?mode=LSD&mid=sec&sid1=106&oid=112&aid=0003249038,1
하현우,"`복면가왕` 9연승 하현우, 7연승 도전하는 만찢남 응원 ""내 기록 깨길""",연예,29,2019,12,22,9:50,23,23,0,0,0,0,0,0,0,0,0,https://news.naver.com/main/read.nhn?mode=LSD&mid=sec&sid1=106&oid=009&aid=0004486809,1
하현우,"'복면가왕' 만찢남 이석훈, 6연승 소감에 최고 시청률 기록",연예,29,2019,12,23,7:54,8,8,0,0,0,0,0,0,0,0,0,https://news.naver.com/main/read.nhn?mode=LSD&mid=sec&sid1=106&oid=241&aid=0002990107,1
하현우,"'복면가왕' 만찢남은 이석훈 ""가왕 무게 무거웠다"" 소감…'10.9%' 기록",연예,29,2019,12,23,7:36,2,2,0,0,0,0,0,0,0,0,0,https://news.naver.com/main/read.nhn?mode=LSD&mid=sec&sid1=106&oid=076&aid=0003511961,1
하현우,'복면가왕' '만찢남'은 SG워너비 이석훈… 소회 순간 최고 시청률 10.9%,연예,29,2019,12,23,9:11,9,9,0,0,0,0,0,0,0,0,0,https://news.naver.com/main/read.nhn?mode=LSD&mid=sec&sid1=106&oid=408&aid=0000083735,1
하현우,’복면가왕’ 오늘 만찢남 7연승 도전 결과 공개 (ft.하현우 등판),연예,29,2019,12,22,17:48,9,9,0,0,0,0,0,0,0,0,0,https://news.naver.com/main/read.nhn?mode=LSD&mid=sec&sid1=106&oid=382&aid=0000785392,1
하현우,"‘복면가왕’, ‘음악대장’ 과거 선곡 재해석한 복면 가수 도전…하현우 반응은?",연예,29,2019,12,22,12:02,29,29,0,0,0,0,0,0,0,0,0,https://news.naver.com/main/read.nhn?mode=LSD&mid=sec&sid1=106&oid=469&aid=0000450777,1
하현우,"복면가왕 이석훈, 3년6개월만 6연승 가왕 “아내 응원 덕”[어제TV]",연예,29,2019,12,23,6:00,2,2,0,0,0,0,0,0,0,0,0,https://news.naver.com/main/read.nhn?mode=LSD&mid=sec&sid1=106&oid=609&aid=0000222229,1
하현우,"[단독] '복면가왕' 6연승 만찢남 이석훈 ""실력에 대한 의심 해결, 뜻깊은 시간""(인터뷰)(종합)",연예,29,2019,12,23,6:55,317,314,0,3,0,0,0,0,0,0,0,https://news.naver.com/main/read.nhn?mode=LSD&mid=sec&sid1=106&oid=311&aid=0001090119,1
하현우,"하현우 “낭랑18세, 고등학교 때부터 팬…내가 평가할 분 아냐”(복면가왕)",연예,29,2019,12,22,18:54,149,144,0,5,0,0,0,0,0,0,0,https://news.naver.com/main/read.nhn?mode=LSD&mid=sec&sid1=106&oid=410&aid=0000654758,1
하현우,"'복면가왕' 만찢남=SG워너비 이석훈, ""가왕의 무게 벗고나니 홀가분""",연예,29,2019,12,22,19:56,19,19,0,0,0,0,0,0,0,0,0,https://news.naver.com/main/read.nhn?mode=LSD&mid=sec&sid1=106&oid=015&aid=0004261495,1
하현우,"[단독] '복면가왕' 6연승 만찢남 이석훈 ""최선 다해 후회 없어, 행복했다""(인터뷰)",연예,29,2019,12,22,19:53,486,478,0,8,0,0,0,0,0,0,0,https://news.naver.com/main/read.nhn?mode=LSD&mid=sec&sid1=106&oid=311&aid=0001090078,1
하현우,"'복면가왕', '낭랑18세' 新 가왕..'만찢남'=SG워너비 이석훈[★밤TView]",연예,29,2019,12,22,19:50,5,4,0,1,0,0,0,0,0,0,0,https://news.naver.com/main/read.nhn?mode=LSD&mid=sec&sid1=106&oid=108&aid=0002831645,1
하현우,‘MBC 가요대제전’ 국카스텐 하현우 ‘시원한 고음’ [포토],연예,30,2020,01,01,9:26,129,129,0,0,0,0,0,0,0,0,0,https://news.naver.com/main/read.nhn?mode=LSD&mid=sec&sid1=106&oid=410&aid=0000657231,1
하현우,"국카스텐 하현우, 눈을 감고 열창 [포토]",연예,30,2020,01,01,10:28,113,113,0,0,0,0,0,0,0,0,0,https://news.naver.com/main/read.nhn?mode=LSD&mid=sec&sid1=106&oid=057&aid=0001408144,1
하현우,"트와이스X태민→송가인X하현우, 오직 MBC에서만 볼 수 있는 가수들의 케미 무대 빛났다 (종합) [2019 MBC 가요대제전]",연예,30,2020,01,01,12:56,29,29,0,0,0,0,0,0,0,0,0,https://news.naver.com/main/read.nhn?mode=LSD&mid=sec&sid1=106&oid=109&aid=0004143490,1
하현우,"[2019 MBC 가요대제전] 송가인X국카스텐, 폭발적인 가창력으로 엔딩 장식",연예,30,2020,01,01,1:06,449,449,0,0,0,0,0,0,0,0,0,https://news.naver.com/main/read.nhn?mode=LSD&mid=sec&sid1=106&oid=312&aid=0000428604,1
하현우,"‘가요대제전’ 송가인X국카스텐, 트로트·록 아우른 열정 컬래버",연예,30,2020,01,01,12:50,263,263,0,0,0,0,0,0,0,0,0,https://news.naver.com/main/read.nhn?mode=LSD&mid=sec&sid1=106&oid=469&aid=0000453444,1
하현우,[MBC 가요대제전]가수들 케미스트리 빛났지만…방송사고탓 빛 바랬다(종합),연예,30,2020,01,01,7:02,3,3,0,0,0,0,0,0,0,0,0,https://news.naver.com/main/read.nhn?mode=LSD&mid=sec&sid1=106&oid=009&aid=0004492682,1
하현우,"[2019 MBC 가요대제전] 태민X트와이스→송가인X국카스텐, 화려한 축제의 장···아쉬운 방송사고(종합)",연예,30,2020,01,01,2:11,30,30,0,0,0,0,0,0,0,0,0,https://news.naver.com/main/read.nhn?mode=LSD&mid=sec&sid1=106&oid=312&aid=0000428613,1
하현우,"송가인 '가인이어라', 심야에도 4% 시청률 기록",연예,30,2019,12,31,24:06,915,915,0,0,0,0,0,0,0,0,0,https://news.naver.com/main/read.nhn?mode=LSD&mid=sec&sid1=106&oid=241&aid=0002992164,1
하현우,송가인-국카스텐 ‘완벽한 콜라보’ [포토],연예,30,2020,01,01,9:28,164,164,0,0,0,0,0,0,0,0,0,https://news.naver.com/main/read.nhn?mode=LSD&mid=sec&sid1=106&oid=410&aid=0000657232,1
하현우,"""시선 뗄 수 없다""…2019년의 마지막 날 K-POP에 한 획 긋는 역사적 '케미 무대' 완성 [2019 MBC 가요대제전②]",연예,30,2020,01,01,6:53,542,542,0,0,0,0,0,0,0,0,0,https://news.naver.com/main/read.nhn?mode=LSD&mid=sec&sid1=106&oid=109&aid=0004143510,1
하현우,"'MBC 가요대제전' 송가인X국카스텐, 장르 통일한 귀호강 '해야'",연예,30,2020,01,01,12:43,638,638,0,0,0,0,0,0,0,0,0,https://news.naver.com/main/read.nhn?mode=LSD&mid=sec&sid1=106&oid=241&aid=0002992571,1
하현우,"[2019 MBC 가요대제전] 송가인X국카스텐, 트로트와 록의 만남",연예,30,2020,01,01,12:42,339,339,0,0,0,0,0,0,0,0,0,https://news.naver.com/main/read.nhn?mode=LSD&mid=sec&sid1=106&oid=108&aid=0002833490,1
하현우,[2019 MBC 가요대제전] 송가인X국카스텐 '완벽 조합'… 가창력 폭발,연예,30,2020,01,01,12:48,118,118,0,0,0,0,0,0,0,0,0,https://news.naver.com/main/read.nhn?mode=LSD&mid=sec&sid1=106&oid=417&aid=0000488331,1
하현우,"송가인 '가인이어라' 네 번째 방송, 심야에도 4% 시청률 기록",연예,30,2019,12,31,11:57,135,135,0,0,0,0,0,0,0,0,0,https://news.naver.com/main/read.nhn?mode=LSD&mid=sec&sid1=106&oid=076&aid=0003514632,1
하현우,"송가인, 콘서트 '가인이어라' 네 번째 방송..심야에도 4% 시청률 기록",연예,30,2019,12,31,24:23,132,132,0,0,0,0,0,0,0,0,0,https://news.naver.com/main/read.nhn?mode=LSD&mid=sec&sid1=106&oid=011&aid=0003673753,1
하현우,"송가인 ‘가인이어라’, 심야에도 시청률 4%...‘시청률의 여왕’",연예,30,2019,12,31,13:19,87,87,0,0,0,0,0,0,0,0,0,https://news.naver.com/main/read.nhn?mode=LSD&mid=sec&sid1=106&oid=312&aid=0000428370,1
하현우,"송가인 '가인이어라' 네 번째 방송, 심야에도 4% 기록 '역시 시청률 여왕'",연예,30,2019,12,31,11:59,421,420,0,1,0,0,0,0,0,0,0,https://news.naver.com/main/read.nhn?mode=LSD&mid=sec&sid1=106&oid=015&aid=0004265824,1
하현우,"“공연 잘 끝났다” 국카스텐 하현우, 무대밖선 잔망美 폭발[SNS★컷]",연예,33,2020,01,19,15:06,241,241,0,0,0,0,0,0,0,0,0,https://news.naver.com/main/read.nhn?mode=LSD&mid=sec&sid1=106&oid=609&aid=0000236169,1
하현우,"'복면가왕' 낭랑 18세 정체는? 네티즌 ""소찬휘 아니냐""",연예,33,2020,01,19,7:52,8,8,0,0,0,0,0,0,0,0,0,https://news.naver.com/main/read.nhn?mode=LSD&mid=sec&sid1=106&oid=108&aid=0002837267,1
하현우,"'복면가왕 낭랑18세' 소찬휘 맞을까?… 백지영 ""내가 아는 언니""",연예,33,2020,01,22,7:47,2,2,0,0,0,0,0,0,0,0,0,https://news.naver.com/main/read.nhn?mode=LSD&mid=sec&sid1=106&oid=417&aid=0000495982,1
하현우,"'복면가왕' 낭랑 18세, 소찬휘? 이윤석 눈물 글썽",연예,33,2020,01,22,8:12,8,8,0,0,0,0,0,0,0,0,0,https://news.naver.com/main/read.nhn?mode=LSD&mid=sec&sid1=106&oid=108&aid=0002837899,1
하현우,"윤미래·하현우·김필·베리베리, ‘이태원클라쓰’ OST 1차 라인업",연예,34,2020,01,30,10:03,110,110,0,0,0,0,0,0,0,0,0,https://news.naver.com/main/read.nhn?mode=LSD&mid=sec&sid1=106&oid=382&aid=0000794319,1
하현우,"'이태원클라쓰' 윤미래부터 베리베리, 황금 OST 라인업 1차 공개[공식]",연예,34,2020,01,30,8:24,99,99,0,0,0,0,0,0,0,0,0,https://news.naver.com/main/read.nhn?mode=LSD&mid=sec&sid1=106&oid=109&aid=0004157188,1
하현우,"‘이태원 클라쓰 OST’, 황금 라인업 1차 공개",연예,34,2020,01,30,9:12,32,31,0,1,0,0,0,0,0,0,0,https://news.naver.com/main/read.nhn?mode=LSD&mid=sec&sid1=106&oid=396&aid=0000538460,1
하현우,"[세계는 그리고 우리는] 김문수, 전광훈, 우리공화당.. 보수통합을 가로막는 자들",정치,34,2020,01,27,22:42,16,9,0,1,5,1,0,0,0,0,0,https://news.naver.com/main/read.nhn?mode=LSD&mid=sec&sid1=100&oid=214&aid=0001010083,1
하현우,"‘이태원 클라쓰’ 윤미래부터 하현우까지, OST 황금 라인업 1차 공개",연예,34,2020,01,30,8:15,127,127,0,0,0,0,0,0,0,0,0,https://news.naver.com/main/read.nhn?mode=LSD&mid=sec&sid1=106&oid=609&aid=0000240389,1
하현우,"하현우, 오늘(7일) ‘이태원 클라쓰’ OST 발표…박서준 테마곡",연예,35,2020,02,07,9:17,139,139,0,0,0,0,0,0,0,0,0,https://news.naver.com/main/read.nhn?mode=LSD&mid=sec&sid1=106&oid=382&aid=0000796472,1
하현우,"하현우, 이태원 클라쓰 OST '돌덩이' 부른다",연예,35,2020,02,07,11:14,52,52,0,0,0,0,0,0,0,0,0,https://news.naver.com/main/read.nhn?mode=LSD&mid=sec&sid1=106&oid=417&aid=0000501745,1
하현우,"하현우, '이태원 클라쓰' OST ‘돌덩이’ 오늘(7일) 발매..통쾌한 카타르시스",연예,35,2020,02,07,9:05,120,120,0,0,0,0,0,0,0,0,0,https://news.naver.com/main/read.nhn?mode=LSD&mid=sec&sid1=106&oid=109&aid=0004161397,1
하현우,[공식] 하현우 '이태원 클라쓰' OST '돌덩이' 오늘(7일) 공개,연예,35,2020,02,07,9:31,103,103,0,0,0,0,0,0,0,0,0,https://news.naver.com/main/read.nhn?mode=LSD&mid=sec&sid1=106&oid=076&aid=0003528461,1
하현우,"'복면가왕' 낭랑18세 5연승 도전, 이석훈·하현우 기록 위협할까?",연예,36,2020,02,09,9:38,2,1,0,1,0,0,0,0,0,0,0,https://news.naver.com/main/read.nhn?mode=LSD&mid=sec&sid1=106&oid=015&aid=0004286694,1
하현우,"""17년 만에 다시 찾은 무대""…'슈가맨3' 더 크로스, 여전한 고음 '완벽 소환' [종합]",연예,36,2020,02,15,7:12,3,3,0,0,0,0,0,0,0,0,0,https://news.naver.com/main/read.nhn?mode=LSD&mid=sec&sid1=106&oid=109&aid=0004166467,1
하현우,더 크로스 ‘슈가맨3’ 무대…휠체어 탄 김혁건 “다시 못할 줄 알았다”,연예,36,2020,02,14,22:45,15,10,0,5,0,0,0,0,0,0,0,https://news.naver.com/main/read.nhn?mode=LSD&mid=sec&sid1=106&oid=022&aid=0003438733,1
하현우,[어게인TV] ‘슈가맨3’ 더 크로스 “포기하지 않으면 된다” 17년 만에 무대,연예,36,2020,02,15,6:51,10,10,0,0,0,0,0,0,0,0,0,https://news.naver.com/main/read.nhn?mode=LSD&mid=sec&sid1=106&oid=112&aid=0003268151,-1
하현우,'슈가맨3' 더크로스 소환…김혁건 여전한 폭발적 고음,연예,36,2020,02,14,22:30,143,132,0,11,0,0,0,0,0,0,0,https://news.naver.com/main/read.nhn?mode=LSD&mid=sec&sid1=106&oid=241&aid=0003004411,1
하현우,"'복면가왕' 낭랑18세, 5연승 도전...이석훈·하현우 기록 넘어설까",연예,36,2020,02,09,8:52,2,2,0,0,0,0,0,0,0,0,0,https://news.naver.com/main/read.nhn?mode=LSD&mid=sec&sid1=106&oid=312&aid=0000434917,1
하현우,"‘복면가왕’ 가왕 ‘낭랑18세’, 5연승 도전! 이석훈-하현우의 기록 위협할까?",연예,36,2020,02,09,10:01,1,1,0,0,0,0,0,0,0,0,0,https://news.naver.com/main/read.nhn?mode=LSD&mid=sec&sid1=106&oid=408&aid=0000086578,1
하현우,"'슈가맨3' 더크로스 소환, 휠체어 타고 등장→'돈크라이' 열창..눈물바다",연예,36,2020,02,14,22:11,277,169,0,108,0,0,0,0,0,0,0,https://news.naver.com/main/read.nhn?mode=LSD&mid=sec&sid1=106&oid=404&aid=0000261404,1
하현우,"더크로스 ‘돈 크라이’로 ‘슈가맨3’ 소환, 휠체어 탄 채 열창→눈물",연예,36,2020,02,14,22:00,34,27,0,6,0,0,0,0,0,1,0,https://news.naver.com/main/read.nhn?mode=LSD&mid=sec&sid1=106&oid=609&aid=0000247714,1
하현우,"'슈가맨3' 더 크로스, '돈 크라이'로 소환…감동의 무대",연예,36,2020,02,14,22:01,108,75,0,33,0,0,0,0,0,0,0,https://news.naver.com/main/read.nhn?mode=LSD&mid=sec&sid1=106&oid=421&aid=0004463881,1
하현우,"'슈가맨3' 더 크로스 김혁건·이시하 소환… ""17년 만에 다시 노래, 울컥""",생활,36,2020,02,14,22:52,1,0,0,1,0,0,0,0,0,0,0,https://news.naver.com/main/read.nhn?mode=LSD&mid=sec&sid1=103&oid=082&aid=0000981139,1
하현우,'복면가왕' 낭랑 18세 소찬휘 정체 증언有…하현우 '순금 20돈' 발언,생활,37,2020,02,16,20:55,28,24,0,0,3,1,0,0,0,0,0,https://news.naver.com/main/read.nhn?mode=LSD&mid=sec&sid1=103&oid=016&aid=0001636255,1
하현우,'이태원 클라쓰' OST 커버 이벤트···우승하면 데뷔 기회까지?,연예,37,2020,02,17,10:41,32,32,0,0,0,0,0,0,0,0,0,https://news.naver.com/main/read.nhn?mode=LSD&mid=sec&sid1=106&oid=011&aid=0003695245,1
하현우,"'이태원 클라쓰' OST 커버 이벤트...""최종 우승자 OST 가창자 데뷔""",연예,37,2020,02,17,10:30,53,53,0,0,0,0,0,0,0,0,0,https://news.naver.com/main/read.nhn?mode=LSD&mid=sec&sid1=106&oid=213&aid=0001154139,1
하현우,복면가왕 낭랑 18세 누구? 네티즌 소찬휘 추측,연예,37,2020,02,22,10:55,2,2,0,0,0,0,0,0,0,0,0,https://news.naver.com/main/read.nhn?mode=LSD&mid=sec&sid1=106&oid=108&aid=0002844833,1
하현우,"""우리 계획은 단순해"" 17년 만에 돌아온 이들, 모두를 울렸다",연예,37,2020,02,16,17:05,53,53,0,0,0,0,0,0,0,0,0,https://news.naver.com/main/read.nhn?mode=LSD&mid=sec&sid1=106&oid=047&aid=0002256909,1
하현우,"'복면가왕' 낭랑18세, 소찬휘 연상하게 하는 마마무 '데칼코마니' 무대",연예,37,2020,02,16,20:12,9,8,0,1,0,0,0,0,0,0,0,https://news.naver.com/main/read.nhn?mode=LSD&mid=sec&sid1=106&oid=312&aid=0000435994,1
하현우,'복면가왕' 우주 대스타 김희철X우주소녀 다영 활약에도 낭랑18세 5연승 [종합],연예,37,2020,02,16,19:47,1,1,0,0,0,0,0,0,0,0,0,https://news.naver.com/main/read.nhn?mode=LSD&mid=sec&sid1=106&oid=311&aid=0001112694,1
하현우,'이태원 클라쓰' OST 커버 이벤트…최종 우승자는 데뷔 기회 제공,연예,37,2020,02,17,11:34,30,30,0,0,0,0,0,0,0,0,0,https://news.naver.com/main/read.nhn?mode=LSD&mid=sec&sid1=106&oid=312&aid=0000436106,1
하현우,'이태원 클라쓰' OST 커버 이벤트 진행..최종 우승자 실제 OST 가창자로 섭외,연예,37,2020,02,17,24:11,27,27,0,0,0,0,0,0,0,0,0,https://news.naver.com/main/read.nhn?mode=LSD&mid=sec&sid1=106&oid=112&aid=0003268696,1
하현우,"충남대 김현유 교수팀, 향상된 배기가스 정화용 백금촉매 개발",사회,38,2020,02,24,16:56,1,0,0,0,0,1,0,0,0,0,0,https://news.naver.com/main/read.nhn?mode=LSD&mid=sec&sid1=102&oid=003&aid=0009719699,1
하현우,"[팝업★]""생각 이상의 무대 고민""..'복면가왕' 소찬휘, 5연승한 첫 女록커 가왕",연예,39,2020,03,02,11:00,3,3,0,0,0,0,0,0,0,0,0,https://news.naver.com/main/read.nhn?mode=LSD&mid=sec&sid1=106&oid=112&aid=0003273792,1
하현우,"방탄소년단 뷔, '이태원 클라쓰' OST 참여? ""조율 중""",연예,39,2020,03,06,17:15,"2,588","2,588",0,0,0,0,0,0,0,0,0,https://news.naver.com/main/read.nhn?mode=LSD&mid=sec&sid1=106&oid=052&aid=0001410959,1
하현우,"방송시간대 바꾼 '복면가왕', 굳건한 인기 과시 중 [성적표]",연예,39,2020,03,02,19:49,40,40,0,0,0,0,0,0,0,0,0,https://news.naver.com/main/read.nhn?mode=LSD&mid=sec&sid1=106&oid=213&aid=0001156043,1
하현우,"'볼륨을 높여요' 퍼플레인, DJ 강한나 사로잡은 마성의 밴드",연예,39,2020,03,05,7:43,56,56,0,0,0,0,0,0,0,0,0,https://news.naver.com/main/read.nhn?mode=LSD&mid=sec&sid1=106&oid=241&aid=0003008427,1
하현우,시청률 어디까지…날개 단 '이태원 클라쓰' 인기 비결은,생활,39,2020,03,05,8:00,13,11,2,0,0,0,0,0,0,0,0,https://news.naver.com/main/read.nhn?mode=LSD&mid=sec&sid1=103&oid=001&aid=0011449450,1
하현우,"[종합]'복면가왕' 주윤발, 新가왕 등극…낭랑18세=소찬휘 ""70대에도 무대 설 수 있길""",연예,39,2020,03,01,23:52,11,11,0,0,0,0,0,0,0,0,0,https://news.naver.com/main/read.nhn?mode=LSD&mid=sec&sid1=106&oid=076&aid=0003537120,1
하현우,"[단독] '복면가왕' 낭랑18세 소찬휘 ""5연승 뿌듯, 나 자신을 재점검한 시간"" (인터뷰)",연예,39,2020,03,01,19:53,12,12,0,0,0,0,0,0,0,0,0,https://news.naver.com/main/read.nhn?mode=LSD&mid=sec&sid1=106&oid=311&aid=0001118406,1
하현우,"[단독] '복면가왕' 5연승 소찬휘 ""목소리만으로도 알아봐줘 감사, 울컥했다"" (인터뷰 종합)",연예,39,2020,03,02,7:00,123,122,0,1,0,0,0,0,0,0,0,https://news.naver.com/main/read.nhn?mode=LSD&mid=sec&sid1=106&oid=311&aid=0001118450,1
하현우,복면가왕 첫 여성로커 가왕 소찬휘 “한곡 한곡 새로운 도전”[어제TV],연예,39,2020,03,02,6:01,4,4,0,0,0,0,0,0,0,0,0,https://news.naver.com/main/read.nhn?mode=LSD&mid=sec&sid1=106&oid=609&aid=0000253743,1
하현우,"[단독] 방탄소년단 뷔, '이태원 클라쓰' OST 참여",연예,39,2020,03,06,16:20,"8,852","8,848",0,4,0,0,0,0,0,0,0,https://news.naver.com/main/read.nhn?mode=LSD&mid=sec&sid1=106&oid=213&aid=0001156615,1
하현우,"'이태원 클라쓰' 측 ""방탄소년단 뷔, OST 가창 참여? 조율 중""(공식)",연예,39,2020,03,06,17:10,"1,851","1,851",0,0,0,0,0,0,0,0,0,https://news.naver.com/main/read.nhn?mode=LSD&mid=sec&sid1=106&oid=112&aid=0003275548,1
하현우,"[단독] BTS 뷔, '이태원 클라쓰' OST로 박서준 지원사격 (종합)",연예,39,2020,03,06,17:39,"8,575","8,571",0,4,0,0,0,0,0,0,0,https://news.naver.com/main/read.nhn?mode=LSD&mid=sec&sid1=106&oid=213&aid=0001156619,1
하현우,"'이태원클라쓰' 측 ""방탄소년단 뷔 OST 참여? 조율 중""[공식]",연예,39,2020,03,06,16:45,"2,807","2,806",0,1,0,0,0,0,0,0,0,https://news.naver.com/main/read.nhn?mode=LSD&mid=sec&sid1=106&oid=108&aid=0002847491,1
하현우,‘검은사막 모바일’ 2주년…업데이트만 104회,경제,39,2020,03,03,16:10,1,0,0,0,1,0,0,0,0,0,0,https://news.naver.com/main/read.nhn?mode=LSD&mid=sec&sid1=101&oid=009&aid=0004529092,1
하현우,"'볼륨을 높여요' 퍼플레인, 강한나 사로잡은 마성의 귀호강 라이브",연예,39,2020,03,05,9:55,18,18,0,0,0,0,0,0,0,0,0,https://news.naver.com/main/read.nhn?mode=LSD&mid=sec&sid1=106&oid=311&aid=0001119853,1
하현우,"'볼륨' 퍼플레인, DJ 강한나 사로잡은 마성의 밴드 '귀호강 라이브'",연예,39,2020,03,05,17:14,15,14,0,1,0,0,0,0,0,0,0,https://news.naver.com/main/read.nhn?mode=LSD&mid=sec&sid1=106&oid=117&aid=0003339849,1
하현우,"‘복면가왕’ ‘주윤발’, ‘낭랑18세’ 6연승 저지하며 122대 가왕 등극! ‘낭랑18세’는 소찬휘",연예,39,2020,03,01,20:48,48,48,0,0,0,0,0,0,0,0,0,https://news.naver.com/main/read.nhn?mode=LSD&mid=sec&sid1=106&oid=408&aid=0000087789,1
하현우,'이태원 클라쓰' OST도 인기…안방 넘어 차트 씹어먹었다,연예,40,2020,03,11,10:27,199,198,0,1,0,0,0,0,0,0,0,https://news.naver.com/main/read.nhn?mode=LSD&mid=sec&sid1=106&oid=241&aid=0003009650,1
하현우,"""박서준 응원""..방탄소년단 뷔, 깊은 우정 녹여낸 달달 위로 'Sweet Night' [퇴근길 신곡]",연예,40,2020,03,13,18:02,"1,069","1,069",0,0,0,0,0,0,0,0,0,https://news.naver.com/main/read.nhn?mode=LSD&mid=sec&sid1=106&oid=109&aid=0004179457,1
하현우,"'꿈꾸라' 퍼플레인, DJ 박경과 특별한 인연 공개+라이브 극찬까지",연예,40,2020,03,13,7:59,44,44,0,0,0,0,0,0,0,0,0,https://news.naver.com/main/read.nhn?mode=LSD&mid=sec&sid1=106&oid=215&aid=0000855166,1
하현우,"‘정희’ 퍼플레인, 강렬 라이브→다재다능 개인기",연예,40,2020,03,10,14:55,30,30,0,0,0,0,0,0,0,0,0,https://news.naver.com/main/read.nhn?mode=LSD&mid=sec&sid1=106&oid=382&aid=0000804232,1
하현우,BTS 뷔 `이태원 클라쓰` OST 참여 검토,연예,40,2020,03,08,18:21,"1,465","1,464",0,1,0,0,0,0,0,0,0,https://news.naver.com/main/read.nhn?mode=LSD&mid=sec&sid1=106&oid=029&aid=0002587793,1
하현우,"‘이태원 클라쓰 OST’, 각종 음원차트 상위권 장악",연예,40,2020,03,11,9:57,215,215,0,0,0,0,0,0,0,0,0,https://news.naver.com/main/read.nhn?mode=LSD&mid=sec&sid1=106&oid=005&aid=0001297813,1
하현우,"'이태원 클라쓰' OST 안방은 물론, 차트까지 씹어먹었다",연예,40,2020,03,11,9:24,33,33,0,0,0,0,0,0,0,0,0,https://news.naver.com/main/read.nhn?mode=LSD&mid=sec&sid1=106&oid=076&aid=0003540596,1
하현우,"'이태원 클라쓰' OST 열풍, 안방 물론 음원차트까지 씹어먹었다",연예,40,2020,03,11,9:31,55,55,0,0,0,0,0,0,0,0,0,https://news.naver.com/main/read.nhn?mode=LSD&mid=sec&sid1=106&oid=468&aid=0000635241,1
하현우,"'이태원 클라쓰' 인기, 안방극장 넘어 음원차트까지",연예,40,2020,03,11,16:23,56,56,0,0,0,0,0,0,0,0,0,https://news.naver.com/main/read.nhn?mode=LSD&mid=sec&sid1=106&oid=404&aid=0000262727,1
하현우,"‘정희’ 퍼플레인, 나른한 오후 깨운 파워풀 보이스→다재다능 개인기 '귀호강 사운드'",연예,40,2020,03,10,14:57,28,28,0,0,0,0,0,0,0,0,0,https://news.naver.com/main/read.nhn?mode=LSD&mid=sec&sid1=106&oid=215&aid=0000854364,1
하현우,"'정희' 퍼플레인, 강렬한 라이브→다재다능 개인기…'귀호강 밴드'",연예,40,2020,03,10,15:05,16,16,0,0,0,0,0,0,0,0,0,https://news.naver.com/main/read.nhn?mode=LSD&mid=sec&sid1=106&oid=311&aid=0001121630,1
하현우,"'정희' 퍼플레인, 귀호강 라이브→다재다능 개인기 '매력발산'",연예,40,2020,03,10,15:01,41,41,0,0,0,0,0,0,0,0,0,https://news.naver.com/main/read.nhn?mode=LSD&mid=sec&sid1=106&oid=241&aid=0003009514,1
하현우,"'정희' 퍼플레인, 나른한 오후 깨운 파워풀 보이스→다재다능 개인기",연예,40,2020,03,10,15:41,23,23,0,0,0,0,0,0,0,0,0,https://news.naver.com/main/read.nhn?mode=LSD&mid=sec&sid1=106&oid=117&aid=0003341160,1
하현우,"BTS 뷔→하현우까지, '이태원 클라쓰' OST 발매...종영 달랠 명품 라인업",연예,41,2020,03,20,10:50,509,509,0,0,0,0,0,0,0,0,0,https://news.naver.com/main/read.nhn?mode=LSD&mid=sec&sid1=106&oid=109&aid=0004182004,1
하현우,"[TF초점] 가호, 812위→1위…'시작'으로 꽃길 시작",연예,41,2020,03,20,5:00,19,19,0,0,0,0,0,0,0,0,0,https://news.naver.com/main/read.nhn?mode=LSD&mid=sec&sid1=106&oid=629&aid=0000019589,1
하현우,"'이태원 클라쓰', 드라마 화제성 4주 연속 1위…OST도 음원차트 장악",연예,41,2020,03,19,9:14,54,54,0,0,0,0,0,0,0,0,0,https://news.naver.com/main/read.nhn?mode=LSD&mid=sec&sid1=106&oid=468&aid=0000637928,1
하현우,"박새로이 인생 오버랩되는 이 노래, '클라쓰'가 다르네",연예,41,2020,03,19,15:46,68,68,0,0,0,0,0,0,0,0,0,https://news.naver.com/main/read.nhn?mode=LSD&mid=sec&sid1=106&oid=047&aid=0002262132,1
하현우,'이태원 클라쓰' 인기에 OST도 날개…가호 '시작' 차트 석권,연예,41,2020,03,18,10:14,65,65,0,0,0,0,0,0,0,0,0,https://news.naver.com/main/read.nhn?mode=LSD&mid=sec&sid1=106&oid=001&aid=0011480458,1
하현우,"[HI★주목] 뷔→가호…‘이태원 클라쓰’, OST 정·역주행으로 흥행 선순환",연예,41,2020,03,16,15:12,798,797,0,1,0,0,0,0,0,0,0,https://news.naver.com/main/read.nhn?mode=LSD&mid=sec&sid1=106&oid=469&aid=0000477749,1
하현우,김필→방탄소년단 뷔…‘이태원 클라쓰’ Original Sound Track 발매,연예,41,2020,03,20,10:22,"1,077","1,077",0,0,0,0,0,0,0,0,0,https://news.naver.com/main/read.nhn?mode=LSD&mid=sec&sid1=106&oid=382&aid=0000806864,1
하현우,"방탄소년단 뷔→윤미래·김필 참여, '이태원 클라쓰' OST 오늘(20일) 발매",연예,41,2020,03,20,10:20,880,880,0,0,0,0,0,0,0,0,0,https://news.naver.com/main/read.nhn?mode=LSD&mid=sec&sid1=106&oid=076&aid=0003544427,1
하현우,"'힙'한 방탄소년단 뷔·가호, '이태원 클라쓰' OST 열풍 이끈다",연예,41,2020,03,19,9:55,800,800,0,0,0,0,0,0,0,0,0,https://news.naver.com/main/read.nhn?mode=LSD&mid=sec&sid1=106&oid=312&aid=0000439618,1
하현우,"""박서준 1위-김다미 2위""..'이태원 클라쓰', 드라마+출연자 화제성 올킬",연예,41,2020,03,19,11:09,151,151,0,0,0,0,0,0,0,0,0,https://news.naver.com/main/read.nhn?mode=LSD&mid=sec&sid1=106&oid=404&aid=0000263155,1
하현우,‘이태원 클라쓰’ 드라마 화제성 4주 연속 정상…OST마저 차트 장악,연예,41,2020,03,19,9:21,36,36,0,0,0,0,0,0,0,0,0,https://news.naver.com/main/read.nhn?mode=LSD&mid=sec&sid1=106&oid=382&aid=0000806454,1
하현우,"'이태원 클라쓰' 종영D-2회, 드라마·출연자 화제성XOST 적수 없는 '올킬'",연예,41,2020,03,19,9:54,36,36,0,0,0,0,0,0,0,0,0,https://news.naver.com/main/read.nhn?mode=LSD&mid=sec&sid1=106&oid=076&aid=0003543911,1
하현우,"""이유 있는 역주행 신화""…가호, 신곡으로 노리는 정주행 '시작' [Oh!쎈 레터]",연예,41,2020,03,17,17:12,51,51,0,0,0,0,0,0,0,0,0,https://news.naver.com/main/read.nhn?mode=LSD&mid=sec&sid1=106&oid=109&aid=0004180895,1
하현우,"가호, ‘이태원 클라쓰’ OST로 차트 1위 “기회주셔서 감사, 감격스럽다”[직격인터뷰]",연예,41,2020,03,16,19:14,119,118,0,1,0,0,0,0,0,0,0,https://news.naver.com/main/read.nhn?mode=LSD&mid=sec&sid1=106&oid=609&aid=0000258214,1
하현우,윤미래·하현우·방탄소년단 뷔…‘이태원 클라쓰’ OST 발매,연예,42,2020,03,23,15:43,78,78,0,0,0,0,0,0,0,0,0,https://news.naver.com/main/read.nhn?mode=LSD&mid=sec&sid1=106&oid=082&aid=0000990653,1
하현우,"[fn★송라이터②] ‘이태원 클라쓰’ 박성일 음악감독 “가호 ‘시작’, 박새로이 그 자체”",연예,42,2020,03,22,14:05,305,304,0,1,0,0,0,0,0,0,0,https://news.naver.com/main/read.nhn?mode=LSD&mid=sec&sid1=106&oid=014&aid=0004394205,1
하현우,`이구리와 핑크란마`…세계 정상급 록보컬 부부가 한국에 있다,생활,42,2020,03,28,6:02,9,6,0,0,3,0,0,0,0,0,0,https://news.naver.com/main/read.nhn?mode=LSD&mid=sec&sid1=103&oid=009&aid=0004545993,1
하현우,[TF초점] again 2016 OST…'음원깡패'가 돌아왔다,연예,42,2020,03,24,5:00,12,12,0,0,0,0,0,0,0,0,0,https://news.naver.com/main/read.nhn?mode=LSD&mid=sec&sid1=106&oid=629&aid=0000019912,1
하현우,"""차트 최상위권""…'이태원 클라쓰' OST, 종영에도 흔들림 없는 클래스[SS뮤직]",연예,42,2020,03,26,6:00,52,52,0,0,0,0,0,0,0,0,0,https://news.naver.com/main/read.nhn?mode=LSD&mid=sec&sid1=106&oid=468&aid=0000640873,1
하현우,"""새로이 열풍""…'이태원 클라쓰' 시청률+화제성 싹쓸이 행진 이유",연예,42,2020,03,22,24:25,89,89,0,0,0,0,0,0,0,0,0,https://news.naver.com/main/read.nhn?mode=LSD&mid=sec&sid1=106&oid=015&aid=0004311076,1
하현우,"‘이태원 클라쓰’ 16.5%로 종영…박서준, 복수도 사랑도 성공 ‘통쾌하고 짜릿했다’",연예,42,2020,03,22,6:58,61,61,0,0,0,0,0,0,0,0,0,https://news.naver.com/main/read.nhn?mode=LSD&mid=sec&sid1=106&oid=009&aid=0004541228,1
하현우,"'이태원 클라쓰', 박서준→김다미 열연·OST까지 더할나위 없이 좋았다 [종영]",연예,42,2020,03,22,8:50,35,35,0,0,0,0,0,0,0,0,0,https://news.naver.com/main/read.nhn?mode=LSD&mid=sec&sid1=106&oid=311&aid=0001125879,1
하현우,‘이태원 클라쓰’가 남긴 것,연예,42,2020,03,23,13:44,34,34,0,0,0,0,0,0,0,0,0,https://news.naver.com/main/read.nhn?mode=LSD&mid=sec&sid1=106&oid=009&aid=0004541905,1
하현우,윤미래·하현우→뷔·크러쉬...'이태원 클라쓰' OST 발매 [공식],연예,42,2020,03,23,10:38,208,208,0,0,0,0,0,0,0,0,0,https://news.naver.com/main/read.nhn?mode=LSD&mid=sec&sid1=106&oid=213&aid=0001158165,1
하현우,"'이태원 클라쓰', BTS 뷔부터 하현우까지 역대급 라인업 OST 음반 발매",연예,42,2020,03,23,7:12,28,28,0,0,0,0,0,0,0,0,0,https://news.naver.com/main/read.nhn?mode=LSD&mid=sec&sid1=106&oid=112&aid=0003280707,1
하현우,열혈 청춘의 뜨거운 반란 그린 ‘이태원 클라쓰’가 남긴 것,연예,42,2020,03,22,13:03,45,44,0,1,0,0,0,0,0,0,0,https://news.naver.com/main/read.nhn?mode=LSD&mid=sec&sid1=106&oid=016&aid=0001651794,1
하현우,[SC리뷰]'이태원 클라쓰' 마지막까지 '클라쓰'가 달랐다…안방극장 뒤흔든 박새로이 신드롬,연예,42,2020,03,22,11:33,20,20,0,0,0,0,0,0,0,0,0,https://news.naver.com/main/read.nhn?mode=LSD&mid=sec&sid1=106&oid=076&aid=0003545043,1
하현우,마지막까지 차원이 다른 '클라쓰'!…'이태원 클라쓰'가 남긴 셋!,연예,42,2020,03,22,16:29,11,11,0,0,0,0,0,0,0,0,0,https://news.naver.com/main/read.nhn?mode=LSD&mid=sec&sid1=106&oid=437&aid=0000234169,1
하현우,"""차원이 다르다""…이유 있는 신드롬 '이태원 클라쓰'가 남긴 것",연예,42,2020,03,22,11:18,9,9,0,0,0,0,0,0,0,0,0,https://news.naver.com/main/read.nhn?mode=LSD&mid=sec&sid1=106&oid=311&aid=0001125901,1
하현우,"[메카 랭킹] 달빛조각사 4월 1주차, 1,800만 스코어 돌파 랭커 등장",스포츠,43,2020,04,03,10:43,1,1,0,0,0,0,0,0,0,0,0,http://sports.news.naver.com/esports/news/read.nhn?oid=356&aid=0000039501,1
하현우,"박성일 음악감독 ""방탄소년단 뷔 '이태원 클라쓰' OST 참여, 박서준 덕분"" [엑's 인터뷰①]",연예,43,2020,04,03,13:15,"1,507","1,507",0,0,0,0,0,0,0,0,0,https://news.naver.com/main/read.nhn?mode=LSD&mid=sec&sid1=106&oid=311&aid=0001130660,1
하현우,[TEN 이슈] '대박' 드라마엔 빠지지 않는다…음원차트 온기 불어넣을 '믿듣' OST,연예,43,2020,03,31,17:20,75,75,0,0,0,0,0,0,0,0,0,https://news.naver.com/main/read.nhn?mode=LSD&mid=sec&sid1=106&oid=312&aid=0000440892,1
하현우,"'이태원 클라쓰' 박성일 음악감독 ""방탄소년단 뷔, OST 참여…본인 의지 강해, 물 흐르듯이 진행돼"" [SS인터뷰①]",연예,44,2020,04,06,24:51,"3,349","3,349",0,0,0,0,0,0,0,0,0,https://news.naver.com/main/read.nhn?mode=LSD&mid=sec&sid1=106&oid=468&aid=0000644976,1
하현우,"5주년 맞은 '복면가왕', 예전 인기 되찾나",연예,44,2020,04,06,13:33,45,45,0,0,0,0,0,0,0,0,0,https://news.naver.com/main/read.nhn?mode=LSD&mid=sec&sid1=106&oid=047&aid=0002264803,1
하현우,"복면가왕 5주년 원동력, “‘복면 벗어주세요’…김성주 맛깔 진행 최고”",연예,44,2020,04,09,6:58,15,15,0,0,0,0,0,0,0,0,0,https://news.naver.com/main/read.nhn?mode=LSD&mid=sec&sid1=106&oid=382&aid=0000811785,1
하현우,"'이태원 클라쓰' 박성일 음악감독 ""안에서 치열할수록 바깥에서 좋은 평가를 듣는다""[SS인터뷰②]",연예,44,2020,04,06,24:51,4,4,0,0,0,0,0,0,0,0,0,https://news.naver.com/main/read.nhn?mode=LSD&mid=sec&sid1=106&oid=468&aid=0000644975,1
하현우,"'나 혼자 산다' 성훈·이시언, 기안84에 일침…""너 귀 막고, 눈 닫고 살잖아""",연예,45,2020,04,18,12:00,5,5,0,0,0,0,0,0,0,0,0,https://news.naver.com/main/read.nhn?mode=LSD&mid=sec&sid1=106&oid=117&aid=0003353612,1
하현우,“흔들리는 꽃들 속에서~” 드라마 끝나도 OST 굳건한 이유는,생활,45,2020,04,14,16:51,83,67,8,1,5,2,0,0,0,0,0,https://news.naver.com/main/read.nhn?mode=LSD&mid=sec&sid1=103&oid=025&aid=0002992797,1
하현우,"드라마는 끝나도…OST, 또다른 ‘감동의 클라쓰’",생활,45,2020,04,15,12:03,35,28,4,0,2,1,0,0,0,0,0,https://news.naver.com/main/read.nhn?mode=LSD&mid=sec&sid1=103&oid=025&aid=0002992872,1
하현우,"'런닝맨' 안보현 태블릿PC 당첨, 지이수-송진우-이주영 '악마의 속삭임 레이스' 펼쳐(종합)",연예,45,2020,04,12,19:10,34,34,0,0,0,0,0,0,0,0,0,https://news.naver.com/main/read.nhn?mode=LSD&mid=sec&sid1=106&oid=277&aid=0004660175,1
하현우,"'런닝맨' 안보현, '돌덩이' 열창 ""부산서 온 돌멩이""…이주영 '남산 힙꾸러기'로 등장",연예,45,2020,04,12,17:34,11,11,0,0,0,0,0,0,0,0,0,https://news.naver.com/main/read.nhn?mode=LSD&mid=sec&sid1=106&oid=416&aid=0000257124,1
하현우,‘복면가왕’ 하현우에 도전장 내민 복면가수 누구? 판정단 벌떡,연예,46,2020,04,24,10:42,9,9,0,0,0,0,0,0,0,0,0,https://news.naver.com/main/read.nhn?mode=LSD&mid=sec&sid1=106&oid=382&aid=0000815737,1
하현우,JTBC '히든싱어6' 제작…모창 능력자 모집,생활,46,2020,04,21,10:13,66,54,7,1,3,1,0,0,0,0,0,https://news.naver.com/main/read.nhn?mode=LSD&mid=sec&sid1=103&oid=001&aid=0011561266,1
하현우,신림 케이윌→경상대 나얼 모창대결 “성대 이식 수준” 편애중계[어제TV],연예,46,2020,04,25,6:00,8,8,0,0,0,0,0,0,0,0,0,https://news.naver.com/main/read.nhn?mode=LSD&mid=sec&sid1=106&oid=609&aid=0000270624,1
하현우,"'편애중계' 장범준 복사기→경상대 나얼, 붐 ""행사 싹쓸이 할 듯"" [종합]",연예,46,2020,04,24,23:21,10,9,0,1,0,0,0,0,0,0,0,https://news.naver.com/main/read.nhn?mode=LSD&mid=sec&sid1=106&oid=311&aid=0001138739,1
하현우,'복면가왕' 하현우에 도전장 내민 복면가수는?…과감한 선곡에 판정단 '벌떡',연예,46,2020,04,24,13:02,1,1,0,0,0,0,0,0,0,0,0,https://news.naver.com/main/read.nhn?mode=LSD&mid=sec&sid1=106&oid=015&aid=0004330168,1
하현우,'복면가왕' 하현우에 도전장 내민 복면가수...판정단 벌떡 '반전',연예,46,2020,04,24,11:10,1,1,0,0,0,0,0,0,0,0,0,https://news.naver.com/main/read.nhn?mode=LSD&mid=sec&sid1=106&oid=311&aid=0001138417,1
하현우,"'복면가왕' 소찬휘, 복면가수 무대에 기립박수… 방부제 가창력 극찬",연예,46,2020,04,24,14:27,1,1,0,0,0,0,0,0,0,0,0,https://news.naver.com/main/read.nhn?mode=LSD&mid=sec&sid1=106&oid=408&aid=0000091511,1
하현우,"'히든싱어6', 2년 만에 돌아온다...모창 능력자 모집",연예,46,2020,04,21,10:20,14,13,0,0,0,0,0,0,1,0,0,https://news.naver.com/main/read.nhn?mode=LSD&mid=sec&sid1=106&oid=052&aid=0001430612,1
하현우,2년만에 '히든싱어'…시즌6로 하반기 컴백,연예,46,2020,04,21,10:16,17,17,0,0,0,0,0,0,0,0,0,https://news.naver.com/main/read.nhn?mode=LSD&mid=sec&sid1=106&oid=241&aid=0003017617,1
하현우,JTBC '히든싱어6' 2년 만에 귀환…모창 능력자 모집,연예,46,2020,04,21,11:26,11,11,0,0,0,0,0,0,0,0,0,https://news.naver.com/main/read.nhn?mode=LSD&mid=sec&sid1=106&oid=079&aid=0003351805,1
하현우,"'히든싱어', 시즌6으로 2년 만 컴백…하반기 방송[공식]",연예,46,2020,04,21,10:13,30,30,0,0,0,0,0,0,0,0,0,https://news.naver.com/main/read.nhn?mode=LSD&mid=sec&sid1=106&oid=468&aid=0000650393,1
하현우,'복면가왕' 전갈자리=위키미키 최유정‥민요 '3R' 行,연예,47,2020,04,26,18:45,9,9,0,0,0,0,0,0,0,0,0,https://news.naver.com/main/read.nhn?mode=LSD&mid=sec&sid1=106&oid=109&aid=0004197375,1
하현우,"'복면가왕' 가왕 주윤발, 5연승 성공…2주 연속 동시간대 1위",연예,47,2020,04,27,8:54,39,39,0,0,0,0,0,0,0,0,0,https://news.naver.com/main/read.nhn?mode=LSD&mid=sec&sid1=106&oid=468&aid=0000652467,1
하현우,"'복면가왕' 주윤발, 5연승 성공…126대 가왕 등극 '역시 명불허전'(종합)",연예,47,2020,04,26,19:43,158,158,0,0,0,0,0,0,0,0,0,https://news.naver.com/main/read.nhn?mode=LSD&mid=sec&sid1=106&oid=421&aid=0004607484,1
하현우,"국카스텐, ‘2020 브랜드 고객충성도 대상’ 락부문 수상자 선정",연예,47,2020,04,29,13:03,24,24,0,0,0,0,0,0,0,0,0,https://news.naver.com/main/read.nhn?mode=LSD&mid=sec&sid1=106&oid=119&aid=0002399173,1
하현우,'복면가왕' 전갈자리 정체는 '위키미키 최유정'…민요 3R 진출,연예,47,2020,04,26,18:40,41,41,0,0,0,0,0,0,0,0,0,https://news.naver.com/main/read.nhn?mode=LSD&mid=sec&sid1=106&oid=421&aid=0004607475,1
하현우,'복면가왕' 짬짜면 지원이X전갈자리 최유정→주윤발 '5연승' 왕좌ing [종합],연예,47,2020,04,27,7:53,34,33,0,1,0,0,0,0,0,0,0,https://news.naver.com/main/read.nhn?mode=LSD&mid=sec&sid1=106&oid=109&aid=0004197448,1
하현우,'복면가왕' 따거 주윤발 파죽의 5연승···순간 최고 시청률 11.8%,연예,47,2020,04,27,11:08,116,116,0,0,0,0,0,0,0,0,0,https://news.naver.com/main/read.nhn?mode=LSD&mid=sec&sid1=106&oid=241&aid=0003018950,1
하현우,"'복면가왕' 원조 군통령 지원, 정체 밝혀지며 '순간 최고 시청률 11.8% 기록",연예,47,2020,04,27,8:56,8,8,0,0,0,0,0,0,0,0,0,https://news.naver.com/main/read.nhn?mode=LSD&mid=sec&sid1=106&oid=076&aid=0003559531,1
하현우,"'복면가왕' 주윤발, 5연승 성공… 지원이 정체 공개 순간 최고 11.8%",연예,47,2020,04,27,9:00,3,3,0,0,0,0,0,0,0,0,0,https://news.naver.com/main/read.nhn?mode=LSD&mid=sec&sid1=106&oid=408&aid=0000091671,1
하현우,"'복면가왕' 주윤발, 방어전→파죽의 5연승X짬짜면=지원이 ""편견깼다""",연예,47,2020,04,26,20:56,5,5,0,0,0,0,0,0,0,0,0,https://news.naver.com/main/read.nhn?mode=LSD&mid=sec&sid1=106&oid=109&aid=0004197396,1
하현우,"'복면가왕' 주윤발, '5연승'vs 전갈자리·위키미키 최유정→짬짜면·지원이 [종합]",연예,47,2020,04,26,19:48,4,4,0,0,0,0,0,0,0,0,0,https://news.naver.com/main/read.nhn?mode=LSD&mid=sec&sid1=106&oid=109&aid=0004197385,1
하현우,"'복면가왕' 주윤발, 방어로 '5연승' 왕좌 굳건→지원이·최유정 꺾었다 [종합]",연예,47,2020,04,26,22:55,10,10,0,0,0,0,0,0,0,0,0,https://news.naver.com/main/read.nhn?mode=LSD&mid=sec&sid1=106&oid=109&aid=0004197408,1
하현우,드라마 OST 지니 월간차트 TOP 10...조정석 ‘아로하’ 일간차트 1위,연예,47,2020,04,28,21:08,29,29,0,0,0,0,0,0,0,0,0,https://news.naver.com/main/read.nhn?mode=LSD&mid=sec&sid1=106&oid=011&aid=0003731171,1
하현우,"국카스텐, 대표 록밴드로 우뚝..'2020 브랜드 고객충성도 대상' 록부문 수상",연예,47,2020,04,29,13:37,25,25,0,0,0,0,0,0,0,0,0,https://news.naver.com/main/read.nhn?mode=LSD&mid=sec&sid1=106&oid=404&aid=0000265491,1
하현우,"국카스텐, 국보급 밴드 인증…2020 브랜드고객충성도대상 수상",연예,47,2020,04,29,11:08,18,18,0,0,0,0,0,0,0,0,0,https://news.naver.com/main/read.nhn?mode=LSD&mid=sec&sid1=106&oid=009&aid=0004566325,1
하현우,"국카스텐, 국보급 밴드 입증…‘2020 BCLI’ 록밴드 부문 수상",연예,47,2020,04,29,11:43,20,20,0,0,0,0,0,0,0,0,0,https://news.naver.com/main/read.nhn?mode=LSD&mid=sec&sid1=106&oid=469&aid=0000491960,1
하현우,"[유희열의 스케치북] ‘유스케X뮤지션’ 가정의 달 특집 헌정곡, 하현우 ♬ 아버지",,48,2020,05,09,24:31,101,98,3,0,0,0,0,0,0,0,0,https://news.naver.com/main/read.nhn?mode=LSD&mid=sec&sid1=004&oid=438&aid=0000028602,1
하현우,"페스티벌부터 OST까지…하현우, 빛나는 존재감",연예,48,2020,05,08,16:51,169,169,0,0,0,0,0,0,0,0,0,https://news.naver.com/main/read.nhn?mode=LSD&mid=sec&sid1=106&oid=009&aid=0004571272,1
하현우,"[투데이TV]'유스케' 하현우, 방송 최초 '이태원 클라쓰' OST '돌덩이' 가창..음악대장의 위엄",연예,48,2020,05,08,10:22,171,171,0,0,0,0,0,0,0,0,0,https://news.naver.com/main/read.nhn?mode=LSD&mid=sec&sid1=106&oid=112&aid=0003296182,1
하현우,"‘유스케’ 하현우 “미대 진학했지만 음악하려 자퇴, 부모님 속 많이 썩여”",연예,48,2020,05,09,12:22,111,110,0,0,0,0,1,0,0,0,0,https://news.naver.com/main/read.nhn?mode=LSD&mid=sec&sid1=106&oid=609&aid=0000275348,1
하현우,"'복면가왕' 5연승 주윤발, 만찢남 이석훈·음악대장 하현우 자리 넘볼까",연예,48,2020,05,03,10:57,136,136,0,0,0,0,0,0,0,0,0,https://news.naver.com/main/read.nhn?mode=LSD&mid=sec&sid1=106&oid=241&aid=0003020083,1
하현우,"유희열, SG워너비 김진호母에 “안테나로 캐스팅하고 싶어”유스케[어제TV]",연예,48,2020,05,09,6:00,30,30,0,0,0,0,0,0,0,0,0,https://news.naver.com/main/read.nhn?mode=LSD&mid=sec&sid1=106&oid=609&aid=0000275350,1
하현우,"[메카 랭킹] 달빛조각사 5월 1주차, 최상위권에 부는 세대교체 바람",스포츠,48,2020,05,08,10:20,1,1,0,0,0,0,0,0,0,0,0,http://sports.news.naver.com/esports/news/read.nhn?oid=356&aid=0000040080,1
하현우,"[유희열의 스케치북] 김진호의 자작곡 ♬ 가족사진, 담담하고 묵직한 감동 보이스",,48,2020,05,09,24:54,21,20,0,0,0,1,0,0,0,0,0,https://news.naver.com/main/read.nhn?mode=LSD&mid=sec&sid1=004&oid=438&aid=0000028604,1
하현우,"[유희열의 스케치북] 싱어송라이터 강아솔, 엄마의 사랑이 느껴지는 노래로 깊은 울림",,48,2020,05,09,24:43,4,2,2,0,0,0,0,0,0,0,0,https://news.naver.com/main/read.nhn?mode=LSD&mid=sec&sid1=004&oid=438&aid=0000028603,1
하현우,"[유희열의 스케치북] 양희은X정은지, 가족 안에서도 특별한 관계 ♬ 엄마가 딸에게",,48,2020,05,09,24:19,46,30,12,0,3,1,0,0,0,0,0,https://news.naver.com/main/read.nhn?mode=LSD&mid=sec&sid1=004&oid=438&aid=0000028601,1
하현우,"‘음악대장’ 하현우, 오늘(8일) ‘유스케’ 가족특집편 출연",연예,48,2020,05,08,13:47,123,123,0,0,0,0,0,0,0,0,0,https://news.naver.com/main/read.nhn?mode=LSD&mid=sec&sid1=106&oid=609&aid=0000275187,1
하현우,명불허전 '음악대장' 하현우! 오늘(8일) 유스케 가족특집편 출연!,연예,48,2020,05,08,20:06,38,38,0,0,0,0,0,0,0,0,0,https://news.naver.com/main/read.nhn?mode=LSD&mid=sec&sid1=106&oid=117&aid=0003360741,1
하현우,"하현우, '유스케'서 김종서 '아버지' 열창…9일 음원 공개",연예,48,2020,05,08,13:28,58,58,0,0,0,0,0,0,0,0,0,https://news.naver.com/main/read.nhn?mode=LSD&mid=sec&sid1=106&oid=311&aid=0001143799,1
하현우,"'복면가왕' 5연승 수성 성공 '주윤발', 음악대장 하현우 자리 넘볼까",연예,48,2020,05,03,8:36,61,61,0,0,0,0,0,0,0,0,0,https://news.naver.com/main/read.nhn?mode=LSD&mid=sec&sid1=106&oid=015&aid=0004333853,1
하현우,"‘복면가왕’ 5연승 수성 성공한 가왕 ‘주윤발’, 이석훈-하현우 자리 넘볼까",연예,48,2020,05,03,9:57,30,30,0,0,0,0,0,0,0,0,0,https://news.naver.com/main/read.nhn?mode=LSD&mid=sec&sid1=106&oid=408&aid=0000092111,1
하현우,"‘복면가왕’ 5연승 주윤발, 6연승 이석훈·9연승 하현우 기록 넘을까",연예,48,2020,05,03,8:34,85,85,0,0,0,0,0,0,0,0,0,https://news.naver.com/main/read.nhn?mode=LSD&mid=sec&sid1=106&oid=609&aid=0000273230,1
하현우,"`복면가왕` 5연승 가왕 주윤발, 만찢남 이석훈 넘어 음악대장 하현우 자리 넘볼까",연예,48,2020,05,03,17:06,4,4,0,0,0,0,0,0,0,0,0,https://news.naver.com/main/read.nhn?mode=LSD&mid=sec&sid1=106&oid=009&aid=0004567927,1
하현우,"KB국민카드 디지털 캠페인 '이지 사운드' 뮤비, 조회수 300만 돌파",경제,48,2020,05,07,17:04,2,2,0,0,0,0,0,0,0,0,0,https://news.naver.com/main/read.nhn?mode=LSD&mid=sec&sid1=101&oid=076&aid=0003564093,1
하현우,"KB국민카드, 디지털 캠페인 ‘이지 사운드’ 뮤비 유튜브 조회수 300만회 돌파",경제,48,2020,05,07,9:36,3,3,0,0,0,0,0,0,0,0,0,https://news.naver.com/main/read.nhn?mode=LSD&mid=sec&sid1=101&oid=241&aid=0003021002,1
하현우,"‘복면가왕’ 주윤발 6연승 눈앞, 이석훈 넘어 하현우 넘어설까",연예,49,2020,05,10,8:47,119,116,0,1,0,0,0,0,1,1,0,https://news.naver.com/main/read.nhn?mode=LSD&mid=sec&sid1=106&oid=382&aid=0000818816,1
하현우,"[메카 랭킹] 달빛조각사 5월 2주차, 새 얼굴 ‘태풍’ 전체 3위 등극",스포츠,49,2020,05,15,10:16,1,1,0,0,0,0,0,0,0,0,0,http://sports.news.naver.com/esports/news/read.nhn?oid=356&aid=0000040217,1
하현우,"‘복면가왕’ 살린 시청률 효자, 주윤발 어떻게 역대 3위 가왕 됐나[TV와치]",연예,49,2020,05,11,10:23,375,374,0,0,0,0,1,0,0,0,0,https://news.naver.com/main/read.nhn?mode=LSD&mid=sec&sid1=106&oid=609&aid=0000275890,1
하현우,"‘복면가왕’ 가왕 ‘주윤발’, 6연승 눈앞... 이석훈 넘어 랭킹 1위 하현우 자리 넘볼까?!",연예,49,2020,05,10,10:15,72,71,0,0,0,0,1,0,0,0,0,https://news.naver.com/main/read.nhn?mode=LSD&mid=sec&sid1=106&oid=408&aid=0000092613,1
하현우,"‘복면가왕’ 6연승 눈앞 주윤발, 하현우 자리까지 넘보나[오늘TV]",연예,49,2020,05,10,8:38,81,81,0,0,0,0,0,0,0,0,0,https://news.naver.com/main/read.nhn?mode=LSD&mid=sec&sid1=106&oid=609&aid=0000275655,1
하현우,‘복면가왕’ 고음 폭발 무대에 기립박수 “하현우 이후 처음이야”,연예,50,2020,05,23,9:16,54,37,0,3,0,0,9,0,2,3,0,https://news.naver.com/main/read.nhn?mode=LSD&mid=sec&sid1=106&oid=408&aid=0000093615,1
하현우,"'히든싱어6' 비 ""지금 바로 모창에 도전하세요""",연예,50,2020,05,22,10:11,98,86,0,0,0,0,8,0,2,2,0,https://news.naver.com/main/read.nhn?mode=LSD&mid=sec&sid1=106&oid=241&aid=0003025124,1
하현우,"[메카 랭킹] 달빛조각사 5월 3주차, ‘마법사’ 토너먼트 부문 2위 등극",스포츠,50,2020,05,22,10:25,1,1,0,0,0,0,0,0,0,0,0,http://sports.news.naver.com/esports/news/read.nhn?oid=356&aid=0000040355,1
하현우,"""비장범준화사 모창에 도전해요""..'히든싱어6', 올 하반기 방송[공식]",연예,50,2020,05,22,10:04,12,10,0,0,0,0,0,0,2,0,0,https://news.naver.com/main/read.nhn?mode=LSD&mid=sec&sid1=106&oid=109&aid=0004211016,1
하현우,‘히든싱어6’ 비 장범준 백지영 장윤정 출연? 모창자 모집 시작,연예,50,2020,05,22,10:01,4,4,0,0,0,0,0,0,0,0,0,https://news.naver.com/main/read.nhn?mode=LSD&mid=sec&sid1=106&oid=609&aid=0000280127,1
하현우,"""비의 모창에 도전하세요""...'히든싱어6' 모집 영상",연예,50,2020,05,22,14:25,55,51,0,0,0,0,2,0,1,1,0,https://news.naver.com/main/read.nhn?mode=LSD&mid=sec&sid1=106&oid=003&aid=0009876484,1
하현우,"""하현우 이후 이런 고음 처음""…'복면가왕', 고음 폭발 무대에 판정단 '소름'",연예,50,2020,05,23,10:17,12,7,0,3,0,0,0,0,0,2,0,https://news.naver.com/main/read.nhn?mode=LSD&mid=sec&sid1=106&oid=015&aid=0004346058,1
하현우,‘복면가왕’ 제2의 하현우 탄생하나…소름 끼치는 고음 폭발에 판정단 깜짝,연예,50,2020,05,23,9:27,57,31,0,4,0,0,12,0,6,4,0,https://news.naver.com/main/read.nhn?mode=LSD&mid=sec&sid1=106&oid=382&aid=0000822914,1
하현우,"‘복면가왕’ 판정단, 고음 폭발 복면가수 등장에 “하현우 이후 처음”",연예,50,2020,05,23,16:09,13,5,0,4,0,0,0,0,0,4,0,https://news.naver.com/main/read.nhn?mode=LSD&mid=sec&sid1=106&oid=609&aid=0000280690,1
하현우,"‘복면가왕’, 유명 걸그룹 멤버로 추정되는 복면가수의 남심 저격 무대 예고",연예,50,2020,05,23,10:28,130,104,0,0,0,0,16,0,1,9,0,https://news.naver.com/main/read.nhn?mode=LSD&mid=sec&sid1=106&oid=311&aid=0001150708,1
하현우,"""지금 도전하세요""…'히든싱어6' 모창자 모집 영상 공개, 비·장범준·화사 등장",연예,50,2020,05,22,9:58,7,7,0,0,0,0,0,0,0,0,0,https://news.naver.com/main/read.nhn?mode=LSD&mid=sec&sid1=106&oid=076&aid=0003571925,1
하현우,"'히든싱어6' 비→화사, ""모창에 도전하세요""…모집 영상 공개",연예,50,2020,05,22,15:45,16,12,0,0,0,0,3,0,1,0,0,https://news.naver.com/main/read.nhn?mode=LSD&mid=sec&sid1=106&oid=117&aid=0003366454,1
하현우,‘히든싱어6’ 모창자 모집 영상 공개…비 장범준 백지영 화사 등장,연예,50,2020,05,22,10:35,2,1,0,0,0,0,1,0,0,0,0,https://news.naver.com/main/read.nhn?mode=LSD&mid=sec&sid1=106&oid=009&aid=0004580127,1
하현우,'복면가왕' 그림일기 정체는 '동굴저음' 류지광…방패에 패배,연예,51,2020,05,24,19:05,67,58,0,0,0,0,4,3,2,0,0,https://news.naver.com/main/read.nhn?mode=LSD&mid=sec&sid1=106&oid=421&aid=0004655196,1
하현우,‘복면가왕’ 주윤발 강승윤 “부담도 있었지만 마음껏 노래할 수 있어 행복”[직격인터뷰],연예,51,2020,05,24,20:01,87,78,0,0,0,0,9,0,0,0,0,https://news.naver.com/main/read.nhn?mode=LSD&mid=sec&sid1=106&oid=609&aid=0000280990,1
하현우,"주현미 ""함께 먹었던 김치처럼…트로트는 공통분모죠""",연예,51,2020,05,28,6:00,32,27,0,1,0,0,4,0,0,0,0,https://news.naver.com/main/read.nhn?mode=LSD&mid=sec&sid1=106&oid=001&aid=0011638791,1
하현우,복면가왕 '주윤발' 정체는 강승윤…'방패'는 최재림?,연예,51,2020,05,25,9:49,73,62,0,0,0,0,6,0,0,5,0,https://news.naver.com/main/read.nhn?mode=LSD&mid=sec&sid1=106&oid=003&aid=0009878642,1
하현우,"'복면가왕', 주윤발=위너 강승윤이었다…'새 가왕' 방패 정체는 최재림? [종합]",연예,51,2020,05,25,7:17,462,421,0,2,0,0,25,2,0,12,0,https://news.naver.com/main/read.nhn?mode=LSD&mid=sec&sid1=106&oid=312&aid=0000447008,1
하현우,"[툭-tv] `복면가왕` 방패, 새 가왕 등극…6연승 주윤발, 위너 강승윤이었다",연예,51,2020,05,25,7:58,24,21,0,0,0,0,3,0,0,0,0,https://news.naver.com/main/read.nhn?mode=LSD&mid=sec&sid1=106&oid=009&aid=0004581229,1
하현우,"‘복면가왕’ 주윤발, 파죽지세 7연승 가왕에 도전",연예,51,2020,05,24,10:47,60,42,0,1,0,0,17,0,0,0,0,https://news.naver.com/main/read.nhn?mode=LSD&mid=sec&sid1=106&oid=005&aid=0001324339,1
하현우,'복면가왕' 소향·이석훈도 넘지 못한 마의 7연승 고비,연예,51,2020,05,24,11:36,49,29,0,0,0,0,18,0,0,2,0,https://news.naver.com/main/read.nhn?mode=LSD&mid=sec&sid1=106&oid=015&aid=0004346219,1
하현우,"'복면가왕' 주윤발, 소향-이석훈도 못 넘긴 7연승 고비 넘길까",연예,51,2020,05,24,10:02,71,53,0,0,0,0,14,0,0,4,0,https://news.naver.com/main/read.nhn?mode=LSD&mid=sec&sid1=106&oid=076&aid=0003572726,1
하현우,"'복면가왕' 주윤발, 소향·이석훈도 넘지 못한 '마의 7연승' 넘어설까",연예,51,2020,05,24,13:35,87,57,0,1,0,0,26,0,2,1,0,https://news.naver.com/main/read.nhn?mode=LSD&mid=sec&sid1=106&oid=312&aid=0000446985,1
하현우,"[종합] ‘복면가왕’ 7연승 실패 주윤발=위너 강승윤…방패, 128대 가왕 등극",연예,51,2020,05,24,19:41,"3,980","3,368",0,86,0,0,367,34,15,110,0,https://news.naver.com/main/read.nhn?mode=LSD&mid=sec&sid1=106&oid=382&aid=0000823159,1
하현우,"'복면가왕' 방패, 新 가왕 등극..주윤발=강승윤 ""6연승, 힐링된 시간"" [★밤TView]",연예,51,2020,05,24,19:45,91,67,0,3,0,0,19,2,0,0,0,https://news.naver.com/main/read.nhn?mode=LSD&mid=sec&sid1=106&oid=108&aid=0002865177,1
하현우,"'복면가왕' 방패, 새 가왕으로 등극…'주윤발'은 위너 강승윤(종합)",연예,51,2020,05,24,19:47,170,137,0,4,0,0,28,1,0,0,0,https://news.naver.com/main/read.nhn?mode=LSD&mid=sec&sid1=106&oid=421&aid=0004655200,1
하현우,"`복면가왕` 방패, 새 가왕 됐다…주윤발=위너 강승윤 [종합]",연예,51,2020,05,24,19:41,78,31,0,2,0,0,38,5,0,2,0,https://news.naver.com/main/read.nhn?mode=LSD&mid=sec&sid1=106&oid=009&aid=0004581139,1
하현우,'복면가왕' 그림일기 정체는 트로트 프린스 류지광...방패 3R 진출,연예,51,2020,05,24,19:10,12,10,0,1,0,0,1,0,0,0,0,https://news.naver.com/main/read.nhn?mode=LSD&mid=sec&sid1=106&oid=277&aid=0004684323,1
하현우,"'복면가왕' 그림일기, 트로트 신예 류지광이었다…방패 3라운드 진출",연예,51,2020,05,24,19:02,4,2,0,1,0,0,1,0,0,0,0,https://news.naver.com/main/read.nhn?mode=LSD&mid=sec&sid1=106&oid=117&aid=0003367102,1
하현우,`복면가왕` 류지광=그림일기…방패 3R 진출,연예,51,2020,05,24,19:03,12,9,0,0,0,0,3,0,0,0,0,https://news.naver.com/main/read.nhn?mode=LSD&mid=sec&sid1=106&oid=009&aid=0004581130,1
하현우,‘복면가왕’ 그림일기=가수 류지광…3R 진출 방패 정체 누구?,연예,51,2020,05,24,19:02,66,53,0,2,0,0,7,0,1,3,0,https://news.naver.com/main/read.nhn?mode=LSD&mid=sec&sid1=106&oid=382&aid=0000823155,1
하현우,"주현미 ""트로트, 신김치 처럼 한국인의 '공통분모' 있다""",연예,51,2020,05,28,17:24,2,2,0,0,0,0,0,0,0,0,0,https://news.naver.com/main/read.nhn?mode=LSD&mid=sec&sid1=106&oid=057&aid=0001459921,1
하현우,'복면가왕' 주윤발 정체는 위너 강승윤…방패 새 가왕 등극,연예,51,2020,05,25,8:56,25,24,0,0,0,0,1,0,0,0,0,https://news.naver.com/main/read.nhn?mode=LSD&mid=sec&sid1=106&oid=468&aid=0000662128,1
하현우,"'복면가왕' 주윤발, 위너 강승윤 정체 공개...순간 최고 시청률 12.1%",연예,51,2020,05,25,10:55,67,62,0,0,0,0,4,0,0,1,0,https://news.naver.com/main/read.nhn?mode=LSD&mid=sec&sid1=106&oid=109&aid=0004212372,1
하현우,'복면가왕' 강승윤 꺾은 새 가왕 '방패'는 최재림?,연예,51,2020,05,25,9:26,15,12,0,0,0,0,2,0,0,1,0,https://news.naver.com/main/read.nhn?mode=LSD&mid=sec&sid1=106&oid=015&aid=0004346609,1
하현우,"‘복면가왕’, ‘주윤발’은 위너 강승윤, 아쉬운 퇴장...",연예,51,2020,05,25,9:49,57,41,0,1,0,0,14,0,0,1,0,https://news.naver.com/main/read.nhn?mode=LSD&mid=sec&sid1=106&oid=005&aid=0001324623,1
