문재인,'문재인 하야' 전광훈 목사 이번엔 '文 히틀러' 비유,사회,0,2019,06,08,17:13,"5,129","3,822",24,12,"1,251",20,0,0,0,0,0,https://news.naver.com/main/read.nhn?mode=LSD&mid=sec&sid1=102&oid=079&aid=0003236029
문재인,"""문재인은 빨갱이"" 차명진 또 막말... ""국민도 빨갱이인가""",정치,0,2019,06,07,24:56,"7,221","5,555",17,9,"1,612",28,0,0,0,0,0,https://news.naver.com/main/read.nhn?mode=LSD&mid=sec&sid1=100&oid=047&aid=0002229531
문재인,‘문재인 대통령 하야’?…경찰서 지구대에 낙서,사회,0,2019,06,08,14:45,8,5,2,0,1,0,0,0,0,0,0,https://news.naver.com/main/read.nhn?mode=LSD&mid=sec&sid1=102&oid=028&aid=0002456717
문재인,전광훈 한기총 대표회장 “문재인 저 X 끌어내자”,생활,0,2019,06,07,21:21,"2,735","1,767",26,11,902,29,0,0,0,0,0,https://news.naver.com/main/read.nhn?mode=LSD&mid=sec&sid1=103&oid=032&aid=0002944635
문재인,"차명진 ""문재인은 빨갱이""...또 막말",정치,0,2019,06,07,11:10,767,541,3,3,219,1,0,0,0,0,0,https://news.naver.com/main/read.nhn?mode=LSD&mid=sec&sid1=100&oid=052&aid=0001304143
문재인,"문재인 정부의 아킬레스 건, 자본시장! 그 진단과 처방",오피니언,0,2019,06,07,14:59,5,1,0,0,4,0,0,0,0,0,0,https://news.naver.com/main/read.nhn?mode=LSD&mid=sec&sid1=110&oid=002&aid=0002093304
문재인,전광훈 목사 “청와대 진격하자···문재인 끌고 나올 수 있다”,정치,0,2019,06,07,20:54,343,202,0,2,137,2,0,0,0,0,0,https://news.naver.com/main/read.nhn?mode=LSD&mid=sec&sid1=100&oid=032&aid=0002944620
문재인,"차명진 ""김원봉이 국군 뿌리라고?…'빨갱이' 문재인은 탄핵 대상""",정치,0,2019,06,06,22:32,"4,120","3,761",15,8,323,13,0,0,0,0,0,https://news.naver.com/main/read.nhn?mode=LSD&mid=sec&sid1=100&oid=421&aid=0004028923
문재인,"차명진 ""탄핵 대상 아니고 뭐냐...문재인은 빨갱이""",정치,0,2019,06,06,21:30,"1,753","1,494",7,2,241,9,0,0,0,0,0,https://news.naver.com/main/read.nhn?mode=LSD&mid=sec&sid1=100&oid=002&aid=0002093242
문재인,"차명진 ""문재인은 빨갱이"" 또 막말…與 ""당에서 영구히 축출""",정치,0,2019,06,07,10:48,"4,013","3,606",24,4,368,11,0,0,0,0,0,https://news.naver.com/main/read.nhn?mode=LSD&mid=sec&sid1=100&oid=001&aid=0010874104
문재인,"차명진 ""문재인은 빨갱이"" 또 막말…與 ""당에서 영구히 축출""",정치,0,2019,06,07,11:00,"3,268","2,646",20,7,578,17,0,0,0,0,0,https://news.naver.com/main/read.nhn?mode=LSD&mid=sec&sid1=100&oid=055&aid=0000736842
문재인,"'세월호 막말' 차명진 ""문재인은 빨갱이""",정치,0,2019,06,07,16:57,"1,826","1,499",12,7,301,7,0,0,0,0,0,https://news.naver.com/main/read.nhn?mode=LSD&mid=sec&sid1=100&oid=079&aid=0003235819
문재인,차명진 “문재인 빨갱이”… 황교안 ‘용납 범위’ 첫 가늠자,정치,0,2019,06,07,14:39,"2,582","2,107",19,5,436,15,0,0,0,0,0,https://news.naver.com/main/read.nhn?mode=LSD&mid=sec&sid1=100&oid=005&aid=0001205697
문재인,"또 드러난 전광훈 막말 ""靑 진격해 문재인 끌어내자""",정치,0,2019,06,07,18:19,345,138,1,1,201,4,0,0,0,0,0,https://news.naver.com/main/read.nhn?mode=LSD&mid=sec&sid1=100&oid=002&aid=0002093342
문재인,"[영상] 차명진 ""문재인은 빨갱이"" 또 막말…""편가르기 종합판""",정치,0,2019,06,07,17:10,157,141,0,1,14,1,0,0,0,0,0,https://news.naver.com/main/read.nhn?mode=LSD&mid=sec&sid1=100&oid=001&aid=0010875052
문재인,"한국당 차명진 전 의원 ""문재인은 빨갱이"" 또 막말 논란",정치,0,2019,06,07,24:25,20,15,0,0,5,0,0,0,0,0,0,https://news.naver.com/main/read.nhn?mode=LSD&mid=sec&sid1=100&oid=055&aid=0000736871
문재인,차명진 “한국당 의원은 ‘문재인 빨갱이’ 외쳐야”,정치,0,2019,06,06,23:20,"2,704","1,760",10,5,917,12,0,0,0,0,0,https://news.naver.com/main/read.nhn?mode=LSD&mid=sec&sid1=100&oid=032&aid=0002944502
문재인,'삽질의 종말'을 위해 문재인 정부가 해야할 일,생활,1,2019,06,15,11:48,95,6,0,2,87,0,0,0,0,0,0,https://news.naver.com/main/read.nhn?mode=LSD&mid=sec&sid1=103&oid=047&aid=0002230329
문재인,"황교안 “문재인 정권, 민노총 촛불청구서에 발목 잡혀”",정치,1,2019,06,14,14:11,80,71,0,0,9,0,0,0,0,0,0,https://news.naver.com/main/read.nhn?mode=LSD&mid=sec&sid1=100&oid=081&aid=0003006647
문재인,과거 정보경찰 보고서 “경남고(문재인)‧부산고(안철수) 총동문회가 결집할 경우…”,사회,1,2019,06,14,18:09,17,1,0,0,16,0,0,0,0,0,0,https://news.naver.com/main/read.nhn?mode=LSD&mid=sec&sid1=102&oid=025&aid=0002914643
문재인,"문재인 대통령 ""스웨덴, 한반도 평화의 동반자 되어달라""",정치,1,2019,06,15,19:11,481,12,2,0,466,1,0,0,0,0,0,https://news.naver.com/main/read.nhn?mode=LSD&mid=sec&sid1=100&oid=015&aid=0004159718
문재인,"문재인 대통령, 역대 첫 e스포츠 직관…""사랑받는 이유 알겠다""",스포츠,1,2019,06,15,24:09,21,5,0,0,15,0,0,0,0,0,1,http://sports.news.naver.com/esports/news/read.nhn?oid=241&aid=0002925812
문재인,"문재인 대통령 “평화, 대화 통해서만 가능…체제 보장 받아야”",정치,1,2019,06,14,19:08,537,2,0,0,535,0,0,0,0,0,0,https://news.naver.com/main/read.nhn?mode=LSD&mid=sec&sid1=100&oid=020&aid=0003223250
문재인,"""민주노총 위원장 구속은 문재인 정부의 선전포고""",사회,2,2019,06,21,15:20,708,80,13,3,604,8,0,0,0,0,0,https://news.naver.com/main/read.nhn?mode=LSD&mid=sec&sid1=102&oid=047&aid=0002231028
문재인,문재인 정부의 민주노총 위원장 구속…노정관계 파국 치닫나,사회,2,2019,06,21,21:31,157,138,8,2,9,0,0,0,0,0,0,https://news.naver.com/main/read.nhn?mode=LSD&mid=sec&sid1=102&oid=001&aid=0010906662
문재인,"김명환 민주노총 위원장 구속… 통산 5번째, 문재인정부 첫 사례",사회,2,2019,06,21,21:18,161,151,4,1,5,0,0,0,0,0,0,https://news.naver.com/main/read.nhn?mode=LSD&mid=sec&sid1=102&oid=005&aid=0001210117
문재인,"이언주 ""문재인 대통령의 최순실은 영부인""",정치,2,2019,06,22,16:14,572,284,1,0,280,7,0,0,0,0,0,https://news.naver.com/main/read.nhn?mode=LSD&mid=sec&sid1=100&oid=009&aid=0004378376
문재인,"문재인의 '평화' 연설을 듣고, 김영삼의 취임사를 꺼내들다",세계,2,2019,06,22,10:56,109,11,1,1,92,4,0,0,0,0,0,https://news.naver.com/main/read.nhn?mode=LSD&mid=sec&sid1=104&oid=002&aid=0002094824
문재인,"청와대 앞 찾아간 민주노총 “문재인 정부, 촛불정부ㆍ노동존중사회 포기했다”",사회,2,2019,06,22,20:09,992,100,5,5,874,8,0,0,0,0,0,https://news.naver.com/main/read.nhn?mode=LSD&mid=sec&sid1=102&oid=469&aid=0000399165
문재인,"김명환, 문재인 정부 첫 민주노총 수장 구속 사례 될까",사회,2,2019,06,21,13:40,343,314,5,0,20,4,0,0,0,0,0,https://news.naver.com/main/read.nhn?mode=LSD&mid=sec&sid1=102&oid=025&aid=0002916343
문재인,"권영길 ""문재인정권은 민주노총을 모욕하지 말라""",정치,2,2019,06,21,11:19,625,21,3,1,597,3,0,0,0,0,0,https://news.naver.com/main/read.nhn?mode=LSD&mid=sec&sid1=100&oid=047&aid=0002230984
문재인,"김명환 민주노총 위원장 영장심사 출석… ""문재인정부 노동 탄압""",사회,2,2019,06,21,13:45,1,1,0,0,0,0,0,0,0,0,0,https://news.naver.com/main/read.nhn?mode=LSD&mid=sec&sid1=102&oid=417&aid=0000421524
문재인,심상정 “문재인 정부에서 민주노총 위원장 구속될 줄 몰랐다”,정치,2,2019,06,21,22:57,589,16,2,0,569,2,0,0,0,0,0,https://news.naver.com/main/read.nhn?mode=LSD&mid=sec&sid1=100&oid=032&aid=0002947209
문재인,문재인의 ‘민주노총 가두기’ 박근혜와 비슷,사회,2,2019,06,21,24:57,6,2,2,0,1,1,0,0,0,0,0,https://news.naver.com/main/read.nhn?mode=LSD&mid=sec&sid1=102&oid=152&aid=0001959467
문재인,이언주 “김정숙 여사는 문재인 대통령의 최순실”,정치,2,2019,06,22,11:09,532,451,2,0,74,5,0,0,0,0,0,https://news.naver.com/main/read.nhn?mode=LSD&mid=sec&sid1=100&oid=005&aid=0001210168
문재인,"문재인 대통령, G20 정상회의에서 중·러 정상 만난다",정치,2,2019,06,21,14:50,38,2,0,0,36,0,0,0,0,0,0,https://news.naver.com/main/read.nhn?mode=LSD&mid=sec&sid1=100&oid=005&aid=0001209976
문재인,"민노총 위원장, 문재인 정부 '첫 구속'…민노총 ""노동탄압 정부""",사회,2,2019,06,22,20:27,16,8,0,0,7,1,0,0,0,0,0,https://news.naver.com/main/read.nhn?mode=LSD&mid=sec&sid1=102&oid=057&aid=0001361284
문재인,"'문재인 탄핵' 청원에 靑 ""헌재가 결정할 사항""",정치,3,2019,06,28,16:25,"1,256",83,5,5,"1,145",18,0,0,0,0,0,https://news.naver.com/main/read.nhn?mode=LSD&mid=sec&sid1=100&oid=006&aid=0000097518
문재인,"조국 이어 노영민도 ‘페북’…“문재인 정부 성과 직접 전할 것""",정치,3,2019,06,28,17:40,462,76,1,1,383,1,0,0,0,0,0,https://news.naver.com/main/read.nhn?mode=LSD&mid=sec&sid1=100&oid=028&aid=0002459195
문재인,"""문재인 정부에 자괴감... 민주노총 사회적 책무 다할 것""",사회,3,2019,06,28,16:37,428,23,1,1,400,3,0,0,0,0,0,https://news.naver.com/main/read.nhn?mode=LSD&mid=sec&sid1=102&oid=047&aid=0002231805
문재인,"문재인 대통령 ""한반도 평화경제, 모두에게 이익될 것""",정치,3,2019,06,29,24:04,6,0,0,0,6,0,0,0,0,0,0,https://news.naver.com/main/read.nhn?mode=LSD&mid=sec&sid1=100&oid=052&aid=0001312844
문재인,"문재인 대통령, G20 일정 마치고 귀국… 오늘 트럼프와 만찬",정치,3,2019,06,29,19:19,63,8,0,0,55,0,0,0,0,0,0,https://news.naver.com/main/read.nhn?mode=LSD&mid=sec&sid1=100&oid=469&aid=0000401203
문재인,이해찬 대표와 인사하는 문재인 대통령,정치,3,2019,06,29,16:59,2,1,0,0,1,0,0,0,0,0,0,https://news.naver.com/main/read.nhn?mode=LSD&mid=sec&sid1=100&oid=001&aid=0010921876
문재인,문재인·트럼프·김정은 DMZ서 손 마주잡나?,정치,3,2019,06,29,22:47,102,52,1,2,47,0,0,0,0,0,0,https://news.naver.com/main/read.nhn?mode=LSD&mid=sec&sid1=100&oid=002&aid=0002095615
문재인,"문재인 대통령 ""거대한 물줄기 바꾸고 있어…지치지 말자""",정치,3,2019,06,29,15:27,176,13,0,0,163,0,0,0,0,0,0,https://news.naver.com/main/read.nhn?mode=LSD&mid=sec&sid1=100&oid=015&aid=0004167601
문재인,"'문재인케어'와 충돌하는 문재인 정부, 그거 의료민영화다",사회,3,2019,06,29,11:16,134,3,0,1,121,9,0,0,0,0,0,https://news.naver.com/main/read.nhn?mode=LSD&mid=sec&sid1=102&oid=047&aid=0002231838
문재인,"靑, 문재인 대통령 탄핵 청원에 ""헌재가 결정할 사안""",정치,3,2019,06,28,18:39,234,20,2,3,205,4,0,0,0,0,0,https://news.naver.com/main/read.nhn?mode=LSD&mid=sec&sid1=100&oid=008&aid=0004240642
문재인,"靑, 문재인 대통령 탄핵 청원에 “정부가 더 잘하겠다”",정치,3,2019,06,28,16:01,341,14,1,2,323,1,0,0,0,0,0,https://news.naver.com/main/read.nhn?mode=LSD&mid=sec&sid1=100&oid=005&aid=0001212221
문재인,"""문재인 정부의 2년 성과 알리겠다""…'페북 정치' 재개한 노영민 실장",정치,3,2019,06,28,16:40,329,5,1,1,322,0,0,0,0,0,0,https://news.naver.com/main/read.nhn?mode=LSD&mid=sec&sid1=100&oid=015&aid=0004167324
문재인,"문재인 대통령, G20 정상회의 마치고 귀국",정치,3,2019,06,29,16:51,5,1,0,0,4,0,0,0,0,0,0,https://news.naver.com/main/read.nhn?mode=LSD&mid=sec&sid1=100&oid=421&aid=0004067432
문재인,"[현장영상] 문재인 대통령, G20 마치고 귀국",정치,3,2019,06,29,16:49,1,0,0,0,1,0,0,0,0,0,0,https://news.naver.com/main/read.nhn?mode=LSD&mid=sec&sid1=100&oid=052&aid=0001312908
문재인,이해찬·진영 '문재인 대통령 귀국 환영',정치,3,2019,06,29,17:07,1,1,0,0,0,0,0,0,0,0,0,https://news.naver.com/main/read.nhn?mode=LSD&mid=sec&sid1=100&oid=421&aid=0004067460
문재인,문재인 대통령 환영 나선 이해찬·진영,정치,3,2019,06,29,17:06,2,2,0,0,0,0,0,0,0,0,0,https://news.naver.com/main/read.nhn?mode=LSD&mid=sec&sid1=100&oid=421&aid=0004067459
문재인,이해찬 대표와 인사하는 문재인 대통령,정치,3,2019,06,29,16:58,12,3,0,0,9,0,0,0,0,0,0,https://news.naver.com/main/read.nhn?mode=LSD&mid=sec&sid1=100&oid=001&aid=0010921874
문재인,[레이더P] 문재인정부 ‘약한고리` 경제를 겨냥한 오신환,정치,4,2019,07,05,11:05,480,454,1,5,18,2,0,0,0,0,0,https://news.naver.com/main/read.nhn?mode=LSD&mid=sec&sid1=100&oid=009&aid=0004386531
문재인,"나경원 ""패스트트랙은 악, 문재인 정권은 신독재""",정치,4,2019,07,04,11:03,597,363,4,0,228,2,0,0,0,0,0,https://news.naver.com/main/read.nhn?mode=LSD&mid=sec&sid1=100&oid=002&aid=0002096084
문재인,"문재인 대통령 ""사회적 경제, 취약계층 버팀목""",정치,4,2019,07,06,1:12,418,17,1,0,399,1,0,0,0,0,0,https://news.naver.com/main/read.nhn?mode=LSD&mid=sec&sid1=100&oid=052&aid=0001315550
문재인,문재인 대통령 - 30대그룹 총수 '日 대응' 머리 맞댄다,정치,4,2019,07,05,17:31,"1,880",76,3,5,"1,790",6,0,0,0,0,0,https://news.naver.com/main/read.nhn?mode=LSD&mid=sec&sid1=100&oid=015&aid=0004171215
문재인,고요한 택시 탑승한 문재인 대통령,사회,4,2019,07,05,15:40,46,7,4,0,35,0,0,0,0,0,0,https://news.naver.com/main/read.nhn?mode=LSD&mid=sec&sid1=102&oid=003&aid=0009327094
문재인,"문재인 대통령 ""사회적 경제는 포용국가의 한 축""",정치,4,2019,07,05,17:35,161,5,0,1,155,0,0,0,0,0,0,https://news.naver.com/main/read.nhn?mode=LSD&mid=sec&sid1=100&oid=015&aid=0004171226
문재인,"[전문]나경원 ""문재인 정부는 틀렸다…야당 경고에 귀 기울여야""",정치,4,2019,07,04,10:02,82,49,0,0,33,0,0,0,0,0,0,https://news.naver.com/main/read.nhn?mode=LSD&mid=sec&sid1=100&oid=277&aid=0004495763
문재인,"[현장영상] 나경원 ""문재인 정부, 일본 정부 보복 예고에 수수방관""",정치,4,2019,07,04,10:08,203,80,0,0,120,3,0,0,0,0,0,https://news.naver.com/main/read.nhn?mode=LSD&mid=sec&sid1=100&oid=052&aid=0001314771
문재인,"나경원 ""문재인 정부 정책 틀렸다…한국당이 답 제시하겠다""[전문]",정치,4,2019,07,04,11:19,"2,060","1,315",8,5,721,11,0,0,0,0,0,https://news.naver.com/main/read.nhn?mode=LSD&mid=sec&sid1=100&oid=015&aid=0004170321
문재인,[전문] 문재인 대통령 '제2회 대한민국 사회적경제 박람회' 연설,정치,4,2019,07,05,16:05,24,4,1,0,19,0,0,0,0,0,0,https://news.naver.com/main/read.nhn?mode=LSD&mid=sec&sid1=100&oid=047&aid=0002232586
문재인,고요한 택시 탑승한 문재인 대통령,사회,4,2019,07,05,17:07,1,1,0,0,0,0,0,0,0,0,0,https://news.naver.com/main/read.nhn?mode=LSD&mid=sec&sid1=102&oid=003&aid=0009327389
문재인,고요한 택시 탑승한 문재인 대통령,사회,4,2019,07,05,17:07,8,2,0,0,6,0,0,0,0,0,0,https://news.naver.com/main/read.nhn?mode=LSD&mid=sec&sid1=102&oid=003&aid=0009327388
문재인,고요한 택시 설명듣는 문재인 대통령,사회,4,2019,07,05,15:40,2,0,0,0,2,0,0,0,0,0,0,https://news.naver.com/main/read.nhn?mode=LSD&mid=sec&sid1=102&oid=003&aid=0009327096
문재인,'문재인 케어' 후 대형병원 중증환자 비중 ↑…경증환자↓,사회,5,2019,07,12,11:12,218,36,0,0,181,1,0,0,0,0,0,https://news.naver.com/main/read.nhn?mode=LSD&mid=sec&sid1=102&oid=001&aid=0010947745
문재인,'문재인 케어' 후 대형병원 중증환자 비중 증가,생활,5,2019,07,13,23:54,26,5,0,0,21,0,0,0,0,0,0,https://news.naver.com/main/read.nhn?mode=LSD&mid=sec&sid1=103&oid=215&aid=0000793527
문재인,"문재인 대통령, 전남 미래 지역발전 선도할 ‘블루 이코노미’ 비전 선포",사회,5,2019,07,13,9:38,931,52,3,0,876,0,0,0,0,0,0,https://news.naver.com/main/read.nhn?mode=LSD&mid=sec&sid1=102&oid=002&aid=0002097004
문재인,"문재인 대통령, 日 수출규제 해결 방안 고심…""피해 발생 시 대응 불가피""",정치,5,2019,07,13,13:20,325,25,1,1,297,1,0,0,0,0,0,https://news.naver.com/main/read.nhn?mode=LSD&mid=sec&sid1=100&oid=029&aid=0002539610
문재인,손 흔드는 문재인 대통령,정치,5,2019,07,12,23:25,11,1,0,0,10,0,0,0,0,0,0,https://news.naver.com/main/read.nhn?mode=LSD&mid=sec&sid1=100&oid=421&aid=0004091054
문재인,문화공연 관람하는 문재인 대통령,정치,5,2019,07,12,21:20,31,2,0,0,29,0,0,0,0,0,0,https://news.naver.com/main/read.nhn?mode=LSD&mid=sec&sid1=100&oid=003&aid=0009340573
문재인,[라이브인 #4] 문재인 정부가 좌파라고요?,사회,5,2019,07,12,17:50,12,2,0,0,9,1,0,0,0,0,0,https://news.naver.com/main/read.nhn?mode=LSD&mid=sec&sid1=102&oid=028&aid=0002460886
문재인,"호남 간 문재인 대통령 ""이순신 장군, 12척의 배로 나라 지켰다""",정치,5,2019,07,12,18:31,"2,327",107,6,2,"2,202",10,0,0,0,0,0,https://news.naver.com/main/read.nhn?mode=LSD&mid=sec&sid1=100&oid=015&aid=0004175074
문재인,손 흔드는 문재인 대통령,정치,5,2019,07,12,21:58,3,0,0,0,3,0,0,0,0,0,0,https://news.naver.com/main/read.nhn?mode=LSD&mid=sec&sid1=100&oid=001&aid=0010949506
문재인,손 흔드는 문재인 대통령,정치,5,2019,07,12,21:56,5,0,0,0,5,0,0,0,0,0,0,https://news.naver.com/main/read.nhn?mode=LSD&mid=sec&sid1=100&oid=001&aid=0010949495
문재인,손 흔드는 문재인 대통령,정치,5,2019,07,12,21:56,4,0,0,0,4,0,0,0,0,0,0,https://news.naver.com/main/read.nhn?mode=LSD&mid=sec&sid1=100&oid=001&aid=0010949491
문재인,손 흔드는 문재인 대통령,정치,5,2019,07,12,23:19,2,1,0,0,1,0,0,0,0,0,0,https://news.naver.com/main/read.nhn?mode=LSD&mid=sec&sid1=100&oid=001&aid=0010949656
문재인,개회식 공연 지켜보는 문재인 대통령,정치,5,2019,07,12,21:29,4,1,0,0,3,0,0,0,0,0,0,https://news.naver.com/main/read.nhn?mode=LSD&mid=sec&sid1=100&oid=001&aid=0010949419
문재인,개회식 공연 지켜보는 문재인 대통령,정치,5,2019,07,12,21:29,7,2,0,0,5,0,0,0,0,0,0,https://news.naver.com/main/read.nhn?mode=LSD&mid=sec&sid1=100&oid=001&aid=0010949421
문재인,개회식 공연 지켜보는 문재인 대통령,정치,5,2019,07,12,22:18,2,2,0,0,0,0,0,0,0,0,0,https://news.naver.com/main/read.nhn?mode=LSD&mid=sec&sid1=100&oid=001&aid=0010949551
문재인,"日 후지TV 논설위원 ""문재인 탄핵이 해법"" 막말",세계,6,2019,07,19,8:50,"1,221",712,6,1,498,4,0,0,0,0,0,https://news.naver.com/main/read.nhn?mode=LSD&mid=sec&sid1=104&oid=001&aid=0010965068
문재인,"日 경산성 간부 ""문재인 정권 계속되는 한 규제 계속""",세계,6,2019,07,19,13:28,12,5,0,0,7,0,0,0,0,0,0,https://news.naver.com/main/read.nhn?mode=LSD&mid=sec&sid1=104&oid=055&aid=0000746140
문재인,"트럼프 ""문재인 대통령이 한일갈등 관여 주문…양국 원하면 역할하겠다""",세계,6,2019,07,20,9:09,"1,583",54,7,9,"1,491",22,0,0,0,0,0,https://news.naver.com/main/read.nhn?mode=LSD&mid=sec&sid1=104&oid=023&aid=0003462122
문재인,"靑 ""문재인 대통령, 트럼프에 '한일 갈등' 관심 요청""",정치,6,2019,07,20,21:57,429,17,3,3,402,4,0,0,0,0,0,https://news.naver.com/main/read.nhn?mode=LSD&mid=sec&sid1=100&oid=052&aid=0001321245
문재인,"이해찬 “日, 결국 문재인 정권 흔들겠다는 뜻…긴싸움 각오해야”",정치,6,2019,07,19,17:26,315,46,2,0,266,1,0,0,0,0,0,https://news.naver.com/main/read.nhn?mode=LSD&mid=sec&sid1=100&oid=081&aid=0003015496
문재인,"日 후지TV 논설위원 ""문재인 탄핵이 해법"" 막말",세계,6,2019,07,19,9:03,137,89,2,0,46,0,0,0,0,0,0,https://news.naver.com/main/read.nhn?mode=LSD&mid=sec&sid1=104&oid=029&aid=0002541085
문재인,"日 후지TV 논설위원 ""문재인 탄핵이 해법"" 막말",세계,6,2019,07,19,9:49,2,1,0,0,1,0,0,0,0,0,0,https://news.naver.com/main/read.nhn?mode=LSD&mid=sec&sid1=104&oid=055&aid=0000746088
문재인,일본 후지TV 논설위원 “문재인 탄핵이 해법” 막말 논란,세계,6,2019,07,19,9:51,497,235,2,0,259,1,0,0,0,0,0,https://news.naver.com/main/read.nhn?mode=LSD&mid=sec&sid1=104&oid=081&aid=0003015362
문재인,일본 극우매체 논설위원 “문재인 탄핵이 해법” 막말,세계,6,2019,07,19,24:06,112,31,0,1,80,0,0,0,0,0,0,https://news.naver.com/main/read.nhn?mode=LSD&mid=sec&sid1=104&oid=032&aid=0002952519
문재인,"日 경산성 간부 ""문재인 정권 계속되는 한 규제 계속""",세계,6,2019,07,19,11:52,21,13,0,0,7,1,0,0,0,0,0,https://news.naver.com/main/read.nhn?mode=LSD&mid=sec&sid1=104&oid=214&aid=0000965314
문재인,"日 경제산업성 간부 ""문재인 정권 계속되는 이상 규제 계속""",세계,6,2019,07,19,11:40,4,4,0,0,0,0,0,0,0,0,0,https://news.naver.com/main/read.nhn?mode=LSD&mid=sec&sid1=104&oid=052&aid=0001320744
문재인,"日 경산성 간부 ""문재인 정권 계속되는 한 규제 계속""",세계,6,2019,07,19,11:22,546,243,6,3,287,7,0,0,0,0,0,https://news.naver.com/main/read.nhn?mode=LSD&mid=sec&sid1=104&oid=001&aid=0010965642
문재인,"靑 ""문재인 대통령, 트럼프에 '한일 갈등' 관심 요청""",정치,6,2019,07,20,15:26,801,112,0,5,677,7,0,0,0,0,0,https://news.naver.com/main/read.nhn?mode=LSD&mid=sec&sid1=100&oid=052&aid=0001321181
문재인,"靑 ""문재인 대통령, 트럼프에 '한일 갈등' 관심 요청""",정치,6,2019,07,20,16:35,142,7,0,0,131,4,0,0,0,0,0,https://news.naver.com/main/read.nhn?mode=LSD&mid=sec&sid1=100&oid=052&aid=0001321205
문재인,"“롯데, 문재인 하야 서명에 동참” 주장한 롯데제과 직원 투신 소동",사회,6,2019,07,19,13:40,"1,208",175,18,21,981,13,0,0,0,0,0,https://news.naver.com/main/read.nhn?mode=LSD&mid=sec&sid1=102&oid=469&aid=0000406867
문재인,"""롯데, 문재인 하야 서명 참여"" 주장한 롯데제과 전 직원 투신 소동",사회,6,2019,07,19,16:44,230,26,9,0,194,1,0,0,0,0,0,https://news.naver.com/main/read.nhn?mode=LSD&mid=sec&sid1=102&oid=031&aid=0000501734
문재인,"""문재인 탄핵 서명"" 롯데제과 전 직원 투신소동 벌여",사회,6,2019,07,19,13:20,99,51,0,1,45,2,0,0,0,0,0,https://news.naver.com/main/read.nhn?mode=LSD&mid=sec&sid1=102&oid=015&aid=0004178631
문재인,"문재인 대통령, 민정수석 등 수석비서관 3명 교체...김조원 새 민정수석은 영남대 출신",정치,7,2019,07,26,16:59,2,0,0,0,2,0,0,0,0,0,0,https://news.naver.com/main/read.nhn?mode=LSD&mid=sec&sid1=100&oid=088&aid=0000604845
문재인,문재인 대통령 “살아 있는 권력에도 원칙 잣대 적용을”,사회,7,2019,07,25,19:03,2,0,0,0,2,0,0,0,0,0,0,https://news.naver.com/main/read.nhn?mode=LSD&mid=sec&sid1=102&oid=082&aid=0000927117
문재인,나경원 “우리에게 감히 매국?···문재인 정부는 극일 포기 정권”,정치,8,2019,08,03,19:21,"7,834","3,692",20,20,"4,066",36,0,0,0,0,0,https://news.naver.com/main/read.nhn?mode=LSD&mid=sec&sid1=100&oid=032&aid=0002955193
문재인,"[日경제보복] 문재인 대통령, “日 강제징용 판결 무역보복…韓 성장 타격 의도”",IT,8,2019,08,02,14:32,206,43,2,2,158,1,0,0,0,0,0,https://news.naver.com/main/read.nhn?mode=LSD&mid=sec&sid1=105&oid=138&aid=0002075874
문재인,연막 치며 공격하는 아베 - '극일' 배수진 친 문재인,세계,8,2019,08,02,22:45,179,128,0,1,46,4,0,0,0,0,0,https://news.naver.com/main/read.nhn?mode=LSD&mid=sec&sid1=104&oid=047&aid=0002235672
문재인,[전문] 문재인 대통령 긴급 국무회의 모두 발언,정치,8,2019,08,02,14:12,"1,311",509,4,5,791,2,0,0,0,0,0,https://news.naver.com/main/read.nhn?mode=LSD&mid=sec&sid1=100&oid=056&aid=0010728493
문재인,"민경욱 ""일본 백색국가 제외, 문재인 정권 매국적 대응이 핵심""",정치,8,2019,08,02,14:42,223,67,0,0,156,0,0,0,0,0,0,https://news.naver.com/main/read.nhn?mode=LSD&mid=sec&sid1=100&oid=011&aid=0003597239
문재인,"이언주 “北 도발 모른 척, 반일 몰이…문재인정권 정상 아냐”",정치,8,2019,08,03,11:39,231,198,0,0,31,2,0,0,0,0,0,https://news.naver.com/main/read.nhn?mode=LSD&mid=sec&sid1=100&oid=025&aid=0002927128
문재인,"일본 외무 부대신, 문재인 대통령 발언에 “무례” 주장",세계,8,2019,08,03,24:24,19,6,0,0,13,0,0,0,0,0,0,https://news.naver.com/main/read.nhn?mode=LSD&mid=sec&sid1=104&oid=056&aid=0010728753
문재인,"[속보] 靑, 문재인 대통령 주재 임시 국무회의 오후 2시 소집",정치,8,2019,08,02,10:32,95,11,0,0,83,1,0,0,0,0,0,https://news.naver.com/main/read.nhn?mode=LSD&mid=sec&sid1=100&oid=052&aid=0001326371
문재인,"나경원 ""문재인 정권, 말로만 결사항전""",정치,8,2019,08,03,22:01,134,90,2,0,41,1,0,0,0,0,0,https://news.naver.com/main/read.nhn?mode=LSD&mid=sec&sid1=100&oid=052&aid=0001326913
문재인,"문재인 ""우리는 다시 일본에 지지 않을 것""",정치,8,2019,08,02,14:26,"1,054",524,3,2,520,5,0,0,0,0,0,https://news.naver.com/main/read.nhn?mode=LSD&mid=sec&sid1=100&oid=006&aid=0000098080
문재인,문재인 대통령 국무회의 모두 발언 [전문],정치,8,2019,08,02,14:24,118,38,1,0,79,0,0,0,0,0,0,https://news.naver.com/main/read.nhn?mode=LSD&mid=sec&sid1=100&oid=022&aid=0003385996
문재인,"나경원 ""문재인 정권, 말로만 결사항전""",정치,8,2019,08,03,17:51,33,21,0,0,12,0,0,0,0,0,0,https://news.naver.com/main/read.nhn?mode=LSD&mid=sec&sid1=100&oid=052&aid=0001326873
문재인,"""문재인 내년 7월 끌어내리자"" 막말 난무 우리공화당 집회",사회,9,2019,08,10,21:04,"2,911","2,127",11,5,752,16,0,0,0,0,0,https://news.naver.com/main/read.nhn?mode=LSD&mid=sec&sid1=102&oid=047&aid=0002236480
문재인,장관급 8명 교체… 문재인 정부 2기 내각 완성,정치,9,2019,08,09,11:26,532,54,1,1,474,2,0,0,0,0,0,https://news.naver.com/main/read.nhn?mode=LSD&mid=sec&sid1=100&oid=469&aid=0000412238
문재인,문재인 대통령의 ‘8·15 경축사’에 기대하는 것,정치,9,2019,08,09,19:25,62,7,0,1,52,2,0,0,0,0,0,https://news.naver.com/main/read.nhn?mode=LSD&mid=sec&sid1=100&oid=028&aid=0002464161
문재인,"민주 ""문재인정부 2기 내각 완성…적재적소 인사 환영""",정치,9,2019,08,09,11:32,159,9,0,0,150,0,0,0,0,0,0,https://news.naver.com/main/read.nhn?mode=LSD&mid=sec&sid1=100&oid=001&aid=0011010813
문재인,문재인 정부 외교정책 기초 그린 김준형 신임 국립외교원장,정치,9,2019,08,09,11:41,1,1,0,0,0,0,0,0,0,0,0,https://news.naver.com/main/read.nhn?mode=LSD&mid=sec&sid1=100&oid=081&aid=0003020416
문재인,문재인 정부 2기 내각 완성...장관급 8명 교체,정치,9,2019,08,09,16:37,2,1,0,0,1,0,0,0,0,0,0,https://news.naver.com/main/read.nhn?mode=LSD&mid=sec&sid1=100&oid=052&aid=0001329255
문재인,"민주당 ""문재인 정부 2기 내각 완성…적재적소 인사""",정치,9,2019,08,09,13:25,10,2,0,0,8,0,0,0,0,0,0,https://news.naver.com/main/read.nhn?mode=LSD&mid=sec&sid1=100&oid=214&aid=0000970894
문재인,"문재인 대통령, 내주 국립대 총장들과 오찬",정치,10,2019,08,17,10:46,10,0,0,0,10,0,0,0,0,0,0,https://news.naver.com/main/read.nhn?mode=LSD&mid=sec&sid1=100&oid=011&aid=0003604421
문재인,두 갈래로 갈라진 광화문…'노 아베' vs '문재인 하야',정치,10,2019,08,16,18:42,596,88,2,5,488,13,0,0,0,0,0,https://news.naver.com/main/read.nhn?mode=LSD&mid=sec&sid1=100&oid=437&aid=0000217614
문재인,[풀영상] 문재인 대통령 “‘아무도 흔들 수 없는 나라’ 건설”,정치,10,2019,08,15,11:02,249,56,1,0,189,3,0,0,0,0,0,https://news.naver.com/main/read.nhn?mode=LSD&mid=sec&sid1=100&oid=056&aid=0010732711
문재인,"문재인 대통령, “‘아무도 흔들 수 없는 나라’ 목표…日 수출규제 맞서 우리 길 가자”",IT,10,2019,08,15,24:03,281,29,0,2,249,1,0,0,0,0,0,https://news.naver.com/main/read.nhn?mode=LSD&mid=sec&sid1=105&oid=138&aid=0002076298
문재인,"문재인 대통령 ""아무도 흔들 수 없는 나라 만들 것""",정치,10,2019,08,15,14:06,"1,598",282,5,3,"1,305",3,0,0,0,0,0,https://news.naver.com/main/read.nhn?mode=LSD&mid=sec&sid1=100&oid=052&aid=0001331330
문재인,‘노무현의 탄식’에서 배운 문재인의 검찰개혁…국회가 고비,사회,10,2019,08,17,9:30,957,190,7,3,727,30,0,0,0,0,0,https://news.naver.com/main/read.nhn?mode=LSD&mid=sec&sid1=102&oid=028&aid=0002464896
문재인,"""미군 철수하라"" ""문재인 퇴진하라""… 광복절 갈라진 서울 도심",사회,10,2019,08,16,3:09,"1,030",788,6,17,193,26,0,0,0,0,0,https://news.naver.com/main/read.nhn?mode=LSD&mid=sec&sid1=102&oid=023&aid=0003467525
문재인,"문재인 대통령 ""정권에 기대지 않는 언론환경 만들자""",정치,10,2019,08,16,17:31,85,3,1,0,81,0,0,0,0,0,0,https://news.naver.com/main/read.nhn?mode=LSD&mid=sec&sid1=100&oid=015&aid=0004193760
문재인,"문재인 대통령 ""가짜뉴스 넘치는 세상, 기자정신 가장 중요""",정치,10,2019,08,16,16:27,"2,031",138,1,1,"1,885",6,0,0,0,0,0,https://news.naver.com/main/read.nhn?mode=LSD&mid=sec&sid1=100&oid=417&aid=0000439317
문재인,"문재인 대통령 ""아무도 흔들 수 없는 나라 다짐"" (제74회 광복절 경축사)",정치,10,2019,08,15,11:00,492,147,0,2,343,0,0,0,0,0,0,https://news.naver.com/main/read.nhn?mode=LSD&mid=sec&sid1=100&oid=052&aid=0001331281
문재인,"[전문] 문재인 대통령 ""평화경제 구축해 '아무도 흔들 수 없는 나라'로""",사회,10,2019,08,15,24:09,755,95,0,0,659,1,0,0,0,0,0,https://news.naver.com/main/read.nhn?mode=LSD&mid=sec&sid1=102&oid=310&aid=0000074236
문재인,"문재인 대통령 ""아무도 흔들 수 없는 나라 만들 것""",정치,10,2019,08,15,11:54,182,18,0,0,164,0,0,0,0,0,0,https://news.naver.com/main/read.nhn?mode=LSD&mid=sec&sid1=100&oid=052&aid=0001331296
문재인,"문재인 대통령 ""아무도 흔들 수 없는 나라 만들자""",정치,10,2019,08,16,13:16,21,2,0,0,19,0,0,0,0,0,0,https://news.naver.com/main/read.nhn?mode=LSD&mid=sec&sid1=100&oid=057&aid=0001375472
문재인,황교안 “문재인 정부 이미 실패…우파 통합해야”,정치,11,2019,08,24,17:31,"4,296","3,488",12,6,781,9,0,0,0,0,0,https://news.naver.com/main/read.nhn?mode=LSD&mid=sec&sid1=100&oid=081&aid=0003023887
문재인,"美 ""문재인 정부, 지소미아 거짓말""",정치,11,2019,08,24,3:11,"7,513",72,11,20,"7,340",70,0,0,0,0,0,https://news.naver.com/main/read.nhn?mode=LSD&mid=sec&sid1=100&oid=023&aid=0003469273
문재인,"""문재인·조국 규탄"" 한국당 광화문 대규모 집회…가두행진도(종합)",정치,11,2019,08,24,19:05,652,534,2,0,113,3,0,0,0,0,0,https://news.naver.com/main/read.nhn?mode=LSD&mid=sec&sid1=100&oid=003&aid=0009416105
문재인,자유한국당 문재인 정권 규탄 집회,정치,11,2019,08,24,18:00,14,14,0,0,0,0,0,0,0,0,0,https://news.naver.com/main/read.nhn?mode=LSD&mid=sec&sid1=100&oid=014&aid=0004282420
문재인,"[오마이포토] 황교안 ""문재인 규탄"" 발언 중 벌어진 기습시위",정치,11,2019,08,24,16:14,656,424,10,5,206,11,0,0,0,0,0,https://news.naver.com/main/read.nhn?mode=LSD&mid=sec&sid1=100&oid=047&aid=0002237942
문재인,문재인 대통령 초청…에티오피아 총리 내외 25일 방한,정치,11,2019,08,23,14:51,17,1,0,0,16,0,0,0,0,0,0,https://news.naver.com/main/read.nhn?mode=LSD&mid=sec&sid1=100&oid=025&aid=0002931807
문재인,美 “문재인 정부 지소미아 종료 결정에 실망ㆍ우려”,세계,11,2019,08,23,8:13,762,32,3,7,707,13,0,0,0,0,0,https://news.naver.com/main/read.nhn?mode=LSD&mid=sec&sid1=104&oid=469&aid=0000415843
문재인,"靑 ""지소미아 종료, 美 이해한다"" 했는데, 美는 '문재인 정부'라 부르며 ""사실 아니다""",정치,11,2019,08,23,10:28,"11,048",95,17,24,"10,834",78,0,0,0,0,0,https://news.naver.com/main/read.nhn?mode=LSD&mid=sec&sid1=100&oid=023&aid=0003469094
문재인,"""문재인·조국 규탄"" 한국당 광화문 집회…무대 난입 소란도",정치,11,2019,08,24,18:11,911,787,3,3,112,6,0,0,0,0,0,https://news.naver.com/main/read.nhn?mode=LSD&mid=sec&sid1=100&oid=003&aid=0009416098
문재인,문재인 정권 국정운영 규탄하는 자유한국당,정치,11,2019,08,24,17:38,7,7,0,0,0,0,0,0,0,0,0,https://news.naver.com/main/read.nhn?mode=LSD&mid=sec&sid1=100&oid=001&aid=0011037395
문재인,문재인 정권 규탄하는 항교안-나경원,정치,11,2019,08,24,16:23,11,10,1,0,0,0,0,0,0,0,0,https://news.naver.com/main/read.nhn?mode=LSD&mid=sec&sid1=100&oid=003&aid=0009415995
문재인,문재인 정권 국정운영 규탄하는 자유한국당,정치,11,2019,08,24,17:40,6,6,0,0,0,0,0,0,0,0,0,https://news.naver.com/main/read.nhn?mode=LSD&mid=sec&sid1=100&oid=001&aid=0011037399
문재인,문재인 정권 국정운영 규탄하는 자유한국당,정치,11,2019,08,24,17:40,29,27,0,0,2,0,0,0,0,0,0,https://news.naver.com/main/read.nhn?mode=LSD&mid=sec&sid1=100&oid=001&aid=0011037400
문재인,에티오피아 총리 부부 25~27일 방한… 문재인 대통령 초청,정치,11,2019,08,23,14:42,127,6,1,0,119,1,0,0,0,0,0,https://news.naver.com/main/read.nhn?mode=LSD&mid=sec&sid1=100&oid=469&aid=0000415946
문재인,"황교안 ""문재인 실패한 정권""",정치,12,2019,08,31,15:32,788,655,3,1,126,3,0,0,0,0,0,https://news.naver.com/main/read.nhn?mode=LSD&mid=sec&sid1=100&oid=016&aid=0001574404
문재인,[강천석 칼럼] 문재인 정권의 國益은 누구의 이익 대변하나,오피니언,12,2019,08,30,23:33,"2,848","2,765",7,2,52,22,0,0,0,0,0,https://news.naver.com/main/read.nhn?mode=LSD&mid=sec&sid1=110&oid=023&aid=0003470727
문재인,나경원 “문재인 정권은 광주일고 정권…부울경 차별”,정치,12,2019,08,31,11:09,"3,382","2,398",8,4,965,7,0,0,0,0,0,https://news.naver.com/main/read.nhn?mode=LSD&mid=sec&sid1=100&oid=025&aid=0002933844
문재인,"한국당 ""문재인 시대인 줄 알았더니 사실 '조국 시대'""",정치,12,2019,08,31,15:20,522,188,2,0,330,2,0,0,0,0,0,https://news.naver.com/main/read.nhn?mode=LSD&mid=sec&sid1=100&oid=421&aid=0004172943
문재인,"문재인 대통령 “김정은, 11월 부산 온다면 의미”",정치,12,2019,08,30,8:54,"1,537",56,2,1,"1,470",8,0,0,0,0,0,https://news.naver.com/main/read.nhn?mode=LSD&mid=sec&sid1=100&oid=469&aid=0000417961
문재인,문재인 정부 규탄하는 자유한국당,사회,12,2019,08,31,13:58,6,4,0,0,2,0,0,0,0,0,0,https://news.naver.com/main/read.nhn?mode=LSD&mid=sec&sid1=102&oid=001&aid=0011052024
문재인,[그래픽] 문재인 대통령 동남아 3개국 순방 일정,정치,12,2019,08,31,9:44,10,1,0,0,9,0,0,0,0,0,0,https://news.naver.com/main/read.nhn?mode=LSD&mid=sec&sid1=100&oid=001&aid=0011051864
문재인,나경원 “문재인의 국민 인질극 안 보이나…‘조국 수사’ 외압 중단”,정치,12,2019,08,30,10:11,"1,071",843,4,0,222,2,0,0,0,0,0,https://news.naver.com/main/read.nhn?mode=LSD&mid=sec&sid1=100&oid=081&aid=0003025371
문재인,"나경원, 부산 장외집회서 “문재인 정권은 광주일고 정권, 부산·경남 차별” 지역감정 자극",정치,12,2019,08,31,24:14,"2,851",531,9,10,"2,294",7,0,0,0,0,0,https://news.naver.com/main/read.nhn?mode=LSD&mid=sec&sid1=100&oid=032&aid=0002960431
문재인,한국당 “문재인 시대인 줄 알았더니 사실 ‘조국 시대’였다”,정치,12,2019,08,31,15:52,197,49,0,1,144,3,0,0,0,0,0,https://news.naver.com/main/read.nhn?mode=LSD&mid=sec&sid1=100&oid=025&aid=0002933867
문재인,"전희경 ""'문재인 시대'인줄 알았는데 '조국 시대'였다""",정치,12,2019,08,31,17:03,381,312,1,0,67,1,0,0,0,0,0,https://news.naver.com/main/read.nhn?mode=LSD&mid=sec&sid1=100&oid=008&aid=0004271108
문재인,"문재인 대통령 ""김정은, 11월에 부산 오면 한반도 평화에 큰 도움될 것""",정치,12,2019,08,30,8:59,"14,291",721,18,18,"13,484",50,0,0,0,0,0,https://news.naver.com/main/read.nhn?mode=LSD&mid=sec&sid1=100&oid=022&aid=0003393496
문재인,"문재인 대통령, 숙고의 시간...이르면 내일 조국 임명 가능성",정치,13,2019,09,07,15:41,"3,144",312,3,3,"2,818",8,0,0,0,0,0,https://news.naver.com/main/read.nhn?mode=LSD&mid=sec&sid1=100&oid=052&aid=0001340057
문재인,"문재인 대통령, 조국 임명 결단 숙고",정치,13,2019,09,07,18:04,"3,029",71,6,2,"2,943",7,0,0,0,0,0,https://news.naver.com/main/read.nhn?mode=LSD&mid=sec&sid1=100&oid=015&aid=0004205689
문재인,[편집국에서] 조국 후보자와 문재인 대통령의 ‘로맨스’,사회,13,2019,09,07,10:28,87,59,0,1,24,3,0,0,0,0,0,https://news.naver.com/main/read.nhn?mode=LSD&mid=sec&sid1=102&oid=082&aid=0000939334
문재인,"문재인 대통령, 조국 임명 시기 숙고...檢 조국 부인 기소가 변수",정치,13,2019,09,07,24:34,838,39,1,6,789,3,0,0,0,0,0,https://news.naver.com/main/read.nhn?mode=LSD&mid=sec&sid1=100&oid=052&aid=0001339993
문재인,서울공항 도착한 문재인 대통령,정치,13,2019,09,06,17:05,40,2,0,0,37,1,0,0,0,0,0,https://news.naver.com/main/read.nhn?mode=LSD&mid=sec&sid1=100&oid=003&aid=0009442675
문재인,기로에 선 문재인 대통령…8일쯤 조국 임명 여부 결정할 듯,정치,13,2019,09,07,19:17,"2,467",37,1,7,"2,406",16,0,0,0,0,0,https://news.naver.com/main/read.nhn?mode=LSD&mid=sec&sid1=100&oid=448&aid=0000281663
문재인,"문재인 정권-검찰, 서로 돌아올 수 없는 강 건넜나",사회,13,2019,09,05,23:25,"2,608","2,360",9,6,209,24,0,0,0,0,0,https://news.naver.com/main/read.nhn?mode=LSD&mid=sec&sid1=102&oid=028&aid=0002467245
문재인,"美 ""문재인 정부 평화경제, 북핵 해결과 함께 가야""",정치,13,2019,09,07,9:55,8,2,0,0,6,0,0,0,0,0,0,https://news.naver.com/main/read.nhn?mode=LSD&mid=sec&sid1=100&oid=052&aid=0001339948
문재인,"문재인 대통령, 숙고의 시간...이르면 내일 조국 임명 가능성",정치,13,2019,09,07,21:52,"1,579",80,1,0,"1,498",0,0,0,0,0,0,https://news.naver.com/main/read.nhn?mode=LSD&mid=sec&sid1=100&oid=052&aid=0001340154
문재인,"문재인 대통령, 조국 임명 숙고...이르면 내일 임명",정치,13,2019,09,07,19:10,57,9,0,0,48,0,0,0,0,0,0,https://news.naver.com/main/read.nhn?mode=LSD&mid=sec&sid1=100&oid=052&aid=0001340111
문재인,"문재인 대통령, 조국 임명 시기 숙고...이르면 내일 재가 가능성",정치,13,2019,09,07,14:42,54,4,0,0,50,0,0,0,0,0,0,https://news.naver.com/main/read.nhn?mode=LSD&mid=sec&sid1=100&oid=052&aid=0001340034
문재인,순방 마치고 돌아온 문재인 대통령…조국 문제는?,정치,13,2019,09,06,17:03,6,0,0,0,6,0,0,0,0,0,0,https://news.naver.com/main/read.nhn?mode=LSD&mid=sec&sid1=100&oid=421&aid=0004185769
문재인,서울공항 도착한 문재인 대통령,정치,13,2019,09,06,17:05,4,1,0,0,3,0,0,0,0,0,0,https://news.naver.com/main/read.nhn?mode=LSD&mid=sec&sid1=100&oid=003&aid=0009442674
문재인,동남아시아 3개국 순방 마친 문재인 대통령,정치,13,2019,09,06,17:00,2,0,0,0,2,0,0,0,0,0,0,https://news.naver.com/main/read.nhn?mode=LSD&mid=sec&sid1=100&oid=003&aid=0009442648
문재인,동남아시아 3개국 순방 마친 문재인 대통령,정치,13,2019,09,06,17:06,2,1,0,0,1,0,0,0,0,0,0,https://news.naver.com/main/read.nhn?mode=LSD&mid=sec&sid1=100&oid=003&aid=0009442679
문재인,"문재인 대통령, 부산 아세안문화원 방문",정치,14,2019,09,14,18:55,55,2,0,0,53,0,0,0,0,0,0,https://news.naver.com/main/read.nhn?mode=LSD&mid=sec&sid1=100&oid=055&aid=0000758553
문재인,"황교안 ""통합 통해 문재인 정권 이겨내야…조국 사퇴해야""(종합)",정치,14,2019,09,14,19:43,"3,955","3,201",4,5,733,12,0,0,0,0,0,https://news.naver.com/main/read.nhn?mode=LSD&mid=sec&sid1=100&oid=001&aid=0011080353
문재인,"문재인 대통령, 22∼26일 뉴욕 유엔총회 참석…트럼프와 한미정상회담도",정치,14,2019,09,13,11:30,161,13,0,0,147,1,0,0,0,0,0,https://news.naver.com/main/read.nhn?mode=LSD&mid=sec&sid1=100&oid=029&aid=0002552616
문재인,"문재인 대통령 ""이산가족 상봉, 최우선적으로 해결해야 할 과제""",정치,14,2019,09,13,15:54,167,3,0,0,162,2,0,0,0,0,0,https://news.naver.com/main/read.nhn?mode=LSD&mid=sec&sid1=100&oid=015&aid=0004208273
문재인,"문재인의 못 다 이룬 꿈, 검찰개혁",정치,14,2019,09,13,15:08,"2,578",420,1,4,"2,133",20,0,0,0,0,0,https://news.naver.com/main/read.nhn?mode=LSD&mid=sec&sid1=100&oid=032&aid=0002962670
문재인,"문재인 대통령, 뉴욕 UN총회 참석해 트럼프 대통령과 정상회담",경제,14,2019,09,13,11:35,27,2,0,0,25,0,0,0,0,0,0,https://news.naver.com/main/read.nhn?mode=LSD&mid=sec&sid1=101&oid=030&aid=0002840533
문재인,"세계문화유산 해남 대흥사, 문재인 대통령과 각별한 인연?",사회,14,2019,09,14,16:08,10,2,0,0,8,0,0,0,0,0,0,https://news.naver.com/main/read.nhn?mode=LSD&mid=sec&sid1=102&oid=082&aid=0000941039
문재인,"정상회담서 트럼프, 문재인에 '지소미아 종료' 재고 촉구?",정치,14,2019,09,14,24:10,66,52,1,0,10,3,0,0,0,0,0,https://news.naver.com/main/read.nhn?mode=LSD&mid=sec&sid1=100&oid=014&aid=0004293530
문재인,"문재인 대통령 기록관 논란에 격노 ""원치 않는다""",정치,14,2019,09,11,22:11,"5,641",389,8,6,"5,215",23,0,0,0,0,0,https://news.naver.com/main/read.nhn?mode=LSD&mid=sec&sid1=100&oid=052&aid=0001341656
문재인,아세안문화원 찾은 문재인 대통령,정치,14,2019,09,14,18:00,6,3,0,0,3,0,0,0,0,0,0,https://news.naver.com/main/read.nhn?mode=LSD&mid=sec&sid1=100&oid=003&aid=0009452401
문재인,아세안문화원 찾은 문재인 대통령,정치,14,2019,09,14,18:00,10,2,0,0,8,0,0,0,0,0,0,https://news.naver.com/main/read.nhn?mode=LSD&mid=sec&sid1=100&oid=003&aid=0009452397
문재인,아세안문화원 찾은 문재인 대통령,정치,14,2019,09,14,18:00,6,3,0,0,3,0,0,0,0,0,0,https://news.naver.com/main/read.nhn?mode=LSD&mid=sec&sid1=100&oid=003&aid=0009452402
문재인,"문재인 대통령 ""남북 이산가족 상봉, 최우선 해결 과제""",정치,14,2019,09,13,20:49,60,3,0,0,57,0,0,0,0,0,0,https://news.naver.com/main/read.nhn?mode=LSD&mid=sec&sid1=100&oid=055&aid=0000758440
문재인,"문재인 대통령 ""긴 세월 이산가족의 한 해결하지 못한 것은 남쪽 정부, 북쪽 정부 모두의 잘못""",정치,14,2019,09,13,17:23,190,6,0,1,182,1,0,0,0,0,0,https://news.naver.com/main/read.nhn?mode=LSD&mid=sec&sid1=100&oid=029&aid=0002552637
문재인,"해남 대흥사, 문재인 대통령과 깜짝 인연…유네스코 세계유산",정치,14,2019,09,14,15:35,65,10,0,0,55,0,0,0,0,0,0,https://news.naver.com/main/read.nhn?mode=LSD&mid=sec&sid1=100&oid=015&aid=0004208463
문재인,자유한국당의 ‘문재인-차베스 평행이론’,정치,15,2019,09,20,16:06,159,129,0,1,28,1,0,0,0,0,0,https://news.naver.com/main/read.nhn?mode=LSD&mid=sec&sid1=100&oid=032&aid=0002963934
문재인,"나경원, 최후의 일격? ""문재인, 조국, 황교안, 내 자식 다 특검""",사회,15,2019,09,21,18:28,"7,279","6,079",20,10,"1,148",22,0,0,0,0,0,https://news.naver.com/main/read.nhn?mode=LSD&mid=sec&sid1=102&oid=047&aid=0002240854
문재인,"""대북제재 완화 韓 역할 전무..문재인 역할도 크지 않아""",정치,15,2019,09,21,11:26,716,664,3,0,43,6,0,0,0,0,0,https://news.naver.com/main/read.nhn?mode=LSD&mid=sec&sid1=100&oid=014&aid=0004297739
문재인,"與, 나경원 '문재인 등 자녀 특검' 제안에 ""물타기 신공 놀라워""",정치,15,2019,09,21,17:38,257,19,2,0,233,3,0,0,0,0,0,https://news.naver.com/main/read.nhn?mode=LSD&mid=sec&sid1=100&oid=003&aid=0009464356
문재인,"문재인 '중재자 가동'이냐, 트럼프 '동맹 청구서'냐",정치,15,2019,09,19,16:22,130,5,1,0,123,1,0,0,0,0,0,https://news.naver.com/main/read.nhn?mode=LSD&mid=sec&sid1=100&oid=002&aid=0002104107
문재인,"""문재인 대통령 언급된 댓글 중 70%가 부정적 댓글""",정치,15,2019,09,20,24:00,63,59,0,0,3,1,0,0,0,0,0,https://news.naver.com/main/read.nhn?mode=LSD&mid=sec&sid1=100&oid=011&aid=0003621690
문재인,"홍준표 ""광화문서 '문재인 아웃' 외치는 일 과하지 않다""",정치,15,2019,09,20,11:36,400,380,3,0,17,0,0,0,0,0,0,https://news.naver.com/main/read.nhn?mode=LSD&mid=sec&sid1=100&oid=421&aid=0004205720
문재인,갤럽 “문재인 대통령 국정지지도 40%···취임 후 최저”,정치,15,2019,09,20,11:08,808,762,11,4,27,4,0,0,0,0,0,https://news.naver.com/main/read.nhn?mode=LSD&mid=sec&sid1=100&oid=032&aid=0002963896
문재인,"문재인 대통령, 갤럽 조사에서도 지지율 취임후 최저치",정치,15,2019,09,20,24:52,33,32,1,0,0,0,0,0,0,0,0,https://news.naver.com/main/read.nhn?mode=LSD&mid=sec&sid1=100&oid=022&aid=0003398919
문재인,"나경원 ""문재인, 조국, 황교안 자녀 의혹 풀기 위해 특검 하자""(속보)",정치,15,2019,09,21,15:07,"9,309","8,454",35,9,773,38,0,0,0,0,0,https://news.naver.com/main/read.nhn?mode=LSD&mid=sec&sid1=100&oid=011&aid=0003622118
문재인,"나경원 ""저와 문재인 대통령·조국·황교안 자녀 특검하자""",정치,15,2019,09,21,15:04,915,862,2,1,41,9,0,0,0,0,0,https://news.naver.com/main/read.nhn?mode=LSD&mid=sec&sid1=100&oid=009&aid=0004431213
문재인,"나경원 ""저와 문재인·조국·황교안 자녀 모두 특검하자""",정치,15,2019,09,21,15:21,"1,551","1,507",3,1,34,6,0,0,0,0,0,https://news.naver.com/main/read.nhn?mode=LSD&mid=sec&sid1=100&oid=015&aid=0004212157
문재인,"나경원 ""문재인·조국·황교안·나경원 자녀 특검해보자""",사회,15,2019,09,21,15:44,"3,295","2,854",11,4,408,18,0,0,0,0,0,https://news.naver.com/main/read.nhn?mode=LSD&mid=sec&sid1=102&oid=079&aid=0003272194
문재인,나경원 “문재인·조국·황교안·나경원 자녀 다 특검하자”,정치,15,2019,09,21,16:54,"1,625","1,500",5,1,113,6,0,0,0,0,0,https://news.naver.com/main/read.nhn?mode=LSD&mid=sec&sid1=100&oid=020&aid=0003242414
문재인,"한국당, 주말에도 '조국파면' 집회…""문재인 자녀도 특검하자""(종합)",정치,15,2019,09,21,17:05,"1,413","1,175",2,2,229,5,0,0,0,0,0,https://news.naver.com/main/read.nhn?mode=LSD&mid=sec&sid1=100&oid=003&aid=0009464327
문재인,"한국당 광화문 집회…""나경원·황교안·조국·문재인 자녀 다 특검하자""",정치,15,2019,09,21,18:23,"1,118","1,012",3,1,96,6,0,0,0,0,0,https://news.naver.com/main/read.nhn?mode=LSD&mid=sec&sid1=100&oid=008&aid=0004280907
문재인,"[내기소] 문재인 대통령, 트럼프와의 9번째 만남은 어떨까?",사회,15,2019,09,19,19:40,284,19,0,3,262,0,0,0,0,0,0,https://news.naver.com/main/read.nhn?mode=LSD&mid=sec&sid1=102&oid=028&aid=0002468582
문재인,"문재인 대통령, 23일 뉴욕에서 트럼프 대통령과 한미정상회담 갖는다",정치,15,2019,09,19,18:04,4,0,0,0,4,0,0,0,0,0,0,https://news.naver.com/main/read.nhn?mode=LSD&mid=sec&sid1=100&oid=088&aid=0000612590
문재인,"""'문재인 아웃' 외침, 과하지 않아"" 홍준표, 집회 독려",정치,15,2019,09,20,14:37,45,44,0,0,1,0,0,0,0,0,0,https://news.naver.com/main/read.nhn?mode=LSD&mid=sec&sid1=100&oid=018&aid=0004472055
문재인,"홍준표, “개천절 광화문서 ‘문재인 아웃’ 외치자”",정치,15,2019,09,20,15:04,279,260,2,0,16,1,0,0,0,0,0,https://news.naver.com/main/read.nhn?mode=LSD&mid=sec&sid1=100&oid=005&aid=0001241206
문재인,"홍준표 ""광화문 100만 군중집회에서 문재인 정권 국민탄핵하자""",정치,15,2019,09,20,15:09,79,79,0,0,0,0,0,0,0,0,0,https://news.naver.com/main/read.nhn?mode=LSD&mid=sec&sid1=100&oid=011&aid=0003621813
문재인,"홍준표, '개천절 태극기 집회' 독려···""'문재인 아웃' 외치는 것 과한 일 아냐""",정치,15,2019,09,20,14:25,66,63,1,0,2,0,0,0,0,0,0,https://news.naver.com/main/read.nhn?mode=LSD&mid=sec&sid1=100&oid=011&aid=0003621778
문재인,"홍준표 ""광화문서 100만명 모이자...문재인 탄핵 추진""",정치,16,2019,09,28,24:29,"2,056","1,419",4,6,620,7,0,0,0,0,0,https://news.naver.com/main/read.nhn?mode=LSD&mid=sec&sid1=100&oid=002&aid=0002105133
문재인,"한국당 경남서도 '조국 파면' 공세…""문재인 정권 막아야""(종합)",정치,16,2019,09,28,18:32,885,586,0,1,295,3,0,0,0,0,0,https://news.naver.com/main/read.nhn?mode=LSD&mid=sec&sid1=100&oid=001&aid=0011108813
문재인,"문재인 대통령 “검찰개혁 요구 목소리 높아지는 현실 성찰하라"" 경고",정치,16,2019,09,27,13:52,"5,323",709,6,1,"4,594",13,0,0,0,0,0,https://news.naver.com/main/read.nhn?mode=LSD&mid=sec&sid1=100&oid=469&aid=0000425973
문재인,"문재인 대통령 ""검찰개혁 요구 목소리 높아진 현실 성찰하라""",정치,16,2019,09,27,13:43,"1,539","1,087",2,2,446,2,0,0,0,0,0,https://news.naver.com/main/read.nhn?mode=LSD&mid=sec&sid1=100&oid=008&aid=0004284149
문재인,"문재인 대통령, 검찰에 경고 후 ‘반차 휴가’",정치,16,2019,09,27,15:33,"3,215",12,4,0,"3,190",9,0,0,0,0,0,https://news.naver.com/main/read.nhn?mode=LSD&mid=sec&sid1=100&oid=449&aid=0000178413
문재인,"""나쁜 장관 조국"" ""나쁜 대통령 문재인"" 대구경북 2만명 합동집회",사회,16,2019,09,28,19:39,"1,665",838,3,1,813,10,0,0,0,0,0,https://news.naver.com/main/read.nhn?mode=LSD&mid=sec&sid1=102&oid=088&aid=0000613785
문재인,"문재인 ""우리는 나라다운 나라 도달 못했다""",정치,16,2019,09,26,8:10,"16,553","1,071",18,15,"15,415",34,0,0,0,0,0,https://news.naver.com/main/read.nhn?mode=LSD&mid=sec&sid1=100&oid=006&aid=0000098908
문재인,"홍준표 ""문재인 국민탄핵 필요… 10월 3일 광화문 앞에 100만 모이자""",정치,16,2019,09,28,24:33,229,199,1,1,26,2,0,0,0,0,0,https://news.naver.com/main/read.nhn?mode=LSD&mid=sec&sid1=100&oid=082&aid=0000944936
문재인,"홍준표 ""문재인 아웃, 국민탄핵 추진할 수밖에""",정치,16,2019,09,28,10:40,336,317,1,0,17,1,0,0,0,0,0,https://news.naver.com/main/read.nhn?mode=LSD&mid=sec&sid1=100&oid=008&aid=0004284447
문재인,"나경원 ""문재인정권 조국 포기 않는 것, 독재정권 가기 위한 길""",정치,16,2019,09,28,17:50,"1,422",543,1,1,868,9,0,0,0,0,0,https://news.naver.com/main/read.nhn?mode=LSD&mid=sec&sid1=100&oid=001&aid=0011108788
문재인,"문재인 대통령, 檢에 경고…""절제된 검찰권 행사 중요""",정치,16,2019,09,27,17:37,605,46,0,1,557,1,0,0,0,0,0,https://news.naver.com/main/read.nhn?mode=LSD&mid=sec&sid1=100&oid=015&aid=0004215517
문재인,'조국 대 검찰'에서 '문재인 대 검찰'로…엄중 경고 메시지,정치,16,2019,09,27,17:08,"1,656",80,3,2,"1,569",2,0,0,0,0,0,https://news.naver.com/main/read.nhn?mode=LSD&mid=sec&sid1=100&oid=003&aid=0009476652
문재인,"문재인 대통령, 한·불가리아 정상회담…“전기차·부품 협력 확대”",정치,16,2019,09,27,24:37,2,0,0,0,2,0,0,0,0,0,0,https://news.naver.com/main/read.nhn?mode=LSD&mid=sec&sid1=100&oid=056&aid=0010747355
문재인,"문재인 ""나라다운 나라에 도달하지 못했다""",정치,16,2019,09,26,24:52,524,32,1,0,488,3,0,0,0,0,0,https://news.naver.com/main/read.nhn?mode=LSD&mid=sec&sid1=100&oid=029&aid=0002555534
문재인,"""문재인 체포조 결성? 내란선동""... 경찰청장 ""나도 착잡""",사회,17,2019,10,04,14:15,"4,890",165,10,9,"4,674",32,0,0,0,0,0,https://news.naver.com/main/read.nhn?mode=LSD&mid=sec&sid1=102&oid=047&aid=0002242366
문재인,"""문재인 오늘안에 끝장내야"" 전광훈 목사 '내란선동' 등 혐의로 고발",정치,17,2019,10,04,15:39,662,62,1,2,594,3,0,0,0,0,0,https://news.naver.com/main/read.nhn?mode=LSD&mid=sec&sid1=100&oid=011&aid=0003629413
문재인,문재인정부 3년차…정치·경제·안보 3대기둥 흔들린다,생활,17,2019,10,05,6:30,107,25,1,0,78,3,0,0,0,0,0,https://news.naver.com/main/read.nhn?mode=LSD&mid=sec&sid1=103&oid=088&aid=0000614726
문재인,손 흔드는 문재인 대통령,정치,17,2019,10,04,19:00,1,1,0,0,0,0,0,0,0,0,0,https://news.naver.com/main/read.nhn?mode=LSD&mid=sec&sid1=100&oid=003&aid=0009488969
문재인,"문재인 대통령 ""주 52시간 보완대책 마련 중""",정치,17,2019,10,04,17:27,"6,183",325,6,3,"5,837",12,0,0,0,0,0,https://news.naver.com/main/read.nhn?mode=LSD&mid=sec&sid1=100&oid=015&aid=0004218881
문재인,"문재인 대통령 “2032년 남북올림픽, 공동번영 신호탄 될 것”",정치,17,2019,10,04,20:03,315,8,0,0,306,1,0,0,0,0,0,https://news.naver.com/main/read.nhn?mode=LSD&mid=sec&sid1=100&oid=469&aid=0000428060
문재인,인사하는 문재인 대통령,정치,17,2019,10,04,19:13,2,1,0,0,1,0,0,0,0,0,0,https://news.naver.com/main/read.nhn?mode=LSD&mid=sec&sid1=100&oid=003&aid=0009489015
문재인,나경원 “문재인 정부는 단군 이래 최악의 정권”,정치,17,2019,10,03,15:11,"1,631","1,244",5,3,375,4,0,0,0,0,0,https://news.naver.com/main/read.nhn?mode=LSD&mid=sec&sid1=100&oid=081&aid=0003033345
문재인,광화문에서 남대문까지 ‘문재인·조국 퇴진’ 대규모 집회,정치,17,2019,10,03,13:13,"30,882","29,392",71,30,"1,259",130,0,0,0,0,0,https://news.naver.com/main/read.nhn?mode=LSD&mid=sec&sid1=100&oid=020&aid=0003244996
문재인,민주당 “문재인 끌어내려야” 전광훈 목사 고발…내란선동 혐의,정치,17,2019,10,04,16:48,"11,818",786,13,12,"10,969",38,0,0,0,0,0,https://news.naver.com/main/read.nhn?mode=LSD&mid=sec&sid1=100&oid=025&aid=0002942450
문재인,손 흔드는 문재인 대통령,정치,17,2019,10,04,18:59,157,9,1,0,147,0,0,0,0,0,0,https://news.naver.com/main/read.nhn?mode=LSD&mid=sec&sid1=100&oid=003&aid=0009488968
문재인,"나경원, ""문재인 정권은 단군 이래 최악의 정권""",정치,17,2019,10,03,14:50,640,552,2,0,85,1,0,0,0,0,0,https://news.naver.com/main/read.nhn?mode=LSD&mid=sec&sid1=100&oid=011&aid=0003628787
문재인,[취재파일] 헤게모니 상실 자초한 문재인 정권…'중도층'의 선택은?,정치,18,2019,10,12,14:30,"6,484",212,13,13,"6,185",61,0,0,0,0,0,https://news.naver.com/main/read.nhn?mode=LSD&mid=sec&sid1=100&oid=055&aid=0000764752
문재인,"문재인 대통령·김정숙 여사, 태풍피해 이웃돕기 성금",사회,18,2019,10,11,13:44,47,13,0,0,34,0,0,0,0,0,0,https://news.naver.com/main/read.nhn?mode=LSD&mid=sec&sid1=102&oid=001&aid=0011136636
문재인,"문재인 대통령 ""세계 경제 둔화…적극적으로 재정 집행해야""",정치,18,2019,10,11,16:17,35,1,0,0,34,0,0,0,0,0,0,https://news.naver.com/main/read.nhn?mode=LSD&mid=sec&sid1=100&oid=029&aid=0002558910
문재인,"[시사뒷담] 노벨평화상, 트럼프·문재인 못 받은 이유는? ""실적 X""",정치,18,2019,10,11,19:09,52,44,2,0,1,5,0,0,0,0,0,https://news.naver.com/main/read.nhn?mode=LSD&mid=sec&sid1=100&oid=088&aid=0000615657
문재인,손학규 “일왕 즉위식에 문재인 대통령이 직접 가야”,정치,18,2019,10,11,10:27,72,14,0,0,58,0,0,0,0,0,0,https://news.naver.com/main/read.nhn?mode=LSD&mid=sec&sid1=100&oid=056&aid=0010752026
문재인,"문재인 대통령 ""디스플레이 투자, 이재용 감사""",정치,18,2019,10,10,11:58,276,17,1,0,258,0,0,0,0,0,0,https://news.naver.com/main/read.nhn?mode=LSD&mid=sec&sid1=100&oid=002&aid=0002106534
문재인,문재인 대통령 얼굴 새겨진 망토 [경향포토],사회,18,2019,10,12,16:31,28,2,0,0,25,1,0,0,0,0,0,https://news.naver.com/main/read.nhn?mode=LSD&mid=sec&sid1=102&oid=032&aid=0002967957
문재인,"""아들과 좌우갈등.... 최근 '문재인 반대'로 합의봐""",사회,18,2019,10,12,16:06,769,713,5,3,48,0,0,0,0,0,0,https://news.naver.com/main/read.nhn?mode=LSD&mid=sec&sid1=102&oid=047&aid=0002243207
문재인,심상정 “문재인 대통령 ‘국정농단’ 삼성 이재용 9번이나 만나···민심 벗어난 것”,정치,18,2019,10,11,10:38,"4,782",168,10,3,"4,576",25,0,0,0,0,0,https://news.naver.com/main/read.nhn?mode=LSD&mid=sec&sid1=100&oid=032&aid=0002967803
문재인,"문재인 대통령·김정숙 여사, 태풍피해 이웃돕기 성금 쾌척",사회,18,2019,10,11,14:00,14,1,1,0,10,2,0,0,0,0,0,https://news.naver.com/main/read.nhn?mode=LSD&mid=sec&sid1=102&oid=014&aid=0004308239
문재인,"문재인 대통령·김정숙 여사, 태풍 '미탁' 피해 이웃돕기 성금",사회,18,2019,10,11,15:28,288,11,1,0,276,0,0,0,0,0,0,https://news.naver.com/main/read.nhn?mode=LSD&mid=sec&sid1=102&oid=025&aid=0002944070
문재인,"문재인 대통령 내외, 태풍 피해 이웃돕기성금…삼성 20억 유니클로 1억",사회,18,2019,10,11,14:12,5,0,0,0,5,0,0,0,0,0,0,https://news.naver.com/main/read.nhn?mode=LSD&mid=sec&sid1=102&oid=421&aid=0004243530
문재인,"日 언론 ""문재인 정부 내달 한일 정상회담 개최 검토""",세계,19,2019,10,19,10:34,207,17,1,1,187,1,0,0,0,0,0,https://news.naver.com/main/read.nhn?mode=LSD&mid=sec&sid1=104&oid=003&aid=0009513931
문재인,"황교안 ""개혁 할 것은 검찰이 아닌 문재인 정권""",정치,19,2019,10,19,15:35,237,215,0,0,22,0,0,0,0,0,0,https://news.naver.com/main/read.nhn?mode=LSD&mid=sec&sid1=100&oid=421&aid=0004257825
문재인,"황교안 ""개혁할 것은 검찰 아닌 문재인 정권""",정치,19,2019,10,19,17:01,372,325,2,0,45,0,0,0,0,0,0,https://news.naver.com/main/read.nhn?mode=LSD&mid=sec&sid1=100&oid=029&aid=0002560750
문재인,"한국당, 조국 사퇴 후 첫 장외집회…“문재인 정권 심판하자”",사회,19,2019,10,19,17:26,"1,817","1,550",5,2,252,8,0,0,0,0,0,https://news.naver.com/main/read.nhn?mode=LSD&mid=sec&sid1=102&oid=081&aid=0003037065
문재인,"한국당, 광화문 장외집회…""검찰개혁 아닌 문재인정권 개혁해야""",정치,19,2019,10,19,17:46,379,130,0,1,247,1,0,0,0,0,0,https://news.naver.com/main/read.nhn?mode=LSD&mid=sec&sid1=100&oid=214&aid=0000987474
문재인,조국 사퇴에도 장외전…여의도 '검찰개혁' vs 광화문 '反문재인'(종합),정치,19,2019,10,19,20:45,233,19,1,3,209,1,0,0,0,0,0,https://news.naver.com/main/read.nhn?mode=LSD&mid=sec&sid1=100&oid=003&aid=0009514255
문재인,문재인 정부 지지율 30%대로 '뚝'…한국당 등 집회 강행,정치,19,2019,10,19,13:37,227,211,3,0,12,1,0,0,0,0,0,https://news.naver.com/main/read.nhn?mode=LSD&mid=sec&sid1=100&oid=015&aid=0004226308
문재인,문재인 대통령 국정지지도 39%... 취임 뒤 첫 30%대 하락,정치,19,2019,10,18,11:41,"1,208","1,155",13,9,20,11,0,0,0,0,0,https://news.naver.com/main/read.nhn?mode=LSD&mid=sec&sid1=100&oid=469&aid=0000431953
문재인,"전해철 ""문재인 정부의 성공이 중요... 법무부 장관 고민 중""",정치,19,2019,10,18,11:49,447,33,2,0,412,0,0,0,0,0,0,https://news.naver.com/main/read.nhn?mode=LSD&mid=sec&sid1=100&oid=047&aid=0002243852
문재인,"日 언론 ""문재인 정부, 국제회의 기간 한일 정상회담 개최 검토""",정치,19,2019,10,19,13:40,23,1,0,0,22,0,0,0,0,0,0,https://news.naver.com/main/read.nhn?mode=LSD&mid=sec&sid1=100&oid=629&aid=0000001697
문재인,"황교안 ""개혁할 것은 검찰이 아니라 문재인 정권""",정치,19,2019,10,19,15:51,22,20,0,0,2,0,0,0,0,0,0,https://news.naver.com/main/read.nhn?mode=LSD&mid=sec&sid1=100&oid=003&aid=0009514065
문재인,"황교안 ""검찰 일 잘하고 있어…개혁 칼끝은 문재인 정부 향해야""",정치,19,2019,10,19,15:46,22,19,0,0,3,0,0,0,0,0,0,https://news.naver.com/main/read.nhn?mode=LSD&mid=sec&sid1=100&oid=015&aid=0004226330
문재인,"한국당 장외집회, '조국 사퇴'에서 '문재인 정권 심판'으로",정치,19,2019,10,19,17:05,479,446,0,0,32,1,0,0,0,0,0,https://news.naver.com/main/read.nhn?mode=LSD&mid=sec&sid1=100&oid=015&aid=0004226339
문재인,조국 사퇴에도 장외전…여의도 '검찰개혁' vs 광화문 '反문재인',정치,19,2019,10,19,18:53,118,86,1,1,25,5,0,0,0,0,0,https://news.naver.com/main/read.nhn?mode=LSD&mid=sec&sid1=100&oid=003&aid=0009514211
문재인,"조국 사퇴했지만…여전히 쪼개진 광장 ""검찰개혁 vs ""문재인 정부 비판""",정치,19,2019,10,19,9:20,123,3,0,0,118,2,0,0,0,0,0,https://news.naver.com/main/read.nhn?mode=LSD&mid=sec&sid1=100&oid=029&aid=0002560730
문재인,문재인정부 경고등…한국갤럽 조사도 文 지지율 40% 아래로,정치,19,2019,10,18,11:01,203,193,4,0,5,1,0,0,0,0,0,https://news.naver.com/main/read.nhn?mode=LSD&mid=sec&sid1=100&oid=022&aid=0003406623
문재인,"전해철 ""문재인 정부 성공에 필요하다면…법무부 장관 고민 중""",정치,19,2019,10,18,15:41,"1,395",76,4,2,"1,305",8,0,0,0,0,0,https://news.naver.com/main/read.nhn?mode=LSD&mid=sec&sid1=100&oid=123&aid=0002213542
문재인,"'조국'으로 시작된 거리정치...이젠 ""문재인 퇴진"" VS ""내란음모 특검""",사회,20,2019,10,26,17:27,"6,116","5,805",20,21,249,21,0,0,0,0,0,https://news.naver.com/main/read.nhn?mode=LSD&mid=sec&sid1=102&oid=023&aid=0003482671
문재인,"문재인 대통령 부산 방문, 입원 중인 모친 강한옥 여사 문병",사회,20,2019,10,26,18:00,134,13,2,1,118,0,0,0,0,0,0,https://news.naver.com/main/read.nhn?mode=LSD&mid=sec&sid1=102&oid=082&aid=0000952384
문재인,광화문서 ‘문재인 하야’…청와대행진에 철야기도회까지,사회,20,2019,10,26,21:13,596,452,0,2,141,1,0,0,0,0,0,https://news.naver.com/main/read.nhn?mode=LSD&mid=sec&sid1=102&oid=056&aid=0010757237
문재인,"전광훈 “문재인, 공수처법으로 공산주의 집행하려 해”",정치,20,2019,10,25,22:06,"1,078",962,2,1,109,4,0,0,0,0,0,https://news.naver.com/main/read.nhn?mode=LSD&mid=sec&sid1=100&oid=081&aid=0003038699
문재인,"문재인 대통령 “금강산 관광, 기존 방식은 어렵다”",정치,20,2019,10,25,19:59,"4,514",215,9,8,"4,268",14,0,0,0,0,0,https://news.naver.com/main/read.nhn?mode=LSD&mid=sec&sid1=100&oid=469&aid=0000434168
문재인,"내리는 비에도..""문재인 하야하라"" 광화문 대규모 집회",사회,20,2019,10,25,19:52,"2,369","2,083",11,4,255,16,0,0,0,0,0,https://news.naver.com/main/read.nhn?mode=LSD&mid=sec&sid1=102&oid=014&aid=0004316247
문재인,"황교안, 전광훈 주도 '문재인 하야' 집회 참석해 ""기도하겠다""",정치,20,2019,10,26,15:54,460,155,1,0,300,4,0,0,0,0,0,https://news.naver.com/main/read.nhn?mode=LSD&mid=sec&sid1=100&oid=002&aid=0002108500
문재인,"""문재인 정부의 시선은 어디로 향하고 있습니까?""",사회,20,2019,10,24,21:25,189,7,0,3,177,2,0,0,0,0,0,https://news.naver.com/main/read.nhn?mode=LSD&mid=sec&sid1=102&oid=047&aid=0002244592
문재인,“문재인 독재 끝장내자…박정희 그립다” 광화문 일대 보수단체 총집결,사회,20,2019,10,26,14:36,352,287,3,0,62,0,0,0,0,0,0,https://news.naver.com/main/read.nhn?mode=LSD&mid=sec&sid1=102&oid=277&aid=0004560680
문재인,광화문서 “문재인 퇴진·박근혜 석방” vs 여의도서 “검찰개혁·공수처 설치”,정치,20,2019,10,26,17:31,"1,378","1,279",7,8,73,11,0,0,0,0,0,https://news.naver.com/main/read.nhn?mode=LSD&mid=sec&sid1=100&oid=020&aid=0003249475
문재인,"문재인 대통령, 부산 방문…모친 강한옥 여사 문병",정치,20,2019,10,26,14:23,231,9,2,9,210,1,0,0,0,0,0,https://news.naver.com/main/read.nhn?mode=LSD&mid=sec&sid1=100&oid=018&aid=0004501114
문재인,"문재인 대통령, 부산서 모친 강한옥 여사 문병",정치,20,2019,10,26,13:52,11,0,0,1,10,0,0,0,0,0,0,https://news.naver.com/main/read.nhn?mode=LSD&mid=sec&sid1=100&oid=015&aid=0004230509
문재인,"문재인 대통령, 헬기 편으로 부산 모친 병문안",정치,20,2019,10,26,13:44,48,2,0,2,44,0,0,0,0,0,0,https://news.naver.com/main/read.nhn?mode=LSD&mid=sec&sid1=100&oid=014&aid=0004316437
문재인,광화문서 ‘문재인 하야’… 청와대행진에 철야기도회까지,사회,20,2019,10,26,19:05,752,618,3,1,125,5,0,0,0,0,0,https://news.naver.com/main/read.nhn?mode=LSD&mid=sec&sid1=102&oid=056&aid=0010757224
문재인,"보수단체 광화문 집회 ""문재인 하야"" 주장…철야 기도회 예고",사회,20,2019,10,25,22:21,158,142,1,0,14,1,0,0,0,0,0,https://news.naver.com/main/read.nhn?mode=LSD&mid=sec&sid1=102&oid=032&aid=0002970832
문재인,"문재인 대통령 ""금강산 시설 철거, 남북관계 훼손""",정치,20,2019,10,25,21:38,770,12,1,2,750,5,0,0,0,0,0,https://news.naver.com/main/read.nhn?mode=LSD&mid=sec&sid1=100&oid=015&aid=0004230360
문재인,"전교조 ""법외노조 통보 6년, 문재인 정부 해결 미뤄""",사회,20,2019,10,24,18:20,14,3,0,0,11,0,0,0,0,0,0,https://news.naver.com/main/read.nhn?mode=LSD&mid=sec&sid1=102&oid=079&aid=0003283881
문재인,"""전교조 법외노조 통보 6년, 문재인 정부가 직권 철회해야""",사회,20,2019,10,24,16:21,42,1,0,0,41,0,0,0,0,0,0,https://news.naver.com/main/read.nhn?mode=LSD&mid=sec&sid1=102&oid=047&aid=0002244561
문재인,“문재인 엉덩이는 빨개…빨갱이 재인” 유튜버 동영상 논란,정치,21,2019,11,02,10:36,"9,330","6,909",57,23,"2,312",29,0,0,0,0,0,https://news.naver.com/main/read.nhn?mode=LSD&mid=sec&sid1=100&oid=081&aid=0003040559
문재인,"문재인 대통령, 내일 태국으로…아베와 대면 가능성",경제,21,2019,11,02,11:51,9,0,0,0,9,0,0,0,0,0,0,https://news.naver.com/main/read.nhn?mode=LSD&mid=sec&sid1=101&oid=029&aid=0002564196
문재인,황교안 “내부총질 말아야…우리 상대는 문재인 정권”,정치,21,2019,11,02,16:25,75,39,1,0,35,0,0,0,0,0,0,https://news.naver.com/main/read.nhn?mode=LSD&mid=sec&sid1=100&oid=025&aid=0002949778
문재인,'반환점' 앞둔 문재인정부의 성과와 과제는?,정치,21,2019,11,02,15:28,127,1,0,0,125,1,0,0,0,0,0,https://news.naver.com/main/read.nhn?mode=LSD&mid=sec&sid1=100&oid=014&aid=0004320539
문재인,"황교안 ""실수한다고 내부 총질하면 되겠나...상대는 문재인 정권""",정치,21,2019,11,02,21:49,"1,040",554,4,3,473,6,0,0,0,0,0,https://news.naver.com/main/read.nhn?mode=LSD&mid=sec&sid1=100&oid=215&aid=0000820859
문재인,문재인 정부 규탄 집회,사회,21,2019,11,02,14:00,61,56,0,0,4,1,0,0,0,0,0,https://news.naver.com/main/read.nhn?mode=LSD&mid=sec&sid1=102&oid=003&aid=0009537701
문재인,"""문재인 퇴진"" vs ""공수처 설치""…둘로 나뉜 주말 도심 집회",사회,21,2019,11,02,20:52,28,5,0,0,22,1,0,0,0,0,0,https://news.naver.com/main/read.nhn?mode=LSD&mid=sec&sid1=102&oid=015&aid=0004234833
문재인,'문재인 정부 규탄한다',사회,21,2019,11,02,14:12,4,4,0,0,0,0,0,0,0,0,0,https://news.naver.com/main/read.nhn?mode=LSD&mid=sec&sid1=102&oid=421&aid=0004283523
문재인,"""공수처 설치하라"" vs ""문재인 하야"".. 주말 갈라진 서울 도심",사회,21,2019,11,02,18:19,93,12,0,1,78,2,0,0,0,0,0,https://news.naver.com/main/read.nhn?mode=LSD&mid=sec&sid1=102&oid=014&aid=0004320558
문재인,"""문재인 엉덩이는 빨개""…유쾌한 풍자? 도넘은 조롱? 논란 확산",정치,21,2019,11,02,14:03,758,670,10,1,74,3,0,0,0,0,0,https://news.naver.com/main/read.nhn?mode=LSD&mid=sec&sid1=100&oid=015&aid=0004234780
문재인,"문재인 대통령, 모친 삼우제 불참…오는 3일 태국으로 출국",정치,21,2019,11,02,14:12,14,0,0,1,13,0,0,0,0,0,0,https://news.naver.com/main/read.nhn?mode=LSD&mid=sec&sid1=100&oid=009&aid=0004456274
문재인,"황교안 ""내부총질 하지 말라…우리의 상대는 문재인 정권""",정치,21,2019,11,02,15:36,42,29,0,0,13,0,0,0,0,0,0,https://news.naver.com/main/read.nhn?mode=LSD&mid=sec&sid1=100&oid=421&aid=0004283606
문재인,문재인 대통령 “독도 인근 추락 동종헬기 전반 점검” 지시,정치,21,2019,11,01,14:22,15,2,0,0,11,2,0,0,0,0,0,https://news.naver.com/main/read.nhn?mode=LSD&mid=sec&sid1=100&oid=081&aid=0003040422
문재인,"문재인 대통령 ""독도 추락 헬기와 동종 헬기 안전성 점검"" 지시",정치,21,2019,11,01,14:35,64,15,1,5,42,1,0,0,0,0,0,https://news.naver.com/main/read.nhn?mode=LSD&mid=sec&sid1=100&oid=014&aid=0004320210
문재인,"문재인 대통령 “독도 해상 추락 헬기와 같은 기종 헬기, 전반적 점검하라”",정치,21,2019,11,01,14:19,4,0,0,0,4,0,0,0,0,0,0,https://news.naver.com/main/read.nhn?mode=LSD&mid=sec&sid1=100&oid=469&aid=0000436286
문재인,문재인 정부 규탄하는 보수단체,사회,21,2019,11,02,14:07,3,3,0,0,0,0,0,0,0,0,0,https://news.naver.com/main/read.nhn?mode=LSD&mid=sec&sid1=102&oid=421&aid=0004283521
문재인,태극기와 성조기 흔들며 '문재인 정부 규탄',사회,21,2019,11,02,14:12,2,2,0,0,0,0,0,0,0,0,0,https://news.naver.com/main/read.nhn?mode=LSD&mid=sec&sid1=102&oid=421&aid=0004283524
문재인,광화문광장에서 문재인정부 규탄하는 보수단체,사회,21,2019,11,02,14:29,1,1,0,0,0,0,0,0,0,0,0,https://news.naver.com/main/read.nhn?mode=LSD&mid=sec&sid1=102&oid=421&aid=0004283530
문재인,태극기 손에 들고 문재인 정부규탄하는 보수단체,사회,21,2019,11,02,14:29,1,1,0,0,0,0,0,0,0,0,0,https://news.naver.com/main/read.nhn?mode=LSD&mid=sec&sid1=102&oid=421&aid=0004283531
문재인,황교안 “문재인 정부 총체적 폐정…국정 전환점 돼야”,정치,22,2019,11,09,24:06,379,272,1,0,106,0,0,0,0,0,0,https://news.naver.com/main/read.nhn?mode=LSD&mid=sec&sid1=100&oid=081&aid=0003042418
문재인,"모친 삼우제 출석 못한 문재인 대통령, 일정 마치고 양산行",정치,22,2019,11,09,13:51,18,1,0,0,17,0,0,0,0,0,0,https://news.naver.com/main/read.nhn?mode=LSD&mid=sec&sid1=100&oid=015&aid=0004238759
문재인,"민주노총 ""문재인 정부, 노동절망 사회 만들어""..여의도 대규모 집회",사회,22,2019,11,09,22:17,372,30,4,1,337,0,0,0,0,0,0,https://news.naver.com/main/read.nhn?mode=LSD&mid=sec&sid1=102&oid=014&aid=0004324631
문재인,"""문재인 정부 들어서도 여전히 노동 절망""",사회,22,2019,11,09,17:51,225,14,0,5,204,2,0,0,0,0,0,https://news.naver.com/main/read.nhn?mode=LSD&mid=sec&sid1=102&oid=002&aid=0002110240
문재인,"페스카마호 사건때 변호사 문재인 ""가해자도 품어줘야""",정치,22,2019,11,09,3:46,"8,616",38,8,10,"8,496",64,0,0,0,0,0,https://news.naver.com/main/read.nhn?mode=LSD&mid=sec&sid1=100&oid=023&aid=0003485698
문재인,"문재인 정부 임기 반환점 돈 날, 황교안 ""정의·공정 망가뜨린 게 전부""",정치,22,2019,11,09,18:23,178,129,0,0,49,0,0,0,0,0,0,https://news.naver.com/main/read.nhn?mode=LSD&mid=sec&sid1=100&oid=047&aid=0002246180
문재인,"여야, 문재인 정부 임기 반환점에 ""큰 변화""vs""무능·낙제점""(종합)",정치,22,2019,11,09,16:21,509,10,0,1,495,3,0,0,0,0,0,https://news.naver.com/main/read.nhn?mode=LSD&mid=sec&sid1=100&oid=003&aid=0009549093
문재인,문재인 정부 임기 반환점에 야당과 소통…靑 실장들 ‘합동 기자간담회’,정치,22,2019,11,09,15:01,138,3,0,0,135,0,0,0,0,0,0,https://news.naver.com/main/read.nhn?mode=LSD&mid=sec&sid1=100&oid=081&aid=0003042434
문재인,"반환점 돈 문재인 정권, 공수처 설치 뜻 이룰까",사회,22,2019,11,09,10:28,47,2,0,0,43,2,0,0,0,0,0,https://news.naver.com/main/read.nhn?mode=LSD&mid=sec&sid1=102&oid=032&aid=0002973705
문재인,"황교안,""문재인 정권 2년반의 국정…총체적 폐정""",정치,22,2019,11,09,11:18,20,19,0,0,1,0,0,0,0,0,0,https://news.naver.com/main/read.nhn?mode=LSD&mid=sec&sid1=100&oid=214&aid=0000992494
문재인,"황교안 “문재인 정권 2년 반, 국운 나락으로 떨어져”",경제,22,2019,11,09,24:41,677,490,2,4,179,2,0,0,0,0,0,https://news.naver.com/main/read.nhn?mode=LSD&mid=sec&sid1=101&oid=011&aid=0003648669
문재인,"황교안 “문재인 정권 2년반, 총체적 폐정…통합으로 총선 승리""",정치,22,2019,11,09,11:50,526,393,2,2,129,0,0,0,0,0,0,https://news.naver.com/main/read.nhn?mode=LSD&mid=sec&sid1=100&oid=469&aid=0000438562
문재인,"여야, 문재인 정부 임기 반환점에 ""큰 변화""vs""무능·낙제점""",정치,22,2019,11,09,14:44,50,3,0,0,44,3,0,0,0,0,0,https://news.naver.com/main/read.nhn?mode=LSD&mid=sec&sid1=100&oid=003&aid=0009549056
문재인,문재인 대통령이 모르는 것,정치,23,2019,11,15,7:40,70,3,0,3,64,0,0,0,0,0,0,https://news.naver.com/main/read.nhn?mode=LSD&mid=sec&sid1=100&oid=047&aid=0002246775
문재인,"문재인 대통령 ""日과 군사정보 공유 어렵다""",정치,23,2019,11,15,19:56,"4,543",684,9,1,"3,837",12,0,0,0,0,0,https://news.naver.com/main/read.nhn?mode=LSD&mid=sec&sid1=100&oid=015&aid=0004242483
문재인,"한국당 ""북한 인권침해 문제 외면한 문재인 정부 각성해야""",정치,23,2019,11,16,10:30,13,13,0,0,0,0,0,0,0,0,0,https://news.naver.com/main/read.nhn?mode=LSD&mid=sec&sid1=100&oid=421&aid=0004308090
문재인,"""문재인 물러나라""…보수단체 태극기 물결",사회,23,2019,11,16,16:20,"1,155","1,006",8,1,132,8,0,0,0,0,0,https://news.naver.com/main/read.nhn?mode=LSD&mid=sec&sid1=102&oid=014&aid=0004328485
문재인,"문재인 대통령, 25일 부산서 이재용·정의선·최태원 만난다",경제,23,2019,11,15,18:24,89,7,0,1,81,0,0,0,0,0,0,https://news.naver.com/main/read.nhn?mode=LSD&mid=sec&sid1=101&oid=015&aid=0004242465
문재인,문재인 정부 작심 비판한 한국당…북한 인권의식·우오현 SM그룹 의전 '겨냥',정치,23,2019,11,16,15:11,492,473,1,1,16,1,0,0,0,0,0,https://news.naver.com/main/read.nhn?mode=LSD&mid=sec&sid1=100&oid=015&aid=0004242594
문재인,"한국당 ""문재인 정부, 북한 인권 눈 감아…부끄러움은 국민 몫""",정치,23,2019,11,16,15:22,101,96,0,2,2,1,0,0,0,0,0,https://news.naver.com/main/read.nhn?mode=LSD&mid=sec&sid1=100&oid=015&aid=0004242596
문재인,마크 에스퍼 미 국방장관 접견하는 문재인 대통령,정치,23,2019,11,15,16:43,7,1,0,0,5,1,0,0,0,0,0,https://news.naver.com/main/read.nhn?mode=LSD&mid=sec&sid1=100&oid=003&aid=0009559981
문재인,"문재인 대통령, 마크 에스퍼 미 국방장관 일행 접견",정치,23,2019,11,15,16:43,1,1,0,0,0,0,0,0,0,0,0,https://news.naver.com/main/read.nhn?mode=LSD&mid=sec&sid1=100&oid=003&aid=0009559985
문재인,마크 에스퍼 미 국방장관 접견하는 문재인 대통령,정치,23,2019,11,15,16:43,1,1,0,0,0,0,0,0,0,0,0,https://news.naver.com/main/read.nhn?mode=LSD&mid=sec&sid1=100&oid=003&aid=0009559988
문재인,"광화문 광장 '두 목소리'…""문재인 퇴진"" vs. ""세월호 진상규명""(종합)",사회,24,2019,11,23,20:07,140,10,0,2,125,3,0,0,0,0,0,https://news.naver.com/main/read.nhn?mode=LSD&mid=sec&sid1=102&oid=014&aid=0004332184
문재인,"北 ""문재인 대통령 초청 고맙지만 갈 이유 못찾겠다""",정치,24,2019,11,21,16:30,370,28,4,15,319,4,0,0,0,0,0,https://news.naver.com/main/read.nhn?mode=LSD&mid=sec&sid1=100&oid=214&aid=0000995309
문재인,"문재인 대통령 ""'반도체 강국' 대한민국, 아무도 흔들 수 없을 것""",정치,24,2019,11,22,24:12,"2,213",142,3,5,"2,061",2,0,0,0,0,0,https://news.naver.com/main/read.nhn?mode=LSD&mid=sec&sid1=100&oid=047&aid=0002247635
문재인,"문재인 대통령, 지소미아 종료 앞두고 극일 행보",정치,24,2019,11,22,13:09,22,1,0,0,21,0,0,0,0,0,0,https://news.naver.com/main/read.nhn?mode=LSD&mid=sec&sid1=100&oid=082&aid=0000960074
문재인,"문재인 대통령 ""아무도 흔들수 없는 반도체 강국 도약""",정치,24,2019,11,22,17:37,864,62,1,3,790,8,0,0,0,0,0,https://news.naver.com/main/read.nhn?mode=LSD&mid=sec&sid1=100&oid=015&aid=0004246020
문재인,국민의례하는 문재인 대통령,정치,24,2019,11,23,14:12,9,1,0,0,8,0,0,0,0,0,0,https://news.naver.com/main/read.nhn?mode=LSD&mid=sec&sid1=100&oid=003&aid=0009572249
문재인,[영상] 문재인·김대중 두 대통령의 같기도 하고 다르기도 한 ‘국민과의 대화’,정치,24,2019,11,23,10:02,348,36,2,2,303,5,0,0,0,0,0,https://news.naver.com/main/read.nhn?mode=LSD&mid=sec&sid1=100&oid=056&aid=0010766806
문재인,문재인 정부 규탄하는 시민들,사회,24,2019,11,23,13:44,16,12,0,0,3,1,0,0,0,0,0,https://news.naver.com/main/read.nhn?mode=LSD&mid=sec&sid1=102&oid=003&aid=0009572226
문재인,"""문재인 체포, 박근혜 석방하라""…계속된 '광화문 외침'",사회,24,2019,11,23,15:58,"1,181",991,6,3,177,4,0,0,0,0,0,https://news.naver.com/main/read.nhn?mode=LSD&mid=sec&sid1=102&oid=014&aid=0004332166
문재인,"문재인 대통령 ""소부장 뒷받침되면 반도체 강국 대한민국 흔들 수 없을 것""",경제,24,2019,11,22,13:06,227,25,0,0,200,2,0,0,0,0,0,https://news.naver.com/main/read.nhn?mode=LSD&mid=sec&sid1=101&oid=030&aid=0002853186
문재인,[전문]문재인 대통령의 MEMC코리아 실리콘웨이퍼 제2공장 준공식 기념사,정치,24,2019,11,22,11:53,44,14,0,0,30,0,0,0,0,0,0,https://news.naver.com/main/read.nhn?mode=LSD&mid=sec&sid1=100&oid=003&aid=0009571002
문재인,문재인 대통령 건배사,정치,24,2019,11,23,14:12,1,1,0,0,0,0,0,0,0,0,0,https://news.naver.com/main/read.nhn?mode=LSD&mid=sec&sid1=100&oid=003&aid=0009572253
문재인,문재인 정부 규탄하는 시민들,사회,24,2019,11,23,13:44,16,14,0,0,2,0,0,0,0,0,0,https://news.naver.com/main/read.nhn?mode=LSD&mid=sec&sid1=102&oid=003&aid=0009572224
문재인,문재인 대통령 규탄 손피켓 든 시민들,사회,24,2019,11,23,13:44,4,3,0,1,0,0,0,0,0,0,0,https://news.naver.com/main/read.nhn?mode=LSD&mid=sec&sid1=102&oid=003&aid=0009572229
문재인,"문재인 대통령, 29일 하루 연차휴가…정국 구상할 듯",정치,25,2019,11,29,10:51,57,2,0,0,55,0,0,0,0,0,0,https://news.naver.com/main/read.nhn?mode=LSD&mid=sec&sid1=100&oid=029&aid=0002570915
문재인,"나경원 ""문재인 정권이야말로 매국정권""",정치,25,2019,11,29,10:23,334,234,2,0,96,2,0,0,0,0,0,https://news.naver.com/main/read.nhn?mode=LSD&mid=sec&sid1=100&oid=011&aid=0003659122
문재인,"[오마이포토] 청와대앞 횃불시위 ""문재인 정부 규탄! 자유한국당 해체""",사회,25,2019,11,30,19:26,31,3,0,0,28,0,0,0,0,0,0,https://news.naver.com/main/read.nhn?mode=LSD&mid=sec&sid1=102&oid=047&aid=0002248487
문재인,문재인 정권 퇴진 국민대회,사회,25,2019,11,30,17:23,27,26,0,0,1,0,0,0,0,0,0,https://news.naver.com/main/read.nhn?mode=LSD&mid=sec&sid1=102&oid=421&aid=0004334528
문재인,[TF포토] '문재인 OUT',사회,25,2019,11,30,18:53,21,20,1,0,0,0,0,0,0,0,0,https://news.naver.com/main/read.nhn?mode=LSD&mid=sec&sid1=102&oid=629&aid=0000005193
문재인,"'미국반대, 문재인 정부 규탄' 외치는 참가자들",사회,25,2019,11,30,16:14,1,1,0,0,0,0,0,0,0,0,0,https://news.naver.com/main/read.nhn?mode=LSD&mid=sec&sid1=102&oid=001&aid=0011247983
문재인,"'미국반대, 문재인 정부 규탄' 외치는 참가자들",사회,25,2019,11,30,16:15,2,2,0,0,0,0,0,0,0,0,0,https://news.naver.com/main/read.nhn?mode=LSD&mid=sec&sid1=102&oid=001&aid=0011247987
문재인,"문재인 대통령, 오늘 하루 연차휴가..정국 구상 할 듯",정치,25,2019,11,29,14:17,10,0,0,0,10,0,0,0,0,0,0,https://news.naver.com/main/read.nhn?mode=LSD&mid=sec&sid1=100&oid=081&aid=0003047515
문재인,[TF포토] '보수단체의 문재인 대통령 하야 촉구 집회',사회,25,2019,11,30,18:52,40,38,2,0,0,0,0,0,0,0,0,https://news.naver.com/main/read.nhn?mode=LSD&mid=sec&sid1=102&oid=629&aid=0000005189
