박완규,"미소페 해고 제화공들, 사측과 퇴직금 합의…본사 앞 농성 해제",사회,0,2019,6,5,8:55,1,1,0,0,0,0,0,0,0,0,0,https://news.naver.com/main/read.nhn?mode=LSD&mid=sec&sid1=102&oid=001&aid=0010869736
박완규,"노을, 소극장 콘서트 'Cafe 유월' 성황리 마무리",연예,1,2019,6,10,9:57,1,1,0,0,0,0,0,0,0,0,0,https://news.naver.com/main/read.nhn?mode=LSD&mid=sec&sid1=106&oid=312&aid=0000392153
박완규,"노을, 소극장 콘서트 ‘Cafe 유월’ 성료…‘대표곡+추억송+POP+편곡’ 꽉 찬 150분",연예,1,2019,6,10,9:45,2,2,0,0,0,0,0,0,0,0,0,https://news.naver.com/main/read.nhn?mode=LSD&mid=sec&sid1=106&oid=215&aid=0000780536
박완규,"'최파타' 박완규 ""부활 복귀 조건? 다이어트""",연예,3,2019,6,28,13:28,6,6,0,0,0,0,0,0,0,0,0,https://news.naver.com/main/read.nhn?mode=LSD&mid=sec&sid1=106&oid=311&aid=0001011081
박완규,"박완규, 20kg 감량한 이유…""22년만 부활 재합류 위해""",연예,3,2019,6,28,8:03,12,12,0,0,0,0,0,0,0,0,0,https://news.naver.com/main/read.nhn?mode=LSD&mid=sec&sid1=106&oid=018&aid=0004413437
박완규,"[종합]""부활+윤상현 컬래버"" '최파타' 김태원X박완규, 윤비부부와 팬심 대폭발",연예,3,2019,6,28,13:54,19,18,0,1,0,0,0,0,0,0,0,https://news.naver.com/main/read.nhn?mode=LSD&mid=sec&sid1=106&oid=112&aid=0003181761
박완규,"'최파타' 김태원x박완규 ""샴푸 광고 함께 찍고파""",연예,3,2019,6,28,13:50,1,1,0,0,0,0,0,0,0,0,0,https://news.naver.com/main/read.nhn?mode=LSD&mid=sec&sid1=106&oid=213&aid=0001115074
박완규,‘섹션’ 박완규 “살 20㎏ 뺀 이유? 22년만 부활 합류 위해”,연예,3,2019,6,27,23:24,48,48,0,0,0,0,0,0,0,0,0,https://news.naver.com/main/read.nhn?mode=LSD&mid=sec&sid1=106&oid=609&aid=0000130658
박완규,"[팝업★]""아내 위해서라면""..윤상현, 스페셜DJ ♥메이비 향한 특급 외조",연예,3,2019,6,28,16:53,10,10,0,0,0,0,0,0,0,0,0,https://news.naver.com/main/read.nhn?mode=LSD&mid=sec&sid1=106&oid=112&aid=0003181853
박완규,김태원 “손으로 가사 쓰는 이유? 타이핑 잘 못한다”(파워타임),연예,3,2019,6,28,13:48,1,1,0,0,0,0,0,0,0,0,0,https://news.naver.com/main/read.nhn?mode=LSD&mid=sec&sid1=106&oid=057&aid=0001362983
박완규,"‘최파타’ 박완규 “20kg 감량. 부활 복귀 조건이었다""",연예,3,2019,6,28,14:22,12,12,0,0,0,0,0,0,0,0,0,https://news.naver.com/main/read.nhn?mode=LSD&mid=sec&sid1=106&oid=009&aid=0004382223
박완규,"'최파타' 박완규 ""과거, 부활의 트러블 메이커였다""",연예,3,2019,6,28,13:15,1,0,0,1,0,0,0,0,0,0,0,https://news.naver.com/main/read.nhn?mode=LSD&mid=sec&sid1=106&oid=311&aid=0001011078
박완규,‘최파타’ 박완규 “살 뺀 이유? 부활 복귀 조건이었다”,연예,3,2019,6,28,13:27,5,5,0,0,0,0,0,0,0,0,0,https://news.naver.com/main/read.nhn?mode=LSD&mid=sec&sid1=106&oid=609&aid=0000131070
박완규,'섹션TV 연예통신' 22년 만에 부활 11대 보컬로 박완규 합류! 7월 콘서트까지,연예,3,2019,6,28,12:30,6,6,0,0,0,0,0,0,0,0,0,https://news.naver.com/main/read.nhn?mode=LSD&mid=sec&sid1=106&oid=408&aid=0000074667
박완규,"'섹션TV' 박완규 ""부활 합류 위해 20kg 감량했다"" 깜짝",연예,3,2019,6,28,8:48,7,7,0,0,0,0,0,0,0,0,0,https://news.naver.com/main/read.nhn?mode=LSD&mid=sec&sid1=106&oid=117&aid=0003238033
박완규,"'섹션TV' 박완규 ""부활 재합류 위해 20kg 감량""[별별TV]",연예,3,2019,6,28,12:12,13,13,0,0,0,0,0,0,0,0,0,https://news.naver.com/main/read.nhn?mode=LSD&mid=sec&sid1=106&oid=108&aid=0002793253
박완규,"윤상현, 박완규 김태원 향한 팬심 “나의 영원한 부활”[SNS★컷]",연예,3,2019,6,28,14:46,3,3,0,0,0,0,0,0,0,0,0,https://news.naver.com/main/read.nhn?mode=LSD&mid=sec&sid1=106&oid=609&aid=0000131142
박완규,"'최파타' 스페셜DJ 메이비♥윤상현, 현실부부의 환상의 호흡[종합]",연예,3,2019,6,28,14:34,27,27,0,0,0,0,0,0,0,0,0,https://news.naver.com/main/read.nhn?mode=LSD&mid=sec&sid1=106&oid=076&aid=0003435218
박완규,‘최파타’ 부활 김태원 “녹음 700번 수정? 전자장치 안 써”,연예,3,2019,6,28,13:43,3,3,0,0,0,0,0,0,0,0,0,https://news.naver.com/main/read.nhn?mode=LSD&mid=sec&sid1=106&oid=609&aid=0000131081
박완규,"[SW포토]박완규,'록은 영원하다'",연예,5,2019,7,13,19:13,5,5,0,0,0,0,0,0,0,0,0,https://news.naver.com/main/read.nhn?mode=LSD&mid=sec&sid1=106&oid=396&aid=0000519526
박완규,‘2019 포에버 콘서트’ 박완규 “대한민국 락은 죽지 않았다…다음엔 더 많은 관객과 함께”,연예,5,2019,7,13,20:01,8,8,0,0,0,0,0,0,0,0,0,https://news.naver.com/main/read.nhn?mode=LSD&mid=sec&sid1=106&oid=396&aid=0000519535
박완규,"김종서-부활-김경호-박완규, 청심평화월드센터서 한 무대 선다",생활,5,2019,7,12,9:37,7,7,0,0,0,0,0,0,0,0,0,https://news.naver.com/main/read.nhn?mode=LSD&mid=sec&sid1=103&oid=396&aid=0000519371
박완규,"김종서-부활-김경호-박완규, ‘포에버 콘서트’ 5000석 완전 매진",연예,5,2019,7,11,20:51,13,13,0,0,0,0,0,0,0,0,0,https://news.naver.com/main/read.nhn?mode=LSD&mid=sec&sid1=106&oid=396&aid=0000519339
박완규,"‘2019 포에버 콘서트’ 밴드 빈시트 옴니아, ‘열정 가득’ 오프닝 무대",연예,5,2019,7,13,19:53,5,5,0,0,0,0,0,0,0,0,0,https://news.naver.com/main/read.nhn?mode=LSD&mid=sec&sid1=106&oid=396&aid=0000519531
박완규,"‘2019 포에버 콘서트’ 김경호 “거친 음악, 포효하는 음악에 몸 담가보는 것도 좋다”",연예,5,2019,7,13,20:02,16,16,0,0,0,0,0,0,0,0,0,https://news.naver.com/main/read.nhn?mode=LSD&mid=sec&sid1=106&oid=396&aid=0000519539
박완규,"[SW포토]박완규,'콘서트장이 들썩'",연예,5,2019,7,13,19:20,1,1,0,0,0,0,0,0,0,0,0,https://news.naver.com/main/read.nhn?mode=LSD&mid=sec&sid1=106&oid=396&aid=0000519528
박완규,"[SW포토]박완규,'김종서에 존경의 손키스'",연예,5,2019,7,13,19:03,1,1,0,0,0,0,0,0,0,0,0,https://news.naver.com/main/read.nhn?mode=LSD&mid=sec&sid1=106&oid=396&aid=0000519522
박완규,"[SW포토]박완규,'포에버 콘서트에서 열창'",연예,5,2019,7,13,19:09,1,1,0,0,0,0,0,0,0,0,0,https://news.naver.com/main/read.nhn?mode=LSD&mid=sec&sid1=106&oid=396&aid=0000519524
박완규,‘2019 포에버 콘서트’ 부활 김태원 “지나고 나니 아름다운 날들…힘들지만 희열 있었다”,연예,5,2019,7,13,22:45,8,8,0,0,0,0,0,0,0,0,0,https://news.naver.com/main/read.nhn?mode=LSD&mid=sec&sid1=106&oid=396&aid=0000519542
박완규,"[SW포토]빈시트 옴니아,'들어봐!'",연예,5,2019,7,13,16:31,3,3,0,0,0,0,0,0,0,0,0,https://news.naver.com/main/read.nhn?mode=LSD&mid=sec&sid1=106&oid=396&aid=0000519491
박완규,[SW포토]록 밴드 빈시트 옴니아,연예,5,2019,7,13,16:37,3,3,0,0,0,0,0,0,0,0,0,https://news.naver.com/main/read.nhn?mode=LSD&mid=sec&sid1=106&oid=396&aid=0000519494
박완규,"[SW포토]빈시트 옴니아,'소리질러!'",연예,5,2019,7,13,17:17,3,3,0,0,0,0,0,0,0,0,0,https://news.naver.com/main/read.nhn?mode=LSD&mid=sec&sid1=106&oid=396&aid=0000519498
박완규,"[SW포토]빈시트 옴니아,'사랑합니다!'",연예,5,2019,7,13,16:38,3,3,0,0,0,0,0,0,0,0,0,https://news.naver.com/main/read.nhn?mode=LSD&mid=sec&sid1=106&oid=396&aid=0000519495
박완규,[SW포토]김경호가 나타났다,연예,5,2019,7,13,18:51,5,5,0,0,0,0,0,0,0,0,0,https://news.naver.com/main/read.nhn?mode=LSD&mid=sec&sid1=106&oid=396&aid=0000519517
박완규,[SW포토]내가 로커 김경호다,연예,5,2019,7,13,18:22,5,5,0,0,0,0,0,0,0,0,0,https://news.naver.com/main/read.nhn?mode=LSD&mid=sec&sid1=106&oid=396&aid=0000519511
박완규,[SW포토]김경호가 가평에 떳다!,연예,5,2019,7,13,18:32,2,2,0,0,0,0,0,0,0,0,0,https://news.naver.com/main/read.nhn?mode=LSD&mid=sec&sid1=106&oid=396&aid=0000519516
박완규,"[SW포토]김경호,'헤비메탈의 세계로'",연예,5,2019,7,13,18:26,1,1,0,0,0,0,0,0,0,0,0,https://news.naver.com/main/read.nhn?mode=LSD&mid=sec&sid1=106&oid=396&aid=0000519513
박완규,"‘록밴드 레전드’ 부활, 2019대구포크페스티벌 출연…22년 만에 재결합 김태원-박완규 주목",연예,6,2019,7,15,20:06,7,7,0,0,0,0,0,0,0,0,0,https://news.naver.com/main/read.nhn?mode=LSD&mid=sec&sid1=106&oid=016&aid=0001558065
박완규,"송은이 매니저, ‘전참시’ MT 장기자랑 1등…박완규 고음 소화",연예,6,2019,7,14,10:42,20,20,0,0,0,0,0,0,0,0,0,https://news.naver.com/main/read.nhn?mode=LSD&mid=sec&sid1=106&oid=057&aid=0001367246
박완규,'전참시' 송은이 팀 장기자랑 우승…웃음 꽉 채운 단체 MT [종합],연예,6,2019,7,14,12:45,5,5,0,0,0,0,0,0,0,0,0,https://news.naver.com/main/read.nhn?mode=LSD&mid=sec&sid1=106&oid=311&aid=0001018028
박완규,"“Rock, 영원하라” 가평 물들인 樂 콘서트",사회,6,2019,7,14,21:33,2,2,0,0,0,0,0,0,0,0,0,https://news.naver.com/main/read.nhn?mode=LSD&mid=sec&sid1=102&oid=022&aid=0003380421
박완규,`네오클래시컬 메탈` 선도자 기타리스트 이현석,생활,6,2019,7,19,6:02,7,6,0,0,0,1,0,0,0,0,0,https://news.naver.com/main/read.nhn?mode=LSD&mid=sec&sid1=103&oid=009&aid=0004394887
박완규,태풍 '다나스' 여파…창원시민의 날 축하음악회 23일로 연기,사회,6,2019,7,19,10:55,1,0,0,1,0,0,0,0,0,0,0,https://news.naver.com/main/read.nhn?mode=LSD&mid=sec&sid1=102&oid=421&aid=0004102540
박완규,"박완규 영입한 부활, 대구포크페스티벌 출연",연예,6,2019,7,15,9:42,13,13,0,0,0,0,0,0,0,0,0,https://news.naver.com/main/read.nhn?mode=LSD&mid=sec&sid1=106&oid=477&aid=0000195522
박완규,‘22년만 재결합’ 김태원X박완규 부활 ‘대구포크페스티벌’ 출격,연예,6,2019,7,15,9:22,3,3,0,0,0,0,0,0,0,0,0,https://news.naver.com/main/read.nhn?mode=LSD&mid=sec&sid1=106&oid=609&aid=0000139574
박완규,"'록의 전설' 부활, 대구포크페스티벌 출연",연예,6,2019,7,15,9:49,1,1,0,0,0,0,0,0,0,0,0,https://news.naver.com/main/read.nhn?mode=LSD&mid=sec&sid1=106&oid=018&aid=0004425632
박완규,"‘전참시’ 송은이X매니저, 고음폭발 노래실력에 멤버들 ‘소름’",연예,6,2019,7,14,12:22,32,31,0,1,0,0,0,0,0,0,0,https://news.naver.com/main/read.nhn?mode=LSD&mid=sec&sid1=106&oid=213&aid=0001118768
박완규,"‘전참시’ 블록버스터 급 장기자랑, 노래-댄스부터 차력-마술까지! [간밤TV]",연예,6,2019,7,14,7:27,1,1,0,0,0,0,0,0,0,0,0,https://news.naver.com/main/read.nhn?mode=LSD&mid=sec&sid1=106&oid=144&aid=0000620823
박완규,[리뷰IS] 이영자 ASMR→전현무 무더가든 '전참시' 꿀잼 MT,연예,6,2019,7,14,8:28,4,4,0,0,0,0,0,0,0,0,0,https://news.naver.com/main/read.nhn?mode=LSD&mid=sec&sid1=106&oid=241&aid=0002936978
박완규,[종합]'전참시' MT의 밤 #이영자 ASMR #무더가든 #송은이매니저 고음,연예,6,2019,7,14,12:34,77,77,0,0,0,0,0,0,0,0,0,https://news.naver.com/main/read.nhn?mode=LSD&mid=sec&sid1=106&oid=076&aid=0003441694
박완규,태풍 '다나스' 북상'…창원시민의 날 축하음악회 연기,사회,6,2019,7,19,10:45,2,1,1,0,0,0,0,0,0,0,0,https://news.naver.com/main/read.nhn?mode=LSD&mid=sec&sid1=102&oid=003&aid=0009353640
박완규,"[종합]`동상이몽2` 조현재♥박민정, 첫 출연… 건강식vsMSG `입맛이몽`",연예,7,2019,7,23,12:01,1,1,0,0,0,0,0,0,0,0,0,https://news.naver.com/main/read.nhn?mode=LSD&mid=sec&sid1=106&oid=009&aid=0004396669
박완규,"`동상이몽2` 윤상현, 메이비 라디오에서 `실수 연발`… ""최악의 게스트다""",연예,7,2019,7,22,22:58,6,6,0,0,0,0,0,0,0,0,0,https://news.naver.com/main/read.nhn?mode=LSD&mid=sec&sid1=106&oid=009&aid=0004396663
박완규,'대구서 포크 음악의 진수를'...26일부터 3일간 '대구포크페스티벌' 개최,사회,7,2019,7,22,11:29,1,1,0,0,0,0,0,0,0,0,0,https://news.naver.com/main/read.nhn?mode=LSD&mid=sec&sid1=102&oid=023&aid=0003462367
박완규,"'슈퍼히어러' 서문탁·디셈버 출신 DK 등장, 로커 찾기 실패 [종합]",연예,8,2019,7,29,12:20,6,6,0,0,0,0,0,0,0,0,0,https://news.naver.com/main/read.nhn?mode=LSD&mid=sec&sid1=106&oid=311&aid=0001024806
박완규,"슈퍼히어러 윤도현, 빌런 아냐? 팔랑귀 탓 로커 예측 실패[어제TV]",연예,8,2019,7,29,6:00,1,1,0,0,0,0,0,0,0,0,0,https://news.naver.com/main/read.nhn?mode=LSD&mid=sec&sid1=106&oid=609&aid=0000146566
박완규,"‘전참시’ 박진주 레슨, 김연우도 포기한 전현무 창법 바꿨다[어제TV]",연예,8,2019,7,28,6:00,2,2,0,0,0,0,0,0,0,0,0,https://news.naver.com/main/read.nhn?mode=LSD&mid=sec&sid1=106&oid=609&aid=0000146250
박완규,"‘스케치북’ 김경호 박완규 소찬휘 “우린 록커 BTS, 팬클럽 이름은 ‘어미’”",연예,9,2019,8,9,23:22,19,19,0,0,0,0,0,0,0,0,0,https://news.naver.com/main/read.nhn?mode=LSD&mid=sec&sid1=106&oid=609&aid=0000152530
박완규,"[유희열의 스케치북] 소찬휘-김경호-박완규, BTRS ‘방탕 록커 성인단’ 결성!",,9,2019,8,10,8:50,5,5,0,0,0,0,0,0,0,0,0,https://news.naver.com/main/read.nhn?mode=LSD&mid=sec&sid1=004&oid=438&aid=0000025442
박완규,"'유스케' 김경호 ""팬클럽 어미들, 꼭 지켜 달라"" 당부",연예,9,2019,8,10,7:00,25,25,0,0,0,0,0,0,0,0,0,https://news.naver.com/main/read.nhn?mode=LSD&mid=sec&sid1=106&oid=117&aid=0003258219
박완규,[유희열의 스케치북] 기타 치는 싱어송라이터 적재 ♬ 별 보러 가자,,9,2019,8,10,9:20,4,4,0,0,0,0,0,0,0,0,0,https://news.naver.com/main/read.nhn?mode=LSD&mid=sec&sid1=004&oid=438&aid=0000025444
박완규,"‘유희열의 스케치북’ 적재, ‘별 보러 가자’원작자 ‘박보검 외모 찬양’",연예,9,2019,8,9,22:54,62,62,0,0,0,0,0,0,0,0,0,https://news.naver.com/main/read.nhn?mode=LSD&mid=sec&sid1=106&oid=469&aid=0000412372
박완규,"'유스케' 김경호 ""우리는 록계의 BTS→BTRS… 방탄 아니라 방탕 록커 성인단""",연예,9,2019,8,9,23:20,19,19,0,0,0,0,0,0,0,0,0,https://news.naver.com/main/read.nhn?mode=LSD&mid=sec&sid1=106&oid=117&aid=0003258194
박완규,"[유희열의 스케치북] 산뜻한 목소리 박보람, ♬ 예뻐졌다 ‘청량 댄스곡’",,9,2019,8,10,9:30,2,1,0,0,1,0,0,0,0,0,0,https://news.naver.com/main/read.nhn?mode=LSD&mid=sec&sid1=004&oid=438&aid=0000025445
박완규,[유희열의 스케치북] ‘유스케X뮤지션’ 다비치가 부른 러브송 ♬ 쿨의 ‘아로하’ ▶,,9,2019,8,10,9:06,2,1,0,0,1,0,0,0,0,0,0,https://news.naver.com/main/read.nhn?mode=LSD&mid=sec&sid1=004&oid=438&aid=0000025443
박완규,[연예수첩] 시선 강탈! 화제의 1분,연예,10,2019,8,12,8:53,12,12,0,0,0,0,0,0,0,0,0,https://news.naver.com/main/read.nhn?mode=LSD&mid=sec&sid1=106&oid=056&aid=0010731458
박완규,"‘불청’ 김민우 “노래는 영원한 친구, 김태원과 신곡 작업 中” [직격인터뷰]",연예,10,2019,8,14,11:13,1,1,0,0,0,0,0,0,0,0,0,https://news.naver.com/main/read.nhn?mode=LSD&mid=sec&sid1=106&oid=144&aid=0000626149
박완규,영주시 ‘2019 영주 블루스뮤직페스티벌·전국 아마추어밴드 경연대회’ 개최,사회,11,2019,8,24,18:49,2,1,1,0,0,0,0,0,0,0,0,https://news.naver.com/main/read.nhn?mode=LSD&mid=sec&sid1=102&oid=002&aid=0002101341
박완규,광주세계마스터즈수영대회 오늘 폐막식…84개국 6000명 동호인 축제물결,정치,11,2019,8,18,9:55,2,0,1,1,0,0,0,0,0,0,0,https://news.naver.com/main/read.nhn?mode=LSD&mid=sec&sid1=100&oid=016&aid=0001569410
박완규,"부활, 보컬 박완규와 다시 손잡았다…10월 콘서트 열어",연예,12,2019,8,28,15:31,12,12,0,0,0,0,0,0,0,0,0,https://news.naver.com/main/read.nhn?mode=LSD&mid=sec&sid1=106&oid=021&aid=0002401293
박완규,"한국 록의 맏형 ‘부활’, 10월 12일 킨텍스서 라이브 콘서트 개최",연예,12,2019,8,31,3:06,2,2,0,0,0,0,0,0,0,0,0,https://news.naver.com/main/read.nhn?mode=LSD&mid=sec&sid1=106&oid=022&aid=0003393717
박완규,"소냐, 1년 5개월 만에 신곡…'사실은 말이야'",연예,12,2019,8,26,11:43,1,1,0,0,0,0,0,0,0,0,0,https://news.naver.com/main/read.nhn?mode=LSD&mid=sec&sid1=106&oid=079&aid=0003263051
박완규,"'박완규 합류' 록밴드 부활, 라이브콘서트 'BORN AGAIN'",연예,12,2019,8,28,16:12,4,4,0,0,0,0,0,0,0,0,0,https://news.naver.com/main/read.nhn?mode=LSD&mid=sec&sid1=106&oid=076&aid=0003461247
박완규,"'박완규 합류' 부활, 10월 라이브콘서트 'BORN AGAIN' 개최",연예,12,2019,8,28,17:25,2,2,0,0,0,0,0,0,0,0,0,https://news.naver.com/main/read.nhn?mode=LSD&mid=sec&sid1=106&oid=416&aid=0000248166
박완규,장혜진과 이혼한 강승호는?… 소방차·김완선 매니저로 시작→ 박완규·박상민 등 키워내,연예,13,2019,9,2,13:32,1,0,0,0,0,0,0,0,0,1,0,https://news.naver.com/main/read.nhn?mode=LSD&mid=sec&sid1=106&oid=082&aid=0000937441
박완규,최저시급도 못 받는 40년차 제화공들의 '소박한 소원',사회,13,2019,9,5,17:10,6,1,0,3,1,1,0,0,0,0,0,https://news.naver.com/main/read.nhn?mode=LSD&mid=sec&sid1=102&oid=047&aid=0002239188
박완규,대기업 공장 가동률 '데드라인 80%'도 무너졌다,경제,13,2019,9,5,3:10,33,2,0,0,31,0,0,0,0,0,0,https://news.naver.com/main/read.nhn?mode=LSD&mid=sec&sid1=101&oid=023&aid=0003471817
박완규,"장혜진·강승호 대표, 결혼 27년 만에 합의이혼..“많은 상의와 고민 끝에 결정”(전문)[종합]",연예,13,2019,9,2,15:37,1,0,0,1,0,0,0,0,0,0,0,https://news.naver.com/main/read.nhn?mode=LSD&mid=sec&sid1=106&oid=109&aid=0004079235
박완규,"'아이콘택트' 김태원, 20년 만에 돌아온 박완규에 ""꽃이 될 자격있어""",연예,14,2019,9,10,10:41,19,19,0,0,0,0,0,0,0,0,0,https://news.naver.com/main/read.nhn?mode=LSD&mid=sec&sid1=106&oid=052&aid=0001341029
박완규,"'아이콘택트' 박완규 ""김태원? 제 심장의 반 같은 존재""",연예,14,2019,9,9,23:03,17,17,0,0,0,0,0,0,0,0,0,https://news.naver.com/main/read.nhn?mode=LSD&mid=sec&sid1=106&oid=015&aid=0004206724
박완규,"'아이콘택트' 김태원, 방송 최초로 선글라스 벗었다…'박완규와 눈맞춤'",연예,14,2019,9,9,22:35,10,10,0,0,0,0,0,0,0,0,0,https://news.naver.com/main/read.nhn?mode=LSD&mid=sec&sid1=106&oid=117&aid=0003271872
박완규,"'V-1' 걸그룹 12人의 보컬 명승부‥정다경, 지수연, 하이디 2라운드 진출(종합)",연예,14,2019,9,13,19:27,6,6,0,0,0,0,0,0,0,0,0,https://news.naver.com/main/read.nhn?mode=LSD&mid=sec&sid1=106&oid=112&aid=0003211671
박완규,"'V-1' 정다경, 1라운드 우승 ""송가인 언니가 응원...발라드로 '탑' 찍겠다""",연예,14,2019,9,13,18:26,61,61,0,0,0,0,0,0,0,0,0,https://news.naver.com/main/read.nhn?mode=LSD&mid=sec&sid1=106&oid=312&aid=0000409341
박완규,"'아이콘택트' 부활 김태원 ""너는 꽃이 될 자격이 있어"" 박완규 격려",연예,14,2019,9,10,7:58,7,6,0,1,0,0,0,0,0,0,0,https://news.naver.com/main/read.nhn?mode=LSD&mid=sec&sid1=106&oid=076&aid=0003466464
박완규,"[TV북마크] ‘아이콘택트’ 김태원, 박완규 격려 “부활 50주년에 한 잔 하자”",연예,14,2019,9,10,8:02,3,3,0,0,0,0,0,0,0,0,0,https://news.naver.com/main/read.nhn?mode=LSD&mid=sec&sid1=106&oid=382&aid=0000760460
박완규,‘아이콘택트’ 박완규 “김태원은 내게 친정엄마 같은 존재”,연예,14,2019,9,9,22:44,11,11,0,0,0,0,0,0,0,0,0,https://news.naver.com/main/read.nhn?mode=LSD&mid=sec&sid1=106&oid=213&aid=0001129938
박완규,'V-1' 걸그룹 보컬 전쟁 시작...정다경·지수연·하이디 2R 진출 [종합],연예,14,2019,9,13,19:26,7,7,0,0,0,0,0,0,0,0,0,https://news.naver.com/main/read.nhn?mode=LSD&mid=sec&sid1=106&oid=311&aid=0001045423
박완규,"보컬 서바이벌 'V-1', 정다경·지수연·하이디 2R 진출..최유정 탈락 '눈물' [종합]",연예,14,2019,9,13,19:32,52,51,0,1,0,0,0,0,0,0,0,https://news.naver.com/main/read.nhn?mode=LSD&mid=sec&sid1=106&oid=109&aid=0004084583
박완규,‘미스트롯’ 출신 정다경 “송가인 ‘V-1’ 탑 찍어불고 오라더라”[결정적장면],연예,14,2019,9,13,18:18,65,65,0,0,0,0,0,0,0,0,0,https://news.naver.com/main/read.nhn?mode=LSD&mid=sec&sid1=106&oid=609&aid=0000170325
박완규,"[총선 D-7개월]여수을, 4선 주승용의 대항마는 누구?",사회,15,2019,9,15,7:40,6,4,0,0,2,0,0,0,0,0,0,https://news.naver.com/main/read.nhn?mode=LSD&mid=sec&sid1=102&oid=421&aid=0004195463
박완규,"‘V1’ 정다경, 비하인드컷 공개 “너무 감사했어요” [똑똑SNS]",연예,15,2019,9,17,17:52,13,13,0,0,0,0,0,0,0,0,0,https://news.naver.com/main/read.nhn?mode=LSD&mid=sec&sid1=106&oid=410&aid=0000624258
박완규,‘아이콘택트’ 쉿! 아무 말도 하지 마! 침묵 예능 [TV에 밑줄 긋는 여자] (61),연예,15,2019,9,19,10:02,3,3,0,0,0,0,0,0,0,0,0,https://news.naver.com/main/read.nhn?mode=LSD&mid=sec&sid1=106&oid=022&aid=0003398500
박완규,"부활 드러머 채제민 ""BJ 도전, 외모와 달리 목소리 편안하대요""",생활,16,2019,9,25,13:17,18,18,0,0,0,0,0,0,0,0,0,https://news.naver.com/main/read.nhn?mode=LSD&mid=sec&sid1=103&oid=001&aid=0011102004
박완규,"숭실대·유니콘즈·데일리안, '이글 숭실 AMP' 출범 협약",사회,16,2019,9,26,6:05,7,7,0,0,0,0,0,0,0,0,0,https://news.naver.com/main/read.nhn?mode=LSD&mid=sec&sid1=102&oid=119&aid=0002354364
박완규,`기다려 늑대`로 97년 강타한 밴드 `줄리엣`,생활,16,2019,9,28,6:02,3,3,0,0,0,0,0,0,0,0,0,https://news.naver.com/main/read.nhn?mode=LSD&mid=sec&sid1=103&oid=009&aid=0004435304
박완규,"‘비너스’ 정다경, 즐거운 일상 공유 “평생 생일이었으면” [똑똑SNS]",연예,16,2019,9,27,24:36:00,12,12,0,0,0,0,0,0,0,0,0,https://news.naver.com/main/read.nhn?mode=LSD&mid=sec&sid1=106&oid=410&aid=0000627566
박완규,부활 김태원·박완규 “10월 콘서트에서 다시 시작하는 부활 볼 것” [스타요술램프],연예,17,2019,10,5,16:32,16,16,0,0,0,0,0,0,0,0,0,https://news.naver.com/main/read.nhn?mode=LSD&mid=sec&sid1=106&oid=022&aid=0003403090
박완규,"부활, 박완규 11대 보컬 합류 후 콘서트 '본 어게인'",연예,17,2019,10,3,7:30,14,14,0,0,0,0,0,0,0,0,0,https://news.naver.com/main/read.nhn?mode=LSD&mid=sec&sid1=106&oid=241&aid=0002963594
박완규,22년 만에 다시 쓰는 전설… 밴드 부활이 바란 소원은? [스타요술램프],연예,17,2019,10,5,16:32,3,3,0,0,0,0,0,0,0,0,0,https://news.naver.com/main/read.nhn?mode=LSD&mid=sec&sid1=106&oid=022&aid=0003403089
박완규,"[문화광장] ‘부활’, 데뷔 34주년 콘서트 “히트곡 총망라”",생활,17,2019,10,4,6:59,6,5,0,0,1,0,0,0,0,0,0,https://news.naver.com/main/read.nhn?mode=LSD&mid=sec&sid1=103&oid=056&aid=0010749599
박완규,"숭실대, 스텟슨 국제모의재판 동아시아 경연대회 개최…멸종 회색곰의 복원과 갈등",사회,17,2019,10,4,14:31,1,1,0,0,0,0,0,0,0,0,0,https://news.naver.com/main/read.nhn?mode=LSD&mid=sec&sid1=102&oid=031&aid=0000511136
박완규,"'불후의 명곡' 김태원X박완규, '봄날은 간다'로 故 백설희 편 최종 우승…전영록 극찬[종합]",연예,18,2019,10,12,20:03,30,29,0,1,0,0,0,0,0,0,0,https://news.naver.com/main/read.nhn?mode=LSD&mid=sec&sid1=106&oid=076&aid=0003480511
박완규,"'불후의 명곡' 박완규 ""부활 나간건 배신, 20년동안 후회했다""",연예,18,2019,10,12,18:17,7,7,0,0,0,0,0,0,0,0,0,https://news.naver.com/main/read.nhn?mode=LSD&mid=sec&sid1=106&oid=117&aid=0003286004
박완규,부활 박완규 '멋진 노래',사회,18,2019,10,11,22:32,3,3,0,0,0,0,0,0,0,0,0,https://news.naver.com/main/read.nhn?mode=LSD&mid=sec&sid1=102&oid=421&aid=0004244511
박완규,"'불후의 명곡' 박완규 합류 부활, 윤희정·김수연 모녀 제치고 우승 [종합]",연예,18,2019,10,12,19:45,2,2,0,0,0,0,0,0,0,0,0,https://news.naver.com/main/read.nhn?mode=LSD&mid=sec&sid1=106&oid=117&aid=0003286018
박완규,"'불후의 명곡' 박완규, 부활 보컬 22년 만에 귀환 ""탈퇴 후 깊이 후회""",연예,18,2019,10,11,15:29,7,7,0,0,0,0,0,0,0,0,0,https://news.naver.com/main/read.nhn?mode=LSD&mid=sec&sid1=106&oid=311&aid=0001058323
박완규,"[종합] `불후의 명곡` 김태원X박완규 부활, 故 백설희 편 최종 우승으로 부활하다",연예,18,2019,10,12,19:48,8,8,0,0,0,0,0,0,0,0,0,https://news.naver.com/main/read.nhn?mode=LSD&mid=sec&sid1=106&oid=009&aid=0004443164
박완규,"'불후의 명곡' 부활, 故 백설희 특집 우승…전영록 ""최고의 로커"" [종합]",연예,18,2019,10,12,19:48,9,9,0,0,0,0,0,0,0,0,0,https://news.naver.com/main/read.nhn?mode=LSD&mid=sec&sid1=106&oid=311&aid=0001058622
박완규,"'불후의 명곡' 박완규, ""부활 탈퇴 후 20년 동안 후회로 살았어요""",연예,18,2019,10,12,18:30,1,1,0,0,0,0,0,0,0,0,0,https://news.naver.com/main/read.nhn?mode=LSD&mid=sec&sid1=106&oid=312&aid=0000414298
박완규,'불후의 명곡' 박완규 심경고백 “부활 탈퇴 후 20여년 동안 후회해”,연예,18,2019,10,12,18:20,17,17,0,0,0,0,0,0,0,0,0,https://news.naver.com/main/read.nhn?mode=LSD&mid=sec&sid1=106&oid=076&aid=0003480490
박완규,'불후의 명곡' 박완규 심경고백! “부활 탈퇴 후 20여년 동안 후회해”,연예,18,2019,10,12,16:35,11,11,0,0,0,0,0,0,0,0,0,https://news.naver.com/main/read.nhn?mode=LSD&mid=sec&sid1=106&oid=015&aid=0004222631
박완규,"'불후' 전영록, 부활 김태원X박완규에 ""母가 쳐다보고 있는 것 같아"" [★밤TView]",연예,18,2019,10,12,20:28,2,2,0,0,0,0,0,0,0,0,0,https://news.naver.com/main/read.nhn?mode=LSD&mid=sec&sid1=106&oid=108&aid=0002816572
박완규,낙동강 평화축전 축하무대에 선 부활 박완규,사회,18,2019,10,11,22:33,2,2,0,0,0,0,0,0,0,0,0,https://news.naver.com/main/read.nhn?mode=LSD&mid=sec&sid1=102&oid=421&aid=0004244514
박완규,칠곡 낙동강 평화축전 축하하는 부활 박완규,사회,18,2019,10,11,22:33,1,1,0,0,0,0,0,0,0,0,0,https://news.naver.com/main/read.nhn?mode=LSD&mid=sec&sid1=102&oid=421&aid=0004244515
박완규,[불후의 명곡] “이 시대 최고 로커” 부활 ‘봄날은 간다’로 전설 백설희 편 최종우승,연예,18,2019,10,12,20:58,24,24,0,0,0,0,0,0,0,0,0,https://news.naver.com/main/read.nhn?mode=LSD&mid=sec&sid1=106&oid=438&aid=0000026235
박완규,[불후의 명곡] 원조 뮤지컬 스타 최정원이 부르는 백설희 명곡 ‘물새 우는 강 언덕’,연예,18,2019,10,12,20:35,2,2,0,0,0,0,0,0,0,0,0,https://news.naver.com/main/read.nhn?mode=LSD&mid=sec&sid1=106&oid=438&aid=0000026232
박완규,[불후의 명곡] 재즈가수 윤희정-김수연 모녀가 부르는 재즈와 탱고의 향연 ‘칼멘야곡’,연예,18,2019,10,12,20:44,6,6,0,0,0,0,0,0,0,0,0,https://news.naver.com/main/read.nhn?mode=LSD&mid=sec&sid1=106&oid=438&aid=0000026233
박완규,"'불후' 부활, 440표 득표…윤희정·김수연 모녀 제치고 최종우승 [콕TV]",연예,18,2019,10,12,19:47,9,9,0,0,0,0,0,0,0,0,0,https://news.naver.com/main/read.nhn?mode=LSD&mid=sec&sid1=106&oid=213&aid=0001135279
박완규,"'불후' 부활, 윤희정X김수연 4연승 저지…최종 우승(종합)",연예,18,2019,10,12,19:50,56,54,0,2,0,0,0,0,0,0,0,https://news.naver.com/main/read.nhn?mode=LSD&mid=sec&sid1=106&oid=421&aid=0004245123
박완규,"‘불후의 명곡’ 박완규, 심경고백 “부활 탈퇴 후 20년동안 후회해”",연예,18,2019,10,11,15:24,7,7,0,0,0,0,0,0,0,0,0,https://news.naver.com/main/read.nhn?mode=LSD&mid=sec&sid1=106&oid=469&aid=0000429920
박완규,"박완규 ""주변 반대에도 부활 탈퇴, 20여년 동안 후회해"" ('불후의 명곡')",연예,18,2019,10,11,15:55,13,10,0,3,0,0,0,0,0,0,0,https://news.naver.com/main/read.nhn?mode=LSD&mid=sec&sid1=106&oid=117&aid=0003285639
박완규,"'불후의 명곡' 박완규 ""부활 탈퇴 후 후회로 힘들었다"" 심경고백",연예,19,2019,10,13,8:38,6,6,0,0,0,0,0,0,0,0,0,https://news.naver.com/main/read.nhn?mode=LSD&mid=sec&sid1=106&oid=404&aid=0000254292
박완규,"'불후의 명곡' 박완규 합류한 부활, 최종 우승으로 '부활' [전일야화]",연예,19,2019,10,13,6:41,4,4,0,0,0,0,0,0,0,0,0,https://news.naver.com/main/read.nhn?mode=LSD&mid=sec&sid1=106&oid=311&aid=0001058668
박완규,"[어게인TV]""22년 만에 재합류""..'불후의명곡' 부활, 록의 거장들 최종 우승",연예,19,2019,10,13,6:51,10,10,0,0,0,0,0,0,0,0,0,https://news.naver.com/main/read.nhn?mode=LSD&mid=sec&sid1=106&oid=112&aid=0003222452
박완규,“부활이 새롭게 부활” 20년만 재회에도 영원한 클래스 입증 ‘불후’[어제TV],연예,19,2019,10,13,6:14,2,2,0,0,0,0,0,0,0,0,0,https://news.naver.com/main/read.nhn?mode=LSD&mid=sec&sid1=106&oid=609&aid=0000186785
박완규,"""보험같은 관계""…'라디오쇼'김태원X박완규, 20년 만의 화해…레전드의 '부활'(종합)",연예,20,2019,10,25,24:04:00,21,21,0,0,0,0,0,0,0,0,0,https://news.naver.com/main/read.nhn?mode=LSD&mid=sec&sid1=106&oid=112&aid=0003227359
박완규,부활 김태원 “박완규 고음 듣기 싫었는데 살빼니 목소리 좋아”,연예,20,2019,10,25,11:30,10,10,0,0,0,0,0,0,0,0,0,https://news.naver.com/main/read.nhn?mode=LSD&mid=sec&sid1=106&oid=609&aid=0000193011
박완규,"신해철 5주기 “10월의 끝자락, 여전히 ‘마왕’이 그립다”",생활,20,2019,10,25,16:17,32,19,0,9,4,0,0,0,0,0,0,https://news.naver.com/main/read.nhn?mode=LSD&mid=sec&sid1=103&oid=025&aid=0002947727
박완규,[뉴스를 품은 음악] 7080 가을 노래 업데이트! 요즘 애들의 가을 노래,연예,20,2019,10,23,14:23,3,3,0,0,0,0,0,0,0,0,0,https://news.naver.com/main/read.nhn?mode=LSD&mid=sec&sid1=106&oid=052&aid=0001357225
박완규,고조되는 故 신해철 추모 열기 “헌정 공연 매진 사례”,연예,20,2019,10,21,24:22:00,26,25,0,1,0,0,0,0,0,0,0,https://news.naver.com/main/read.nhn?mode=LSD&mid=sec&sid1=106&oid=609&aid=0000190790
박완규,"부활 김태원 “탈퇴하는 멤버 잡을 여력 없어, 너무들 나가니까”",연예,20,2019,10,25,11:41,3,3,0,0,0,0,0,0,0,0,0,https://news.naver.com/main/read.nhn?mode=LSD&mid=sec&sid1=106&oid=609&aid=0000193020
박완규,"'라디오쇼' 김태원 ""멤버 탈퇴? 떠난다면 잡을 여력도 없다""",연예,20,2019,10,25,11:24,5,4,0,1,0,0,0,0,0,0,0,https://news.naver.com/main/read.nhn?mode=LSD&mid=sec&sid1=106&oid=112&aid=0003227340
박완규,"[스브스타] ""데칼코마니?""…강형욱·박완규 닮은꼴 인증 '폭소'",연예,21,2019,11,1,14:31,49,48,0,1,0,0,0,0,0,0,0,https://news.naver.com/main/read.nhn?mode=LSD&mid=sec&sid1=106&oid=055&aid=0000769295
박완규,"강형욱X박완규 똑닮은 비주얼 ""우린 실물이 더 이쁨""",연예,21,2019,11,2,8:19,14,14,0,0,0,0,0,0,0,0,0,https://news.naver.com/main/read.nhn?mode=LSD&mid=sec&sid1=106&oid=082&aid=0000954384
박완규,"'개통령' 강형욱, 알고보니 박완규 닮은꼴?..""우린 실물이 더 이쁨""",연예,21,2019,11,1,23:18,8,8,0,0,0,0,0,0,0,0,0,https://news.naver.com/main/read.nhn?mode=LSD&mid=sec&sid1=106&oid=112&aid=0003230403
박완규,"[TEN PHOTO]부활 박완규 ""故 신해철 형님 안녕하세요~""",연예,21,2019,10,27,20:13,2,2,0,0,0,0,0,0,0,0,0,https://news.naver.com/main/read.nhn?mode=LSD&mid=sec&sid1=106&oid=312&aid=0000417145
박완규,"故 신해철 5주기 콘서트…박완규 ""슬퍼하지 말자""",연예,21,2019,10,28,17:14,26,7,0,19,0,0,0,0,0,0,0,https://news.naver.com/main/read.nhn?mode=LSD&mid=sec&sid1=106&oid=015&aid=0004231505
박완규,"'한밤' 故신해철 5주기, '영원한 마왕'...박완규 ""사랑합니다""[★밤TView]",연예,21,2019,10,29,22:10,21,2,0,19,0,0,0,0,0,0,0,https://news.naver.com/main/read.nhn?mode=LSD&mid=sec&sid1=106&oid=108&aid=0002820067
박완규,"강형욱X박완규, 도플갱어 수준 닮은꼴....""머리 안 자르실 거죠?""",연예,21,2019,11,1,24:03:00,3,3,0,0,0,0,0,0,0,0,0,https://news.naver.com/main/read.nhn?mode=LSD&mid=sec&sid1=106&oid=112&aid=0003230151
박완규,故 신해철 5주기… 오늘 오후 5시 추모 공연 열려,연예,21,2019,10,27,24:53:00,46,7,0,39,0,0,0,0,0,0,0,https://news.naver.com/main/read.nhn?mode=LSD&mid=sec&sid1=106&oid=079&aid=0003284480
박완규,"[TEN PHOTO]부활 박완규 ""故 신해철에게 많은 은혜를 입었다""",연예,21,2019,10,27,20:09,2,2,0,0,0,0,0,0,0,0,0,https://news.naver.com/main/read.nhn?mode=LSD&mid=sec&sid1=106&oid=312&aid=0000417144
박완규,"[TEN PHOTO]부활 박완규 ""故 신해철 5주기 추모콘서트 뜻깊은 무대에 서서 영광이다""",연예,21,2019,10,27,20:06,2,2,0,0,0,0,0,0,0,0,0,https://news.naver.com/main/read.nhn?mode=LSD&mid=sec&sid1=106&oid=312&aid=0000417143
박완규,[TEN PHOTO]故 신해철 5주기 추모콘서트 '신해철 음악은 현재진행형',연예,21,2019,10,27,20:44,1,1,0,0,0,0,0,0,0,0,0,https://news.naver.com/main/read.nhn?mode=LSD&mid=sec&sid1=106&oid=312&aid=0000417150
박완규,"'본격연예 한밤' 故신해철 5주기, 아내 윤원희 ""얼굴·성격 닮은 아이들 보면 남편 많이 생각나""",연예,21,2019,10,29,22:15,35,8,0,27,0,0,0,0,0,0,0,https://news.naver.com/main/read.nhn?mode=LSD&mid=sec&sid1=106&oid=082&aid=0000953302
박완규,"故 신해철 아내 “자녀들 보면 가장 떠올라, 얼굴-성격 이어받았다”",연예,21,2019,10,29,21:58,335,66,0,269,0,0,0,0,0,0,0,https://news.naver.com/main/read.nhn?mode=LSD&mid=sec&sid1=106&oid=609&aid=0000195157
박완규,전설의 물고기를 두고 벌이는 두 고수의 대결,생활,22,2019,11,3,10:17,4,3,0,0,0,1,0,0,0,0,0,https://news.naver.com/main/read.nhn?mode=LSD&mid=sec&sid1=103&oid=001&aid=0011186029
박완규,낚시의 신과 위씨 영감의 대결 ‘물고기 인간’,생활,22,2019,11,7,3:02,1,0,0,0,1,0,0,0,0,0,0,https://news.naver.com/main/read.nhn?mode=LSD&mid=sec&sid1=103&oid=022&aid=0003412140
박완규,"유해준, 신곡 '왜 이렇게 난 니가 보고 싶은지' 발매",연예,22,2019,11,4,17:22,3,3,0,0,0,0,0,0,0,0,0,https://news.naver.com/main/read.nhn?mode=LSD&mid=sec&sid1=106&oid=015&aid=0004235821
박완규,"가수 겸 작곡가 유해준, 신곡 발표…'왜 이렇게 난 니가 보고 싶은지'",연예,22,2019,11,4,21:10,4,4,0,0,0,0,0,0,0,0,0,https://news.naver.com/main/read.nhn?mode=LSD&mid=sec&sid1=106&oid=079&aid=0003287450
박완규,"‘편애중계’ 꼴찌 특집, 박완규-미주-MC 그리 특별 심사위원 참여",연예,23,2019,11,12,9:14,4,4,0,0,0,0,0,0,0,0,0,https://news.naver.com/main/read.nhn?mode=LSD&mid=sec&sid1=106&oid=382&aid=0000775889
박완규,여수을 정기명·박완규·권세도 오차범위 박빙,사회,23,2019,11,11,13:38,4,2,0,0,2,0,0,0,0,0,0,https://news.naver.com/main/read.nhn?mode=LSD&mid=sec&sid1=102&oid=079&aid=0003289741
박완규,"'편애중계' 꼴지들을 위한 '꼴지고사', 중계진 사로잡은 '꼴지3인방'[종합]",연예,23,2019,11,12,23:08,43,43,0,0,0,0,0,0,0,0,0,https://news.naver.com/main/read.nhn?mode=LSD&mid=sec&sid1=106&oid=076&aid=0003495884
박완규,"`편애중계` 행복한 고등학생들의 대결...""공부 못해도 행복하다"" [종합]",연예,23,2019,11,12,22:54,7,7,0,0,0,0,0,0,0,0,0,https://news.naver.com/main/read.nhn?mode=LSD&mid=sec&sid1=106&oid=009&aid=0004462558
박완규,"'편애중계' 안정환, 학창시절 꼴찌 ""볼펜살 돈 없어서 축구만 해""",연예,23,2019,11,13,8:57,26,23,0,3,0,0,0,0,0,0,0,https://news.naver.com/main/read.nhn?mode=LSD&mid=sec&sid1=106&oid=015&aid=0004240547
박완규,"'편애중계'김제동,""정규 얼마 안됐는데""…'매력적인 꼴지'향한 편파적인 애정공세[어저께TV]",연예,23,2019,11,13,6:57,6,6,0,0,0,0,0,0,0,0,0,https://news.naver.com/main/read.nhn?mode=LSD&mid=sec&sid1=106&oid=109&aid=0004119400
박완규,"'편애중계' 박완규·러블리즈 미주·그리, 특별 심사위원 출격…꼴찌 중 1등 가린다",연예,23,2019,11,12,9:18,2,2,0,0,0,0,0,0,0,0,0,https://news.naver.com/main/read.nhn?mode=LSD&mid=sec&sid1=106&oid=076&aid=0003495428
박완규,"박완규, 미주, 그리 ‘편애중계’ 심사위원 출격",연예,23,2019,11,12,9:24,12,12,0,0,0,0,0,0,0,0,0,https://news.naver.com/main/read.nhn?mode=LSD&mid=sec&sid1=106&oid=213&aid=0001140276
박완규,"'편애중계' 박완규-러블리즈 미주-그리, 꼴지 고사 특별 심사위원으로 출격!",연예,23,2019,11,12,9:20,22,22,0,0,0,0,0,0,0,0,0,https://news.naver.com/main/read.nhn?mode=LSD&mid=sec&sid1=106&oid=408&aid=0000081065
박완규,'편애중계' 공부 빼고 다 잘하는 3인의 '꼴찌 고사' 대접전 [종합S],연예,23,2019,11,12,23:21,3,3,0,0,0,0,0,0,0,0,0,https://news.naver.com/main/read.nhn?mode=LSD&mid=sec&sid1=106&oid=477&aid=0000218079
박완규,"'편애중계' 꼴찌 3인방, 불꽃 튀는 '꼴찌고사'‥축구팀 이예성의 독주(종합)",연예,23,2019,11,12,23:05,16,16,0,0,0,0,0,0,0,0,0,https://news.naver.com/main/read.nhn?mode=LSD&mid=sec&sid1=106&oid=112&aid=0003234541
박완규,'편애중계' 경기 1회 초부터 시원하게 웃음 홈런포..'최고 시청률 4.5%',연예,23,2019,11,13,8:16,8,8,0,0,0,0,0,0,0,0,0,https://news.naver.com/main/read.nhn?mode=LSD&mid=sec&sid1=106&oid=011&aid=0003650428
박완규,'편애중계' 꼴찌들을 향한 무한 응원…자체 최고 시청률 기록,연예,23,2019,11,13,8:22,1,1,0,0,0,0,0,0,0,0,0,https://news.naver.com/main/read.nhn?mode=LSD&mid=sec&sid1=106&oid=468&aid=0000591050
박완규,"'편애중계' 안정환·김병현, 생활기록부 공개…자체 최고 '3.9%'",연예,23,2019,11,13,7:48,25,25,0,0,0,0,0,0,0,0,0,https://news.naver.com/main/read.nhn?mode=LSD&mid=sec&sid1=106&oid=076&aid=0003495928
박완규,'편애중계' 자체 최고 4% 돌파 목전…꼴찌고사 개막 광대미소 폭발,연예,23,2019,11,13,8:09,10,10,0,0,0,0,0,0,0,0,0,https://news.naver.com/main/read.nhn?mode=LSD&mid=sec&sid1=106&oid=241&aid=0002979104
박완규,"김태원, 박완규와 20년만에 부활 재결합…“평생 함께 하고픈 선물 같은 존재”",사회,24,2019,11,20,23:59,5,4,1,0,0,0,0,0,0,0,0,https://news.naver.com/main/read.nhn?mode=LSD&mid=sec&sid1=102&oid=469&aid=0000441881
박완규,"‘마이웨이’ 김태원 “다시 돌아온 박완규, 선물 같은 존재”(종합)",연예,24,2019,11,20,23:00,5,5,0,0,0,0,0,0,0,0,0,https://news.naver.com/main/read.nhn?mode=LSD&mid=sec&sid1=106&oid=112&aid=0003237806
박완규,"'마이웨이' 김태원 ""박완규, 평생 함께 가고 싶은 선물 같은 존재""",연예,24,2019,11,20,13:32,9,9,0,0,0,0,0,0,0,0,0,https://news.naver.com/main/read.nhn?mode=LSD&mid=sec&sid1=106&oid=076&aid=0003499313
박완규,"'편애중계' 꼴지 고사 2탄, 박완규X미주X그리의 마음 사로잡은 작문 신동은 누구?",연예,24,2019,11,19,21:34,1,1,0,0,0,0,0,0,0,0,0,https://news.naver.com/main/read.nhn?mode=LSD&mid=sec&sid1=106&oid=015&aid=0004244268
박완규,박완규 “‘나가수’ 당시 별명은 ‘국민 겨드랑이’”,연예,24,2019,11,19,22:39,1,1,0,0,0,0,0,0,0,0,0,https://news.naver.com/main/read.nhn?mode=LSD&mid=sec&sid1=106&oid=213&aid=0001141331
박완규,"'편애중계' 박완규 ""꼴찌도 했지만 하고 싶은 일 하면 바빠져"" [Oh!쎈 리뷰]",연예,24,2019,11,19,22:54,6,6,0,0,0,0,0,0,0,0,0,https://news.naver.com/main/read.nhn?mode=LSD&mid=sec&sid1=106&oid=109&aid=0004122988
박완규,"'편애중계' 박완규, ""꼴찌도 해봤지만 바빠질 수 있어"" 응원",연예,24,2019,11,19,23:09,6,6,0,0,0,0,0,0,0,0,0,https://news.naver.com/main/read.nhn?mode=LSD&mid=sec&sid1=106&oid=112&aid=0003237342
박완규,‘마이웨이’ 김태원 “최근 패혈증 재발로 생사 고비 넘겨”,연예,24,2019,11,20,9:43,1,0,0,1,0,0,0,0,0,0,0,https://news.naver.com/main/read.nhn?mode=LSD&mid=sec&sid1=106&oid=016&aid=0001604318
박완규,"‘마이웨이’ 김태원, 패혈증 재발 근황 밝혀…’후각 잃었지만 부활 꿈꾼다’",연예,24,2019,11,20,22:19,2,0,0,2,0,0,0,0,0,0,0,https://news.naver.com/main/read.nhn?mode=LSD&mid=sec&sid1=106&oid=112&aid=0003237796
박완규,"'마이웨이' 부활 김태원 ""박완규 재합류는 선물, 평생 함께 가고 싶다"" [포인트:톡]",연예,24,2019,11,20,13:07,2,2,0,0,0,0,0,0,0,0,0,https://news.naver.com/main/read.nhn?mode=LSD&mid=sec&sid1=106&oid=311&aid=0001077231
박완규,"‘마이웨이’ 김태원, 故김재기 동생 김재희→박완규 ‘부활’ 역대 보컬 모았다",연예,24,2019,11,20,22:40,4,4,0,0,0,0,0,0,0,0,0,https://news.naver.com/main/read.nhn?mode=LSD&mid=sec&sid1=106&oid=112&aid=0003237801
박완규,'편애중계' 특별 심사위원 박완규·러블리즈 미주 뜬다!,연예,24,2019,11,19,15:38,1,1,0,0,0,0,0,0,0,0,0,https://news.naver.com/main/read.nhn?mode=LSD&mid=sec&sid1=106&oid=108&aid=0002824730
박완규,"""소시지가 잘못했네""..'편애중계', 안정환X김성주 위기 왜?",연예,24,2019,11,19,15:45,6,6,0,0,0,0,0,0,0,0,0,https://news.naver.com/main/read.nhn?mode=LSD&mid=sec&sid1=106&oid=404&aid=0000256872
박완규,"'편애중계' 안정환X김성주, 소시지 하나로 싸움날 뻔…웃음+침샘 폭발",연예,24,2019,11,19,13:41,2,2,0,0,0,0,0,0,0,0,0,https://news.naver.com/main/read.nhn?mode=LSD&mid=sec&sid1=106&oid=076&aid=0003498899
박완규,"'편애중계' 안정환X김성주, 소시지 하나로 싸움날 뻔..웃음+침샘 폭발",연예,24,2019,11,19,18:32,3,3,0,0,0,0,0,0,0,0,0,https://news.naver.com/main/read.nhn?mode=LSD&mid=sec&sid1=106&oid=011&aid=0003653907
박완규,"'편애중계' 박완규, 3행시 천재 정태준학생에 '작사'제안[별별TV]",연예,25,2019,11,24,19:08,8,8,0,0,0,0,0,0,0,0,0,https://news.naver.com/main/read.nhn?mode=LSD&mid=sec&sid1=106&oid=108&aid=0002825766
박완규,"유해준, 감성 자극하는 신곡 ' 너 밖에 없는 나' 발매",연예,25,2019,11,26,16:48,1,1,0,0,0,0,0,0,0,0,0,https://news.naver.com/main/read.nhn?mode=LSD&mid=sec&sid1=106&oid=015&aid=0004247754
박완규,"'편애중계' 행복은 성적 순 아냐, 극적 반전 우승[★밤TView]",연예,25,2019,11,24,20:21,8,7,0,1,0,0,0,0,0,0,0,https://news.naver.com/main/read.nhn?mode=LSD&mid=sec&sid1=106&oid=108&aid=0002825774
박완규,"작곡가 겸 가수 유해준, 26일 신곡 `너 밖에 없는 나’ 발매",연예,25,2019,11,26,11:41,4,4,0,0,0,0,0,0,0,0,0,https://news.naver.com/main/read.nhn?mode=LSD&mid=sec&sid1=106&oid=410&aid=0000646828
박완규,"작곡가 겸 가수 유해준, 오늘 신곡 '너 밖에 없는 나' 발표",연예,25,2019,11,26,14:08,1,1,0,0,0,0,0,0,0,0,0,https://news.naver.com/main/read.nhn?mode=LSD&mid=sec&sid1=106&oid=213&aid=0001142186
박완규,"작곡가 겸 가수 유해준, 26일 신곡 ‘너 밖에 없는 나’ 발매",연예,25,2019,11,26,9:57,1,1,0,0,0,0,0,0,0,0,0,https://news.naver.com/main/read.nhn?mode=LSD&mid=sec&sid1=106&oid=014&aid=0004333283
박완규,"'보이스퀸' 이효진 ""다섯 살 때 유괴 당해…나만 살아 돌아왔다""",연예,26,2019,12,6,8:57,25,12,0,13,0,0,0,0,0,0,0,https://news.naver.com/main/read.nhn?mode=LSD&mid=sec&sid1=106&oid=421&aid=0004344339
박완규,[톡톡TV]해맑은 <편애중계>의 ‘꼴찌고사’,생활,26,2019,12,4,9:25,7,3,0,0,4,0,0,0,0,0,0,https://news.naver.com/main/read.nhn?mode=LSD&mid=sec&sid1=103&oid=033&aid=0000040168
박완규,"보이스퀸 안이숙→안소정, 양보없는 TOP3 생존 배틀[어제TV]",연예,26,2019,12,6,6:01,3,3,0,0,0,0,0,0,0,0,0,https://news.naver.com/main/read.nhn?mode=LSD&mid=sec&sid1=106&oid=609&aid=0000214466
박완규,"이효진 트라우마 고백...""유쾌 아픔 있었지만 씩씩하게""(보이스퀸)",연예,26,2019,12,5,22:12,7,7,0,0,0,0,0,0,0,0,0,https://news.naver.com/main/read.nhn?mode=LSD&mid=sec&sid1=106&oid=009&aid=0004477240
박완규,"'보이스퀸' 이효진 ""여군 나왔으나 5살때 유괴 당한 아픔있었다""",연예,26,2019,12,5,23:03,2,1,0,1,0,0,0,0,0,0,0,https://news.naver.com/main/read.nhn?mode=LSD&mid=sec&sid1=106&oid=022&aid=0003419890
박완규,"'보이스퀸' 여군출신 이효진, 어릴 적 유괴 당해.. 8년째 노래로 봉사",연예,26,2019,12,5,22:43,4,3,0,1,0,0,0,0,0,0,0,https://news.naver.com/main/read.nhn?mode=LSD&mid=sec&sid1=106&oid=015&aid=0004253018
박완규,여군 출신 이효진 “유괴 됐다 나만 살아 돌아와” 과거 트라우마 고백,연예,26,2019,12,5,22:19,31,15,0,16,0,0,0,0,0,0,0,https://news.naver.com/main/read.nhn?mode=LSD&mid=sec&sid1=106&oid=609&aid=0000214422
박완규,"'보이스퀸' 이효진 ""5살 때 유괴 당해…나만 살아 돌아왔다""",연예,26,2019,12,6,7:17,18,14,0,4,0,0,0,0,0,0,0,https://news.naver.com/main/read.nhn?mode=LSD&mid=sec&sid1=106&oid=018&aid=0004532023
박완규,"[종합]`한밤` 2019 연예계 연말결산→박완규X강형욱, `B급 광고` 전성기",연예,29,2019,12,24,21:53,1,1,0,0,0,0,0,0,0,0,0,https://news.naver.com/main/read.nhn?mode=LSD&mid=sec&sid1=106&oid=009&aid=0004488575
박완규,"'한밤' 박완규X강형욱, ""도플갱어? 형제?"" 장모종과 단모종의 B급 광고 [핫TV]",연예,29,2019,12,25,7:52,17,17,0,0,0,0,0,0,0,0,0,https://news.naver.com/main/read.nhn?mode=LSD&mid=sec&sid1=106&oid=109&aid=0004140280
박완규,"레드벨벳 웬디 ""'복면가왕' 조이가 좋아하는 박완규 노래 불렀다"" [V라이브]",연예,29,2019,12,22,22:22,74,73,0,1,0,0,0,0,0,0,0,https://news.naver.com/main/read.nhn?mode=LSD&mid=sec&sid1=106&oid=109&aid=0004139521
박완규,"'한밤' 이희준 ""배역 위해 25kg 증량‥1일 1치킨+하루 2번 웨이트""(종합)",연예,29,2019,12,24,21:52,4,4,0,0,0,0,0,0,0,0,0,https://news.naver.com/main/read.nhn?mode=LSD&mid=sec&sid1=106&oid=112&aid=0003249878
박완규,'미떼'보다 더 기다려지는 '미떼CF' 올해도 '대박' 조짐…매출도 쑥쑥,경제,29,2019,12,22,8:00,10,10,0,0,0,0,0,0,0,0,0,https://news.naver.com/main/read.nhn?mode=LSD&mid=sec&sid1=101&oid=421&aid=0004370459
박완규,"[신년 여론조사]전남 목포, 여수갑·을, 순천",사회,30,2020,1,1,19:45,12,7,0,0,5,0,0,0,0,0,0,https://news.naver.com/main/read.nhn?mode=LSD&mid=sec&sid1=102&oid=003&aid=0009634543
박완규,[신년 여론조사]광주 현역 중진 고전…전남 민주-비민주 현역 접전 예고(종합),정치,30,2020,1,1,19:30,40,10,1,1,28,0,0,0,0,0,0,https://news.naver.com/main/read.nhn?mode=LSD&mid=sec&sid1=100&oid=003&aid=0009634534
박완규,"박완규, 알려지지 았던 반전 학창시절 과거는?(TV는 사랑을 싣고)",연예,31,2020,1,10,21:03,5,5,0,0,0,0,0,0,0,0,0,https://news.naver.com/main/read.nhn?mode=LSD&mid=sec&sid1=106&oid=410&aid=0000660192
박완규,"[종합]""생활고에 돈 부탁""…'TV는 사랑을 싣고' 박완규, 은사님과 눈물의 재회",연예,31,2020,1,10,20:46,180,92,0,88,0,0,0,0,0,0,0,https://news.naver.com/main/read.nhn?mode=LSD&mid=sec&sid1=106&oid=076&aid=0003518667
박완규,"박완규, 이혼 후 심경고백 ""20대 첫 아들 낳아..부양능력 없었다""",연예,31,2020,1,11,13:47,49,6,0,43,0,0,0,0,0,0,0,https://news.naver.com/main/read.nhn?mode=LSD&mid=sec&sid1=106&oid=018&aid=0004553189
박완규,"박완규 눈물, 생활고로 중학교 은사님에 돈 빌려 ""무례했습니다"" 사죄",연예,31,2020,1,10,21:58,19,13,0,6,0,0,0,0,0,0,0,https://news.naver.com/main/read.nhn?mode=LSD&mid=sec&sid1=106&oid=015&aid=0004272079
박완규,"'TV는 사랑을 싣고' 박완규, ""'부활'은 동아줄… 김태원은 제2의 스승"" [어저께TV]",연예,31,2020,1,11,6:53,17,11,0,6,0,0,0,0,0,0,0,https://news.naver.com/main/read.nhn?mode=LSD&mid=sec&sid1=106&oid=109&aid=0004148728
박완규,‘TV는 사랑을 싣고’ 박완규 “‘천년의 사랑’ 당시 생활고 극심” 토로,연예,31,2020,1,10,21:50,3,0,0,3,0,0,0,0,0,0,0,https://news.naver.com/main/read.nhn?mode=LSD&mid=sec&sid1=106&oid=382&aid=0000790292
박완규,"'TV는 사랑을 싣고' 박완규 ""아버지 이름은 팽수…대세가 되셨다""",연예,31,2020,1,11,12:00,17,17,0,0,0,0,0,0,0,0,0,https://news.naver.com/main/read.nhn?mode=LSD&mid=sec&sid1=106&oid=117&aid=0003321969
박완규,"'TV는 사랑을' 박완규 ""'천년의 사랑' 당시 노예 계약...한달 100만원 벌어""",연예,31,2020,1,10,19:49,3,0,0,3,0,0,0,0,0,0,0,https://news.naver.com/main/read.nhn?mode=LSD&mid=sec&sid1=106&oid=311&aid=0001098135
박완규,"박완규, 법관 꿈꾸던 모범생 가난에 좌절 ""그때부터 학교 잘 안갔다""",연예,31,2020,1,10,20:44,4,1,0,3,0,0,0,0,0,0,0,https://news.naver.com/main/read.nhn?mode=LSD&mid=sec&sid1=106&oid=082&aid=0000973046
박완규,"'TV는 사랑을 싣고' 박완규 ""학창 시절 모범생, 성적 우수""",연예,31,2020,1,10,20:03,9,9,0,0,0,0,0,0,0,0,0,https://news.naver.com/main/read.nhn?mode=LSD&mid=sec&sid1=106&oid=311&aid=0001098149
박완규,"'TV는 사랑을 싣고' 출연한 박완규 ""난 전교회장 출신""",연예,31,2020,1,10,20:14,37,36,0,1,0,0,0,0,0,0,0,https://news.naver.com/main/read.nhn?mode=LSD&mid=sec&sid1=106&oid=008&aid=0004338464
박완규,"'TV는사랑을싣고' 박완규 ""난 모범생..전교회장 출신""[별별TV]",연예,31,2020,1,10,20:03,63,62,0,1,0,0,0,0,0,0,0,https://news.naver.com/main/read.nhn?mode=LSD&mid=sec&sid1=106&oid=108&aid=0002835621
박완규,"‘TV는 사랑을 싣고’ 박완규, 20년 만에 은사님 재회 큰절 (종합)",연예,31,2020,1,10,20:27,50,45,0,5,0,0,0,0,0,0,0,https://news.naver.com/main/read.nhn?mode=LSD&mid=sec&sid1=106&oid=112&aid=0003256004
박완규,"‘TV는 사랑을 싣고’ 박완규, 20년만에 은사님과 재회 “죄송하다” 큰절 ‘눈물’",연예,31,2020,1,10,20:52,8,7,0,1,0,0,0,0,0,0,0,https://news.naver.com/main/read.nhn?mode=LSD&mid=sec&sid1=106&oid=469&aid=0000456457
박완규,"‘TV는 사랑을 싣고’ 박완규, 중학교 은사 등장에 “죄송합니다” 울컥",연예,31,2020,1,10,22:15,1,1,0,0,0,0,0,0,0,0,0,https://news.naver.com/main/read.nhn?mode=LSD&mid=sec&sid1=106&oid=382&aid=0000790294
박완규,"'TV는 사랑을 싣고' 박완규, 생활고에 선생님께 돈 부탁…20년만 재회 눈물 [MD리뷰]",연예,31,2020,1,11,6:40,11,9,0,2,0,0,0,0,0,0,0,https://news.naver.com/main/read.nhn?mode=LSD&mid=sec&sid1=106&oid=117&aid=0003321998
박완규,"'TV는 사랑을 싣고' 박완규 ""부활 김태원, 제2의 인생 스승"" [전일야화]",연예,31,2020,1,11,6:30,7,7,0,0,0,0,0,0,0,0,0,https://news.naver.com/main/read.nhn?mode=LSD&mid=sec&sid1=106&oid=311&aid=0001098230
박완규,"'TV는 사랑을 싣고' 박완규, 아버지 성함 확인 '깜짝' ""박팽수, 요즘 대세 되셨다"" [Oh!쎈 리뷰]",연예,31,2020,1,10,20:13,13,13,0,0,0,0,0,0,0,0,0,https://news.naver.com/main/read.nhn?mode=LSD&mid=sec&sid1=106&oid=109&aid=0004148653
박완규,박완규 “생활고로 손 벌렸다” 은사에 연락 끊은 이유,연예,32,2020,1,12,11:31,28,1,0,27,0,0,0,0,0,0,0,https://news.naver.com/main/read.nhn?mode=LSD&mid=sec&sid1=106&oid=081&aid=0003057884
박완규,"박완규 ""'천년의 사랑' 당시 한 달 100만원 벌어…극심한 생활고""",연예,32,2020,1,12,11:16,10,7,0,3,0,0,0,0,0,0,0,https://news.naver.com/main/read.nhn?mode=LSD&mid=sec&sid1=106&oid=277&aid=0004604262
박완규,"""'천년의 사랑' 부를 때 분유값도 없었다"" 박완규, 은사님 만나",연예,32,2020,1,12,11:43,12,9,0,3,0,0,0,0,0,0,0,https://news.naver.com/main/read.nhn?mode=LSD&mid=sec&sid1=106&oid=022&aid=0003429601
박완규,박완규 “‘천년의 사랑’ 부를 당시 한 달에 100만원 벌어”(‘TV는 사랑을 싣고’),연예,32,2020,1,12,11:02,13,13,0,0,0,0,0,0,0,0,0,https://news.naver.com/main/read.nhn?mode=LSD&mid=sec&sid1=106&oid=009&aid=0004498819
박완규,"'열린음악회’, 스윗소로우-비투비 임현식-임지훈-민우혁-박완규-김경호-소찬휘-BTRS 출연",연예,32,2020,1,12,12:00,44,44,0,0,0,0,0,0,0,0,0,https://news.naver.com/main/read.nhn?mode=LSD&mid=sec&sid1=106&oid=311&aid=0001098463
박완규,"'옥문아들' 강형욱, #개통령 #닮은꼴 박완규 #민경훈보다 연하 [MD리뷰]",연예,35,2020,2,4,6:50,5,5,0,0,0,0,0,0,0,0,0,https://news.naver.com/main/read.nhn?mode=LSD&mid=sec&sid1=106&oid=117&aid=0003329660
박완규,"""민경훈이 형""…'옥문아들' 강형욱의 #개통령 #박완규 #강아지♥ (ft.천년의 사랑) [종합]",연예,35,2020,2,3,22:04,49,49,0,0,0,0,0,0,0,0,0,https://news.naver.com/main/read.nhn?mode=LSD&mid=sec&sid1=106&oid=076&aid=0003526729
박완규,"‘옥탑방’ 개통령 강형욱 “부부싸움 개들도 알고 피해, 경험자” [어제TV]",연예,35,2020,2,4,6:10,4,4,0,0,0,0,0,0,0,0,0,https://news.naver.com/main/read.nhn?mode=LSD&mid=sec&sid1=106&oid=609&aid=0000242789
박완규,"'개통령' 강형욱, 한국당 영입 제안에 ""반장 선거도 안 나가""",정치,35,2020,2,5,8:09,131,101,2,2,23,3,0,0,0,0,0,https://news.naver.com/main/read.nhn?mode=LSD&mid=sec&sid1=100&oid=018&aid=0004568933
박완규,"'옥탑방의문제아들' 개통령 강형욱, ""민경훈 잘생긴 '셀티' 닮았다""…""정형돈은 '차우차우'""",연예,35,2020,2,3,21:12,7,7,0,0,0,0,0,0,0,0,0,https://news.naver.com/main/read.nhn?mode=LSD&mid=sec&sid1=106&oid=112&aid=0003263987
박완규,‘옥탑방의 문제아들’ 강형욱 “박완규 닮은꼴? 내가 훨씬 낫다”,연예,35,2020,2,3,16:30,9,9,0,0,0,0,0,0,0,0,0,https://news.naver.com/main/read.nhn?mode=LSD&mid=sec&sid1=106&oid=382&aid=0000795307
박완규,"'옥문아들' 개통령 강형욱 ""박완규 닮은꼴? 내가 훨씬 낫다”",연예,35,2020,2,3,17:00,1,1,0,0,0,0,0,0,0,0,0,https://news.naver.com/main/read.nhn?mode=LSD&mid=sec&sid1=106&oid=213&aid=0001152300
박완규,"`옥탑방의 문제아들` 강형욱 ""박완규 닮은꼴? 내가 훨씬 낫다""",연예,35,2020,2,3,17:24,3,3,0,0,0,0,0,0,0,0,0,https://news.naver.com/main/read.nhn?mode=LSD&mid=sec&sid1=106&oid=009&aid=0004510941
박완규,"'옥탑방의 문제아들' 강형욱, 박완규 닮은꼴 언급에 ""내가 훨씬 낫다"" [오늘밤TV]",연예,35,2020,2,3,14:12,1,1,0,0,0,0,0,0,0,0,0,https://news.naver.com/main/read.nhn?mode=LSD&mid=sec&sid1=106&oid=117&aid=0003329387
박완규,‘옥탑방’ 민경훈 “내가 개통령 강형욱보다 한살 형” 깜짝,연예,35,2020,2,3,21:19,14,14,0,0,0,0,0,0,0,0,0,https://news.naver.com/main/read.nhn?mode=LSD&mid=sec&sid1=106&oid=609&aid=0000242738
박완규,"'미라' 김경호, 예전과 180도 달라진 가수? ""박완규, 과거엔 반항적 지금은 철없고 순수""[종합]",연예,36,2020,2,11,18:01,18,18,0,0,0,0,0,0,0,0,0,https://news.naver.com/main/read.nhn?mode=LSD&mid=sec&sid1=106&oid=112&aid=0003266829
박완규,"'미스터 라디오' 김경호 ""4옥타브보다 어려운 것은, 인터넷 사이트 로그인""",연예,36,2020,2,12,9:26,9,9,0,0,0,0,0,0,0,0,0,https://news.naver.com/main/read.nhn?mode=LSD&mid=sec&sid1=106&oid=076&aid=0003530316
박완규,"‘미스터 라디오’ 김경호, “인터넷 싸이트 로그인이 너무 어렵다”",연예,36,2020,2,12,15:32,9,9,0,0,0,0,0,0,0,0,0,https://news.naver.com/main/read.nhn?mode=LSD&mid=sec&sid1=106&oid=469&aid=0000466358
박완규,"'미스터 라디오' 김경호, 솔직 매력…""4옥타브보다 어려운 건 로그인""",연예,36,2020,2,12,10:03,6,6,0,0,0,0,0,0,0,0,0,https://news.naver.com/main/read.nhn?mode=LSD&mid=sec&sid1=106&oid=311&aid=0001110909
박완규,"김경호 ""4옥타브보다 어려운 것은, 인터넷 싸이트 로그인""(미스터라디오)",연예,36,2020,2,12,9:30,3,3,0,0,0,0,0,0,0,0,0,https://news.naver.com/main/read.nhn?mode=LSD&mid=sec&sid1=106&oid=109&aid=0004164695
박완규,"'미스터 라디오' 김경호 ""4옥타브보다 어려운 것은, SNS 로그인""",연예,36,2020,2,12,9:23,3,3,0,0,0,0,0,0,0,0,0,https://news.naver.com/main/read.nhn?mode=LSD&mid=sec&sid1=106&oid=011&aid=0003693048
박완규,‘미라’ 김경호 “4옥타브 샤우팅보다 인터넷 로그인이 어려워”,연예,36,2020,2,12,9:24,3,3,0,0,0,0,0,0,0,0,0,https://news.naver.com/main/read.nhn?mode=LSD&mid=sec&sid1=106&oid=609&aid=0000246382
박완규,"'미스터라디오' 김경호 ""나·윤도현·고 신해철, 과거 대학 축제서 3파전""",연예,36,2020,2,11,21:20,4,4,0,0,0,0,0,0,0,0,0,https://news.naver.com/main/read.nhn?mode=LSD&mid=sec&sid1=106&oid=311&aid=0001110728
박완규,"김경호 “반항아 박완규, 이제는 정신 차리고 순둥이 돼”",연예,36,2020,2,11,17:47,23,23,0,0,0,0,0,0,0,0,0,https://news.naver.com/main/read.nhn?mode=LSD&mid=sec&sid1=106&oid=609&aid=0000246116
박완규,‘미라’ 김경호가 전한 #쪽지사연 #사랑했지만 #권혁수 #박완규(종합),연예,36,2020,2,11,17:59,3,3,0,0,0,0,0,0,0,0,0,https://news.naver.com/main/read.nhn?mode=LSD&mid=sec&sid1=106&oid=609&aid=0000246127
박완규,"박완규, 강형욱과 얼마나 닮았나보니… ""싱크로율 100%""",연예,36,2020,2,11,15:35,6,6,0,0,0,0,0,0,0,0,0,https://news.naver.com/main/read.nhn?mode=LSD&mid=sec&sid1=106&oid=417&aid=0000503267
박완규,‘미스터 라디오’ 김경호 “4옥타브보다 인터넷 로그인 더 어려워”,연예,36,2020,2,12,9:23,17,16,0,0,0,0,1,0,0,0,0,https://news.naver.com/main/read.nhn?mode=LSD&mid=sec&sid1=106&oid=382&aid=0000797857
박완규,"김경호 ""4옥타브보다 어려운 것은…"" 세월 실감 ('미스터라디오')",연예,36,2020,2,12,10:47,6,6,0,0,0,0,0,0,0,0,0,https://news.naver.com/main/read.nhn?mode=LSD&mid=sec&sid1=106&oid=117&aid=0003332598
박완규,"'두시만세' 김민우 ""부활 김태원, 과거 제 결혼식에서 축가 불러줘""",연예,37,2020,2,21,15:31,5,5,0,0,0,0,0,0,0,0,0,https://news.naver.com/main/read.nhn?mode=LSD&mid=sec&sid1=106&oid=112&aid=0003270464
박완규,"4인조 혼성 록 밴드 빈시트, ‘I don’t wanna die’ 싱글 발매",생활,37,2020,2,18,16:21,5,5,0,0,0,0,0,0,0,0,0,https://news.naver.com/main/read.nhn?mode=LSD&mid=sec&sid1=103&oid=081&aid=0003066591
박완규,"4인조 혼성 록 밴드 빈시트, 18일 싱글 ‘아이 돈 워너 다이’ 발매",연예,37,2020,2,18,24:11:00,3,3,0,0,0,0,0,0,0,0,0,https://news.naver.com/main/read.nhn?mode=LSD&mid=sec&sid1=106&oid=014&aid=0004374556
박완규,"4인조 혼성 록 밴드 빈시트, 18일 '아이 돈트 워너 다이' 발매",연예,37,2020,2,18,10:32,4,4,0,0,0,0,0,0,0,0,0,https://news.naver.com/main/read.nhn?mode=LSD&mid=sec&sid1=106&oid=477&aid=0000232710
박완규,"[종합]""사춘기라 뽀뽀 안 해""..'두시만세' 김민우가 밝힌 #딸 #케익 #김태원",연예,37,2020,2,21,15:59,1,1,0,0,0,0,0,0,0,0,0,https://news.naver.com/main/read.nhn?mode=LSD&mid=sec&sid1=106&oid=112&aid=0003270482
박완규,"혼성 4인조 록 밴드 VINCIT, 디지털 싱글 'I don't wanna die' 18일 발표",연예,37,2020,2,18,11:37,5,5,0,0,0,0,0,0,0,0,0,https://news.naver.com/main/read.nhn?mode=LSD&mid=sec&sid1=106&oid=468&aid=0000627774
박완규,"이름 바꾼 빈시트, 새 싱글 ‘I don’t wanna die’ 발매",연예,37,2020,2,18,9:13,8,8,0,0,0,0,0,0,0,0,0,https://news.naver.com/main/read.nhn?mode=LSD&mid=sec&sid1=106&oid=018&aid=0004577774
박완규,"4인조 혼성 록밴드 빈시트, 싱글 ‘I don’t wanna die’ 발매…리더 송지아 작사·작곡",연예,37,2020,2,18,19:35,3,3,0,0,0,0,0,0,0,0,0,https://news.naver.com/main/read.nhn?mode=LSD&mid=sec&sid1=106&oid=015&aid=0004292478
박완규,빈시트옴니아→VINCIT 신곡 컴백..3월 EP앨범 발매(공식),연예,37,2020,2,18,24:44:00,4,4,0,0,0,0,0,0,0,0,0,https://news.naver.com/main/read.nhn?mode=LSD&mid=sec&sid1=106&oid=108&aid=0002843962
박완규,유재석부터 박지성까지…연예인 50명 거론된 ‘신천지 지라시’ 무차별 확산 [종합],연예,39,2020,3,4,15:18,7,7,0,0,0,0,0,0,0,0,0,https://news.naver.com/main/read.nhn?mode=LSD&mid=sec&sid1=106&oid=144&aid=0000659896
박완규,"시니어 글쓰기 열풍…""우리에게 글쓰기는 취미 아닌 업(業)입니다""",사회,40,2020,3,14,7:01,3,3,0,0,0,0,0,0,0,0,0,https://news.naver.com/main/read.nhn?mode=LSD&mid=sec&sid1=102&oid=025&aid=0002983921
박완규,아픈 현실에도 희망은 있다…연극 '넓은 하늘의 무지개를…',생활,40,2020,3,12,10:11,1,1,0,0,0,0,0,0,0,0,0,https://news.naver.com/main/read.nhn?mode=LSD&mid=sec&sid1=103&oid=001&aid=0011466897
박완규,"'슬의생' 신원호 PD ""뜨거운 반응 감사, 배우들 몇 달씩 밴드 연습했다"" [직격인터뷰]",연예,40,2020,3,13,11:57,160,160,0,0,0,0,0,0,0,0,0,https://news.naver.com/main/read.nhn?mode=LSD&mid=sec&sid1=106&oid=311&aid=0001122814
박완규,정의신 작가 연극 '넓은 하늘의 무지개를…' 5월 무대에,생활,41,2020,3,16,9:13,1,1,0,0,0,0,0,0,0,0,0,https://news.naver.com/main/read.nhn?mode=LSD&mid=sec&sid1=103&oid=018&aid=0004597925
박완규,"부활 김태원 “작년 8월 행사장서 쓰러져, 이게 끝인가 했다”",생활,41,2020,3,16,12:07,17,10,0,7,0,0,0,0,0,0,0,https://news.naver.com/main/read.nhn?mode=LSD&mid=sec&sid1=103&oid=025&aid=0002984228
박완규,부활 김태원 “작년 8월 행사장서 쓰러져…이게 끝인가 했다”,생활,41,2020,3,15,11:01,"2,221","1,794",35,236,118,38,0,0,0,0,0,https://news.naver.com/main/read.nhn?mode=LSD&mid=sec&sid1=103&oid=025&aid=0002984045
박완규,"""욕 한번 못하던 사람""..故 문지윤 요절, 농구·무술·미술계도 애도 봇물 (종합)[Oh!쎈 레터]",연예,41,2020,3,19,17:34,25,1,0,24,0,0,0,0,0,0,0,https://news.naver.com/main/read.nhn?mode=LSD&mid=sec&sid1=106&oid=109&aid=0004181793
박완규,`이구리와 핑크란마`…세계 정상급 록보컬 부부가 한국에 있다,생활,42,2020,3,28,6:02,9,6,0,0,3,0,0,0,0,0,0,https://news.naver.com/main/read.nhn?mode=LSD&mid=sec&sid1=103&oid=009&aid=0004545993
박완규,"유해준, 팬들 염원담은 '사랑하기 전에는' 음원발매",연예,42,2020,3,23,10:55,4,4,0,0,0,0,0,0,0,0,0,https://news.naver.com/main/read.nhn?mode=LSD&mid=sec&sid1=106&oid=404&aid=0000263349
박완규,"유해준, 2020 재탄생한 '사랑하기 전에는'으로 차트 1위..경쟁력 입증",연예,42,2020,3,24,15:45,3,3,0,0,0,0,0,0,0,0,0,https://news.naver.com/main/read.nhn?mode=LSD&mid=sec&sid1=106&oid=109&aid=0004183725
박완규,"‘히트 메이커’ 유해준, 신곡 ‘사랑하기 전에는’ 발매",연예,42,2020,3,23,16:55,1,1,0,0,0,0,0,0,0,0,0,https://news.naver.com/main/read.nhn?mode=LSD&mid=sec&sid1=106&oid=410&aid=0000678687
박완규,"유해준, '사랑하기 전에는' 공개…애니 '겨울연가' 삽입곡",연예,42,2020,3,23,10:32,3,3,0,0,0,0,0,0,0,0,0,https://news.naver.com/main/read.nhn?mode=LSD&mid=sec&sid1=106&oid=018&aid=0004603146
박완규,대형뮤지컬·국립극단 연극도 코로나19 여파 피하지 못해,,43,2020,3,31,8:52,1,0,0,1,0,0,0,0,0,0,0,https://news.naver.com/main/read.nhn?mode=LSD&mid=sec&sid1=004&oid=001&aid=0011510370
박완규,“글로 맞는 느낌” 장성규 휘어잡은 이해리 카리스마 ‘내안발’[어제TV],연예,43,2020,4,4,5:57,7,7,0,0,0,0,0,0,0,0,0,https://news.naver.com/main/read.nhn?mode=LSD&mid=sec&sid1=106&oid=609&aid=0000263739
박완규,[단독]김태원·김종서·박완규 '대한외국인' 출격..부활 특집,연예,44,2020,4,5,9:00,5,5,0,0,0,0,0,0,0,0,0,https://news.naver.com/main/read.nhn?mode=LSD&mid=sec&sid1=106&oid=108&aid=0002853721
박완규,"백설희, 시인과 촌장, 김윤아... 귀로 즐기는 봄꽃 축제",생활,44,2020,4,8,16:21,1,1,0,0,0,0,0,0,0,0,0,https://news.naver.com/main/read.nhn?mode=LSD&mid=sec&sid1=103&oid=052&aid=0001425615
박완규,"'파우스트 엔딩', 김성녀 배우 부상으로 공연 취소",생활,44,2020,4,6,15:51,1,0,0,1,0,0,0,0,0,0,0,https://news.naver.com/main/read.nhn?mode=LSD&mid=sec&sid1=103&oid=018&aid=0004614025
박완규,“취약노동자 비껴가는 고용유지 지원금”…석달째 무급 상황도,사회,44,2020,4,6,13:04,3,0,1,1,1,0,0,0,0,0,0,https://news.naver.com/main/read.nhn?mode=LSD&mid=sec&sid1=102&oid=152&aid=0001960012
박완규,"'대한외국인' 박완규 ""전교 회장 출신, 도내 학력 평가 1등까지 해봤다“",연예,46,2020,4,22,11:03,10,10,0,0,0,0,0,0,0,0,0,https://news.naver.com/main/read.nhn?mode=LSD&mid=sec&sid1=106&oid=076&aid=0003557554
박완규,[어게인TV]”에이스 탈락에 제작진 멘붕”…‘대한외국인’ 박완규 충격의 재탈락,연예,46,2020,4,23,6:30,3,3,0,0,0,0,0,0,0,0,0,https://news.naver.com/main/read.nhn?mode=LSD&mid=sec&sid1=106&oid=112&aid=0003291295
박완규,"'대한외국인' 박완규 ""고교 때 도내 학력평가 1등+전교 회장""",연예,46,2020,4,23,5:59,21,21,0,0,0,0,0,0,0,0,0,https://news.naver.com/main/read.nhn?mode=LSD&mid=sec&sid1=106&oid=117&aid=0003355318
박완규,"'대한외국인' 김종서 ""부활 역대 보컬 박완규 가장 뛰어나""",연예,46,2020,4,21,11:22,4,4,0,0,0,0,0,0,0,0,0,https://news.naver.com/main/read.nhn?mode=LSD&mid=sec&sid1=106&oid=109&aid=0004194773
박완규,"`대한외국인` 부활 김태원, 김종서·박완규 애정 과시 [MK★TV컷]",연예,46,2020,4,21,23:22,1,1,0,0,0,0,0,0,0,0,0,https://news.naver.com/main/read.nhn?mode=LSD&mid=sec&sid1=106&oid=410&aid=0000686595
박완규,‘대한외국인’ 김종서 “내가 부활 1대 보컬... 탈퇴 후 이승철 들어와”,연예,46,2020,4,22,20:45,11,11,0,0,0,0,0,0,0,0,0,https://news.naver.com/main/read.nhn?mode=LSD&mid=sec&sid1=106&oid=213&aid=0001161275
박완규,"‘대한외국인’ 럭키, 우상 김종서 출연에 눈물→외국인 팀 ‘부활’ 제안, 초유의 사태(종합)",연예,46,2020,4,22,21:56,13,13,0,0,0,0,0,0,0,0,0,https://news.naver.com/main/read.nhn?mode=LSD&mid=sec&sid1=106&oid=112&aid=0003291245
박완규,"권진아 “예전부터 조정석팬, ‘슬의생’ 속 결정적 순간 내 노래 나와 기뻐”",연예,46,2020,4,23,24:37:00,13,13,0,0,0,0,0,0,0,0,0,https://news.naver.com/main/read.nhn?mode=LSD&mid=sec&sid1=106&oid=609&aid=0000270108
박완규,"[종합]""벌써 세 번째""…'정희' 권진아X가호, OST 레전드의 귀호강 라이브",연예,46,2020,4,23,13:06,5,5,0,0,0,0,0,0,0,0,0,https://news.naver.com/main/read.nhn?mode=LSD&mid=sec&sid1=106&oid=112&aid=0003291452
박완규,"'대한외국인' 박완규, 학창시절 전교 1등 우등생 브레인 증명.. 퀴즈 실력은?",연예,46,2020,4,22,20:02,13,13,0,0,0,0,0,0,0,0,0,https://news.naver.com/main/read.nhn?mode=LSD&mid=sec&sid1=106&oid=015&aid=0004329052
박완규,"박완규 ""전교 회장 출신, 도내 학력 평가 1등까지 해봤다""('대한외국인')",연예,46,2020,4,22,11:08,15,15,0,0,0,0,0,0,0,0,0,https://news.naver.com/main/read.nhn?mode=LSD&mid=sec&sid1=106&oid=312&aid=0000443432
박완규,"'대한외국인' 박완규 ""전교 1등·회장·도내 학력평가 1등 운 좋았다""",연예,46,2020,4,22,20:45,31,31,0,0,0,0,0,0,0,0,0,https://news.naver.com/main/read.nhn?mode=LSD&mid=sec&sid1=106&oid=311&aid=0001137853
박완규,"부활 박완규, 도내 학력 평가 1등에 전교회장 출신 이력 공개",연예,46,2020,4,22,15:36,6,5,0,0,0,0,0,0,0,1,0,https://news.naver.com/main/read.nhn?mode=LSD&mid=sec&sid1=106&oid=277&aid=0004666109
박완규,"중고 전교 10등 박완규, 입도 못 떼고 퀴즈 두번 다 광탈 망신 ‘대한외국인’[어제TV]",연예,46,2020,4,23,6:01,8,8,0,0,0,0,0,0,0,0,0,https://news.naver.com/main/read.nhn?mode=LSD&mid=sec&sid1=106&oid=609&aid=0000269873
박완규,‘대한외국인’ 김종서 “부활 역대 보컬 중 박완규가 가장 뛰어나”,연예,46,2020,4,21,11:41,5,5,0,0,0,0,0,0,0,0,0,https://news.naver.com/main/read.nhn?mode=LSD&mid=sec&sid1=106&oid=144&aid=0000667912
박완규,‘대한외국인’ 김종서 ”부활 역대 최고 보컬? 박완규“,연예,46,2020,4,21,11:21,1,1,0,0,0,0,0,0,0,0,0,https://news.naver.com/main/read.nhn?mode=LSD&mid=sec&sid1=106&oid=382&aid=0000814743
박완규,"'대한외국인' 김종서 ""부활 역대 보컬 중 박완규가 가장 뛰어나""",연예,46,2020,4,21,11:43,9,9,0,0,0,0,0,0,0,0,0,https://news.naver.com/main/read.nhn?mode=LSD&mid=sec&sid1=106&oid=076&aid=0003556981
박완규,"김태원 ""부활 보컬 중 김종서는 비 갠 날씨, 박완규는 쏟아지는 폭우""",연예,46,2020,4,21,11:18,4,4,0,0,0,0,0,0,0,0,0,https://news.naver.com/main/read.nhn?mode=LSD&mid=sec&sid1=106&oid=117&aid=0003354440
박완규,"'대한외국인' 김태원 ""김종서는 비 개인 날씨…박완규는 폭우 같은 목소리""",연예,46,2020,4,21,11:46,2,2,0,0,0,0,0,0,0,0,0,https://news.naver.com/main/read.nhn?mode=LSD&mid=sec&sid1=106&oid=076&aid=0003556983
박완규,"'대한외국인' 김태원 ""김종서는 비 개인 날씨, 박완규는 폭우 같은 사람""",연예,46,2020,4,21,11:06,2,2,0,0,0,0,0,0,0,0,0,https://news.naver.com/main/read.nhn?mode=LSD&mid=sec&sid1=106&oid=112&aid=0003290582
박완규,"‘대한외국인’ 김종서 “부활 창단 멤버, 아마추어 때 초석 다져”",연예,46,2020,4,22,20:47,3,3,0,0,0,0,0,0,0,0,0,https://news.naver.com/main/read.nhn?mode=LSD&mid=sec&sid1=106&oid=609&aid=0000269837
박완규,"[포토] 박완규, 부드러운 카리스마",연예,47,2020,4,28,14:30,7,7,0,0,0,0,0,0,0,0,0,https://news.naver.com/main/read.nhn?mode=LSD&mid=sec&sid1=106&oid=241&aid=0003019339
박완규,"[포토] 박완규, 뜨거운 햇살 아래서",연예,47,2020,4,28,14:32,8,8,0,0,0,0,0,0,0,0,0,https://news.naver.com/main/read.nhn?mode=LSD&mid=sec&sid1=106&oid=241&aid=0003019348
박완규,[포토] 박완규 락커의 부드러운 시선,연예,47,2020,4,28,14:31,6,6,0,0,0,0,0,0,0,0,0,https://news.naver.com/main/read.nhn?mode=LSD&mid=sec&sid1=106&oid=241&aid=0003019343
박완규,"[포토] 박완규 , 멋짐 가득한 출근길 패션",연예,47,2020,4,28,14:31,2,2,0,0,0,0,0,0,0,0,0,https://news.naver.com/main/read.nhn?mode=LSD&mid=sec&sid1=106&oid=241&aid=0003019345
박완규,`슬기로운 의사생활` OST… 듣자마자 추억소환,연예,47,2020,4,26,18:20,18,18,0,0,0,0,0,0,0,0,0,https://news.naver.com/main/read.nhn?mode=LSD&mid=sec&sid1=106&oid=029&aid=0002595417
박완규,트로트 새 시대 열다 ‘빛과 그림자’ [창간X스경기획 ①],연예,49,2020,5,16,10:29,73,70,0,3,0,0,0,0,0,0,0,https://news.naver.com/main/read.nhn?mode=LSD&mid=sec&sid1=106&oid=144&aid=0000671825
박완규,"'끼리끼리' 박명수→성규, 홈쇼핑 완판…코로나19 피해 농가 돕기 '성공' [종합]",연예,49,2020,5,10,18:18,31,31,0,0,0,0,0,0,0,0,0,https://news.naver.com/main/read.nhn?mode=LSD&mid=sec&sid1=106&oid=311&aid=0001144530
박완규,[연극 리뷰] 먼지 냄새 풀풀나는 단관 극장… 그곳엔 늘 위로가 있었네,생활,51,2020,5,28,3:09,1,1,0,0,0,0,0,0,0,0,0,https://news.naver.com/main/read.nhn?mode=LSD&mid=sec&sid1=103&oid=023&aid=0003534512
박완규,"'복면가왕' 주윤발의 정체 = '위너 강승윤', 최연소 가왕..1표차로 아쉽게 6승에 그쳐",연예,51,2020,5,24,19:52,149,115,0,4,0,0,30,0,0,0,0,https://news.naver.com/main/read.nhn?mode=LSD&mid=sec&sid1=106&oid=015&aid=0004346446
박완규,봉제·제화 노동자들 “노동이력 카드제를”,사회,51,2020,5,26,20:30,1,1,0,0,0,0,0,0,0,0,0,https://news.naver.com/main/read.nhn?mode=LSD&mid=sec&sid1=102&oid=028&aid=0002498708
박완규,임영웅 유튜브 1800만뷰 돌파.. ‘어느 60대 노부부 이야기’는 어떤 노래?,연예,51,2020,5,26,14:31,"6,472","6,340",0,17,0,0,49,17,13,36,0,https://news.naver.com/main/read.nhn?mode=LSD&mid=sec&sid1=106&oid=022&aid=0003468720
