고아라,"'변화' 예고한 KEB하나은행, 차기 시즌 플레이오프 도전을 이야기하다",스포츠,0,2019,06,08,12:13,13,9,0,0,1,2,0,0,0,0,1,http://sports.news.naver.com/basketball/news/read.nhn?oid=351&aid=0000041812
고아라,스크린 빛내는 아역배우들…안지호·최명빈,생활,0,2019,06,02,11:29,16,16,0,0,0,0,0,0,0,0,0,https://news.naver.com/main/read.nhn?mode=LSD&mid=sec&sid1=103&oid=001&aid=0010863044
고아라,"[SE★인터뷰] 박지연에게 오디션 100번 도전이란..""항상 겸손해라""",연예,0,2019,06,05,22:11,6,6,0,0,0,0,0,0,0,0,0,https://news.naver.com/main/read.nhn?mode=LSD&mid=sec&sid1=106&oid=011&aid=0003566037
고아라,"'보니하니' 이수민, 정우성 소속사에서 새 출발",연예,0,2019,06,05,18:04,10,10,0,0,0,0,0,0,0,0,0,https://news.naver.com/main/read.nhn?mode=LSD&mid=sec&sid1=106&oid=079&aid=0003235344
고아라,"이수민, 아티스트컴퍼니와 전속계약...정우성 이정재와 한솥밥",연예,0,2019,06,05,9:45,3,3,0,0,0,0,0,0,0,0,0,https://news.naver.com/main/read.nhn?mode=LSD&mid=sec&sid1=106&oid=052&aid=0001303374
고아라,"이수민, 이정재 정우성 소속사로 이적",연예,0,2019,06,05,9:59,8,8,0,0,0,0,0,0,0,0,0,https://news.naver.com/main/read.nhn?mode=LSD&mid=sec&sid1=106&oid=119&aid=0002332998
고아라,[포토] 고아라 '우린 최고의 콤비야',스포츠,1,2019,06,15,16:06,1,0,0,0,0,0,0,0,0,0,1,http://sports.news.naver.com/basketball/news/read.nhn?oid=398&aid=0000026397
고아라,"[W위시코트] 책임감 드러낸 고아라 ""다음 시즌, 최대한 늦게 끝내고파""",스포츠,1,2019,06,15,21:45,19,11,0,0,5,0,0,0,0,0,3,http://sports.news.naver.com/basketball/news/read.nhn?oid=351&aid=0000041902
고아라,[피플&피플]고향 무대서 장애의 벽 허무는 아름다운 몸짓,사회,1,2019,06,13,12:33,1,1,0,0,0,0,0,0,0,0,0,https://news.naver.com/main/read.nhn?mode=LSD&mid=sec&sid1=102&oid=087&aid=0000759234
고아라,"""다시 걸을 수 있게 됐어요"" 고아라, 발목 부상 후 밝은 근황 공개",연예,4,2019,07,01,18:53,13,13,0,0,0,0,0,0,0,0,0,https://news.naver.com/main/read.nhn?mode=LSD&mid=sec&sid1=106&oid=468&aid=0000527997
고아라,"""다시 걸을 수 있게 됐다""…고아라, 건강한 근황 공개",연예,4,2019,07,02,8:12,5,5,0,0,0,0,0,0,0,0,0,https://news.naver.com/main/read.nhn?mode=LSD&mid=sec&sid1=106&oid=416&aid=0000245669
고아라,"‘분위기 여신’ 고아라, 부상 후 근황은? ‘미모 한도 초과’",연예,4,2019,07,04,15:44,4,4,0,0,0,0,0,0,0,0,0,https://news.naver.com/main/read.nhn?mode=LSD&mid=sec&sid1=106&oid=469&aid=0000402675
고아라,"고아라, 아련함 폭발하는 청순美..필터 뚫는 예쁨",연예,4,2019,07,02,15:54,11,11,0,0,0,0,0,0,0,0,0,https://news.naver.com/main/read.nhn?mode=LSD&mid=sec&sid1=106&oid=112&aid=0003183197
고아라,"고아라 ""다시 걸을 수 있어요""…인대파열 후 근황 공개",연예,4,2019,07,01,17:47,8,8,0,0,0,0,0,0,0,0,0,https://news.naver.com/main/read.nhn?mode=LSD&mid=sec&sid1=106&oid=076&aid=0003436300
고아라,고아라 근황 “다시 걸을 수 있게 됐다”[똑똑SNS],연예,4,2019,07,01,17:49,22,21,0,1,0,0,0,0,0,0,0,https://news.naver.com/main/read.nhn?mode=LSD&mid=sec&sid1=106&oid=410&aid=0000600493
고아라,"고아라, 야심한 밤 가슴 물들이는 감성 청초 미모",연예,4,2019,07,01,23:55,14,14,0,0,0,0,0,0,0,0,0,https://news.naver.com/main/read.nhn?mode=LSD&mid=sec&sid1=106&oid=117&aid=0003239595
고아라,"‘콩알 얼굴’ 고아라, “다시 걸을 수 있게 됐다”",연예,4,2019,07,01,17:58,12,12,0,0,0,0,0,0,0,0,0,https://news.naver.com/main/read.nhn?mode=LSD&mid=sec&sid1=106&oid=469&aid=0000401702
고아라,"고아라 ""다시 걸을 수 있어"" 무슨 일 있었길래",연예,4,2019,07,02,7:03,5,4,0,1,0,0,0,0,0,0,0,https://news.naver.com/main/read.nhn?mode=LSD&mid=sec&sid1=106&oid=277&aid=0004494051
고아라,"'발목 인대 파열' 고아라, 완쾌 근황 ""다시 걸을 수 있어요""[★SNS]",연예,4,2019,07,02,10:09,2,2,0,0,0,0,0,0,0,0,0,https://news.naver.com/main/read.nhn?mode=LSD&mid=sec&sid1=106&oid=404&aid=0000247358
고아라,"고아라, 시선 사로잡는 압도적 분위기 [★해시태그]",연예,4,2019,07,02,21:27,22,22,0,0,0,0,0,0,0,0,0,https://news.naver.com/main/read.nhn?mode=LSD&mid=sec&sid1=106&oid=311&aid=0001012930
고아라,"‘발목 부상’ 고아라, 건강해진 근황 “튼튼하게 걸을 수 있게 됐다” [SNS는 지금]",연예,4,2019,07,02,12:00,7,7,0,0,0,0,0,0,0,0,0,https://news.naver.com/main/read.nhn?mode=LSD&mid=sec&sid1=106&oid=144&aid=0000618765
고아라,"[N샷] '발목 부상' 고아라, 건강한 근황 ""무릎 꿇을 수 있어""",연예,5,2019,07,08,17:43,4,3,0,1,0,0,0,0,0,0,0,https://news.naver.com/main/read.nhn?mode=LSD&mid=sec&sid1=106&oid=421&aid=0004082099
고아라,"고아라, 몸매의 비결은 필라테스..트레이닝복+포니테일로 완성한 '운동 여신'",연예,5,2019,07,09,9:24,8,7,0,1,0,0,0,0,0,0,0,https://news.naver.com/main/read.nhn?mode=LSD&mid=sec&sid1=106&oid=112&aid=0003185849
고아라,"고아라, 발목 부상 회복 中 ""드디어 무릎 꿇을 수 있어"" [★해시태그]",연예,5,2019,07,08,16:48,11,10,0,1,0,0,0,0,0,0,0,https://news.naver.com/main/read.nhn?mode=LSD&mid=sec&sid1=106&oid=311&aid=0001015430
고아라,"고아라 근황, 발목 부상→재활 운동 “무릎도 꿇을 수 있어” [M+★SNS]",연예,5,2019,07,08,17:11,11,10,0,1,0,0,0,0,0,0,0,https://news.naver.com/main/read.nhn?mode=LSD&mid=sec&sid1=106&oid=057&aid=0001365694
고아라,"고아라, 발목 인대파열 후 재활 근황 “무릎도 꿇을 수 있어”[SNS★컷]",연예,5,2019,07,08,14:13,9,9,0,0,0,0,0,0,0,0,0,https://news.naver.com/main/read.nhn?mode=LSD&mid=sec&sid1=106&oid=609&aid=0000136210
고아라,"10대에 이미 파워인플루언서가 된 꾸뿌, 2019년 미스맥심 12강에 진출!",,6,2019,07,18,17:47,2,2,0,0,0,0,0,0,0,0,0,https://news.naver.com/main/read.nhn?mode=LSD&mid=sec&oid=468&aid=0000536597
고아라,"""내 매력 포인트? 엉덩이, 누구한테도 안 진다""…꾸뿌, 미스맥심 12강 합류",,6,2019,07,18,13:41,1,1,0,0,0,0,0,0,0,0,0,https://news.naver.com/main/read.nhn?mode=LSD&mid=sec&oid=117&aid=0003247828
고아라,'한양대 뇌섹녀' 이유진 맥심 화보..보일듯 말듯 '아찔',,7,2019,07,27,9:22,3,1,1,0,0,1,0,0,0,0,0,https://news.naver.com/main/read.nhn?mode=LSD&mid=sec&oid=108&aid=0002799912
고아라,"엉덩이가 예쁜 미스맥심 이유진, 남자는 허벅지가 굵어야[포토]",,7,2019,07,27,11:56,1,1,0,0,0,0,0,0,0,0,0,https://news.naver.com/main/read.nhn?mode=LSD&mid=sec&oid=468&aid=0000540435
고아라,"미스맥심 콘테스트 12강 이유진, 연애관 밝혀 ""남자는 나이보다는 허벅지!""",,7,2019,07,27,9:07,3,2,0,0,1,0,0,0,0,0,0,https://news.naver.com/main/read.nhn?mode=LSD&mid=sec&oid=117&aid=0003251848
고아라,"뇌섹녀 미스맥심 이유진, 한양대 역사학과에 재학중입니다[포토]",,7,2019,07,27,11:57,2,1,0,1,0,0,0,0,0,0,0,https://news.naver.com/main/read.nhn?mode=LSD&mid=sec&oid=468&aid=0000540436
고아라,"허벅지가 예쁜 미스맥심 이유진, 허벅지가 굵은 남자가 좋아요[포토]",,7,2019,07,27,11:59,2,2,0,0,0,0,0,0,0,0,0,https://news.naver.com/main/read.nhn?mode=LSD&mid=sec&oid=468&aid=0000540437
고아라,"'PO' 향해 달리는 KEB하나은행 고아라 ""어떻게 해야 하는지 알고 있다""",스포츠,8,2019,08,02,10:25,6,3,0,0,1,0,0,0,0,0,2,http://sports.news.naver.com/basketball/news/read.nhn?oid=351&aid=0000042464
고아라,박신자컵 대비하는 KEB하나의 포인트는 속공과 거침없는 레이업,스포츠,8,2019,08,01,18:25,5,5,0,0,0,0,0,0,0,0,0,http://sports.news.naver.com/basketball/news/read.nhn?oid=065&aid=0000185809
고아라,"""몸매가, 아찔""…모델 슈이, 미스맥심 12강 진출",,8,2019,08,03,10:22,1,1,0,0,0,0,0,0,0,0,0,https://news.naver.com/main/read.nhn?mode=LSD&mid=sec&oid=117&aid=0003255018
고아라,"부산대 격파한 KEB하나은행, 이훈재 감독 ""나아지고 있다""",스포츠,8,2019,08,01,18:59,13,7,0,0,1,3,0,0,0,0,2,http://sports.news.naver.com/basketball/news/read.nhn?oid=351&aid=0000042460
고아라,"고아라, '노루숲의 여름' 출연...한낮의 소나기처럼 시원한 연기 기대",연예,9,2019,08,04,24:22,13,13,0,0,0,0,0,0,0,0,0,https://news.naver.com/main/read.nhn?mode=LSD&mid=sec&sid1=106&oid=468&aid=0000543907
고아라,"하나은행, 삼성생명과 연습경기서 승리…강이슬 15점 활약",스포츠,9,2019,08,06,20:29,12,8,0,0,0,0,0,0,0,0,4,http://sports.news.naver.com/basketball/news/read.nhn?oid=398&aid=0000027213
고아라,"트럼프, 총격에 부모 잃은 아기 옆에서 '엄지척' 논란",세계,9,2019,08,10,4:18,18,2,0,0,16,0,0,0,0,0,0,https://news.naver.com/main/read.nhn?mode=LSD&mid=sec&sid1=104&oid=003&aid=0009393700
고아라,"'노루숲의 여름', KBS 탤런트X연출가 김시번 환상 콜라보",연예,9,2019,08,05,16:57,3,3,0,0,0,0,0,0,0,0,0,https://news.naver.com/main/read.nhn?mode=LSD&mid=sec&sid1=106&oid=117&aid=0003255821
고아라,'노루숲의 여름' 전경희...젊은 날의 꿈을 찾아서~,연예,9,2019,08,05,20:50,8,8,0,0,0,0,0,0,0,0,0,https://news.naver.com/main/read.nhn?mode=LSD&mid=sec&sid1=106&oid=468&aid=0000544537
고아라,"""KBS 공채 탤런트들 뭉쳤다""... 한울타리 극단, '노루숲의 여름' 공연",연예,9,2019,08,05,14:02,5,5,0,0,0,0,0,0,0,0,0,https://news.naver.com/main/read.nhn?mode=LSD&mid=sec&sid1=106&oid=052&aid=0001327425
고아라,"KBS 탤런트 출신 한울타리 극단, `노루숲의 여름` 공연",연예,9,2019,08,05,13:37,2,2,0,0,0,0,0,0,0,0,0,https://news.naver.com/main/read.nhn?mode=LSD&mid=sec&sid1=106&oid=009&aid=0004404546
고아라,"미스맥심 참가자 윤수연은 누구? ""엉덩이는 내가 최고!""",,10,2019,08,12,9:55,2,2,0,0,0,0,0,0,0,0,0,https://news.naver.com/main/read.nhn?mode=LSD&mid=sec&oid=468&aid=0000547431
고아라,"[박신자컵]'결정력 향상' KEB하나, BNK 꺾고 첫 승 미소",스포츠,11,2019,08,24,24:04,11,5,0,0,0,1,0,0,0,0,5,http://sports.news.naver.com/basketball/news/read.nhn?oid=076&aid=0003459466
고아라,"일러스트레이터 고아라, 맥심 구독하다 미스맥심에 지원했어요[포토]",연예,11,2019,08,20,13:30,1,1,0,0,0,0,0,0,0,0,0,https://news.naver.com/main/read.nhn?mode=LSD&mid=sec&sid1=106&oid=468&aid=0000550729
고아라,"하나은행, KB와 연습경기서 대승...고아라 16점 활약",스포츠,11,2019,08,20,20:35,15,8,0,0,4,0,0,0,0,0,3,http://sports.news.naver.com/basketball/news/read.nhn?oid=398&aid=0000027418
고아라,"[19박신자컵] '고아라-이하은 펄펄' 하나은행, 접전 끝에 BNK 꺾어...삼성생명도 첫 승 신고 (24일 A조 종합)",스포츠,11,2019,08,24,16:28,3,2,0,0,0,0,0,0,0,0,1,http://sports.news.naver.com/basketball/news/read.nhn?oid=351&aid=0000042736
고아라,"[19박신자컵] KEB하나은행, BNK 격파... 삼성생명은 인도네시아에 접전승 (24일 A조 종합)",스포츠,11,2019,08,24,17:20,2,2,0,0,0,0,0,0,0,0,0,http://sports.news.naver.com/basketball/news/read.nhn?oid=065&aid=0000187143
고아라,"[박신자컵]'디펜딩 챔피언' 하나은행, BNK 제압하며 쾌조의 스타트...이하은 13점",스포츠,11,2019,08,24,24:00,3,1,0,0,0,0,0,0,0,0,2,http://sports.news.naver.com/basketball/news/read.nhn?oid=398&aid=0000027554
고아라,"김희선x고아라x손현주x김태우, 중앙대 연영과 총동문회 바자회 개최",연예,11,2019,08,21,9:18,1,1,0,0,0,0,0,0,0,0,0,https://news.naver.com/main/read.nhn?mode=LSD&mid=sec&sid1=106&oid=382&aid=0000755714
고아라,배우 김희선-고아라-손현주-김태우 등 중대 동문 연예인 장학기금 바자회 개최,연예,11,2019,08,21,9:21,7,6,0,1,0,0,0,0,0,0,0,https://news.naver.com/main/read.nhn?mode=LSD&mid=sec&sid1=106&oid=144&aid=0000627183
고아라,"일러스트레이터 고아라, 현직 모델들 제치고 미스맥심 콘테스트 12강 진출",연예,11,2019,08,19,10:53,1,1,0,0,0,0,0,0,0,0,0,https://news.naver.com/main/read.nhn?mode=LSD&mid=sec&sid1=106&oid=117&aid=0003261822
고아라,"미스맥심 12강에 합류한 고아라, 팔로워 7만명의 파워 인플루언서랍니다[포토]",,11,2019,08,20,13:31,1,1,0,0,0,0,0,0,0,0,0,https://news.naver.com/main/read.nhn?mode=LSD&mid=sec&oid=468&aid=0000550731
고아라,"[19박신자컵] '6G 평균 16.2점' MVP 고아라 ""올 시즌 목표는 두 자릿수 득점""",스포츠,12,2019,08,31,17:16,6,4,0,0,1,0,0,0,0,0,1,http://sports.news.naver.com/basketball/news/read.nhn?oid=065&aid=0000187492
고아라,속초 리포트: 날카로운 고아라&묵직한 백지은=하나은행 2연패,스포츠,12,2019,08,31,16:24,1,0,0,0,0,0,0,0,0,0,1,http://sports.news.naver.com/basketball/news/read.nhn?oid=117&aid=0003268178
고아라,[포토] 고아라 'MVP!',스포츠,12,2019,08,31,17:12,2,0,0,0,1,0,0,0,0,0,1,http://sports.news.naver.com/basketball/news/read.nhn?oid=398&aid=0000028013
고아라,"[★현장리뷰] '고아라 23점' 하나은행, 우리은행에 역전승! '박신자컵 결승'",스포츠,12,2019,08,30,15:38,6,3,0,0,1,0,0,0,0,0,2,http://sports.news.naver.com/basketball/news/read.nhn?oid=108&aid=0002807305
고아라,유망주들 사이에서 빛난 하나은행 베테랑 고아라,스포츠,12,2019,08,30,16:16,1,0,0,0,0,0,0,0,0,0,1,http://sports.news.naver.com/basketball/news/read.nhn?oid=079&aid=0003264979
고아라,"KEB하나 결승행 이끈 고아라 ""초반 고전 결승전에 좋은 약""",스포츠,12,2019,08,30,16:03,4,1,0,0,1,0,0,0,0,0,2,http://sports.news.naver.com/basketball/news/read.nhn?oid=468&aid=0000555975
고아라,"KEB 결승진출 에이스 고아라 ""비시즌 공격강화, 준비하고 있다""",스포츠,12,2019,08,30,16:08,3,0,0,0,0,0,0,0,0,0,3,http://sports.news.naver.com/basketball/news/read.nhn?oid=076&aid=0003462379
고아라,"박신자컵 MVP 고아라 ""4쿼터 막판 자유투, 제발 넣게 해달라고 기도""",스포츠,12,2019,08,31,16:37,5,1,0,0,0,0,0,0,0,0,4,http://sports.news.naver.com/basketball/news/read.nhn?oid=477&aid=0000204947
고아라,[★현장] KEB하나 연장 준비했다! 고아라 자유투 3개 던지려던 그 때,스포츠,12,2019,08,31,17:32,12,6,0,0,3,0,0,0,0,0,3,http://sports.news.naver.com/basketball/news/read.nhn?oid=108&aid=0002807463
고아라,"KEB하나은행, 여자프로농구 박신자컵 2년 연속 우승…MVP 고아라",스포츠,12,2019,08,31,17:22,2,1,0,0,1,0,0,0,0,0,0,http://sports.news.naver.com/basketball/news/read.nhn?oid=001&aid=0011052201
고아라,"KEB하나은행, 신생팀 BNK 꺾고 박신자컵 2연패…MVP 고아라",스포츠,12,2019,08,31,16:23,2,0,0,0,1,0,0,0,0,0,1,http://sports.news.naver.com/basketball/news/read.nhn?oid=003&aid=0009428767
고아라,"[19 박신자컵] 홀로 북치고 장구친 'MVP' 고아라 ""팀원들 덕분에 받아""",스포츠,12,2019,08,31,17:10,3,1,0,0,1,0,0,0,0,0,1,http://sports.news.naver.com/basketball/news/read.nhn?oid=351&aid=0000042834
고아라,"박신자컵 MVP 고아라 ""동료들과 함께한 우승이라 더 기쁘다""",스포츠,12,2019,08,31,17:09,3,1,0,0,0,0,0,0,0,0,2,http://sports.news.naver.com/basketball/news/read.nhn?oid=472&aid=0000017833
고아라,"[19박신자컵] '집중력의 승리' KEB하나, BNK 꺾고 대회 2연패...MVP 고아라",스포츠,12,2019,08,31,16:17,13,8,0,0,2,0,0,0,0,0,3,http://sports.news.naver.com/basketball/news/read.nhn?oid=065&aid=0000187489
고아라,"KEB하나은행, BNK와 2차 연장 혈투 끝에 89:87 승리로 박신자컵 2연패...MVP 고아라",스포츠,12,2019,08,31,16:36,6,5,0,1,0,0,0,0,0,0,0,http://sports.news.naver.com/basketball/news/read.nhn?oid=472&aid=0000017832
고아라,"[박신자컵] 하나은행, 2차 연장 혈투 끝 백투백 챔피언 등극",스포츠,12,2019,08,31,16:18,3,1,0,0,1,0,0,0,0,0,1,http://sports.news.naver.com/basketball/news/read.nhn?oid=398&aid=0000027990
고아라,"[19 박신자컵] '디펜딩 챔피언' 하나은행, 2차 연장 끝에 BNK 꺾고 2연패 달성",스포츠,12,2019,08,31,16:50,2,1,0,0,0,0,0,0,0,0,1,http://sports.news.naver.com/basketball/news/read.nhn?oid=351&aid=0000042833
고아라,[19박신자컵] 꾸준했던 베테랑 고아라 “고비 올 줄 알아...타이트한 수비가 역전의 비결”,스포츠,12,2019,08,30,16:19,8,3,0,0,3,0,0,0,0,0,2,http://sports.news.naver.com/basketball/news/read.nhn?oid=065&aid=0000187418
고아라,[박신자컵] '23점 대폭발' 고아라가 밝힌 '19점 대역전승' 비결,스포츠,12,2019,08,30,16:10,1,0,0,0,0,0,0,0,0,0,1,http://sports.news.naver.com/basketball/news/read.nhn?oid=398&aid=0000027927
고아라,"[19 박신자컵] '노련함의 차이' 하나은행, 우리은행에 역전승 거두고 결승 선착",스포츠,12,2019,08,30,15:54,3,0,0,0,0,0,0,0,0,0,3,http://sports.news.naver.com/basketball/news/read.nhn?oid=351&aid=0000042819
고아라,"""김희선 선배님과 함께""…고아라, 미모 가득 투샷 [★해시태그]",연예,13,2019,09,07,21:05,42,41,0,1,0,0,0,0,0,0,0,https://news.naver.com/main/read.nhn?mode=LSD&mid=sec&sid1=106&oid=311&aid=0001043263
고아라,"""바자회 잘 마쳤습니다""..고아라, 세상 혼자 사는 미모 [★SHOT!]",연예,13,2019,09,07,20:40,44,44,0,0,0,0,0,0,0,0,0,https://news.naver.com/main/read.nhn?mode=LSD&mid=sec&sid1=106&oid=109&aid=0004082238
고아라,"고아라, 친절한 아라씨~[포토엔HD]",연예,13,2019,09,07,15:59,6,6,0,0,0,0,0,0,0,0,0,https://news.naver.com/main/read.nhn?mode=LSD&mid=sec&sid1=106&oid=609&aid=0000167824
고아라,"고아라, 반짝반짝 빛나는 인형미모~[포토엔HD]",연예,13,2019,09,07,15:56,258,255,0,3,0,0,0,0,0,0,0,https://news.naver.com/main/read.nhn?mode=LSD&mid=sec&sid1=106&oid=609&aid=0000167820
고아라,"고아라, 북적이는 바자회에 뿌듯한 미소~[포토엔HD]",연예,13,2019,09,07,15:33,6,6,0,0,0,0,0,0,0,0,0,https://news.naver.com/main/read.nhn?mode=LSD&mid=sec&sid1=106&oid=609&aid=0000167807
고아라,"고아라, 하정우 선배님 애장품 앞에서 하트포즈~[포토엔HD]",연예,13,2019,09,07,15:52,3,3,0,0,0,0,0,0,0,0,0,https://news.naver.com/main/read.nhn?mode=LSD&mid=sec&sid1=106&oid=609&aid=0000167819
고아라,"고아라, 선선한 바람에 전한 근황 “좋은 하루 보내세요”",연예,13,2019,09,03,16:23,9,9,0,0,0,0,0,0,0,0,0,https://news.naver.com/main/read.nhn?mode=LSD&mid=sec&sid1=106&oid=213&aid=0001128774
고아라,"차오루X김희선X고아라, 중앙대 연영과 미녀들의 훈훈한 만남",연예,13,2019,09,07,15:06,12,12,0,0,0,0,0,0,0,0,0,https://news.naver.com/main/read.nhn?mode=LSD&mid=sec&sid1=106&oid=241&aid=0002955778
고아라,"""차오르는 비주얼""…차오루, 김희선X고아라와 함께한 중앙대 바자회",연예,13,2019,09,07,14:21,5,5,0,0,0,0,0,0,0,0,0,https://news.naver.com/main/read.nhn?mode=LSD&mid=sec&sid1=106&oid=112&aid=0003209748
고아라,"""학교 왔어요""..김희선X고아라X차오루, 중앙대 미녀 삼총사 [★SHOT!]",연예,13,2019,09,07,13:33,18,18,0,0,0,0,0,0,0,0,0,https://news.naver.com/main/read.nhn?mode=LSD&mid=sec&sid1=106&oid=109&aid=0004082091
고아라,"고아라, 미모의 부회장님~[포토엔HD]",연예,13,2019,09,07,15:27,4,4,0,0,0,0,0,0,0,0,0,https://news.naver.com/main/read.nhn?mode=LSD&mid=sec&sid1=106&oid=609&aid=0000167805
고아라,"고아라, 흰 티만 걸쳐도 미녀~[포토엔HD]",연예,13,2019,09,07,15:56,3,3,0,0,0,0,0,0,0,0,0,https://news.naver.com/main/read.nhn?mode=LSD&mid=sec&sid1=106&oid=609&aid=0000167821
고아라,"고아라, 좋은일 함께 해요~[포토엔HD]",연예,13,2019,09,07,16:06,66,66,0,0,0,0,0,0,0,0,0,https://news.naver.com/main/read.nhn?mode=LSD&mid=sec&sid1=106&oid=609&aid=0000167832
고아라,"고아라, 팬레터 받고 함박웃음 만발~[포토엔HD]",연예,13,2019,09,07,15:57,42,42,0,0,0,0,0,0,0,0,0,https://news.naver.com/main/read.nhn?mode=LSD&mid=sec&sid1=106&oid=609&aid=0000167823
고아라,"""그윽한 갈색 눈빛""..고아라, 인형이 따로없네…이렇게 예쁘면 반칙",연예,13,2019,09,03,14:38,23,23,0,0,0,0,0,0,0,0,0,https://news.naver.com/main/read.nhn?mode=LSD&mid=sec&sid1=106&oid=112&aid=0003208013
고아라,"고아라, 갈수록 물오르는 인형 비주얼 '예쁨 가득' [★해시태그]",연예,13,2019,09,03,16:08,18,18,0,0,0,0,0,0,0,0,0,https://news.naver.com/main/read.nhn?mode=LSD&mid=sec&sid1=106&oid=311&aid=0001041276
고아라,"고아라, 이 청순美 실화야? 몰라보게 더 예뻐진 근황[SNS★컷]",연예,13,2019,09,03,14:43,5,5,0,0,0,0,0,0,0,0,0,https://news.naver.com/main/read.nhn?mode=LSD&mid=sec&sid1=106&oid=609&aid=0000165098
고아라,"고아라X김희선, 흰티+청바지만 입어도 빛나는 투샷",연예,14,2019,09,08,8:14,9,9,0,0,0,0,0,0,0,0,0,https://news.naver.com/main/read.nhn?mode=LSD&mid=sec&sid1=106&oid=241&aid=0002955861
고아라,"고아라, 대충 찍어도... 신비로운 갈색 눈동자",연예,14,2019,09,09,23:42,34,33,0,1,0,0,0,0,0,0,0,https://news.naver.com/main/read.nhn?mode=LSD&mid=sec&sid1=106&oid=213&aid=0001129945
고아라,"고아라, 발목 인대파열 회복 후 건강 되찾은 근황[SNS★컷]",연예,14,2019,09,10,9:01,3,3,0,0,0,0,0,0,0,0,0,https://news.naver.com/main/read.nhn?mode=LSD&mid=sec&sid1=106&oid=609&aid=0000168904
고아라,"김희선 손현주 고아라, 중앙대 연영과 바자회 인증샷 ‘끈끈 우정’[SNS★컷]",연예,14,2019,09,08,14:08,21,21,0,0,0,0,0,0,0,0,0,https://news.naver.com/main/read.nhn?mode=LSD&mid=sec&sid1=106&oid=609&aid=0000168116
고아라,정우성·이정재·고아라·배성우…재치 만점 추석 인사,연예,14,2019,09,12,9:38,4,4,0,0,0,0,0,0,0,0,0,https://news.naver.com/main/read.nhn?mode=LSD&mid=sec&sid1=106&oid=009&aid=0004426641
고아라,정우성 부터 이정재까지 아티스트컴퍼니 ★들의 특별한 추석인사,연예,14,2019,09,12,9:24,1,1,0,0,0,0,0,0,0,0,0,https://news.naver.com/main/read.nhn?mode=LSD&mid=sec&sid1=106&oid=468&aid=0000561218
고아라,"김희선X고아라, 바자회서 뽐낸 미모…마음도 예쁜 두 미녀",연예,14,2019,09,08,16:06,17,17,0,0,0,0,0,0,0,0,0,https://news.naver.com/main/read.nhn?mode=LSD&mid=sec&sid1=106&oid=213&aid=0001129715
고아라,"김희선X고아라, 바자회서 투샷 '감탄나오는 미모'",연예,14,2019,09,08,16:32,25,25,0,0,0,0,0,0,0,0,0,https://news.naver.com/main/read.nhn?mode=LSD&mid=sec&sid1=106&oid=076&aid=0003466016
고아라,"고아라, 빨려드는 매력적 눈빛...트레이드마크 갈색 눈이 반짝반짝",연예,14,2019,09,09,16:53,18,18,0,0,0,0,0,0,0,0,0,https://news.naver.com/main/read.nhn?mode=LSD&mid=sec&sid1=106&oid=112&aid=0003210390
고아라,"""정우성까지"" 아티스트컴퍼니 배우들, 재치X센스 가득 추석 인사",연예,14,2019,09,13,15:25,1,1,0,0,0,0,0,0,0,0,0,https://news.naver.com/main/read.nhn?mode=LSD&mid=sec&sid1=106&oid=468&aid=0000561409
고아라,"정우성→염정아, 재치 가득 추석 인사 ""추억 쌓는 한가위""",연예,14,2019,09,13,11:01,1,1,0,0,0,0,0,0,0,0,0,https://news.naver.com/main/read.nhn?mode=LSD&mid=sec&sid1=106&oid=421&aid=0004194791
고아라,"정우성부터 염정아까지, 추석맞이 각양각색 ‘N행시’ 추석 인사...재치X센스 가득",연예,14,2019,09,13,2:06,1,1,0,0,0,0,0,0,0,0,0,https://news.naver.com/main/read.nhn?mode=LSD&mid=sec&sid1=106&oid=011&aid=0003618164
고아라,"""43살 맞아?"" 김희선, 여전한 방부제 미모 공개",연예,14,2019,09,08,16:55,546,534,0,12,0,0,0,0,0,0,0,https://news.naver.com/main/read.nhn?mode=LSD&mid=sec&sid1=106&oid=052&aid=0001340340
고아라,"2019 미스맥심 12강 고아라, 핑크빛 비키니가 너무 아찔해",,15,2019,09,19,16:14,3,3,0,0,0,0,0,0,0,0,0,https://news.naver.com/main/read.nhn?mode=LSD&mid=sec&oid=468&aid=0000564399
고아라,“성우는 배우보다 다양한 삶 살아 … 상상의 나래 펴기 좋아요”,생활,15,2019,09,17,21:17,5,3,0,0,0,2,0,0,0,0,0,https://news.naver.com/main/read.nhn?mode=LSD&mid=sec&sid1=103&oid=022&aid=0003398043
고아라,"'애플힙' 2019 미스맥심 고아라, 12강을 뜷고 최종전까지 가즈아~[포토]",연예,15,2019,09,19,16:45,3,3,0,0,0,0,0,0,0,0,0,https://news.naver.com/main/read.nhn?mode=LSD&mid=sec&sid1=106&oid=468&aid=0000564426
고아라,"고아라, 옥림이 때랑 똑같네‥질투 부르는 미모",연예,16,2019,09,25,22:32,15,15,0,0,0,0,0,0,0,0,0,https://news.naver.com/main/read.nhn?mode=LSD&mid=sec&sid1=106&oid=112&aid=0003216044
고아라,"고아라, 커다란 눈망울 쏟아지겠네…인형의 청순셀카",연예,16,2019,09,22,9:27,10,10,0,0,0,0,0,0,0,0,0,https://news.naver.com/main/read.nhn?mode=LSD&mid=sec&sid1=106&oid=112&aid=0003214592
고아라,"""포지션 구애 NO...유기적인 농구"" 하나은행 이훈재 감독의 출사표",스포츠,16,2019,09,28,13:30,12,9,0,0,1,1,0,0,0,0,1,http://sports.news.naver.com/basketball/news/read.nhn?oid=398&aid=0000028370
고아라,"""운동 끝""...고아라, 늘씬한 극세사 각선미 공개 [★해시태그]",연예,17,2019,10,01,17:46,1,1,0,0,0,0,0,0,0,0,0,https://news.naver.com/main/read.nhn?mode=LSD&mid=sec&sid1=106&oid=311&aid=0001053523
고아라,"`응답하라 1994`,실검 장악…미스캐스팅 불사 시킨 고아라 재평가",연예,17,2019,10,03,16:42,54,52,0,2,0,0,0,0,0,0,0,https://news.naver.com/main/read.nhn?mode=LSD&mid=sec&sid1=106&oid=410&aid=0000629456
고아라,"고아라, 운동 후 가녀린 자태 “청순”",연예,17,2019,09,30,23:55,10,10,0,0,0,0,0,0,0,0,0,https://news.naver.com/main/read.nhn?mode=LSD&mid=sec&sid1=106&oid=213&aid=0001133199
고아라,"고아라 근황, 필라테스 운동 후 ""여러분, 오늘 밤도 잘 자요♥""",연예,17,2019,10,01,14:08,5,5,0,0,0,0,0,0,0,0,0,https://news.naver.com/main/read.nhn?mode=LSD&mid=sec&sid1=106&oid=082&aid=0000945613
고아라,"고아라, 감탄사 부르는 극세사 각선미 ‘여전한 인형미모’[SNS★컷]",연예,17,2019,10,01,24:11,4,4,0,0,0,0,0,0,0,0,0,https://news.naver.com/main/read.nhn?mode=LSD&mid=sec&sid1=106&oid=609&aid=0000180212
고아라,"숨막히는 매력의 고아라, 2019년 미스맥심 타이틀을 향해~~[포토]",,17,2019,10,01,14:24,1,0,0,0,0,1,0,0,0,0,0,https://news.naver.com/main/read.nhn?mode=LSD&mid=sec&oid=468&aid=0000570063
고아라,"화이트 란제리로 섹시함을 뽐낸 고아라, 2019 미스맥심 6강전에 진출해",,17,2019,10,01,9:00,1,1,0,0,0,0,0,0,0,0,0,https://news.naver.com/main/read.nhn?mode=LSD&mid=sec&sid1=004&oid=468&aid=0000569828
고아라,"화려한 미모 장혜선, 미스맥심 6강에 이어 3강도 가즈아![포토]",,18,2019,10,12,8:31,1,1,0,0,0,0,0,0,0,0,0,https://news.naver.com/main/read.nhn?mode=LSD&mid=sec&oid=468&aid=0000575234
고아라,"미스맥심 6강전에 진출한 37만 팔로워의 장혜선, 나의 숨겨진 매력포인트는 골반!",,18,2019,10,12,8:27,1,0,1,0,0,0,0,0,0,0,0,https://news.naver.com/main/read.nhn?mode=LSD&mid=sec&oid=468&aid=0000575231
고아라,"'강이슬 30점+고아라 쐐기 3점포' KEB하나, BNK썸 상대 시즌 개막전 승리",스포츠,19,2019,10,19,18:51,2,0,0,0,0,0,0,0,0,0,2,http://sports.news.naver.com/basketball/news/read.nhn?oid=109&aid=0004104868
고아라,"책임감 느낀 고아라 ""리더가 무엇인지 생각했다""",스포츠,19,2019,10,19,20:24,8,4,0,0,2,0,0,0,0,0,2,http://sports.news.naver.com/basketball/news/read.nhn?oid=351&aid=0000043598
고아라,"'쐐기 3점포' 고아라 ""이제 30경기 중 1경기 했을 뿐이다"" [★인터뷰]",스포츠,19,2019,10,19,19:44,2,0,0,0,1,0,0,0,0,0,1,http://sports.news.naver.com/basketball/news/read.nhn?oid=108&aid=0002817920
고아라,"외곽 불 뿜은 KEB하나은행, 여자농구 개막전 승리 장식",스포츠,19,2019,10,19,18:51,2,1,0,0,0,1,0,0,0,0,0,http://sports.news.naver.com/basketball/news/read.nhn?oid=001&aid=0011154391
고아라,"[★현장리뷰] '강이슬 30점 대폭발' KEB하나, BNK 잡고 개막전 승리",스포츠,19,2019,10,19,18:47,3,2,0,0,1,0,0,0,0,0,0,http://sports.news.naver.com/basketball/news/read.nhn?oid=108&aid=0002817912
고아라,고아라 `청순미 뿜뿜` [MK포토],연예,20,2019,10,25,18:45,44,44,0,0,0,0,0,0,0,0,0,https://news.naver.com/main/read.nhn?mode=LSD&mid=sec&sid1=106&oid=410&aid=0000637353
고아라,"고아라, 가을 여신",연예,20,2019,10,25,20:46,3,3,0,0,0,0,0,0,0,0,0,https://news.naver.com/main/read.nhn?mode=LSD&mid=sec&sid1=106&oid=001&aid=0011169761
고아라,"눈부신 아름다움, 고아라",연예,20,2019,10,25,19:59,1,1,0,0,0,0,0,0,0,0,0,https://news.naver.com/main/read.nhn?mode=LSD&mid=sec&sid1=106&oid=005&aid=0001252814
고아라,"[포토] 고아라, '청순 비주얼'",연예,20,2019,10,25,19:32,1,1,0,0,0,0,0,0,0,0,0,https://news.naver.com/main/read.nhn?mode=LSD&mid=sec&sid1=106&oid=076&aid=0003487076
고아라,[포토] 고아라 '가을 분위기 물씬',연예,20,2019,10,25,20:28,1,1,0,0,0,0,0,0,0,0,0,https://news.naver.com/main/read.nhn?mode=LSD&mid=sec&sid1=106&oid=241&aid=0002972952
고아라,[T포토] 고아라 '자연스러운 미모',연예,20,2019,10,25,19:49,2,2,0,0,0,0,0,0,0,0,0,https://news.naver.com/main/read.nhn?mode=LSD&mid=sec&sid1=106&oid=213&aid=0001137679
고아라,[MD포토] 고아라 '은은한 아름다움',연예,20,2019,10,25,19:50,2,2,0,0,0,0,0,0,0,0,0,https://news.naver.com/main/read.nhn?mode=LSD&mid=sec&sid1=106&oid=117&aid=0003292394
고아라,고아라 `청순 교과서` [MK포토],연예,20,2019,10,25,19:45,4,4,0,0,0,0,0,0,0,0,0,https://news.naver.com/main/read.nhn?mode=LSD&mid=sec&sid1=106&oid=410&aid=0000637436
고아라,고아라 `사랑스러운 청순미` [MK포토],연예,20,2019,10,25,19:45,6,5,0,1,0,0,0,0,0,0,0,https://news.naver.com/main/read.nhn?mode=LSD&mid=sec&sid1=106&oid=410&aid=0000637435
고아라,고아라 `향기있는 가을 여인` [MK포토],연예,20,2019,10,25,18:46,172,169,0,3,0,0,0,0,0,0,0,https://news.naver.com/main/read.nhn?mode=LSD&mid=sec&sid1=106&oid=410&aid=0000637355
고아라,"고아라, 가을 여신",연예,20,2019,10,25,18:46,3,3,0,0,0,0,0,0,0,0,0,https://news.naver.com/main/read.nhn?mode=LSD&mid=sec&sid1=106&oid=421&aid=0004270222
고아라,[포토] 고아라 '브라운 여신',연예,20,2019,10,25,20:30,2,2,0,0,0,0,0,0,0,0,0,https://news.naver.com/main/read.nhn?mode=LSD&mid=sec&sid1=106&oid=241&aid=0002972953
고아라,"[사진]고아라,'눈부신 아름다움'",연예,20,2019,10,25,18:55,1,1,0,0,0,0,0,0,0,0,0,https://news.naver.com/main/read.nhn?mode=LSD&mid=sec&sid1=106&oid=109&aid=0004108672
고아라,"[포토]고아라, 인형비주얼",연예,20,2019,10,25,18:44,1,1,0,0,0,0,0,0,0,0,0,https://news.naver.com/main/read.nhn?mode=LSD&mid=sec&sid1=106&oid=112&aid=0003227536
고아라,"강이슬·고아라 쌍포…하나은행, 2연패 끊고 승률 5할",스포츠,21,2019,11,02,19:17,1,0,0,0,0,0,0,0,0,0,1,http://sports.news.naver.com/basketball/news/read.nhn?oid=001&aid=0011185572
고아라,"'강이슬·고아라 45점 합작' 하나은행, 연패 탈출",스포츠,21,2019,11,02,19:03,3,1,0,0,1,0,0,0,0,0,1,http://sports.news.naver.com/basketball/news/read.nhn?oid=003&aid=0009537860
고아라,"강이슬-고아라 폭발한 KEB하나, 삼성생명 추격 따돌리고 연패 탈출",스포츠,21,2019,11,02,18:55,20,7,0,0,10,0,0,0,0,0,3,http://sports.news.naver.com/basketball/news/read.nhn?oid=065&aid=0000191591
고아라,"[BK Review] '강이슬, 고아라 45점 합작' 하나은행, 접전 끝에 삼성생명 꺾어",스포츠,21,2019,11,02,18:57,1,0,0,0,0,0,0,0,0,0,1,http://sports.news.naver.com/basketball/news/read.nhn?oid=351&aid=0000043963
고아라,[포토] 버저비터 성공의 기쁨을 나누는 고아라와 강이슬,스포츠,21,2019,11,02,18:07,1,1,0,0,0,0,0,0,0,0,0,http://sports.news.naver.com/basketball/news/read.nhn?oid=398&aid=0000029509
고아라,"고아라X황보라, 세상 예쁜 두 여배우들..이러니 안 반할 수가",연예,21,2019,11,01,12:04,23,23,0,0,0,0,0,0,0,0,0,https://news.naver.com/main/read.nhn?mode=LSD&mid=sec&sid1=106&oid=112&aid=0003229931
고아라,[포토] 고아라 '용인만 오면 농구가 잘되네',스포츠,21,2019,11,02,18:38,1,0,0,0,0,0,0,0,0,0,1,http://sports.news.naver.com/basketball/news/read.nhn?oid=398&aid=0000029519
고아라,"강이슬·고아라 쌍포…하나은행, 2연패 끊고 승률 5할",스포츠,21,2019,11,02,22:11,9,5,0,0,0,0,0,0,0,0,4,http://sports.news.naver.com/basketball/news/read.nhn?oid=055&aid=0000769548
고아라,"'강이슬-고아라 45점 합작' 하나은행, 삼성생명 꺾고 연패 탈출",스포츠,21,2019,11,02,18:57,2,1,0,0,1,0,0,0,0,0,0,http://sports.news.naver.com/basketball/news/read.nhn?oid=398&aid=0000029521
고아라,"""사랑스러운 윙크""..고아라, 역시 청순 미모甲",연예,22,2019,11,08,22:32,5,5,0,0,0,0,0,0,0,0,0,https://news.naver.com/main/read.nhn?mode=LSD&mid=sec&sid1=106&oid=112&aid=0003233189
고아라,올해 장애인문화예술대상 발레리나 고아라 등 6명 선정,생활,22,2019,11,04,15:07,3,3,0,0,0,0,0,0,0,0,0,https://news.naver.com/main/read.nhn?mode=LSD&mid=sec&sid1=103&oid=056&aid=0010760146
고아라,"청각장애 발레리나 고아라, 장애인문화예술대상 수상",생활,22,2019,11,04,9:09,3,2,1,0,0,0,0,0,0,0,0,https://news.naver.com/main/read.nhn?mode=LSD&mid=sec&sid1=103&oid=014&aid=0004320972
고아라,"청각장애 발레리나 고아라, 장애인문화예술대상 대통령표창",생활,22,2019,11,04,11:04,2,2,0,0,0,0,0,0,0,0,0,https://news.naver.com/main/read.nhn?mode=LSD&mid=sec&sid1=103&oid=003&aid=0009539416
고아라,"이성한 감독 ""도와줄 누군가가 있을 거라는 희망 주고 싶었죠""",생활,23,2019,11,12,13:55,1,1,0,0,0,0,0,0,0,0,0,https://news.naver.com/main/read.nhn?mode=LSD&mid=sec&sid1=103&oid=001&aid=0011206422
고아라,"""일상이야 청순만화야?""..고아라, 예쁨이 끝판왕",연예,24,2019,11,23,8:32,11,10,0,1,0,0,0,0,0,0,0,https://news.naver.com/main/read.nhn?mode=LSD&mid=sec&sid1=106&oid=112&aid=0003238805
고아라,"고아라, 상큼한 미소로 전한 근황 ""감기 조심하세요""",연예,24,2019,11,21,17:09,25,23,0,2,0,0,0,0,0,0,0,https://news.naver.com/main/read.nhn?mode=LSD&mid=sec&sid1=106&oid=241&aid=0002981784
고아라,"고아라, '반올림' 그 미모 그대로..세월 거스르는 뱀파이어 비주얼",연예,24,2019,11,20,23:12,7,6,0,1,0,0,0,0,0,0,0,https://news.naver.com/main/read.nhn?mode=LSD&mid=sec&sid1=106&oid=112&aid=0003237810
고아라,“농구 잘 한다는 얘기 듣고파” 득점 커리어하이 달리는 고아라의 외침,스포츠,24,2019,11,17,09:28,7,4,0,0,2,0,0,0,0,0,1,http://sports.news.naver.com/basketball/news/read.nhn?oid=065&aid=0000192497
고아라,"고아라, 한파 잊게 하는 ‘겨울 여신’",연예,24,2019,11,21,15:21,16,16,0,0,0,0,0,0,0,0,0,https://news.naver.com/main/read.nhn?mode=LSD&mid=sec&sid1=106&oid=009&aid=0004468143
고아라,"고아라, 방부제 미모 셀카..'10대라고 해도 믿겠어'",연예,24,2019,11,21,24:00,17,16,0,1,0,0,0,0,0,0,0,https://news.naver.com/main/read.nhn?mode=LSD&mid=sec&sid1=106&oid=108&aid=0002825126
고아라,"고아라, 여전히 상큼발랄한 미모…""감기 조심하세요"" [★해시태그]",연예,24,2019,11,21,10:21,4,4,0,0,0,0,0,0,0,0,0,https://news.naver.com/main/read.nhn?mode=LSD&mid=sec&sid1=106&oid=311&aid=0001077666
고아라,"고아라, 시선 싹쓸이하는 갈색 눈동자…오늘도 예쁘다",연예,24,2019,11,21,9:28,2,2,0,0,0,0,0,0,0,0,0,https://news.naver.com/main/read.nhn?mode=LSD&mid=sec&sid1=106&oid=112&aid=0003237924
고아라,"미스맥심 고아라, 24인치 허리라인과 36인치 골반라인이 매력포인트!",,24,2019,11,19,15:07,1,1,0,0,0,0,0,0,0,0,0,https://news.naver.com/main/read.nhn?mode=LSD&mid=sec&oid=468&aid=0000594002
고아라,"마이샤의 공격, 고아라의 수비…패배에 빛바랜 KEB하나의 고군분투",스포츠,25,2019,11,28,21:59,4,4,0,0,0,0,0,0,0,0,0,http://sports.news.naver.com/basketball/news/read.nhn?oid=065&aid=0000193249
고아라,"[BK Review] '비키바흐 골밑 장악' 신한은행, 하나은행 잡고 시즌 첫 연승",스포츠,26,2019,12,07,18:49,10,8,0,0,0,0,0,0,0,0,2,http://sports.news.naver.com/basketball/news/read.nhn?oid=351&aid=0000044612
고아라,'섹션' 티아라 소연부터 이연희·고아라..소녀시대 될뻔한 스타,연예,26,2019,12,06,12:01,9,9,0,0,0,0,0,0,0,0,0,https://news.naver.com/main/read.nhn?mode=LSD&mid=sec&sid1=106&oid=108&aid=0002828344
고아라,"[내 맘대로 프리뷰] KEB하나은행-삼성생명, 두 팀의 공통 분모는?",스포츠,26,2019,12,04,06:05,4,4,0,0,0,0,0,0,0,0,0,http://sports.news.naver.com/basketball/news/read.nhn?oid=351&aid=0000044541
고아라,"4Q 배혜윤 공략 성공한 KEB하나은행, 삼성생명 꺾고 연패 탈출",스포츠,26,2019,12,04,20:53,1,1,0,0,0,0,0,0,0,0,0,http://sports.news.naver.com/basketball/news/read.nhn?oid=468&aid=0000600470
고아라,"한엄지 더블더블…여자농구 신한은행, 하나은행 꺾고 단독 3위",스포츠,26,2019,12,07,19:05,1,1,0,0,0,0,0,0,0,0,0,http://sports.news.naver.com/basketball/news/read.nhn?oid=001&aid=0011261595
고아라,"‘한채진 결승득점’ 신한은행 접전 끝에 KEB하나은행 제압, 2연승 달성",스포츠,26,2019,12,07,19:03,13,11,0,0,0,0,0,0,0,0,2,http://sports.news.naver.com/basketball/news/read.nhn?oid=065&aid=0000193592
고아라,"'한엄지 더블더블' 신한은행, 하나은행 꺾고 2연승",스포츠,26,2019,12,07,19:02,1,1,0,0,0,0,0,0,0,0,0,http://sports.news.naver.com/basketball/news/read.nhn?oid=421&aid=0004346008
고아라,"[BK Review] '마이샤 더블더블' 하나은행, 삼성생명 꺾고 3연패 탈출",스포츠,26,2019,12,04,20:50,3,0,0,0,1,0,0,0,0,0,2,http://sports.news.naver.com/basketball/news/read.nhn?oid=351&aid=0000044546
고아라,"'마이샤 21P 18R' KEB하나은행, 삼성생명 꺾고 3연패 탈출",스포츠,26,2019,12,04,20:54,4,3,0,0,1,0,0,0,0,0,0,http://sports.news.naver.com/basketball/news/read.nhn?oid=065&aid=0000193460
고아라,"[포토]미스맥심 고아라-엄상미, 누가 더 예뻐요?!",,28,2019,12,18,9:03,1,1,0,0,0,0,0,0,0,0,0,https://news.naver.com/main/read.nhn?mode=LSD&mid=sec&sid1=004&oid=029&aid=0002575246
고아라,이은성 누구? 고아라 친구→서태지 아내…16세 차이도 극복,연예,28,2019,12,19,12:01,7,7,0,0,0,0,0,0,0,0,0,https://news.naver.com/main/read.nhn?mode=LSD&mid=sec&sid1=106&oid=629&aid=0000007174
고아라,[포토]미스맥심 엄상미 `제가 더 사랑합니다`,,28,2019,12,18,9:04,2,2,0,0,0,0,0,0,0,0,0,https://news.naver.com/main/read.nhn?mode=LSD&mid=sec&sid1=004&oid=029&aid=0002575255
고아라,"[포토]미스맥심 김나정, 깜찍한 V",,28,2019,12,18,9:00,7,2,1,1,3,0,0,0,0,0,0,https://news.naver.com/main/read.nhn?mode=LSD&mid=sec&sid1=004&oid=029&aid=0002575230
고아라,"[포토]미스맥심 꾸뿌 `쇼케이스, 너무 즐거워요`",,28,2019,12,18,9:03,1,1,0,0,0,0,0,0,0,0,0,https://news.naver.com/main/read.nhn?mode=LSD&mid=sec&sid1=004&oid=029&aid=0002575242
고아라,"이은성, ♥서태지 아내→‘반올림’ 고아라 절친 아역 출신",연예,28,2019,12,18,15:22,3,2,0,1,0,0,0,0,0,0,0,https://news.naver.com/main/read.nhn?mode=LSD&mid=sec&sid1=106&oid=382&aid=0000784498
고아라,"[기록] '빛을 보기 시작한 꾸준함' 고아라, 역대 27호 정규리그 400경기 출장",스포츠,29,2019,12,27,19:00,7,1,0,0,5,0,0,0,0,0,1,http://sports.news.naver.com/basketball/news/read.nhn?oid=065&aid=0000194594
고아라,[포토] 고아라 '채은이랑 정말 닮았다',스포츠,29,2019,12,27,21:34,1,1,0,0,0,0,0,0,0,0,0,http://sports.news.naver.com/basketball/news/read.nhn?oid=398&aid=0000031729
고아라,"[사진]고아라,'속공 이어 레이업슛까지'",스포츠,30,2020,01,02,20:02,1,0,0,0,0,0,0,0,0,0,1,http://sports.news.naver.com/basketball/news/read.nhn?oid=109&aid=0004144197
고아라,[현장분위기] 강이슬‧고아라의 깜짝 역조공 “다음엔 더 크게 준비해드릴게요!”,스포츠,30,2020,01,02,19:12,6,4,0,0,0,0,0,0,0,0,2,http://sports.news.naver.com/basketball/news/read.nhn?oid=065&aid=0000194926
고아라,'강이슬-고아라가 쏜다' 역조공 커피에 담긴 팬사랑,스포츠,30,2020,01,02,19:24,35,31,0,0,0,0,0,0,0,0,4,http://sports.news.naver.com/basketball/news/read.nhn?oid=398&aid=0000032001
고아라,"[BK Review] '고아라-강이슬 원투펀치' 하나은행, BNK에 4Q 역전극… 단독 3위 도약",스포츠,31,2020,01,08,20:50,4,2,0,0,1,0,0,0,0,0,1,http://sports.news.naver.com/basketball/news/read.nhn?oid=351&aid=0000045357
고아라,"[★현장리뷰] '4Q 연속 17점 대역전극' 하나은행, BNK 상대 전승 행진! 3위 등극",스포츠,31,2020,01,08,20:48,36,18,0,2,10,1,0,0,0,0,5,http://sports.news.naver.com/basketball/news/read.nhn?oid=108&aid=0002835156
고아라,KEB하나 '4쿼터 맹폭'…BNK 꺾고 단독 3위 점프,스포츠,31,2020,01,08,21:25,3,2,0,0,0,0,0,0,0,0,1,http://sports.news.naver.com/basketball/news/read.nhn?oid=421&aid=0004399196
고아라,"‘주전 4명 두 자리수 득점’ KEB, BNK잡고 단독 3위 올라",스포츠,31,2020,01,08,20:51,6,2,0,0,0,0,0,0,0,0,4,http://sports.news.naver.com/basketball/news/read.nhn?oid=065&aid=0000195328
고아라,"부천 리포트: 4Q에 무슨 일이, 한 순간에 무너진 BNK",스포츠,31,2020,01,08,20:56,9,6,0,0,1,1,0,0,0,0,1,http://sports.news.naver.com/basketball/news/read.nhn?oid=117&aid=0003321093
고아라,"고아라, 아티스트컴퍼니와 재계약",연예,32,2020,01,15,14:39,9,9,0,0,0,0,0,0,0,0,0,https://news.naver.com/main/read.nhn?mode=LSD&mid=sec&sid1=106&oid=003&aid=0009655536
고아라,"[BK Review] '3P 15개' 외곽 터진 KB스타즈, 홈에서 KEB하나은행 잡고 4연승 질주",스포츠,32,2020,01,18,18:51,10,7,0,0,1,0,0,0,0,0,2,http://sports.news.naver.com/basketball/news/read.nhn?oid=351&aid=0000045570
고아라,"고아라, 아티스트컴퍼니와 재계약 ""깊은 믿음과 신뢰""(공식)",연예,32,2020,01,15,9:14,6,6,0,0,0,0,0,0,0,0,0,https://news.naver.com/main/read.nhn?mode=LSD&mid=sec&sid1=106&oid=052&aid=0001388574
고아라,"고아라, 아티스트컴퍼니와 재계약..""조력자이자 동반자""",연예,32,2020,01,15,8:25,2,2,0,0,0,0,0,0,0,0,0,https://news.naver.com/main/read.nhn?mode=LSD&mid=sec&sid1=106&oid=241&aid=0002997050
고아라,"[공식입장] 고아라, 아티스트 컴퍼니와 재계약",연예,32,2020,01,15,10:02,3,3,0,0,0,0,0,0,0,0,0,https://news.naver.com/main/read.nhn?mode=LSD&mid=sec&sid1=106&oid=015&aid=0004273982
고아라,"고아라 측 ""'슬기로운 의사생활' 특별출연?...방송 통해 확인해달라"" (공식)",연예,33,2020,01,20,14:07,5,5,0,0,0,0,0,0,0,0,0,https://news.naver.com/main/read.nhn?mode=LSD&mid=sec&sid1=106&oid=312&aid=0000431892
고아라,법무부·검찰 인사…검사 신규임용·의원면직 포함,사회,33,2020,01,23,17:02,9,2,1,0,6,0,0,0,0,0,0,https://news.naver.com/main/read.nhn?mode=LSD&mid=sec&sid1=102&oid=088&aid=0000630068
고아라,[만화신간] 어서 와·수화 배우는 만화,생활,33,2020,01,25,11:00,1,1,0,0,0,0,0,0,0,0,0,https://news.naver.com/main/read.nhn?mode=LSD&mid=sec&sid1=103&oid=001&aid=0011356760
고아라,"[바코 인사이드] '유망주들의 산실' 박신자컵의 역사, 코트를 수놓은 신데렐라들",스포츠,33,2020,01,20,20:54,8,7,0,0,1,0,0,0,0,0,0,http://sports.news.naver.com/basketball/news/read.nhn?oid=351&aid=0000045629
고아라,"이다인 ‘‘견미리 딸-이유비 동생 타이틀, 이젠 익숙해”[화보]",연예,33,2020,01,23,15:31,3,3,0,0,0,0,0,0,0,0,0,https://news.naver.com/main/read.nhn?mode=LSD&mid=sec&sid1=106&oid=081&aid=0003060785
고아라,"이다인 “견미리 딸이자 이유비 동생 타이틀, 이젠 익숙” [화보]",연예,33,2020,01,23,15:28,1,1,0,0,0,0,0,0,0,0,0,https://news.naver.com/main/read.nhn?mode=LSD&mid=sec&sid1=106&oid=382&aid=0000793220
고아라,"이다인 ""견미리 딸이자 이유비 동생 타이틀, 익숙하고 부담감 없다""[화보]",연예,33,2020,01,23,14:54,16,16,0,0,0,0,0,0,0,0,0,https://news.naver.com/main/read.nhn?mode=LSD&mid=sec&sid1=106&oid=076&aid=0003523236
고아라,"이다인, ‘‘배우 같은 배우가 되고파, 아직 나 스스로 배우라 말하기 힘들어”",연예,33,2020,01,23,17:31,3,3,0,0,0,0,0,0,0,0,0,https://news.naver.com/main/read.nhn?mode=LSD&mid=sec&sid1=106&oid=015&aid=0004278676
고아라,"고아라 측 ""'슬기로운 의사생활' 특별출연? 방송으로 확인 부탁""",연예,33,2020,01,20,13:56,21,21,0,0,0,0,0,0,0,0,0,https://news.naver.com/main/read.nhn?mode=LSD&mid=sec&sid1=106&oid=052&aid=0001390502
고아라,"고아라, ‘슬기로운 의사생활’ 카메오…‘응사’ 의리 지킨다",연예,33,2020,01,20,14:06,11,11,0,0,0,0,0,0,0,0,0,https://news.naver.com/main/read.nhn?mode=LSD&mid=sec&sid1=106&oid=009&aid=0004503458
고아라,[인사] 법무부,사회,33,2020,01,23,24:05,1,0,0,1,0,0,0,0,0,0,0,https://news.naver.com/main/read.nhn?mode=LSD&mid=sec&sid1=102&oid=001&aid=0011354583
고아라,"정우성·이정재→염정아, 아티스트컴퍼니 ‘설 덕담 릴레이’ 공개",연예,33,2020,01,24,9:45,1,1,0,0,0,0,0,0,0,0,0,https://news.naver.com/main/read.nhn?mode=LSD&mid=sec&sid1=106&oid=144&aid=0000653103
고아라,"정우성·이정재·염정아 ""새해 복 많이 받으세요""…설 덕담 릴레이",연예,33,2020,01,24,10:54,3,3,0,0,0,0,0,0,0,0,0,https://news.naver.com/main/read.nhn?mode=LSD&mid=sec&sid1=106&oid=311&aid=0001103594
고아라,"‘아컴즈’ 이정재·정우성·염정아·박소담, 설 인사를 더 특별하게",연예,33,2020,01,24,9:04,1,1,0,0,0,0,0,0,0,0,0,https://news.naver.com/main/read.nhn?mode=LSD&mid=sec&sid1=106&oid=469&aid=0000460436
고아라,정우성·이정재 덕담 메이트 영상 공개…“진짜 패밀리 같아”,연예,33,2020,01,24,15:39,2,2,0,0,0,0,0,0,0,0,0,https://news.naver.com/main/read.nhn?mode=LSD&mid=sec&sid1=106&oid=057&aid=0001414795
고아라,여자농구 올림픽 예선 국가대표로 심성영·고아라 대체 발탁,스포츠,34,2020,01,28,16:15,1,1,0,0,0,0,0,0,0,0,0,http://sports.news.naver.com/basketball/news/read.nhn?oid=001&aid=0011361237
고아라,"'심성영ㆍ고아라' 합류, 女대표팀 베오그라드에서 올림픽 최종 예선 치른다",스포츠,34,2020,01,29,10:57,9,5,0,0,1,0,0,0,0,0,3,http://sports.news.naver.com/basketball/news/read.nhn?oid=472&aid=0000019016
고아라,"[올림픽최종예선] 두 번째 실전 테스트 마친 女농구대표팀, 깔끔히 2연승",스포츠,34,2020,01,30,17:12,14,11,0,0,2,0,0,0,0,0,1,http://sports.news.naver.com/basketball/news/read.nhn?oid=065&aid=0000196511
고아라,"신지현 윤예빈 부상 낙마, 고아라 심성영 대체 승선",스포츠,34,2020,01,28,15:49,5,1,0,1,3,0,0,0,0,0,0,http://sports.news.naver.com/basketball/news/read.nhn?oid=468&aid=0000619781
고아라,"[올림픽최종예선] 고아라, 심성영 부상 대체로 국가대표 승선",스포츠,34,2020,01,28,14:38,6,2,0,0,4,0,0,0,0,0,0,http://sports.news.naver.com/basketball/news/read.nhn?oid=065&aid=0000196448
고아라,"심성영·고아라, 이문규호 승선…신지현·윤예빈 부상으로 하차",스포츠,34,2020,01,28,15:55,9,3,0,0,5,0,0,0,0,0,1,http://sports.news.naver.com/basketball/news/read.nhn?oid=117&aid=0003327204
고아라,"여자농구 심성영·고아라, 대체로 국가대표 발탁",스포츠,34,2020,01,28,17:03,5,0,0,1,3,1,0,0,0,0,0,http://sports.news.naver.com/basketball/news/read.nhn?oid=003&aid=0009673090
고아라,"고아라, 풋풋+상큼 미모 ""봄 향기 가득""",연예,35,2020,02,07,21:31,1,1,0,0,0,0,0,0,0,0,0,https://news.naver.com/main/read.nhn?mode=LSD&mid=sec&sid1=106&oid=108&aid=0002841600
고아라,"고아라, ‘초롱초롱’ 귀요美 눈망울 남심 저격 [똑똑SNS]",연예,35,2020,02,05,9:44,5,5,0,0,0,0,0,0,0,0,0,https://news.naver.com/main/read.nhn?mode=LSD&mid=sec&sid1=106&oid=410&aid=0000666536
고아라,"고아라, 청순 미소로 팬심 저격",연예,35,2020,02,04,17:32,22,22,0,0,0,0,0,0,0,0,0,https://news.naver.com/main/read.nhn?mode=LSD&mid=sec&sid1=106&oid=469&aid=0000463648
고아라,"""참 고와라"" 고아라, 한 손에 다 감기는 소멸직전 '얼굴' [★SHOT!]",연예,35,2020,02,04,21:31,15,14,0,1,0,0,0,0,0,0,0,https://news.naver.com/main/read.nhn?mode=LSD&mid=sec&sid1=106&oid=109&aid=0004159965
고아라,"‘미스맥심’ 고아라, 블랙 란제리 입고 섹시美 셀카 ‘찰칵’ [똑똑SNS]",,35,2020,02,03,14:31,1,0,0,0,1,0,0,0,0,0,0,https://news.naver.com/main/read.nhn?mode=LSD&mid=sec&oid=410&aid=0000666022
고아라,"女농구대표팀 이문규 감독 ""영국-중국전, 총력전 펼칠 것""",스포츠,35,2020,02,05,15:38,4,3,0,0,1,0,0,0,0,0,0,http://sports.news.naver.com/basketball/news/read.nhn?oid=351&aid=0000045904
고아라,"이문규 女농구대표팀 감독 ""예선 장소 변경, 오히려 전화위복""",스포츠,35,2020,02,04,10:29,3,0,0,0,3,0,0,0,0,0,0,http://sports.news.naver.com/basketball/news/read.nhn?oid=018&aid=0004568226
고아라,"이문규 여자농구 대표팀 감독 ""2승 해서 도쿄올림픽 가겠다""",스포츠,35,2020,02,04,10:58,6,3,0,0,3,0,0,0,0,0,0,http://sports.news.naver.com/basketball/news/read.nhn?oid=001&aid=0011376273
고아라,"고아라, 인형이 따로 없네…대기중에도 열일하는 미모",연예,35,2020,02,07,15:37,28,28,0,0,0,0,0,0,0,0,0,https://news.naver.com/main/read.nhn?mode=LSD&mid=sec&sid1=106&oid=112&aid=0003265559
고아라,"고아라, 봄 느낌 물씬 ""곧 만나요"" [★해시태그]",연예,35,2020,02,07,18:46,44,44,0,0,0,0,0,0,0,0,0,https://news.naver.com/main/read.nhn?mode=LSD&mid=sec&sid1=106&oid=311&aid=0001109292
고아라,"고아라, 때이른 반팔 패션 “옷 따뜻하게 입으세요”[SNS★컷]",연예,35,2020,02,07,15:25,9,9,0,0,0,0,0,0,0,0,0,https://news.naver.com/main/read.nhn?mode=LSD&mid=sec&sid1=106&oid=609&aid=0000244700
고아라,"고아라, 인형같은 비주얼…자기 주장 강한 이목구비",연예,35,2020,02,05,14:36,4,4,0,0,0,0,0,0,0,0,0,https://news.naver.com/main/read.nhn?mode=LSD&mid=sec&sid1=106&oid=112&aid=0003264659
고아라,"고아라, 인형이 미모 경쟁 와러 왔다 기겁할듯[SNS★컷]",연예,35,2020,02,05,14:56,8,8,0,0,0,0,0,0,0,0,0,https://news.naver.com/main/read.nhn?mode=LSD&mid=sec&sid1=106&oid=609&aid=0000243550
고아라,"고아라, 심쿵 아이컨택..오늘도 미모 열일 중",연예,35,2020,02,05,9:10,6,6,0,0,0,0,0,0,0,0,0,https://news.naver.com/main/read.nhn?mode=LSD&mid=sec&sid1=106&oid=112&aid=0003264522
고아라,"고아라, 애교넘치는 모습에 심쿵…여전한 인형 미모",연예,35,2020,02,04,14:29,12,12,0,0,0,0,0,0,0,0,0,https://news.naver.com/main/read.nhn?mode=LSD&mid=sec&sid1=106&oid=112&aid=0003264254
고아라,고아라 “행복하세요” 휴식기에도 청순 미모는 열일 중[SNS★컷],연예,35,2020,02,04,14:40,4,4,0,0,0,0,0,0,0,0,0,https://news.naver.com/main/read.nhn?mode=LSD&mid=sec&sid1=106&oid=609&aid=0000243070
고아라,"'베오그라드 입성' 이문규 감독 ""대회 장소변경, 전화위복""",스포츠,35,2020,02,04,14:18,3,2,0,0,1,0,0,0,0,0,0,http://sports.news.naver.com/basketball/news/read.nhn?oid=117&aid=0003329818
고아라,[올림픽최종예선] 결전지 도착한 이문규 감독 “2승으로 안전하게 올림픽 가고파”,스포츠,35,2020,02,04,09:53,6,3,0,0,3,0,0,0,0,0,0,http://sports.news.naver.com/basketball/news/read.nhn?oid=065&aid=0000196780
고아라,"세르비아 도착한 이문규 감독, 2승으로 올림픽 출전이 목표",스포츠,35,2020,02,04,09:53,1,0,0,0,0,1,0,0,0,0,0,http://sports.news.naver.com/basketball/news/read.nhn?oid=468&aid=0000622523
고아라,"이문규 여자농구 감독 “영국전에 총력전, 도쿄 간다”",스포츠,35,2020,02,04,14:44,7,6,0,0,1,0,0,0,0,0,0,http://sports.news.naver.com/basketball/news/read.nhn?oid=469&aid=0000463549
고아라,"[단독]고아라, 드라마 '도도솔솔라라솔' 주인공",연예,36,2020,02,14,11:31,79,79,0,0,0,0,0,0,0,0,0,https://news.naver.com/main/read.nhn?mode=LSD&mid=sec&sid1=106&oid=241&aid=0003004309
고아라,"고아라, 언제나 예쁨주의보…생일파티 현장 공개",연예,36,2020,02,14,12:16,28,27,0,1,0,0,0,0,0,0,0,https://news.naver.com/main/read.nhn?mode=LSD&mid=sec&sid1=106&oid=112&aid=0003267757
고아라,"고아라 어린시절 ""그때나 지금이나 똑같네""",연예,36,2020,02,11,17:39,37,37,0,0,0,0,0,0,0,0,0,https://news.naver.com/main/read.nhn?mode=LSD&mid=sec&sid1=106&oid=082&aid=0000980236
고아라,"고아라, 꽃다발 크기가 얼굴의 몇 배야? 생일이라 더 예뻐 보여",연예,36,2020,02,11,16:22,15,15,0,0,0,0,0,0,0,0,0,https://news.naver.com/main/read.nhn?mode=LSD&mid=sec&sid1=106&oid=112&aid=0003266764
고아라,반전 노리는 KEB하나은행…믿을 건 고아라·강이슬 뿐,스포츠,36,2020,02,12,05:31,2,1,0,0,0,0,0,0,0,0,1,http://sports.news.naver.com/basketball/news/read.nhn?oid=382&aid=0000797758
고아라,"'절반의 성공' 하나은행, 봄 농구 위해선 수비력 보완 절실",스포츠,36,2020,02,11,20:38,8,5,0,0,2,1,0,0,0,0,0,http://sports.news.naver.com/basketball/news/read.nhn?oid=351&aid=0000046035
고아라,"고아라 `도도솔솔라라솔` 출연하나 ""긍정 검토""(공식)",연예,36,2020,02,14,13:44,5,5,0,0,0,0,0,0,0,0,0,https://news.naver.com/main/read.nhn?mode=LSD&mid=sec&sid1=106&oid=009&aid=0004517745
고아라,"고아라 측 “ ‘도도솔솔라라솔’ 출연, 긍정 검토 중” [공식]",연예,36,2020,02,14,13:26,7,7,0,0,0,0,0,0,0,0,0,https://news.naver.com/main/read.nhn?mode=LSD&mid=sec&sid1=106&oid=469&aid=0000467047
고아라,고아라 측 “드라마 ‘도도솔솔라라솔’ 출연 긍정 검토 중” (공식),연예,36,2020,02,14,17:19,18,18,0,0,0,0,0,0,0,0,0,https://news.naver.com/main/read.nhn?mode=LSD&mid=sec&sid1=106&oid=057&aid=0001421222
고아라,고아라 측 “‘도도솔솔라라솔’ 출연 긍정 검토” [공식입장],연예,36,2020,02,14,11:44,11,11,0,0,0,0,0,0,0,0,0,https://news.naver.com/main/read.nhn?mode=LSD&mid=sec&sid1=106&oid=382&aid=0000798552
고아라,"고아라, 생일 맞아 아름다운 성장기 공개..어릴 때부터 완성형 미모",연예,36,2020,02,11,11:43,14,14,0,0,0,0,0,0,0,0,0,https://news.naver.com/main/read.nhn?mode=LSD&mid=sec&sid1=106&oid=112&aid=0003266661
고아라,"고아라, 생일 맞아 귀여운 어린시절 공개 '지금과 똑같아' [in스타]",연예,36,2020,02,11,16:49,9,9,0,0,0,0,0,0,0,0,0,https://news.naver.com/main/read.nhn?mode=LSD&mid=sec&sid1=106&oid=311&aid=0001110569
고아라,"고아라, 생일 기념 어린 시절 사진 공개..변함 없는 미모 [★SHOT!]",연예,36,2020,02,11,16:50,13,13,0,0,0,0,0,0,0,0,0,https://news.naver.com/main/read.nhn?mode=LSD&mid=sec&sid1=106&oid=109&aid=0004164232
고아라,"고아라, 31번째 생일맞이 과거사진 공개…'타고난 미모'",연예,36,2020,02,11,13:26,14,14,0,0,0,0,0,0,0,0,0,https://news.naver.com/main/read.nhn?mode=LSD&mid=sec&sid1=106&oid=477&aid=0000231806
고아라,"박지수의 능청, 고아라의 당황[포토]",스포츠,36,2020,02,11,13:59,1,1,0,0,0,0,0,0,0,0,0,http://sports.news.naver.com/basketball/news/read.nhn?oid=311&aid=0001110457
고아라,"[사진]고아라,'노마크 찬스'",스포츠,37,2020,02,21,19:41,1,1,0,0,0,0,0,0,0,0,0,http://sports.news.naver.com/basketball/news/read.nhn?oid=109&aid=0004170107
고아라,"고아라, 전도연X정우성과 훈훈 투샷 ""소원 성취, 선배님 최고""",연예,37,2020,02,21,7:22,3,3,0,0,0,0,0,0,0,0,0,https://news.naver.com/main/read.nhn?mode=LSD&mid=sec&sid1=106&oid=241&aid=0003005817
고아라,"고아라, '지푸라기' 전도연X정우성과 인증샷…""소원성취""",연예,37,2020,02,20,18:41,10,10,0,0,0,0,0,0,0,0,0,https://news.naver.com/main/read.nhn?mode=LSD&mid=sec&sid1=106&oid=312&aid=0000436646
고아라,"고아라, 정우성X전도연과 한 컷…""소원성취""",연예,37,2020,02,20,20:23,7,7,0,0,0,0,0,0,0,0,0,https://news.naver.com/main/read.nhn?mode=LSD&mid=sec&sid1=106&oid=213&aid=0001154924
고아라,"""소원성취"" 고아라, 전도연 향한 팬심 폭발 [★SHOT!]",연예,37,2020,02,20,15:47,9,9,0,0,0,0,0,0,0,0,0,https://news.naver.com/main/read.nhn?mode=LSD&mid=sec&sid1=106&oid=109&aid=0004169398
고아라,"고아라, 전도연X정우성과 인증샷…""소원성취"" [★해시태그]",연예,37,2020,02,20,15:39,9,9,0,0,0,0,0,0,0,0,0,https://news.naver.com/main/read.nhn?mode=LSD&mid=sec&sid1=106&oid=311&aid=0001114818
고아라,"""소원 성취! 멋있는 선배님""…고아라, 전도연과의 만남에 팬심 폭발",연예,37,2020,02,20,15:55,10,10,0,0,0,0,0,0,0,0,0,https://news.naver.com/main/read.nhn?mode=LSD&mid=sec&sid1=106&oid=117&aid=0003335634
고아라,"고아라, 존재 자체가 비타민 ""엔돌핀 솟아나는 매직""",연예,38,2020,02,27,24:05,20,20,0,0,0,0,0,0,0,0,0,https://news.naver.com/main/read.nhn?mode=LSD&mid=sec&sid1=106&oid=112&aid=0003272510
고아라,"[SC줌人]은지→고아라→혜리→전미도…낯선 신예, 신원호PD 新뮤즈 탄생하나",연예,38,2020,02,28,8:10,11,10,0,1,0,0,0,0,0,0,0,https://news.naver.com/main/read.nhn?mode=LSD&mid=sec&sid1=106&oid=076&aid=0003536391
고아라,정은지→고아라→혜리→?..'슬기로운 의사생활' 홍일점 전미도 누구?,연예,38,2020,02,27,10:46,7,7,0,0,0,0,0,0,0,0,0,https://news.naver.com/main/read.nhn?mode=LSD&mid=sec&sid1=106&oid=109&aid=0004172937
고아라,[MD포토] 박지현-고아라 '불꽃튀는 루즈볼 다툼',스포츠,38,2020,02,24,20:31,1,0,0,0,0,0,0,0,0,0,1,http://sports.news.naver.com/basketball/news/read.nhn?oid=117&aid=0003336807
고아라,"고아라, 코로나19 확산에 1억 기부→""힘내라 대한민국"" 응원",연예,39,2020,03,05,16:57,49,49,0,0,0,0,0,0,0,0,0,https://news.naver.com/main/read.nhn?mode=LSD&mid=sec&sid1=106&oid=052&aid=0001410437
고아라,"고아라, 코로나19 성금 1억 기부 ""하루 빨리 위기 극복하길""",연예,39,2020,03,04,17:02,36,36,0,0,0,0,0,0,0,0,0,https://news.naver.com/main/read.nhn?mode=LSD&mid=sec&sid1=106&oid=421&aid=0004502380
고아라,"류현진, 기성용-한혜진, 고아라… 코로나 극복 성금 1억원씩 기탁",사회,39,2020,03,06,3:02,1,1,0,0,0,0,0,0,0,0,0,https://news.naver.com/main/read.nhn?mode=LSD&mid=sec&sid1=102&oid=020&aid=0003273674
고아라,[MD포토] 고아라 '가볍게 제치고 슛',스포츠,39,2020,03,02,19:48,1,0,0,0,1,0,0,0,0,0,0,http://sports.news.naver.com/basketball/news/read.nhn?oid=117&aid=0003338893
고아라,[코로나19 '극복'] 이경규·고아라 1억→연예인 '착한 건물주' 운동까지,연예,39,2020,03,05,12:00,24,24,0,0,0,0,0,0,0,0,0,https://news.naver.com/main/read.nhn?mode=LSD&mid=sec&sid1=106&oid=629&aid=0000017915
고아라,"고아라 기부 이어 자필응원 ""힘내라 대한민국""",연예,39,2020,03,05,16:30,7,7,0,0,0,0,0,0,0,0,0,https://news.naver.com/main/read.nhn?mode=LSD&mid=sec&sid1=106&oid=009&aid=0004530843
고아라,"고아라, 코로나19 기부 이어 자필 응원 ""하루 빨리 극복하길""",연예,39,2020,03,05,16:38,15,15,0,0,0,0,0,0,0,0,0,https://news.naver.com/main/read.nhn?mode=LSD&mid=sec&sid1=106&oid=108&aid=0002847301
고아라,"고아라, 코로나19 확산에 손글씨 응원…""힘내라 대한민국"" [★해시태그]",연예,39,2020,03,05,16:51,13,13,0,0,0,0,0,0,0,0,0,https://news.naver.com/main/read.nhn?mode=LSD&mid=sec&sid1=106&oid=311&aid=0001120114
고아라,"고아라, 1억원 기부··· ""취약계층 및 저소득 아동에게 보탬 되길""",연예,39,2020,03,04,17:45,158,158,0,0,0,0,0,0,0,0,0,https://news.naver.com/main/read.nhn?mode=LSD&mid=sec&sid1=106&oid=312&aid=0000438200
고아라,"고아라, 코로나19 극복 위해 1억원 기부(공식)",연예,39,2020,03,04,15:59,41,40,0,0,0,0,1,0,0,0,0,https://news.naver.com/main/read.nhn?mode=LSD&mid=sec&sid1=106&oid=009&aid=0004529928
고아라,고아라도 선행 동참..코로나19 취약계층 아동 위해 1억 원 기부[공식],연예,39,2020,03,04,16:50,11,11,0,0,0,0,0,0,0,0,0,https://news.naver.com/main/read.nhn?mode=LSD&mid=sec&sid1=106&oid=112&aid=0003274774
고아라,"리즈케이, 뮤즈 고아라와 'NEW 퍼스트씨 5 세럼' 화보 공개",경제,40,2020,03,13,16:28,3,3,0,0,0,0,0,0,0,0,0,https://news.naver.com/main/read.nhn?mode=LSD&mid=sec&sid1=101&oid=008&aid=0004375562
고아라,고아라 19점… 부상 강이슬은 3점포 5발,스포츠,40,2020,03,10,03:02,5,2,0,1,0,0,0,0,0,0,2,http://sports.news.naver.com/basketball/news/read.nhn?oid=020&aid=0003274236
고아라,"[기록] 에이스 본능 발휘한 고아라, 단일쿼터 개인 최다득점 타이 기록 올려",스포츠,40,2020,03,09,19:28,18,11,0,0,5,0,0,0,0,0,2,http://sports.news.naver.com/basketball/news/read.nhn?oid=065&aid=0000198321
고아라,"'고아라 19득점' 하나은행, 신한은행 내리고 3위 'PO행 한 발'",스포츠,40,2020,03,09,20:56,2,0,0,0,0,0,0,0,0,0,2,http://sports.news.naver.com/basketball/news/read.nhn?oid=109&aid=0004177889
고아라,"김소은 “고아라·박신혜·김범 등이 중앙학 동기, 최고 절친은 강하늘”",연예,40,2020,03,12,14:51,11,11,0,0,0,0,0,0,0,0,0,https://news.naver.com/main/read.nhn?mode=LSD&mid=sec&sid1=106&oid=022&aid=0003446494
고아라,"'고아라 19점' 하나은행 3위 탈환, 신한은행 4위 추락",스포츠,40,2020,03,09,20:56,1,0,0,0,0,0,0,0,0,0,1,http://sports.news.naver.com/basketball/news/read.nhn?oid=117&aid=0003340846
고아라,"'5명 두 자릿수 득점' 하나은행, 신한은행 추격 뿌리치고 3위 올라",스포츠,40,2020,03,09,20:53,3,1,0,0,0,2,0,0,0,0,0,http://sports.news.naver.com/basketball/news/read.nhn?oid=398&aid=0000034564
고아라,"[BK Review] '고아라-김지영 펄펄' 하나은행, 신한은행 꺾고 3위 탈환...PO 파란불",스포츠,40,2020,03,09,20:57,4,3,0,0,0,0,0,0,0,0,1,http://sports.news.naver.com/basketball/news/read.nhn?oid=351&aid=0000046481
고아라,"하나은행, 신한은행 꺾고 3위 탈환…PO 티켓 안갯속",스포츠,40,2020,03,09,21:07,2,1,0,0,0,1,0,0,0,0,0,http://sports.news.naver.com/basketball/news/read.nhn?oid=001&aid=0011460333
고아라,"하나은행, 신한은행 꺾고 3위 탈환하며 PO 가능성 높여",스포츠,40,2020,03,09,21:05,2,1,0,0,0,1,0,0,0,0,0,http://sports.news.naver.com/basketball/news/read.nhn?oid=076&aid=0003539991
고아라,"김소은, 강하늘 언급 ""미담 많아...징글징글"" 현실 친구 인증",연예,40,2020,03,12,11:22,26,26,0,0,0,0,0,0,0,0,0,https://news.naver.com/main/read.nhn?mode=LSD&mid=sec&sid1=106&oid=052&aid=0001413574
고아라,"[90년생이 온다②] 고아라 ""주체적女 캐릭터 많아져..폭 넓어졌죠""",연예,41,2020,03,21,10:00,78,75,0,3,0,0,0,0,0,0,0,https://news.naver.com/main/read.nhn?mode=LSD&mid=sec&sid1=106&oid=076&aid=0003544809
고아라,"고아라, 청초하고 사랑스러운 그녀",연예,41,2020,03,19,9:05,26,26,0,0,0,0,0,0,0,0,0,https://news.naver.com/main/read.nhn?mode=LSD&mid=sec&sid1=106&oid=241&aid=0003011206
고아라,웹툰 원작 '어서와' 드라마 방영…3월 25일 첫 방송,생활,41,2020,03,18,9:22,9,9,0,0,0,0,0,0,0,0,0,https://news.naver.com/main/read.nhn?mode=LSD&mid=sec&sid1=103&oid=018&aid=0004599791
고아라,"'잘 뽑고 잘 찍자' 김다미 ""투표가 없으면 희망도 없다""",연예,41,2020,03,20,10:43,125,125,0,0,0,0,0,0,0,0,0,https://news.naver.com/main/read.nhn?mode=LSD&mid=sec&sid1=106&oid=052&aid=0001417349
고아라,"[90년생이 온다①] 신세경 ""'삶'에 대한 생각, 깊어지고 있죠""",연예,41,2020,03,21,10:00,166,163,0,3,0,0,0,0,0,0,0,https://news.naver.com/main/read.nhn?mode=LSD&mid=sec&sid1=106&oid=076&aid=0003544808
고아라,"[90년생이 온다③] 임윤아 ""지난 13년..새로운 모습 보이려 노력했죠""",연예,41,2020,03,21,10:00,361,359,0,2,0,0,0,0,0,0,0,https://news.naver.com/main/read.nhn?mode=LSD&mid=sec&sid1=106&oid=076&aid=0003544810
고아라,"‘B컷 마저 완벽’ 고아라, 봄을 부르는 ‘봄의 여신’",연예,41,2020,03,19,9:17,8,8,0,0,0,0,0,0,0,0,0,https://news.naver.com/main/read.nhn?mode=LSD&mid=sec&sid1=106&oid=215&aid=0000856842
고아라,고아라. 봄을 부르는 '봄의 여신'[화보],연예,41,2020,03,19,9:07,5,5,0,0,0,0,0,0,0,0,0,https://news.naver.com/main/read.nhn?mode=LSD&mid=sec&sid1=106&oid=404&aid=0000263138
고아라,"""봄의 여신"" 고아라, B컷 마저 완벽한 '내추럴 청초美'",연예,41,2020,03,19,9:03,5,5,0,0,0,0,0,0,0,0,0,https://news.naver.com/main/read.nhn?mode=LSD&mid=sec&sid1=106&oid=076&aid=0003543862
고아라,"고아라, B컷도 완벽... 말도 안 되는 인형미모",연예,41,2020,03,19,21:28,1,1,0,0,0,0,0,0,0,0,0,https://news.naver.com/main/read.nhn?mode=LSD&mid=sec&sid1=106&oid=213&aid=0001157950
고아라,'묘인' 웹툰 '어서와'→드라마로...KBS 수목극 25일 첫방,생활,41,2020,03,18,15:12,7,7,0,0,0,0,0,0,0,0,0,https://news.naver.com/main/read.nhn?mode=LSD&mid=sec&sid1=103&oid=003&aid=0009764155
고아라,"미래엔 북폴리오 인기 단행본 '어서와', KBS 새 수목 드라마로 재탄생",생활,41,2020,03,18,10:58,4,3,0,0,0,1,0,0,0,0,0,https://news.naver.com/main/read.nhn?mode=LSD&mid=sec&sid1=103&oid=014&aid=0004392016
고아라,[책] 드라마로 재탄생하는 판타지 로맨스 ‘어서와’,생활,41,2020,03,18,10:30,2,2,0,0,0,0,0,0,0,0,0,https://news.naver.com/main/read.nhn?mode=LSD&mid=sec&sid1=103&oid=031&aid=0000530141
고아라,"4·15총선 앞둔 '조이서' 김다미 ""투표=희망""",생활,41,2020,03,20,11:13,8,4,4,0,0,0,0,0,0,0,0,https://news.naver.com/main/read.nhn?mode=LSD&mid=sec&sid1=103&oid=079&aid=0003338668
고아라,"김다미, '이태원 클라쓰' 종영 앞두고 415 총선 투표 독려",연예,41,2020,03,20,14:15,14,14,0,0,0,0,0,0,0,0,0,https://news.naver.com/main/read.nhn?mode=LSD&mid=sec&sid1=106&oid=312&aid=0000439759
고아라,"김다미, 촬영 막바지에도 투표 독려 캠페인 참여…""투표 없으면 희망도 없다""",연예,41,2020,03,20,8:53,1,1,0,0,0,0,0,0,0,0,0,https://news.naver.com/main/read.nhn?mode=LSD&mid=sec&sid1=106&oid=015&aid=0004309649
고아라,"‘잘 뽑고 잘 찍자’ 김다미 ""아름다운 희망 위해 투표하세요""",연예,41,2020,03,20,8:58,2,2,0,0,0,0,0,0,0,0,0,https://news.naver.com/main/read.nhn?mode=LSD&mid=sec&sid1=106&oid=311&aid=0001125345
고아라,"임영웅, 화장품 모델 발탁…고아라·차은우와 같은 브랜드 모델",연예,42,2020,03,24,13:49,"1,058","1,058",0,0,0,0,0,0,0,0,0,https://news.naver.com/main/read.nhn?mode=LSD&mid=sec&sid1=106&oid=009&aid=0004542903
고아라,"'킹덤2' 주지훈X김혜준, 투표 독려 캠페인 참여…훈훈 재능기부",연예,42,2020,03,28,9:03,6,6,0,0,0,0,0,0,0,0,0,https://news.naver.com/main/read.nhn?mode=LSD&mid=sec&sid1=106&oid=468&aid=0000641707
고아라,"유재석·정우성·정해인 등 스타들이 말하는 ""투표가 없으면 OO도 없다""",연예,42,2020,03,27,10:29,28,28,0,0,0,0,0,0,0,0,0,https://news.naver.com/main/read.nhn?mode=LSD&mid=sec&sid1=106&oid=052&aid=0001420435
고아라,"'임영웅=이동욱'? 억대 몸값 트롯맨, 광고계도 접수하나",,42,2020,03,28,15:11,"5,762","5,053",292,8,291,118,0,0,0,0,0,https://news.naver.com/main/read.nhn?mode=LSD&mid=sec&sid1=004&oid=023&aid=0003518788
고아라,"정해인 ""투표=국민의 권리…대한민국의 건강한 미래에 도움""",연예,42,2020,03,25,8:36,105,105,0,0,0,0,0,0,0,0,0,https://news.naver.com/main/read.nhn?mode=LSD&mid=sec&sid1=106&oid=076&aid=0003546232
고아라,"""어서와, 고양이와 인간의 시간"" 제작발표회 현장",연예,42,2020,03,26,11:44,23,23,0,0,0,0,0,0,0,0,0,https://news.naver.com/main/read.nhn?mode=LSD&mid=sec&sid1=106&oid=438&aid=0000028089
고아라,"소이현-인교진 부부 ""아이들 꿈·웃음 위해 투표해요""",생활,42,2020,03,24,11:01,3,0,0,0,3,0,0,0,0,0,0,https://news.naver.com/main/read.nhn?mode=LSD&mid=sec&sid1=103&oid=079&aid=0003339985
고아라,"트로트 신성 임영웅, 코스메틱 브랜드 리즈케이 새 모델로 발탁",연예,42,2020,03,23,17:55,"2,310","2,310",0,0,0,0,0,0,0,0,0,https://news.naver.com/main/read.nhn?mode=LSD&mid=sec&sid1=106&oid=020&aid=0003276842
고아라,"주지훈 투표독려, 캠페인 참여 훈훈 재능기부",연예,42,2020,03,28,16:53,31,31,0,0,0,0,0,0,0,0,0,https://news.naver.com/main/read.nhn?mode=LSD&mid=sec&sid1=106&oid=009&aid=0004546136
고아라,"주지훈-김혜준, 투표 캠페인 참여…훈훈한 재능기부",연예,42,2020,03,28,9:12,16,16,0,0,0,0,0,0,0,0,0,https://news.naver.com/main/read.nhn?mode=LSD&mid=sec&sid1=106&oid=213&aid=0001158778
고아라,"‘킹덤’ 주지훈·김혜준, 투표 독려 캠페인 참여 “시간 없다면? 10,11일 사전투표”",연예,42,2020,03,28,20:39,19,19,0,0,0,0,0,0,0,0,0,https://news.naver.com/main/read.nhn?mode=LSD&mid=sec&sid1=106&oid=410&aid=0000680195
고아라,"""투표가 없으면 OO도 없다""…유재석·정우성·정해인, 투표 독려",연예,42,2020,03,27,13:49,36,36,0,0,0,0,0,0,0,0,0,https://news.naver.com/main/read.nhn?mode=LSD&mid=sec&sid1=106&oid=416&aid=0000256641
고아라,"유재석·정해인·김다미 등 46명★ ""투표 없으면 우리·희망·자유도 없다""",연예,42,2020,03,27,10:56,30,29,0,1,0,0,0,0,0,0,0,https://news.naver.com/main/read.nhn?mode=LSD&mid=sec&sid1=106&oid=311&aid=0001128091
고아라,"유재석부터 정해인까지, ★ 함께한 '잘 뽑고 잘 찍자' 영상 공개 ""투표가 없으면…""",연예,42,2020,03,27,9:04,36,36,0,0,0,0,0,0,0,0,0,https://news.naver.com/main/read.nhn?mode=LSD&mid=sec&sid1=106&oid=468&aid=0000641385
고아라,"유재석·정우성·정해인 등, 40여명 ★들이 말하는 ""투표가 없으면 OO도 없다""",연예,42,2020,03,27,9:16,34,33,0,1,0,0,0,0,0,0,0,https://news.naver.com/main/read.nhn?mode=LSD&mid=sec&sid1=106&oid=015&aid=0004314116
고아라,정해인 재능기부 “투표 없이는 자유도 없어” 메시지,연예,42,2020,03,25,8:41,119,119,0,0,0,0,0,0,0,0,0,https://news.naver.com/main/read.nhn?mode=LSD&mid=sec&sid1=106&oid=382&aid=0000807954
고아라,"정해인, '잘 뽑고 잘 찍자' 캠페인 동참 ""투표 없으면 자유도 없다""",연예,42,2020,03,25,9:37,113,113,0,0,0,0,0,0,0,0,0,https://news.naver.com/main/read.nhn?mode=LSD&mid=sec&sid1=106&oid=312&aid=0000440151
고아라,"'잘 뽑고 잘 찍자' 정해인 ""투표가 없으면 자유도 없다""",연예,42,2020,03,25,8:56,123,123,0,0,0,0,0,0,0,0,0,https://news.naver.com/main/read.nhn?mode=LSD&mid=sec&sid1=106&oid=468&aid=0000640374
고아라,"정해인 ""투표 없으면 자유도 없다""…투표 독려 캠페인 '재능 기부'",연예,42,2020,03,25,8:50,74,74,0,0,0,0,0,0,0,0,0,https://news.naver.com/main/read.nhn?mode=LSD&mid=sec&sid1=106&oid=015&aid=0004312722
고아라,"소이현♥인교진, 아름다운 부부 선행..'잘 뽑고 잘 찍자' 노개런티 참여 [공식]",연예,42,2020,03,24,9:19,4,4,0,0,0,0,0,0,0,0,0,https://news.naver.com/main/read.nhn?mode=LSD&mid=sec&sid1=106&oid=109&aid=0004183474
고아라,"소이현 인교진 부부, 투표 캠페인 재능기부 “아이들의 꿈 위해”",연예,42,2020,03,24,8:55,1,1,0,0,0,0,0,0,0,0,0,https://news.naver.com/main/read.nhn?mode=LSD&mid=sec&sid1=106&oid=609&aid=0000260393
고아라,"'잘 뽑고 잘 찍자' 소이현·인교진 부부 ""아이들의 꿈과 웃음을 위해 투표해요""",연예,42,2020,03,24,13:49,7,7,0,0,0,0,0,0,0,0,0,https://news.naver.com/main/read.nhn?mode=LSD&mid=sec&sid1=106&oid=052&aid=0001418986
고아라,"소이현♥인교진, 아름다운 부부 선행…'잘 뽑고 잘 찍자' 재능기부",연예,42,2020,03,24,8:57,5,5,0,0,0,0,0,0,0,0,0,https://news.naver.com/main/read.nhn?mode=LSD&mid=sec&sid1=106&oid=468&aid=0000639786
고아라,"꿀 떨어지는 명품 보이스 임영웅, 리즈케이 모델로",생활,42,2020,03,23,10:58,"1,559","1,484",44,0,12,19,0,0,0,0,0,https://news.naver.com/main/read.nhn?mode=LSD&mid=sec&sid1=103&oid=076&aid=0003545400
고아라,리즈케이와 봄을 만난 트로트 히어로 임영웅 모델 발탁,연예,42,2020,03,23,11:01,"1,662","1,662",0,0,0,0,0,0,0,0,0,https://news.naver.com/main/read.nhn?mode=LSD&mid=sec&sid1=106&oid=215&aid=0000858186
고아라,"고아라 촬영장, 감탄 부르는 미모",연예,43,2020,04,04,8:28,26,26,0,0,0,0,0,0,0,0,0,https://news.naver.com/main/read.nhn?mode=LSD&mid=sec&sid1=106&oid=009&aid=0004550667
고아라,"""순백의 여신미모"" 고아라, 촬영장 밝히는 봄 햇살 미소",연예,43,2020,04,03,13:38,37,37,0,0,0,0,0,0,0,0,0,https://news.naver.com/main/read.nhn?mode=LSD&mid=sec&sid1=106&oid=076&aid=0003550375
고아라,"""우리에게 투표란?""…고아라X장동윤, 톡톡 튀는 투표 독려",연예,43,2020,03,31,9:32,21,21,0,0,0,0,0,0,0,0,0,https://news.naver.com/main/read.nhn?mode=LSD&mid=sec&sid1=106&oid=015&aid=0004316022
고아라,"'잘뽑고 잘찍자' 박나래→고아라, 달고나 기표마크 뽑기 도전 '빅재미'",연예,43,2020,03,30,8:48,4,4,0,0,0,0,0,0,0,0,0,https://news.naver.com/main/read.nhn?mode=LSD&mid=sec&sid1=106&oid=109&aid=0004185863
고아라,"[WKBL 리뷰] ④3위로 시즌 마친 하나은행, 절반의 성공 거둔 이훈재 호",스포츠,43,2020,03,30,06:50,4,4,0,0,0,0,0,0,0,0,0,http://sports.news.naver.com/basketball/news/read.nhn?oid=398&aid=0000034778
고아라,"[WKBL 리뷰] 새로운 수장과 함께 만든 '3위' 하나은행, 다음 시즌을 기대케 하다",스포츠,43,2020,04,02,19:05,6,4,0,0,0,0,0,0,0,0,2,http://sports.news.naver.com/basketball/news/read.nhn?oid=351&aid=0000046741
고아라,유재석→정해인 등 46人 참여 '잘 뽑고 잘 찍자' 캠페인 TV 공개,연예,43,2020,04,04,10:33,47,47,0,0,0,0,0,0,0,0,0,https://news.naver.com/main/read.nhn?mode=LSD&mid=sec&sid1=106&oid=421&aid=0004563818
고아라,"고아라, 여신이 있다면 지금 여기..미모 제대로 美쳤다",연예,43,2020,04,03,24:49,7,7,0,0,0,0,0,0,0,0,0,https://news.naver.com/main/read.nhn?mode=LSD&mid=sec&sid1=106&oid=112&aid=0003284857
고아라,"고아라, 촬영장 밝히는 미모 ""쉬는 시간"" [★해시태그]",연예,43,2020,04,03,14:14,10,10,0,0,0,0,0,0,0,0,0,https://news.naver.com/main/read.nhn?mode=LSD&mid=sec&sid1=106&oid=311&aid=0001130688
고아라,"고아라, 여신의 방부제 미모..햇살처럼 눈 부신 미소",연예,43,2020,04,03,24:49,13,13,0,0,0,0,0,0,0,0,0,https://news.naver.com/main/read.nhn?mode=LSD&mid=sec&sid1=106&oid=108&aid=0002853444
고아라,"고아라, 여신이 내려왔나? 순백 의상에 청순美 폭발[SNS★컷]",연예,43,2020,04,03,13:27,5,5,0,0,0,0,0,0,0,0,0,https://news.naver.com/main/read.nhn?mode=LSD&mid=sec&sid1=106&oid=609&aid=0000263608
고아라,"'잘 뽑고 잘 찍자' 고아라·장동윤 ""투표가 없다면 권리도 없다""",연예,43,2020,03,31,11:13,10,10,0,0,0,0,0,0,0,0,0,https://news.naver.com/main/read.nhn?mode=LSD&mid=sec&sid1=106&oid=311&aid=0001129324
고아라,"고아라·장동윤 ""투표 없다면 대한민국도 없어"" 투표 독려 캠페인 참여",연예,43,2020,03,31,9:29,28,28,0,0,0,0,0,0,0,0,0,https://news.naver.com/main/read.nhn?mode=LSD&mid=sec&sid1=106&oid=052&aid=0001421882
고아라,"‘잘 뽑고 잘 찍자’ 고아라·장동윤 “투표가 없다면 대한민국도, 권리도 없다”",연예,43,2020,03,31,10:31,17,17,0,0,0,0,0,0,0,0,0,https://news.naver.com/main/read.nhn?mode=LSD&mid=sec&sid1=106&oid=144&aid=0000664462
고아라,"고아라X장동윤, 415 국회의원선거 투표 독려..""우리가 만드는 대한민국""",연예,43,2020,03,31,8:53,10,10,0,0,0,0,0,0,0,0,0,https://news.naver.com/main/read.nhn?mode=LSD&mid=sec&sid1=106&oid=109&aid=0004186269
고아라,박정민부터 김다미까지…스타들의 기표마크 뽑기 도전기 '웃음 가득',연예,43,2020,03,30,9:32,17,17,0,0,0,0,0,0,0,0,0,https://news.naver.com/main/read.nhn?mode=LSD&mid=sec&sid1=106&oid=468&aid=0000642320
고아라,"'잘 뽑고 잘 찍자' 고아라·박정민·박나래, 유쾌한 달고나 기표 마크 뽑기",연예,43,2020,03,30,8:49,4,4,0,0,0,0,0,0,0,0,0,https://news.naver.com/main/read.nhn?mode=LSD&mid=sec&sid1=106&oid=311&aid=0001128720
고아라,"김다미 박나래→박정민까지, 달고나 뽑기 나선 이유",연예,43,2020,03,30,8:48,5,5,0,0,0,0,0,0,0,0,0,https://news.naver.com/main/read.nhn?mode=LSD&mid=sec&sid1=106&oid=609&aid=0000262181
고아라,"유재석·정우성·정해인 등 ★들, 재능기부 투표 독려 캠페인 TV·편의점·지하철서 본다",연예,43,2020,04,04,10:24,26,26,0,0,0,0,0,0,0,0,0,https://news.naver.com/main/read.nhn?mode=LSD&mid=sec&sid1=106&oid=117&aid=0003349214
고아라,"송재림·윤소희, 투표 캠페인 ‘잘 뽑고 잘 찍자’ 노개런티 참여",연예,43,2020,04,04,14:17,20,20,0,0,0,0,0,0,0,0,0,https://news.naver.com/main/read.nhn?mode=LSD&mid=sec&sid1=106&oid=015&aid=0004318591
고아라,40여명 스타들 재능기부…‘잘 뽑고 잘 찍자’ 캠페인,연예,43,2020,04,04,19:36,15,15,0,0,0,0,0,0,0,0,0,https://news.naver.com/main/read.nhn?mode=LSD&mid=sec&sid1=106&oid=144&aid=0000665300
고아라,"고아라, '슬의생' 조정석 전 여친으로 깜짝 출연 ""감독님 제안 설렜다""",연예,44,2020,04,10,17:03,71,71,0,0,0,0,0,0,0,0,0,https://news.naver.com/main/read.nhn?mode=LSD&mid=sec&sid1=106&oid=052&aid=0001426616
고아라,[투표합시다] 고아라·장동윤편,사회,44,2020,04,10,10:00,28,27,1,0,0,0,0,0,0,0,0,https://news.naver.com/main/read.nhn?mode=LSD&mid=sec&sid1=102&oid=056&aid=0010817488
고아라,[SC초점] '슬의생' 성동일→염혜란→고아라…격이 다른 '특별출연',연예,44,2020,04,10,13:37,25,24,0,1,0,0,0,0,0,0,0,https://news.naver.com/main/read.nhn?mode=LSD&mid=sec&sid1=106&oid=076&aid=0003553135
고아라,"'슬의생' 정경호, 곽선영에 ""오빠랑 연애하자"" 고백… 조정석, 前여친 재회 (ft.고아라) [종합]",연예,44,2020,04,09,22:39,6,6,0,0,0,0,0,0,0,0,0,https://news.naver.com/main/read.nhn?mode=LSD&mid=sec&sid1=106&oid=109&aid=0004190369
고아라,"""안녕"" '응사' 고아라→'슬의생' 조정석 전여친으로 존재감甲",연예,44,2020,04,10,9:29,5,5,0,0,0,0,0,0,0,0,0,https://news.naver.com/main/read.nhn?mode=LSD&mid=sec&sid1=106&oid=241&aid=0003015568
고아라,"고아라, '슬의생' 조정석 전여친+톱스타로 깜짝 등장",연예,44,2020,04,10,8:20,22,22,0,0,0,0,0,0,0,0,0,https://news.naver.com/main/read.nhn?mode=LSD&mid=sec&sid1=106&oid=421&aid=0004576944
고아라,"고아라, '슬기로운 의사생활' 방송 말미 깜짝 등장 관심 폭발",연예,44,2020,04,10,8:20,16,16,0,0,0,0,0,0,0,0,0,https://news.naver.com/main/read.nhn?mode=LSD&mid=sec&sid1=106&oid=215&aid=0000863190
고아라,"고아라 ""나도 '슬의생' 팬, 설레고 감사한 마음으로 출연""",연예,44,2020,04,10,13:26,10,10,0,0,0,0,0,0,0,0,0,https://news.naver.com/main/read.nhn?mode=LSD&mid=sec&sid1=106&oid=421&aid=0004578243
고아라,'슬기로운 의사생활' 거침없는 상승세…11.3%,연예,44,2020,04,10,10:29,108,108,0,0,0,0,0,0,0,0,0,https://news.naver.com/main/read.nhn?mode=LSD&mid=sec&sid1=106&oid=079&aid=0003347585
고아라,"5인방 로맨스 진전 '슬기로운 의사생활' 11% 돌파, 시청률 가파른 상승세",연예,44,2020,04,10,10:22,26,26,0,0,0,0,0,0,0,0,0,https://news.naver.com/main/read.nhn?mode=LSD&mid=sec&sid1=106&oid=052&aid=0001426431
고아라,'슬의생' 거침없는 시청률 상승세…평균 11.3%-최고 12.8% 기록,연예,44,2020,04,10,8:28,26,26,0,0,0,0,0,0,0,0,0,https://news.naver.com/main/read.nhn?mode=LSD&mid=sec&sid1=106&oid=076&aid=0003552969
고아라,"‘슬의’ 고아라, 조정석 전 애인으로 깜짝 등장 “밥 안 먹어”[결정적장면]",연예,44,2020,04,10,6:01,22,22,0,0,0,0,0,0,0,0,0,https://news.naver.com/main/read.nhn?mode=LSD&mid=sec&sid1=106&oid=609&aid=0000265557
고아라,"고아라 ""'슬의' 특별출연, 불러줘서 감사""",연예,45,2020,04,17,10:59,6,5,0,0,0,0,1,0,0,0,0,https://news.naver.com/main/read.nhn?mode=LSD&mid=sec&sid1=106&oid=015&aid=0004326040
고아라,"고아라, '슬기로운 의사생활' 재등장…조정석 만나 이별 언급",연예,45,2020,04,17,6:39,18,18,0,0,0,0,0,0,0,0,0,https://news.naver.com/main/read.nhn?mode=LSD&mid=sec&sid1=106&oid=018&aid=0004621830
고아라,"'슬의생' 고아라, 조정석 옛 연인으로 출연 ""나랑 왜 헤어졌어요""",연예,45,2020,04,17,8:59,8,8,0,0,0,0,0,0,0,0,0,https://news.naver.com/main/read.nhn?mode=LSD&mid=sec&sid1=106&oid=277&aid=0004663080
고아라,"'슬의생' 조정석, 과거 고아라에게 '잠수이별' 당했다…화기애애한 식사",연예,45,2020,04,16,21:40,29,29,0,0,0,0,0,0,0,0,0,https://news.naver.com/main/read.nhn?mode=LSD&mid=sec&sid1=106&oid=421&aid=0004592974
고아라,고아라·김성균→이수근·은지원..'슬의생' 슬기로운 특별출연,연예,45,2020,04,15,20:38,73,73,0,0,0,0,0,0,0,0,0,https://news.naver.com/main/read.nhn?mode=LSD&mid=sec&sid1=106&oid=241&aid=0003016583
고아라,"고아라에게 '잠수 이별' 당했던 조정석 ""그 쪽이 먼저…""",연예,45,2020,04,18,12:01,13,12,0,1,0,0,0,0,0,0,0,https://news.naver.com/main/read.nhn?mode=LSD&mid=sec&sid1=106&oid=031&aid=0000534732
고아라,"'슬의생' 정경호♥곽선영, 연애 시작…조정석X전미도, 엇갈린 사랑 (ft. 고아라) [엑's 리뷰]",연예,45,2020,04,17,11:10,5,5,0,0,0,0,0,0,0,0,0,https://news.naver.com/main/read.nhn?mode=LSD&mid=sec&sid1=106&oid=311&aid=0001135632
고아라,고아라·오윤아·이수근... '슬기로운 의사생활' 눈길 사로잡는 특별출연,연예,45,2020,04,16,9:18,17,17,0,0,0,0,0,0,0,0,0,https://news.naver.com/main/read.nhn?mode=LSD&mid=sec&sid1=106&oid=052&aid=0001428752
고아라,"고아라 ""'슬의생' 특별출연, 소중한 추억...진심으로 감사""",연예,45,2020,04,17,10:10,41,40,0,1,0,0,0,0,0,0,0,https://news.naver.com/main/read.nhn?mode=LSD&mid=sec&sid1=106&oid=052&aid=0001429225
고아라,"'슬의생' 고아라 반가운 특별출연 ""소중한 추억 진심으로 감사""",연예,45,2020,04,17,8:50,47,45,0,2,0,0,0,0,0,0,0,https://news.naver.com/main/read.nhn?mode=LSD&mid=sec&sid1=106&oid=241&aid=0003016863
고아라,"‘슬기로운 의사생활’ 고아라, 고정 출연 부르는 ‘찐의리’",연예,45,2020,04,17,8:33,29,29,0,0,0,0,0,0,0,0,0,https://news.naver.com/main/read.nhn?mode=LSD&mid=sec&sid1=106&oid=215&aid=0000864711
고아라,"'슬기로운 의사생활' 고아라, 특별 출연의 슬기로운 예",연예,45,2020,04,17,9:04,8,8,0,0,0,0,0,0,0,0,0,https://news.naver.com/main/read.nhn?mode=LSD&mid=sec&sid1=106&oid=312&aid=0000442845
고아라,"고아라, '슬기로운 의사생활' 재등장..조정석과 잠수 이별?",연예,45,2020,04,17,7:00,10,10,0,0,0,0,0,0,0,0,0,https://news.naver.com/main/read.nhn?mode=LSD&mid=sec&sid1=106&oid=108&aid=0002856631
고아라,`슬기로운 의사생활` 고아라 짜장면 폭풍 먹방에 조정석 한 말이…,사회,45,2020,04,17,7:51,1,1,0,0,0,0,0,0,0,0,0,https://news.naver.com/main/read.nhn?mode=LSD&mid=sec&sid1=102&oid=009&aid=0004558546
고아라,"'슬기로운 의사생활' 고아라 ""잠수 탔다가 연락했는데…30통 전화 했는데""",연예,45,2020,04,17,8:35,7,7,0,0,0,0,0,0,0,0,0,https://news.naver.com/main/read.nhn?mode=LSD&mid=sec&sid1=106&oid=022&aid=0003457364
고아라,"고아라, ‘슬기로운 의사생활’ 재등장…조정석에 “그것 때문에 헤어지자 했던 거냐”",연예,45,2020,04,17,8:27,8,8,0,0,0,0,0,0,0,0,0,https://news.naver.com/main/read.nhn?mode=LSD&mid=sec&sid1=106&oid=009&aid=0004558570
고아라,"‘슬의’ 고아라, 조정석 전 여친으로 다시 등장 “왜 헤어지자고 한 거야?”",연예,45,2020,04,17,8:27,13,13,0,0,0,0,0,0,0,0,0,https://news.naver.com/main/read.nhn?mode=LSD&mid=sec&sid1=106&oid=382&aid=0000813772
고아라,"고아라, 전 남친 조정석에 미련?...“30번 전화했는데”(슬의생)",연예,45,2020,04,17,13:36,3,3,0,0,0,0,0,0,0,0,0,https://news.naver.com/main/read.nhn?mode=LSD&mid=sec&sid1=106&oid=009&aid=0004558846
고아라,"'슬의생', 고아라 등장→조정석·전미도 관계 변화 궁금↑[★FOCUS]",연예,45,2020,04,17,10:33,7,7,0,0,0,0,0,0,0,0,0,https://news.naver.com/main/read.nhn?mode=LSD&mid=sec&sid1=106&oid=108&aid=0002856701
고아라,"'슬의생' 조정석, 전 여친 고아라와 함께 식사..""왜 헤어지자고 했냐""",연예,45,2020,04,16,21:34,93,92,0,1,0,0,0,0,0,0,0,https://news.naver.com/main/read.nhn?mode=LSD&mid=sec&sid1=106&oid=109&aid=0004193206
고아라,"‘슬의생’ 고아라, 먹방 여신으로 조정석과 재회… “한끼 먹어서 헤어진 거냐”",연예,45,2020,04,16,21:55,16,16,0,0,0,0,0,0,0,0,0,https://news.naver.com/main/read.nhn?mode=LSD&mid=sec&sid1=106&oid=009&aid=0004558482
고아라,성동일부터 고아라까지…'슬의생'의 슬기로운 특별출연,연예,45,2020,04,15,15:33,34,34,0,0,0,0,0,0,0,0,0,https://news.naver.com/main/read.nhn?mode=LSD&mid=sec&sid1=106&oid=079&aid=0003349638
고아라,"고아라부터 김성균까지, '슬기로운 의사생활' 채우는 알찬 특별출연",연예,45,2020,04,15,10:15,20,20,0,0,0,0,0,0,0,0,0,https://news.naver.com/main/read.nhn?mode=LSD&mid=sec&sid1=106&oid=468&aid=0000648332
고아라,"'슬의생' 정경호♥곽선영, 조정석♥고아라, 의사들에게 찾아온 봄[★밤TV]",연예,45,2020,04,17,5:50,10,10,0,0,0,0,0,0,0,0,0,https://news.naver.com/main/read.nhn?mode=LSD&mid=sec&sid1=106&oid=108&aid=0002856613
고아라,"[재발견 여배우②] ""이미지 변신 성공""…'응답하라 1994' 고아라",연예,46,2020,04,24,15:33,54,54,0,0,0,0,0,0,0,0,0,https://news.naver.com/main/read.nhn?mode=LSD&mid=sec&sid1=106&oid=427&aid=0000036226
고아라,"백조로 변신한 미스맥심 고아라, 너무 예쁘죠[포토]",,46,2020,04,21,10:10,2,0,0,0,2,0,0,0,0,0,0,https://news.naver.com/main/read.nhn?mode=LSD&mid=sec&oid=468&aid=0000650390
고아라,‘덕장’ 이훈재 감독은 하나은행을 어떻게 바꿨는가?,스포츠,46,2020,04,20,05:01,24,19,0,0,1,2,0,0,0,0,2,http://sports.news.naver.com/basketball/news/read.nhn?oid=065&aid=0000198997
고아라,김해숙·김갑수→김준한·신현빈…'슬의생' 신드롬 낳은 연기파 조연,연예,46,2020,04,22,6:01,48,48,0,0,0,0,0,0,0,0,0,https://news.naver.com/main/read.nhn?mode=LSD&mid=sec&sid1=106&oid=018&aid=0004624930
고아라,"전미도에 고백 못한 조정석, 그가 지키고 싶었던 것들",연예,46,2020,04,22,9:17,42,42,0,0,0,0,0,0,0,0,0,https://news.naver.com/main/read.nhn?mode=LSD&mid=sec&sid1=106&oid=047&aid=0002267299
고아라,‘슬의’ 속 ‘응팔’ 시리즈물 보는 재미란[TV와치],연예,46,2020,04,24,16:39,108,108,0,0,0,0,0,0,0,0,0,https://news.naver.com/main/read.nhn?mode=LSD&mid=sec&sid1=106&oid=609&aid=0000270549
고아라,"고아라, '슬의생' 촬영장 방문 응원..커피차 배달까지",연예,47,2020,04,30,24:03,64,64,0,0,0,0,0,0,0,0,0,https://news.naver.com/main/read.nhn?mode=LSD&mid=sec&sid1=106&oid=108&aid=0002859732
고아라,"고아라X이재욱, '도도솔솔라라솔' 출연 확정...청춘 로코 기대(공식)",연예,47,2020,04,27,9:47,62,60,0,2,0,0,0,0,0,0,0,https://news.naver.com/main/read.nhn?mode=LSD&mid=sec&sid1=106&oid=052&aid=0001433078
고아라,"[단독] 신은수, '도도솔솔라라솔' 합류…고아라·이재욱과 호흡",연예,47,2020,04,30,16:59,40,39,0,0,0,0,0,0,0,1,0,https://news.naver.com/main/read.nhn?mode=LSD&mid=sec&sid1=106&oid=421&aid=0004615714
고아라,"[공식] 김주헌, '도도솔솔라라솔' 주연 발탁..고아라와 호흡",연예,47,2020,04,28,13:45,17,17,0,0,0,0,0,0,0,0,0,https://news.naver.com/main/read.nhn?mode=LSD&mid=sec&sid1=106&oid=076&aid=0003560334
고아라,[민준구의 DEBUT] 등장만으로도 모두를 설레게 한 ‘김군’ 김정은의 데뷔,스포츠,47,2020,05,01,15:12,35,16,0,0,10,1,0,0,0,0,8,http://sports.news.naver.com/basketball/news/read.nhn?oid=065&aid=0000199244
고아라,"임영웅, 첫 화장품 광고 영상 공개…빛나는 '꿀 피부'",생활,47,2020,04,27,15:35,"3,193","3,081",37,1,36,38,0,0,0,0,0,https://news.naver.com/main/read.nhn?mode=LSD&mid=sec&sid1=103&oid=311&aid=0001139473
고아라,[SC초점] '왜 포기를 못하니'…인기톱은 장르물 but 멜로 제작ing,연예,47,2020,04,27,13:12,4,3,0,1,0,0,0,0,0,0,0,https://news.naver.com/main/read.nhn?mode=LSD&mid=sec&sid1=106&oid=076&aid=0003559695
고아라,"고아라, '슬기로운 의사생활' 본방사수+커피차 응원 ""즐거운 시간""",연예,47,2020,04,30,20:38,49,49,0,0,0,0,0,0,0,0,0,https://news.naver.com/main/read.nhn?mode=LSD&mid=sec&sid1=106&oid=241&aid=0003019840
고아라,고아라 ‘슬의생’ 비하인드 대방출 ‘훈훈 의리’ [SNS★컷],연예,47,2020,04,30,10:49,16,16,0,0,0,0,0,0,0,0,0,https://news.naver.com/main/read.nhn?mode=LSD&mid=sec&sid1=106&oid=609&aid=0000272444
고아라,"'도도솔솔라라솔', 주연 확정...고아라X이재욱, 설레는 케미",연예,47,2020,04,27,9:31,6,6,0,0,0,0,0,0,0,0,0,https://news.naver.com/main/read.nhn?mode=LSD&mid=sec&sid1=106&oid=433&aid=0000068427
고아라,"고아라-이재욱, 청춘 로코극 '도도솔솔라라솔' 주연",생활,47,2020,04,27,9:02,30,20,5,0,5,0,0,0,0,0,0,https://news.naver.com/main/read.nhn?mode=LSD&mid=sec&sid1=103&oid=001&aid=0011572850
고아라,KBS 로코 '도도솔솔라라솔'…고아라·이재욱 캐스팅,연예,47,2020,04,27,9:07,155,153,0,0,0,0,1,0,1,0,0,https://news.naver.com/main/read.nhn?mode=LSD&mid=sec&sid1=106&oid=079&aid=0003353685
고아라,"고아라X이재욱, '도도솔솔라라솔' 출연 확정…올해 하반기 방송 [공식]",연예,47,2020,04,27,8:27,13,13,0,0,0,0,0,0,0,0,0,https://news.naver.com/main/read.nhn?mode=LSD&mid=sec&sid1=106&oid=213&aid=0001161593
고아라,"'김사부2' 김주헌, '도도솔솔라라솔' 합류...고아라X이재욱 호흡 [공식]",연예,47,2020,04,28,11:37,3,3,0,0,0,0,0,0,0,0,0,https://news.naver.com/main/read.nhn?mode=LSD&mid=sec&sid1=106&oid=213&aid=0001161733
고아라,"김주헌, '도도솔솔라라솔' 출연 확정…고아라·이재욱과 호흡 [공식입장]",연예,47,2020,04,28,11:08,5,5,0,0,0,0,0,0,0,0,0,https://news.naver.com/main/read.nhn?mode=LSD&mid=sec&sid1=106&oid=311&aid=0001139962
고아라,"김주헌, ‘도도솔솔라라솔’ 출연 확정…고아라·이재욱과 호흡 [공식]",연예,47,2020,04,28,11:04,7,7,0,0,0,0,0,0,0,0,0,https://news.naver.com/main/read.nhn?mode=LSD&mid=sec&sid1=106&oid=382&aid=0000816631
고아라,"[단독] 배성우, 아티스트컴퍼니와 재계약 완료...파트너십 이어간다",연예,47,2020,04,27,10:56,9,9,0,0,0,0,0,0,0,0,0,https://news.naver.com/main/read.nhn?mode=LSD&mid=sec&sid1=106&oid=052&aid=0001433120
고아라,"배성우, 현 소속사 아티스트컴퍼니와 재계약",연예,47,2020,04,27,14:30,1,1,0,0,0,0,0,0,0,0,0,https://news.naver.com/main/read.nhn?mode=LSD&mid=sec&sid1=106&oid=009&aid=0004564718
고아라,"린지 ""강하늘·박신혜·고아라와 대학 동기..종종 만나 재밌게 지내""[화보]",연예,48,2020,05,08,14:19,19,12,0,1,0,0,0,0,0,6,0,https://news.naver.com/main/read.nhn?mode=LSD&mid=sec&sid1=106&oid=112&aid=0003296261
고아라,"조이현X고아라, 예쁜 애 옆 예쁜 애…사랑스러운 요정美",연예,48,2020,05,07,10:47,17,17,0,0,0,0,0,0,0,0,0,https://news.naver.com/main/read.nhn?mode=LSD&mid=sec&sid1=106&oid=112&aid=0003295799
고아라,"[N인터뷰]② '꽃길만 걸어요' 설정환 ""봉천동이 가진 결핍에 집중했죠""",연예,48,2020,05,08,5:50,22,22,0,0,0,0,0,0,0,0,0,https://news.naver.com/main/read.nhn?mode=LSD&mid=sec&sid1=106&oid=421&aid=0004626129
고아라,"트롯 진 임영웅, 광고도 '영웅시대' 열다",경제,48,2020,05,08,16:51,"7,637","7,426",50,1,71,89,0,0,0,0,0,https://news.naver.com/main/read.nhn?mode=LSD&mid=sec&sid1=101&oid=310&aid=0000078307
고아라,‘슬기로운 의사생활’은 ‘응답하라’가 아니다[TV와치],연예,48,2020,05,07,15:06,36,36,0,0,0,0,0,0,0,0,0,https://news.naver.com/main/read.nhn?mode=LSD&mid=sec&sid1=106&oid=609&aid=0000274688
고아라,"배우 신정근, 아티스트컴퍼니와 재계약 ""전폭적 지원과 응원""",연예,48,2020,05,04,13:46,1,1,0,0,0,0,0,0,0,0,0,https://news.naver.com/main/read.nhn?mode=LSD&mid=sec&sid1=106&oid=009&aid=0004568419
고아라,[연예수첩] 모두 이 곳을 거쳤다!…‘스타 산실’ KBS 청소년 드라마,사회,49,2020,05,15,8:45,2,2,0,0,0,0,0,0,0,0,0,https://news.naver.com/main/read.nhn?mode=LSD&mid=sec&sid1=102&oid=056&aid=0010835596
고아라,"[단독] ""신뢰 바탕 재계약""..이솜, 아티스트컴퍼니와 인연 이어간다",연예,49,2020,05,11,10:06,14,14,0,0,0,0,0,0,0,0,0,https://news.naver.com/main/read.nhn?mode=LSD&mid=sec&sid1=106&oid=076&aid=0003565910
고아라,[로터리]코로나19와 '미뇨네트' 사건,오피니언,49,2020,05,10,17:34,4,1,0,0,2,1,0,0,0,0,0,https://news.naver.com/main/read.nhn?mode=LSD&mid=sec&sid1=110&oid=011&aid=0003735066
고아라,"이솜, 정우성X이정재의 아티스트컴퍼니와 재계약 ""소중한 인연""(공식)",연예,49,2020,05,11,21:22,4,3,0,0,0,0,0,1,0,0,0,https://news.naver.com/main/read.nhn?mode=LSD&mid=sec&sid1=106&oid=404&aid=0000265956
고아라,"유연석·김대명 만취 연기→조정석 멜로 눈빛, ‘슬의생’ 메이킹 공개(ft.고아라)",연예,50,2020,05,23,17:56,88,80,0,1,0,0,6,0,1,0,0,https://news.naver.com/main/read.nhn?mode=LSD&mid=sec&sid1=106&oid=609&aid=0000280745
고아라,외국 선수 제도 변화에 대한 이훈재 감독의 시선,스포츠,50,2020,05,23,15:33,23,9,0,0,12,1,0,0,0,0,1,http://sports.news.naver.com/basketball/news/read.nhn?oid=351&aid=0000047329
고아라,"[단독]임지연, 아티스트컴퍼니 전속 계약",연예,50,2020,05,18,10:00,24,11,0,3,0,0,4,0,0,6,0,https://news.naver.com/main/read.nhn?mode=LSD&mid=sec&sid1=106&oid=241&aid=0003023878
고아라,"임지연, 아티스트컴퍼니 계약···정우성·이정재와 한솥밥",연예,50,2020,05,18,11:16,3,2,0,0,0,0,0,0,0,1,0,https://news.naver.com/main/read.nhn?mode=LSD&mid=sec&sid1=106&oid=003&aid=0009866718
고아라,"""꽃보다 미녀""..고아라, '도도솔솔라라솔' 촬영장서 '윙크' [★SHOT!]",연예,51,2020,05,30,10:04,63,52,0,0,0,0,7,0,2,2,0,https://news.naver.com/main/read.nhn?mode=LSD&mid=sec&sid1=106&oid=109&aid=0004215514
고아라,"고아라, 꽃 기죽이는 미모‥원조 미녀의 우월함",연예,51,2020,05,30,10:14,57,45,0,1,0,0,6,0,1,4,0,https://news.naver.com/main/read.nhn?mode=LSD&mid=sec&sid1=106&oid=112&aid=0003303602
고아라,안다르 '우먼 임파워먼트 부스팅' 메시지 전달,경제,51,2020,05,27,11:03,2,1,0,0,1,0,0,0,0,0,0,https://news.naver.com/main/read.nhn?mode=LSD&mid=sec&sid1=101&oid=241&aid=0003026205
고아라,"[인터뷰 종합] 전미도, 14년차 뮤지컬배우→안방 신인…'슬의생'으로 연 인생 2막",연예,51,2020,05,29,10:43,17,15,0,0,0,0,0,2,0,0,0,https://news.naver.com/main/read.nhn?mode=LSD&mid=sec&sid1=106&oid=076&aid=0003575707
고아라,"고아라, 꽃보다 더 빛나는 천상계 미모 ""예쁜 꽃다발 감사해요"" [★해시태그]",연예,51,2020,05,30,13:35,20,16,0,0,0,0,3,0,0,1,0,https://news.naver.com/main/read.nhn?mode=LSD&mid=sec&sid1=106&oid=311&aid=0001153941
고아라,"고아라, 세상 혼자 사는 미모 ‘누가 꽃이야’ [SNS★컷]",연예,51,2020,05,30,11:44,72,58,0,3,0,0,2,1,0,8,0,https://news.naver.com/main/read.nhn?mode=LSD&mid=sec&sid1=106&oid=609&aid=0000283412
고아라,안다르 SNS 캠페인 모델에 청각장애 발레리나 고아라,경제,51,2020,05,25,22:21,3,2,0,0,1,0,0,0,0,0,0,https://news.naver.com/main/read.nhn?mode=LSD&mid=sec&sid1=101&oid=057&aid=0001458593
고아라,"안다르, 다양한 콘텐츠로 ‘우먼 임파워먼트 부스팅’ 메시지 전달",경제,51,2020,05,25,15:20,1,1,0,0,0,0,0,0,0,0,0,https://news.naver.com/main/read.nhn?mode=LSD&mid=sec&sid1=101&oid=119&aid=0002403569
고아라,"[인터뷰①] '슬의생' 전미도 ""시즌2 촬영은 11월쯤…밴드 연습은 꾸준히""",연예,51,2020,05,29,8:00,8,5,0,0,0,0,1,0,0,2,0,https://news.naver.com/main/read.nhn?mode=LSD&mid=sec&sid1=106&oid=076&aid=0003575613
