김경호,"[포토] 적시타 김경호, 데뷔 첫 타점!",스포츠,0,2019,06,07,21:30,6,6,0,0,0,0,0,0,0,0,0,http://sports.news.naver.com/kbaseball/news/read.nhn?oid=076&aid=0003426492
김경호,“경기로 투쟁심 고취” 여운형은 타고난 ‘스포츠맨’ [김경호의 스포츠 GoGo학],스포츠,0,2019,06,06,21:04,1,1,0,0,0,0,0,0,0,0,0,http://sports.news.naver.com/general/news/read.nhn?oid=032&aid=0002944454
김경호,[포토에세이] 여적죄 / 김경호,오피니언,3,2019,06,24,17:35,3,3,0,0,0,0,0,0,0,0,0,https://news.naver.com/main/read.nhn?mode=LSD&mid=sec&sid1=110&oid=028&aid=0002458562
김경호,"눈물과 감동의 스토리, 한국의 IOC 가입 그리고 1948년 런던 올림픽을 향한 여정<상> [김경호의 스포츠gogo학]",스포츠,3,2019,06,28,10:00,3,0,0,2,1,0,0,0,0,0,0,http://sports.news.naver.com/general/news/read.nhn?oid=144&aid=0000618178
김경호,"두산, 23일 국해성 1군 등록…김경호 말소",스포츠,3,2019,06,23,16:07,21,8,0,5,6,0,0,0,0,0,2,http://sports.news.naver.com/kbaseball/news/read.nhn?oid=117&aid=0003235262
김경호,"‘2019 포에버 콘서트’ 김경호 “거친 음악, 포효하는 음악에 몸 담가보는 것도 좋다”",연예,5,2019,07,13,20:02,16,16,0,0,0,0,0,0,0,0,0,https://news.naver.com/main/read.nhn?mode=LSD&mid=sec&sid1=106&oid=396&aid=0000519539
김경호,"[공연리뷰] 김종서·김경호·부활 ‘2019 포에버 콘서트’, 가평 물들인 ‘록 스피릿’",연예,5,2019,07,13,23:26,19,19,0,0,0,0,0,0,0,0,0,https://news.naver.com/main/read.nhn?mode=LSD&mid=sec&sid1=106&oid=396&aid=0000519544
김경호,"눈물과 감동의 스토리, 한국의 IOC가입과 런던올림픽을 향한 여정(하) [김경호의 스포츠gogo학]",스포츠,5,2019,07,12,11:08,6,6,0,0,0,0,0,0,0,0,0,http://sports.news.naver.com/general/news/read.nhn?oid=144&aid=0000620618
김경호,"김종서-부활-김경호-박완규, 청심평화월드센터서 한 무대 선다",생활,5,2019,07,12,9:37,7,7,0,0,0,0,0,0,0,0,0,https://news.naver.com/main/read.nhn?mode=LSD&mid=sec&sid1=103&oid=396&aid=0000519371
김경호,온 국민이 함께한 대장정…찬란했던 ‘런던의 꿈’ [김경호의 스포츠 GoGo학],스포츠,5,2019,07,11,21:02,2,2,0,0,0,0,0,0,0,0,0,http://sports.news.naver.com/general/news/read.nhn?oid=032&aid=0002951089
김경호,‘2019 포에버 콘서트’ 부활 김태원 “지나고 나니 아름다운 날들…힘들지만 희열 있었다”,연예,5,2019,07,13,22:45,8,8,0,0,0,0,0,0,0,0,0,https://news.naver.com/main/read.nhn?mode=LSD&mid=sec&sid1=106&oid=396&aid=0000519542
김경호,[SW포토]김경호가 나타났다,연예,5,2019,07,13,18:51,5,5,0,0,0,0,0,0,0,0,0,https://news.naver.com/main/read.nhn?mode=LSD&mid=sec&sid1=106&oid=396&aid=0000519517
김경호,[SW포토]내가 로커 김경호다,연예,5,2019,07,13,18:22,5,5,0,0,0,0,0,0,0,0,0,https://news.naver.com/main/read.nhn?mode=LSD&mid=sec&sid1=106&oid=396&aid=0000519511
김경호,"[SW포토]김경호,'헤비메탈의 세계로'",연예,5,2019,07,13,18:26,1,1,0,0,0,0,0,0,0,0,0,https://news.naver.com/main/read.nhn?mode=LSD&mid=sec&sid1=106&oid=396&aid=0000519513
김경호,"[SW포토]김경호,'마이크 공중부양 신공'",연예,5,2019,07,13,19:07,4,4,0,0,0,0,0,0,0,0,0,https://news.naver.com/main/read.nhn?mode=LSD&mid=sec&sid1=106&oid=396&aid=0000519523
김경호,"[SW포토]김경호-김종서-박완규,'로커 3대장'",연예,5,2019,07,13,18:55,5,5,0,0,0,0,0,0,0,0,0,https://news.naver.com/main/read.nhn?mode=LSD&mid=sec&sid1=106&oid=396&aid=0000519518
김경호,"[SW포토]김경호-김종서-박완규,'포에버 콘서트'",연예,5,2019,07,13,18:57,3,3,0,0,0,0,0,0,0,0,0,https://news.naver.com/main/read.nhn?mode=LSD&mid=sec&sid1=106&oid=396&aid=0000519519
김경호,‘2019 포에버 콘서트’ 김종서 “오랜만에 무대섰다…유튜버로 활동 중”,연예,5,2019,07,13,20:02,9,9,0,0,0,0,0,0,0,0,0,https://news.naver.com/main/read.nhn?mode=LSD&mid=sec&sid1=106&oid=396&aid=0000519537
김경호,"[SW포토]'포에버 콘서트, 가평이 들썩'",연예,5,2019,07,13,18:30,1,1,0,0,0,0,0,0,0,0,0,https://news.naver.com/main/read.nhn?mode=LSD&mid=sec&sid1=106&oid=396&aid=0000519515
김경호,‘2019 포에버 콘서트’ 박완규 “대한민국 락은 죽지 않았다…다음엔 더 많은 관객과 함께”,연예,5,2019,07,13,20:01,8,8,0,0,0,0,0,0,0,0,0,https://news.naver.com/main/read.nhn?mode=LSD&mid=sec&sid1=106&oid=396&aid=0000519535
김경호,여수-고흥 간 ‘일레븐 브리지 마라톤’ 범시민 조직위원회 출범,사회,6,2019,07,18,18:17,2,0,0,0,0,2,0,0,0,0,0,https://news.naver.com/main/read.nhn?mode=LSD&mid=sec&sid1=102&oid=002&aid=0002097627
김경호,[아트1 아티스타-42] 해외 사진계가 주목한 김경호 '안개낀 밤',생활,6,2019,07,17,9:50,15,13,0,0,0,2,0,0,0,0,0,https://news.naver.com/main/read.nhn?mode=LSD&mid=sec&sid1=103&oid=003&aid=0009348075
김경호,`네오클래시컬 메탈` 선도자 기타리스트 이현석,생활,6,2019,07,19,6:02,7,6,0,0,0,1,0,0,0,0,0,https://news.naver.com/main/read.nhn?mode=LSD&mid=sec&sid1=103&oid=009&aid=0004394887
김경호,"'슈퍼히어러' 김종진, 노래 대신 수학적 접근..김경호 선택 [별별TV]",연예,6,2019,07,15,12:33,1,1,0,0,0,0,0,0,0,0,0,https://news.naver.com/main/read.nhn?mode=LSD&mid=sec&sid1=106&oid=108&aid=0002796977
김경호,'라디오스타' 박명훈·김가연·김경호·안일권이 공개한 #탈모 #'기생충' #마동석 #실명위기,연예,7,2019,07,25,12:49,1,1,0,0,0,0,0,0,0,0,0,https://news.naver.com/main/read.nhn?mode=LSD&mid=sec&sid1=106&oid=468&aid=0000539366
김경호,"'라스' 김경호, 무대 위 아찔했던 흑역사 ""마이크 데굴데굴 굴러가""",연예,7,2019,07,23,8:27,5,5,0,0,0,0,0,0,0,0,0,https://news.naver.com/main/read.nhn?mode=LSD&mid=sec&sid1=106&oid=241&aid=0002940762
김경호,'라디오스타' 7/24 게스트 김경호·박명훈·김가연·안일권 나이는?,연예,7,2019,07,24,15:00,1,1,0,0,0,0,0,0,0,0,0,https://news.naver.com/main/read.nhn?mode=LSD&mid=sec&sid1=106&oid=088&aid=0000604438
김경호,"'라스' 김경호 ""올해 데뷔 25주년..머리카락은 여전""",연예,7,2019,07,25,12:32,8,8,0,0,0,0,0,0,0,0,0,https://news.naver.com/main/read.nhn?mode=LSD&mid=sec&sid1=106&oid=108&aid=0002799393
김경호,"'라디오스타' 김경호, 과거에서 멈춘 그의 시간..'노친돌' 매력으로 폭소",연예,7,2019,07,25,9:34,1,1,0,0,0,0,0,0,0,0,0,https://news.naver.com/main/read.nhn?mode=LSD&mid=sec&sid1=106&oid=011&aid=0003592410
김경호,"'라디오스타' 김경호, 무대 위 흑역사 공개 ""마이크가 데굴데굴""",연예,7,2019,07,23,19:44,5,5,0,0,0,0,0,0,0,0,0,https://news.naver.com/main/read.nhn?mode=LSD&mid=sec&sid1=106&oid=215&aid=0000796539
김경호,"'라디오스타' 김경호,아찔 흑역사부터 위험한 술버릇까지!",연예,7,2019,07,23,10:19,4,4,0,0,0,0,0,0,0,0,0,https://news.naver.com/main/read.nhn?mode=LSD&mid=sec&sid1=106&oid=408&aid=0000075769
김경호,"'라스' 김경호, 무대 위 아찔 흑역사 공개…'공연神'의 존재감",연예,7,2019,07,23,8:11,4,4,0,0,0,0,0,0,0,0,0,https://news.naver.com/main/read.nhn?mode=LSD&mid=sec&sid1=106&oid=468&aid=0000538334
김경호,"'라스' 김경호, 위험한 술버릇 고백…말귀 못 알아듣는 유일한 친구 정체는?",연예,7,2019,07,23,8:31,5,5,0,0,0,0,0,0,0,0,0,https://news.naver.com/main/read.nhn?mode=LSD&mid=sec&sid1=106&oid=076&aid=0003445511
김경호,[법이 없다] 직접 심판 '주민소환제'…실상은 있으나 마나?,정치,8,2019,07,28,20:24,102,0,1,0,94,7,0,0,0,0,0,https://news.naver.com/main/read.nhn?mode=LSD&mid=sec&sid1=100&oid=214&aid=0000967638
김경호,"[유희열의 스케치북] 소찬휘-김경호-박완규, BTRS ‘방탕 록커 성인단’ 결성!",,9,2019,08,10,8:50,5,5,0,0,0,0,0,0,0,0,0,https://news.naver.com/main/read.nhn?mode=LSD&mid=sec&sid1=004&oid=438&aid=0000025442
김경호,"'유스케' 김경호 ""팬클럽 어미들, 꼭 지켜 달라"" 당부",연예,9,2019,08,10,7:00,25,25,0,0,0,0,0,0,0,0,0,https://news.naver.com/main/read.nhn?mode=LSD&mid=sec&sid1=106&oid=117&aid=0003258219
김경호,"‘스케치북’ 김경호 박완규 소찬휘 “우린 록커 BTS, 팬클럽 이름은 ‘어미’”",연예,9,2019,08,09,23:22,19,19,0,0,0,0,0,0,0,0,0,https://news.naver.com/main/read.nhn?mode=LSD&mid=sec&sid1=106&oid=609&aid=0000152530
김경호,[유희열의 스케치북] 기타 치는 싱어송라이터 적재 ♬ 별 보러 가자,,9,2019,08,10,9:20,4,4,0,0,0,0,0,0,0,0,0,https://news.naver.com/main/read.nhn?mode=LSD&mid=sec&sid1=004&oid=438&aid=0000025444
김경호,"日, 정부관계자 수출규제 ""오판했다"" 인정…日, 시민도 'NO 아베' 규탄",세계,9,2019,08,09,13:18,88,75,0,0,10,3,0,0,0,0,0,https://news.naver.com/main/read.nhn?mode=LSD&mid=sec&sid1=104&oid=022&aid=0003387891
김경호,"'유스케' 김경호 ""우리는 록계의 BTS→BTRS… 방탄 아니라 방탕 록커 성인단""",연예,9,2019,08,09,23:20,19,19,0,0,0,0,0,0,0,0,0,https://news.naver.com/main/read.nhn?mode=LSD&mid=sec&sid1=106&oid=117&aid=0003258194
김경호,"[유희열의 스케치북] 산뜻한 목소리 박보람, ♬ 예뻐졌다 ‘청량 댄스곡’",,9,2019,08,10,9:30,2,1,0,0,1,0,0,0,0,0,0,https://news.naver.com/main/read.nhn?mode=LSD&mid=sec&sid1=004&oid=438&aid=0000025445
김경호,[유희열의 스케치북] ‘유스케X뮤지션’ 다비치가 부른 러브송 ♬ 쿨의 ‘아로하’ ▶,,9,2019,08,10,9:06,2,1,0,0,1,0,0,0,0,0,0,https://news.naver.com/main/read.nhn?mode=LSD&mid=sec&sid1=004&oid=438&aid=0000025443
김경호,"성수기 공항, 일본 여행객만 10.8% 감소'…일 여행 80% 줄면 성장률 0.1%p 하락 전망",세계,10,2019,08,13,16:32,19,14,0,0,5,0,0,0,0,0,0,https://news.naver.com/main/read.nhn?mode=LSD&mid=sec&sid1=104&oid=022&aid=0003388826
김경호,[연예수첩] 시선 강탈! 화제의 1분,연예,10,2019,08,12,8:53,12,12,0,0,0,0,0,0,0,0,0,https://news.naver.com/main/read.nhn?mode=LSD&mid=sec&sid1=106&oid=056&aid=0010731458
김경호,"[SC인&아웃]두산 김승회 팔꿈치 부상 말소, 내일 검진 예정",스포츠,10,2019,08,15,15:07,62,3,0,45,13,0,0,0,0,0,1,http://sports.news.naver.com/kbaseball/news/read.nhn?oid=076&aid=0003455073
김경호,"[스포츠타임 현장] '팔꿈치 불편' 두산 김승회, 1군 엔트리 말소",스포츠,10,2019,08,15,14:54,18,1,0,10,5,1,0,0,0,0,1,http://sports.news.naver.com/kbaseball/news/read.nhn?oid=477&aid=0000201784
김경호,두산 '맏형' 김승회 팔꿈치 이상으로 제외…야수 3명 등록,스포츠,10,2019,08,15,15:08,22,0,0,5,15,2,0,0,0,0,0,http://sports.news.naver.com/kbaseball/news/read.nhn?oid=241&aid=0002948267
김경호,"프로야구 두산 불펜 김승회, 팔꿈치 통증으로 엔트리 제외",스포츠,10,2019,08,15,15:05,4,1,0,2,1,0,0,0,0,0,0,http://sports.news.naver.com/kbaseball/news/read.nhn?oid=001&aid=0011021355
김경호,"두산 불펜 악재, 김승회 팔꿈치 통증으로 1군 제외",스포츠,10,2019,08,15,15:00,16,1,0,12,3,0,0,0,0,0,0,http://sports.news.naver.com/kbaseball/news/read.nhn?oid=117&aid=0003260281
김경호,"혁신성장 산업, 내년 4조 7천억 원 투입",경제,11,2019,08,21,17:13,13,4,0,0,9,0,0,0,0,0,0,https://news.naver.com/main/read.nhn?mode=LSD&mid=sec&sid1=101&oid=214&aid=0000973708
김경호,'칼 가는' 日 경제산업성…수출 규제 어딜 찌를까,경제,11,2019,08,23,19:48,28,2,0,0,25,1,0,0,0,0,0,https://news.naver.com/main/read.nhn?mode=LSD&mid=sec&sid1=101&oid=214&aid=0000974387
김경호,[포토에세이] 가을 / 김경호,오피니언,11,2019,08,19,17:10,1,1,0,0,0,0,0,0,0,0,0,https://news.naver.com/main/read.nhn?mode=LSD&mid=sec&sid1=110&oid=028&aid=0002465064
김경호,[연예수첩] ‘이제 그만~’…스타들의 지우고 싶은 별별 일화,연예,11,2019,08,23,8:37,4,4,0,0,0,0,0,0,0,0,0,https://news.naver.com/main/read.nhn?mode=LSD&mid=sec&sid1=106&oid=056&aid=0010735353
김경호,"'비스' 허영생, 김경호·GD·김준수·민경훈 '완벽 모창'[별별TV]",연예,11,2019,08,20,21:32,15,15,0,0,0,0,0,0,0,0,0,https://news.naver.com/main/read.nhn?mode=LSD&mid=sec&sid1=106&oid=108&aid=0002805140
김경호,"3년 만에 '반성 담은' 입장문…""기회 달라"" 호소도",경제,12,2019,08,29,19:43,15,5,0,4,6,0,0,0,0,0,0,https://news.naver.com/main/read.nhn?mode=LSD&mid=sec&sid1=101&oid=214&aid=0000975832
김경호,"예견된 공격…""결과 보여주자"" 눈물의 대책 브리핑",경제,12,2019,08,28,19:44,22,16,0,0,5,1,0,0,0,0,0,https://news.naver.com/main/read.nhn?mode=LSD&mid=sec&sid1=101&oid=214&aid=0000975497
김경호,경제활력에 2조 6천억 원 투입…재정 집행 최고로,경제,13,2019,09,04,24:05,73,6,0,0,65,2,0,0,0,0,0,https://news.naver.com/main/read.nhn?mode=LSD&mid=sec&sid1=101&oid=214&aid=0000977088
김경호,日 규제 피한 '접는 필름'…다음엔 완전 국산화?,경제,13,2019,09,05,20:06,65,57,1,2,5,0,0,0,0,0,0,https://news.naver.com/main/read.nhn?mode=LSD&mid=sec&sid1=101&oid=214&aid=0000977483
김경호,헝가리 유람선 사고 100일…“잊지 않겠습니다”,사회,13,2019,09,04,19:59,8,0,0,8,0,0,0,0,0,0,0,https://news.naver.com/main/read.nhn?mode=LSD&mid=sec&sid1=102&oid=056&aid=0010739642
김경호,日 경제 보복에 반격을…'WTO 제소' 칼 빼든 정부,경제,14,2019,09,11,20:12,203,124,2,2,72,3,0,0,0,0,0,https://news.naver.com/main/read.nhn?mode=LSD&mid=sec&sid1=101&oid=214&aid=0000978893
김경호,"친절해진 주말 '뉴스데스크', 변화 위한 앵커의 남다른 시도",연예,14,2019,09,11,13:44,3,3,0,0,0,0,0,0,0,0,0,https://news.naver.com/main/read.nhn?mode=LSD&mid=sec&sid1=106&oid=047&aid=0002239834
김경호,'쇠파이프 폭행' 당하고 2달 뒤에 또…피의자는 '입 꾹',사회,14,2019,09,10,20:51,203,0,0,2,195,6,0,0,0,0,0,https://news.naver.com/main/read.nhn?mode=LSD&mid=sec&sid1=102&oid=055&aid=0000757854
김경호,경찰 신고했는데 또 '쇠파이프 폭행'…입 다문 피의자,사회,14,2019,09,11,8:05,274,2,0,4,263,5,0,0,0,0,0,https://news.naver.com/main/read.nhn?mode=LSD&mid=sec&sid1=102&oid=055&aid=0000757927
김경호,"'檢개혁 정면돌파' 文대통령, '曺 임명'…승부수 될까? [김기자의 현장+]",사회,14,2019,09,09,23:02,551,306,0,0,244,1,0,0,0,0,0,https://news.naver.com/main/read.nhn?mode=LSD&mid=sec&sid1=102&oid=022&aid=0003396414
김경호,네 농장 모두 北 인접…임진강 따라 오염원 넘어왔나,경제,15,2019,09,20,19:55,57,0,1,6,47,3,0,0,0,0,0,https://news.naver.com/main/read.nhn?mode=LSD&mid=sec&sid1=101&oid=214&aid=0000980736
김경호,"확산 우려에 살처분 범위 확대…""가용 자원 역량 총동원""",사회,15,2019,09,19,24:05,11,5,0,1,4,1,0,0,0,0,0,https://news.naver.com/main/read.nhn?mode=LSD&mid=sec&sid1=102&oid=214&aid=0000980359
김경호,"살처분 범위 확대…""가용 자원·역량 총동원""",,15,2019,09,19,9:38,2,1,0,1,0,0,0,0,0,0,0,https://news.naver.com/main/read.nhn?mode=LSD&mid=sec&sid1=004&oid=214&aid=0000980315
김경호,"'국민가수' 김경호X조성모, '낭만클럽' 출격…역대급 라이브 무대",연예,16,2019,09,23,15:16,4,2,0,2,0,0,0,0,0,0,0,https://news.naver.com/main/read.nhn?mode=LSD&mid=sec&sid1=106&oid=468&aid=0000566050
김경호,‘낭만클럽’ 황석정 눈물 흘린 김경호 사연,연예,16,2019,09,24,20:12,8,6,0,2,0,0,0,0,0,0,0,https://news.naver.com/main/read.nhn?mode=LSD&mid=sec&sid1=106&oid=144&aid=0000633167
김경호,'낭만클럽' 김경호X조성모가 뜬다...역대급 라이브 무대,연예,16,2019,09,23,18:45,2,0,0,2,0,0,0,0,0,0,0,https://news.naver.com/main/read.nhn?mode=LSD&mid=sec&sid1=106&oid=015&aid=0004213212
김경호,"‘낭만클럽’ 김경호 “최근 친형 사망, 준비되지 않은 이별”",연예,16,2019,09,23,16:51,11,2,0,9,0,0,0,0,0,0,0,https://news.naver.com/main/read.nhn?mode=LSD&mid=sec&sid1=106&oid=081&aid=0003030771
김경호,'낭만클럽' 김경호x조성모 뜬다…눈물로 추억하는 가족 이야기,연예,16,2019,09,23,14:52,25,21,0,4,0,0,0,0,0,0,0,https://news.naver.com/main/read.nhn?mode=LSD&mid=sec&sid1=106&oid=421&aid=0004209975
김경호,"‘낭만클럽’ 김경호, 친형 사망 고백…그리운 마음 전해",연예,16,2019,09,23,15:22,16,0,0,16,0,0,0,0,0,0,0,https://news.naver.com/main/read.nhn?mode=LSD&mid=sec&sid1=106&oid=382&aid=0000763146
김경호,"""뭉클 그 자체""..'낭만클럽', 김경호X조성모, 레전드 가수들의 눈물의 가족史",연예,16,2019,09,24,16:48,6,6,0,0,0,0,0,0,0,0,0,https://news.naver.com/main/read.nhn?mode=LSD&mid=sec&sid1=106&oid=112&aid=0003215524
김경호,`김경호의 워너비` 마이클 스위트의 `가스펠 메탈 밴드` 스트라이퍼,생활,17,2019,10,05,6:02,5,4,0,0,1,0,0,0,0,0,0,https://news.naver.com/main/read.nhn?mode=LSD&mid=sec&sid1=103&oid=009&aid=0004439346
김경호,"[단독] 사장 공모 '1등'의 비결…""내부 문건 빼돌려 준비""",사회,17,2019,10,02,20:14,148,3,0,2,129,14,0,0,0,0,0,https://news.naver.com/main/read.nhn?mode=LSD&mid=sec&sid1=102&oid=214&aid=0000983636
김경호,가능성 '희박'하다더니…'10만' 멧돼지 대책 있나,경제,17,2019,10,03,20:01,469,5,1,5,447,11,0,0,0,0,0,https://news.naver.com/main/read.nhn?mode=LSD&mid=sec&sid1=101&oid=214&aid=0000983864
김경호,"철도노조 오늘부터 파업…""운행정보 확인해야""",경제,18,2019,10,11,6:03,49,24,0,1,24,0,0,0,0,0,0,https://news.naver.com/main/read.nhn?mode=LSD&mid=sec&sid1=101&oid=214&aid=0000985504
김경호,"9천억 들여 결함 '정면돌파'…""폐차 때까지 책임""",경제,18,2019,10,11,20:10,141,47,1,4,85,4,0,0,0,0,0,https://news.naver.com/main/read.nhn?mode=LSD&mid=sec&sid1=101&oid=214&aid=0000985751
김경호,"철도노조 오늘부터 파업…""운행정보 확인해야""",경제,18,2019,10,11,6:30,5,0,0,0,5,0,0,0,0,0,0,https://news.naver.com/main/read.nhn?mode=LSD&mid=sec&sid1=101&oid=214&aid=0000985537
김경호,"'불후' 김경호, 강렬 록으로 남경주·정상윤·김준영 꺾고 1승",연예,20,2019,10,26,19:54,15,15,0,0,0,0,0,0,0,0,0,https://news.naver.com/main/read.nhn?mode=LSD&mid=sec&sid1=106&oid=421&aid=0004271365
김경호,"[불후의 명곡] ‘폭발적인 록 스피릿’ 김경호, 인순이 히트곡 ‘또’ 재해석한 화려한 무대",연예,20,2019,10,26,20:43,3,3,0,0,0,0,0,0,0,0,0,https://news.naver.com/main/read.nhn?mode=LSD&mid=sec&sid1=106&oid=438&aid=0000026399
김경호,"'불후' 김경호, 인순이 '또'로 1승차지..귀여운 댄스 자축[별별TV]",연예,20,2019,10,26,19:57,2,1,0,1,0,0,0,0,0,0,0,https://news.naver.com/main/read.nhn?mode=LSD&mid=sec&sid1=106&oid=108&aid=0002819371
김경호,"`불후의 명곡` 김경호, 뮤지컬 세종 1446팀 꺾고 첫 승",연예,20,2019,10,26,19:51,1,1,0,0,0,0,0,0,0,0,0,https://news.naver.com/main/read.nhn?mode=LSD&mid=sec&sid1=106&oid=009&aid=0004451920
김경호,‘불후의 명곡’ 김경호 “장나라 닮은꼴? 청순한 장나라에 미안한 마음”,연예,20,2019,10,26,19:34,1,1,0,0,0,0,0,0,0,0,0,https://news.naver.com/main/read.nhn?mode=LSD&mid=sec&sid1=106&oid=410&aid=0000637969
김경호,"김경호 ""장나라 닮은꼴? 어떻게 나와 비교를…""('불후의 명곡')",연예,20,2019,10,26,20:15,9,8,0,1,0,0,0,0,0,0,0,https://news.naver.com/main/read.nhn?mode=LSD&mid=sec&sid1=106&oid=082&aid=0000952396
김경호,"[불후의 명곡] 허각 “아버지, 어머니 없이 쌍둥이 형제 키웠다..이 세상 모든 아버지께 이 곡을 바칩니다”",연예,20,2019,10,26,20:58,128,65,0,63,0,0,0,0,0,0,0,https://news.naver.com/main/read.nhn?mode=LSD&mid=sec&sid1=106&oid=438&aid=0000026401
김경호,"[불후의 명곡] 뮤지컬 〈세종, 1446〉팀 (남경주&정상윤&김준영), 무대 위에 펼쳐낸 뮤지컬 무대 ‘거위의 꿈’",연예,20,2019,10,26,20:49,2,2,0,0,0,0,0,0,0,0,0,https://news.naver.com/main/read.nhn?mode=LSD&mid=sec&sid1=106&oid=438&aid=0000026400
김경호,"[종합] `불후의 명곡` 미라클라스, 첫 출연에 `인순이 편` 최종 우승 차지",연예,20,2019,10,26,20:51,59,59,0,0,0,0,0,0,0,0,0,https://news.naver.com/main/read.nhn?mode=LSD&mid=sec&sid1=106&oid=009&aid=0004451924
김경호,"'불후의 명곡' 미라클라스, 폭풍 성량+파워풀 에너지 '첫 출연에 최종 우승'(종합)",연예,20,2019,10,26,20:53,23,23,0,0,0,0,0,0,0,0,0,https://news.naver.com/main/read.nhn?mode=LSD&mid=sec&sid1=106&oid=112&aid=0003227788
김경호,"WTO 개도국 지위 포기… ""더 이상 특혜 주장 안 해""",,20,2019,10,25,9:33,77,31,0,2,39,5,0,0,0,0,0,https://news.naver.com/main/read.nhn?mode=LSD&mid=sec&sid1=004&oid=214&aid=0000988844
김경호,"한전 사장 ""할인 더 못 해""…'전기차'까지 타격?",경제,21,2019,10,30,20:03,749,73,5,2,657,12,0,0,0,0,0,https://news.naver.com/main/read.nhn?mode=LSD&mid=sec&sid1=101&oid=214&aid=0000990085
김경호,"'보이스퀸' 강호동·김경호, 주부 참가자들 실력에 ""예상 밖이다"" 감탄",연예,21,2019,10,29,11:18,4,4,0,0,0,0,0,0,0,0,0,https://news.naver.com/main/read.nhn?mode=LSD&mid=sec&sid1=106&oid=468&aid=0000583843
김경호,"""웃음과 감동 교차…"" '보이스퀸' 첫 티저 공개",연예,21,2019,10,29,16:09,2,2,0,0,0,0,0,0,0,0,0,https://news.naver.com/main/read.nhn?mode=LSD&mid=sec&sid1=106&oid=241&aid=0002974188
김경호,[공식]'보이스퀸' 11월 14일 첫 방송…강호동도 놀란 주부들의 가창력 열전,연예,21,2019,10,29,11:34,4,4,0,0,0,0,0,0,0,0,0,https://news.naver.com/main/read.nhn?mode=LSD&mid=sec&sid1=106&oid=076&aid=0003488808
김경호,"‘보이스퀸’, 강호동도 놀란 흥 폭발 무대 온다",연예,21,2019,10,29,11:50,6,6,0,0,0,0,0,0,0,0,0,https://news.naver.com/main/read.nhn?mode=LSD&mid=sec&sid1=106&oid=469&aid=0000435052
김경호,‘보이스퀸’ 강호동 놀라게 한 흥 폭발 주부들의 가창력 열전,연예,21,2019,10,29,24:25,2,2,0,0,0,0,0,0,0,0,0,https://news.naver.com/main/read.nhn?mode=LSD&mid=sec&sid1=106&oid=144&aid=0000639337
김경호,짜고 친 사장 면접?…공모 가능성 조사,사회,22,2019,11,08,7:36,3,1,0,0,2,0,0,0,0,0,0,https://news.naver.com/main/read.nhn?mode=LSD&mid=sec&sid1=102&oid=214&aid=0000992205
김경호,김경호 '샤우팅 하트',연예,22,2019,11,04,11:56,7,7,0,0,0,0,0,0,0,0,0,https://news.naver.com/main/read.nhn?mode=LSD&mid=sec&sid1=106&oid=001&aid=0011187982
김경호,"[사진]김경호,'수줍은 록커'",연예,22,2019,11,04,24:17,12,12,0,0,0,0,0,0,0,0,0,https://news.naver.com/main/read.nhn?mode=LSD&mid=sec&sid1=106&oid=109&aid=0004114309
김경호,[포토]수줍게 하트 만들어보이는 김경호,연예,22,2019,11,04,24:18,8,8,0,0,0,0,0,0,0,0,0,https://news.naver.com/main/read.nhn?mode=LSD&mid=sec&sid1=106&oid=468&aid=0000586723
김경호,[TEN PHOTO] 김경호 '록의 자존심',연예,22,2019,11,04,11:40,3,3,0,0,0,0,0,0,0,0,0,https://news.naver.com/main/read.nhn?mode=LSD&mid=sec&sid1=106&oid=312&aid=0000418559
김경호,[포토] 김경호 '서바이벌 예능 합류',연예,22,2019,11,04,24:04,3,3,0,0,0,0,0,0,0,0,0,https://news.naver.com/main/read.nhn?mode=LSD&mid=sec&sid1=106&oid=076&aid=0003491427
김경호,김경호 `귀엽게 하트~` [MK포토],연예,22,2019,11,04,11:44,4,4,0,0,0,0,0,0,0,0,0,https://news.naver.com/main/read.nhn?mode=LSD&mid=sec&sid1=106&oid=410&aid=0000640410
김경호,김경호 '청순한 로커'[엑's HD포토],연예,22,2019,11,04,11:41,3,3,0,0,0,0,0,0,0,0,0,https://news.naver.com/main/read.nhn?mode=LSD&mid=sec&sid1=106&oid=311&aid=0001069470
김경호,김경호 ‘무대 분위기 보고 깜놀~’[포토엔HD],연예,22,2019,11,04,11:43,3,3,0,0,0,0,0,0,0,0,0,https://news.naver.com/main/read.nhn?mode=LSD&mid=sec&sid1=106&oid=609&aid=0000197720
김경호,"[단독]김경호 서울시농수산식품공사 사장 ""공모 떨어진 직원 앙심 품고 제기 양심·법적 문제 결코 없어""",사회,22,2019,11,08,10:42,2,1,0,0,1,0,0,0,0,0,0,https://news.naver.com/main/read.nhn?mode=LSD&mid=sec&sid1=102&oid=277&aid=0004568897
김경호,'직원이 서류작성' 서울농수산식품공사 사장 영장 반려,사회,22,2019,11,08,22:44,2,0,0,0,2,0,0,0,0,0,0,https://news.naver.com/main/read.nhn?mode=LSD&mid=sec&sid1=102&oid=421&aid=0004295025
김경호,'직원이 서류 작성' 서울농수산식품공사 사장 영장 신청,사회,22,2019,11,07,22:27,2,0,0,1,1,0,0,0,0,0,0,https://news.naver.com/main/read.nhn?mode=LSD&mid=sec&sid1=102&oid=421&aid=0004293331
김경호,"[단독] 짜고 친 사장 면접?…""질문 미리 다 알고 들어가""",사회,22,2019,11,07,20:25,80,3,1,1,73,2,0,0,0,0,0,https://news.naver.com/main/read.nhn?mode=LSD&mid=sec&sid1=102&oid=214&aid=0000992106
김경호,"[포토] 김경호, 록커라면 하트",연예,22,2019,11,04,11:41,17,17,0,0,0,0,0,0,0,0,0,https://news.naver.com/main/read.nhn?mode=LSD&mid=sec&sid1=106&oid=009&aid=0004456926
김경호,"[사진]김경호,'록커의 사랑스러운 하트'",연예,22,2019,11,04,24:16,5,5,0,0,0,0,0,0,0,0,0,https://news.naver.com/main/read.nhn?mode=LSD&mid=sec&sid1=106&oid=109&aid=0004114308
김경호,[MD포토] 김경호 '경호언니의 수줍은 하트',연예,22,2019,11,04,11:25,6,6,0,0,0,0,0,0,0,0,0,https://news.naver.com/main/read.nhn?mode=LSD&mid=sec&sid1=106&oid=117&aid=0003296442
김경호,[포토]주부들을 위한 '보이스퀸' 제작발표회,연예,22,2019,11,04,11:42,5,5,0,0,0,0,0,0,0,0,0,https://news.naver.com/main/read.nhn?mode=LSD&mid=sec&sid1=106&oid=468&aid=0000586686
김경호,"[포토]'보이스퀸' 제작발표회, 당신이 바로 보이스퀸!",연예,22,2019,11,04,11:39,5,5,0,0,0,0,0,0,0,0,0,https://news.naver.com/main/read.nhn?mode=LSD&mid=sec&sid1=106&oid=468&aid=0000586682
김경호,[포토]주부 대상 서바이벌 '보이스퀸' 제작발표회,연예,22,2019,11,04,11:35,5,5,0,0,0,0,0,0,0,0,0,https://news.naver.com/main/read.nhn?mode=LSD&mid=sec&sid1=106&oid=468&aid=0000586678
김경호,김경호 `록커의 상큼 하트` [MK포토],연예,22,2019,11,04,11:43,3,3,0,0,0,0,0,0,0,0,0,https://news.naver.com/main/read.nhn?mode=LSD&mid=sec&sid1=106&oid=410&aid=0000640408
김경호,김경호 `생머리 자랑하며 등장` [MK포토],연예,22,2019,11,04,11:43,2,2,0,0,0,0,0,0,0,0,0,https://news.naver.com/main/read.nhn?mode=LSD&mid=sec&sid1=106&oid=410&aid=0000640405
김경호,보이스퀸 `10인의 퀸메이커` [MK포토],연예,22,2019,11,04,11:52,3,3,0,0,0,0,0,0,0,0,0,https://news.naver.com/main/read.nhn?mode=LSD&mid=sec&sid1=106&oid=410&aid=0000640421
김경호,김경호 '로커의 품격'[엑's HD포토],연예,22,2019,11,04,13:21,3,3,0,0,0,0,0,0,0,0,0,https://news.naver.com/main/read.nhn?mode=LSD&mid=sec&sid1=106&oid=311&aid=0001069523
김경호,김경호 '카리스마는 버리고~'[엑's HD포토],연예,22,2019,11,04,13:22,3,3,0,0,0,0,0,0,0,0,0,https://news.naver.com/main/read.nhn?mode=LSD&mid=sec&sid1=106&oid=311&aid=0001069524
김경호,“강남역 진흥상가 불길 대부분 잡았다” 소방관 등 14명 부상,사회,23,2019,11,15,16:49,3,2,0,0,1,0,0,0,0,0,0,https://news.naver.com/main/read.nhn?mode=LSD&mid=sec&sid1=102&oid=022&aid=0003414530
김경호,돼지 핏물 '스며든' 임진강…폭우까지 '설상가상',경제,23,2019,11,13,19:55,34,0,0,1,32,1,0,0,0,0,0,https://news.naver.com/main/read.nhn?mode=LSD&mid=sec&sid1=101&oid=214&aid=0000993429
김경호,[U-Stagram] KT 위즈 천성호(단국대) “최고가 되려면 최선을 다하자”-<1>,스포츠,23,2019,11,12,12:16,9,7,0,0,0,0,0,0,0,0,2,http://sports.news.naver.com/general/news/read.nhn?oid=573&aid=0000004789
김경호,"'보이스퀸' 첫 탈락자 김혜진, 김경호 ""꺾기가 안 돼"" 문제 지적",연예,24,2019,11,21,22:37,11,11,0,0,0,0,0,0,0,0,0,https://news.naver.com/main/read.nhn?mode=LSD&mid=sec&sid1=106&oid=015&aid=0004245475
김경호,‘동분당KCC스위첸 파티오’ 부실시공 논란…입주예정자 ‘기울어짐·누수·시공불량’ 반발,경제,24,2019,11,22,20:02,17,2,0,2,12,1,0,0,0,0,0,https://news.naver.com/main/read.nhn?mode=LSD&mid=sec&sid1=101&oid=022&aid=0003416441
김경호,미쉐린 '억대 별 장사' 논란에 유명 셰프 “이름 오른 건 모욕” 고소,사회,24,2019,11,18,14:10,9,0,0,0,9,0,0,0,0,0,0,https://news.naver.com/main/read.nhn?mode=LSD&mid=sec&sid1=102&oid=022&aid=0003415038
김경호,"주인에게만 귀여운 '맹견'…""보험 안 들면 못 키워""",사회,25,2019,11,29,19:58,240,215,3,3,16,3,0,0,0,0,0,https://news.naver.com/main/read.nhn?mode=LSD&mid=sec&sid1=102&oid=214&aid=0000997304
김경호,"‘보이스퀸’ 김경호, 60대 록커 등장에 눈물…왜? [MK★TV컷]",연예,25,2019,11,28,21:23,12,12,0,0,0,0,0,0,0,0,0,https://news.naver.com/main/read.nhn?mode=LSD&mid=sec&sid1=106&oid=410&aid=0000647806
김경호,"""감격스러워""…'보이스퀸' 안소정, 김경호 울린 열정의 60대 록커 [전일야화]",연예,25,2019,11,29,6:36,8,8,0,0,0,0,0,0,0,0,0,https://news.naver.com/main/read.nhn?mode=LSD&mid=sec&sid1=106&oid=311&aid=0001080960
김경호,"“준공 허가 절대 반대” 동분당KCC스위첸 파티오…""오만하다"" 뿔난 입주 예정자들",경제,25,2019,11,29,10:45,29,5,0,0,8,16,0,0,0,0,0,https://news.naver.com/main/read.nhn?mode=LSD&mid=sec&sid1=101&oid=022&aid=0003418119
김경호,보이스퀸 시청률 고공행진…목요예능 `왕좌`,연예,25,2019,11,29,13:45,5,5,0,0,0,0,0,0,0,0,0,https://news.naver.com/main/read.nhn?mode=LSD&mid=sec&sid1=106&oid=009&aid=0004473018
김경호,"진민호 ""학창시절 신이었던 김경호, 내 노래 커버 해줬으면"" [엑's 현장]",연예,25,2019,11,28,17:50,4,4,0,0,0,0,0,0,0,0,0,https://news.naver.com/main/read.nhn?mode=LSD&mid=sec&sid1=106&oid=311&aid=0001080796
김경호,"‘보이스퀸’ 김경호, 파워풀 60대 록커 등장에 눈물",연예,25,2019,11,28,18:05,14,14,0,0,0,0,0,0,0,0,0,https://news.naver.com/main/read.nhn?mode=LSD&mid=sec&sid1=106&oid=009&aid=0004472667
김경호,‘보이스퀸’ 파워풀 60대 록커 노래에 김경호 ‘눈물’ [채널예약],연예,25,2019,11,28,10:40,10,10,0,0,0,0,0,0,0,0,0,https://news.naver.com/main/read.nhn?mode=LSD&mid=sec&sid1=106&oid=144&aid=0000644432
김경호,"‘보이스퀸’ 김경호, 파워풀 60대 록커 주부 무대에 ‘눈물’",연예,25,2019,11,28,10:39,27,27,0,0,0,0,0,0,0,0,0,https://news.naver.com/main/read.nhn?mode=LSD&mid=sec&sid1=106&oid=109&aid=0004126990
김경호,보이스퀸 시청률 고공행진…목요 예능 `왕좌`,연예,25,2019,11,29,17:26,16,15,0,1,0,0,0,0,0,0,0,https://news.naver.com/main/read.nhn?mode=LSD&mid=sec&sid1=106&oid=009&aid=0004473286
김경호,"[다녀가요] 진민호, '초고음' 신곡 '반만'으로 무명 설움 깰까",연예,25,2019,11,28,15:08,10,10,0,0,0,0,0,0,0,0,0,https://news.naver.com/main/read.nhn?mode=LSD&mid=sec&sid1=106&oid=079&aid=0003296602
김경호,"[사진]김경호,'연탄 지나갈게요'",스포츠,26,2019,12,05,16:24,2,1,0,0,0,0,0,0,0,0,1,http://sports.news.naver.com/kbaseball/news/read.nhn?oid=109&aid=0004130835
김경호,"[사진]김경호,'이웃에게 사랑을 나눠요'",스포츠,26,2019,12,05,15:49,1,0,0,0,0,0,0,0,0,0,1,http://sports.news.naver.com/kbaseball/news/read.nhn?oid=109&aid=0004130774
김경호,"인천 동구, 13일 송년음악회 개최…인기가수 출연",생활,26,2019,12,06,11:35,1,1,0,0,0,0,0,0,0,0,0,https://news.naver.com/main/read.nhn?mode=LSD&mid=sec&sid1=103&oid=014&aid=0004339039
김경호,"5대 유망 식품분야 집중 육성…""신성장 동력""",경제,26,2019,12,04,24:12,8,1,1,0,5,1,0,0,0,0,0,https://news.naver.com/main/read.nhn?mode=LSD&mid=sec&sid1=101&oid=214&aid=0000998197
김경호,‘12ㆍ12 사태 40년’ 무릎꿇은 전두환 광화문에 등장 [밀착취재],사회,27,2019,12,12,18:47,151,21,1,0,128,1,0,0,0,0,0,https://news.naver.com/main/read.nhn?mode=LSD&mid=sec&sid1=102&oid=022&aid=0003421644
김경호,"""오늘 보실 상품은 자동차""…별것 다 파는 '홈쇼핑'",경제,27,2019,12,11,20:34,9,5,1,0,2,1,0,0,0,0,0,https://news.naver.com/main/read.nhn?mode=LSD&mid=sec&sid1=101&oid=214&aid=0000999903
김경호,"""오늘 보실 상품은 자동차""…별것 다 파는 '홈쇼핑'",경제,27,2019,12,12,7:35,5,1,0,0,2,2,0,0,0,0,0,https://news.naver.com/main/read.nhn?mode=LSD&mid=sec&sid1=101&oid=214&aid=0001000013
김경호,"'보이스퀸' 화제의 참가자 조엘라 ""신혼여행 가서도 노래 연습""",연예,27,2019,12,12,18:00,17,17,0,0,0,0,0,0,0,0,0,https://news.naver.com/main/read.nhn?mode=LSD&mid=sec&sid1=106&oid=011&aid=0003665615
김경호,"'보이스퀸' 조엘라 ""신혼여행서도 노래 연습, 해외 전지훈련인줄""",연예,27,2019,12,12,11:21,4,4,0,0,0,0,0,0,0,0,0,https://news.naver.com/main/read.nhn?mode=LSD&mid=sec&sid1=106&oid=404&aid=0000258228
김경호,"‘보이스퀸’ 조엘라 “신혼여행 가서도 노래 연습, 해외 전지훈련인줄..”",연예,27,2019,12,12,10:51,2,2,0,0,0,0,0,0,0,0,0,https://news.naver.com/main/read.nhn?mode=LSD&mid=sec&sid1=106&oid=009&aid=0004480907
김경호,"이춘택병원, 가수 김경호와 자선 ‘송년의 밤’ 열어",생활,28,2019,12,16,13:53,12,10,2,0,0,0,0,0,0,0,0,https://news.naver.com/main/read.nhn?mode=LSD&mid=sec&sid1=103&oid=346&aid=0000029650
김경호,"'보이스퀸' 주설옥, 윤일상ㆍ김경호 '소름끼치는 가창력' 호평",연예,28,2019,12,19,22:51,13,11,0,2,0,0,0,0,0,0,0,https://news.naver.com/main/read.nhn?mode=LSD&mid=sec&sid1=106&oid=015&aid=0004260411
김경호,"홍남기 ""나도 팔겠다""…'고위 공직자' 집 팔까?",경제,28,2019,12,21,6:41,71,4,2,0,63,2,0,0,0,0,0,https://news.naver.com/main/read.nhn?mode=LSD&mid=sec&sid1=101&oid=214&aid=0001002079
김경호,"수원 이춘택병원, 가수 김경호와 함께한 '자선 송년의 밤' 개최",생활,28,2019,12,16,13:14,2,2,0,0,0,0,0,0,0,0,0,https://news.naver.com/main/read.nhn?mode=LSD&mid=sec&sid1=103&oid=014&aid=0004343685
김경호,"이춘택병원, '가수 김경호와 함께한 자선 송년의 밤' 행사 가져",사회,28,2019,12,16,13:43,1,1,0,0,0,0,0,0,0,0,0,https://news.naver.com/main/read.nhn?mode=LSD&mid=sec&sid1=102&oid=018&aid=0004537826
김경호,"이춘택병원, '고관절 홍보대사' 가수 김경호와 자선 송년의 밤 '후끈'",사회,28,2019,12,16,13:23,1,1,0,0,0,0,0,0,0,0,0,https://news.naver.com/main/read.nhn?mode=LSD&mid=sec&sid1=102&oid=032&aid=0002980856
김경호,‘보이스퀸’ 김경호 “주설옥 고음 파트에서 소름 3번 끼쳐” 극찬,연예,28,2019,12,19,22:22,7,7,0,0,0,0,0,0,0,0,0,https://news.naver.com/main/read.nhn?mode=LSD&mid=sec&sid1=106&oid=410&aid=0000654009
김경호,"`보이스퀸` 주설옥, 최고의 찬사 받아...""우리가 찾고 있던 분""",연예,28,2019,12,19,22:24,6,6,0,0,0,0,0,0,0,0,0,https://news.naver.com/main/read.nhn?mode=LSD&mid=sec&sid1=106&oid=009&aid=0004485870
김경호,"보이스퀸 35명 3라운드 진출, 불꽃튀는 강릉대첩 돌입[어제TV]",연예,28,2019,12,20,6:00,9,9,0,0,0,0,0,0,0,0,0,https://news.naver.com/main/read.nhn?mode=LSD&mid=sec&sid1=106&oid=609&aid=0000220740
김경호,아시아나항공 새 주인 HDC…재계 17위 부상,경제,29,2019,12,27,17:07,33,15,2,1,10,5,0,0,0,0,0,https://news.naver.com/main/read.nhn?mode=LSD&mid=sec&sid1=101&oid=214&aid=0001003458
김경호,"31년 만에 주인 교체…""2조 원 이상 투입, 재무 개선""",경제,29,2019,12,28,7:22,17,11,2,0,3,1,0,0,0,0,0,https://news.naver.com/main/read.nhn?mode=LSD&mid=sec&sid1=101&oid=214&aid=0001003573
김경호,"31년 만에 주인 교체…""2조 원 이상 투입, 재무 개선""",경제,29,2019,12,28,6:21,9,1,1,0,7,0,0,0,0,0,0,https://news.naver.com/main/read.nhn?mode=LSD&mid=sec&sid1=101&oid=214&aid=0001003540
김경호,"김경호-서문탁 대결…MBC '오! 나의 파트,너' 10일 방송",생활,30,2020,01,03,9:22,9,9,0,0,0,0,0,0,0,0,0,https://news.naver.com/main/read.nhn?mode=LSD&mid=sec&sid1=103&oid=001&aid=0011312606
김경호,"장성규 MC '오! 나의 파트,너', 10일 첫방…김경호X서문탁 출격",연예,30,2020,01,03,9:09,3,3,0,0,0,0,0,0,0,0,0,https://news.naver.com/main/read.nhn?mode=LSD&mid=sec&sid1=106&oid=468&aid=0000611077
김경호,"'오! 나의 파트,너' 김경호X서문탁, 송마스터 합류…10일 첫방",연예,30,2020,01,03,17:07,9,9,0,0,0,0,0,0,0,0,0,https://news.naver.com/main/read.nhn?mode=LSD&mid=sec&sid1=106&oid=421&aid=0004390935
김경호,"MBC 新음악 예능 ‘오! 나의 파트,너’ 1월 10일 첫 방송...김경호X서문탁 송마스터 공개",연예,30,2020,01,03,8:31,2,2,0,0,0,0,0,0,0,0,0,https://news.naver.com/main/read.nhn?mode=LSD&mid=sec&sid1=106&oid=011&aid=0003675013
김경호,"'보이스퀸' 4라운드 KO매치, 정수연X장한이→김루아 7人 준결승行 [종합]",연예,30,2020,01,03,12:37,8,8,0,0,0,0,0,0,0,0,0,https://news.naver.com/main/read.nhn?mode=LSD&mid=sec&sid1=106&oid=109&aid=0004144247
김경호,1월1일 인사,사회,30,2019,12,31,18:33,3,1,0,0,2,0,0,0,0,0,0,https://news.naver.com/main/read.nhn?mode=LSD&mid=sec&sid1=102&oid=028&aid=0002480079
김경호,오늘의 인사 종합,사회,30,2019,12,31,16:39,1,1,0,0,0,0,0,0,0,0,0,https://news.naver.com/main/read.nhn?mode=LSD&mid=sec&sid1=102&oid=018&aid=0004546517
김경호,"'오! 나의 파트,너' 김경호vs서문탁, 최고의 하모니 성공",연예,31,2020,01,11,13:52,1,1,0,0,0,0,0,0,0,0,0,https://news.naver.com/main/read.nhn?mode=LSD&mid=sec&sid1=106&oid=015&aid=0004272131
김경호,"‘오! 나의 파트,너’ 장성규→로운·나은 활약부터 김경호 VS 서문탁까지",연예,31,2020,01,10,20:31,3,3,0,0,0,0,0,0,0,0,0,https://news.naver.com/main/read.nhn?mode=LSD&mid=sec&sid1=106&oid=410&aid=0000660181
김경호,"'오! 나의 파트,너' 김경호X서문탁, 팀원 정체 공개..희비 교차",연예,31,2020,01,10,21:13,2,2,0,0,0,0,0,0,0,0,0,https://news.naver.com/main/read.nhn?mode=LSD&mid=sec&sid1=106&oid=108&aid=0002835637
김경호,"[투데이TV]'보이스퀸' 김경호, 역대급 1대1 매치에 녹화 중단 선언..""시간을 달라""",연예,31,2020,01,09,10:35,1,1,0,0,0,0,0,0,0,0,0,https://news.naver.com/main/read.nhn?mode=LSD&mid=sec&sid1=106&oid=112&aid=0003255251
김경호,"'째깍째깍' 눈 감자 시계가 감겨왔다…""소리로 팔아요""",경제,31,2020,01,10,20:15,4,1,1,0,1,1,0,0,0,0,0,https://news.naver.com/main/read.nhn?mode=LSD&mid=sec&sid1=101&oid=214&aid=0001006529
김경호,"‘오 나의 파트 너’ 김경호, 무릎 꿇으며 “첫 회부터 대박났네요”",연예,31,2020,01,11,11:37,7,7,0,0,0,0,0,0,0,0,0,https://news.naver.com/main/read.nhn?mode=LSD&mid=sec&sid1=106&oid=410&aid=0000660274
김경호,"‘오 나의 파트너’, 첫방부터 대박..김경호vs서문탁 최고의 하모니 성공",연예,31,2020,01,11,7:26,1,1,0,0,0,0,0,0,0,0,0,https://news.naver.com/main/read.nhn?mode=LSD&mid=sec&sid1=106&oid=109&aid=0004148736
김경호,"‘오 나의 파트 너’ 김경호 VS 서문탁, 최고의 하모니 성공 [M+TV인사이드]",연예,31,2020,01,11,11:28,1,1,0,0,0,0,0,0,0,0,0,https://news.naver.com/main/read.nhn?mode=LSD&mid=sec&sid1=106&oid=057&aid=0001411022
김경호,"""김경호 vs 서문탁""..'오! 나의 파트,너' 오늘(10일) 첫방",연예,31,2020,01,10,8:29,5,5,0,0,0,0,0,0,0,0,0,https://news.naver.com/main/read.nhn?mode=LSD&mid=sec&sid1=106&oid=108&aid=0002835483
김경호,"첫방 '오 나의 파트너' 서문탁 팀, 김경호 누르고 우승 '귀호강 컬래버' [종합]",연예,31,2020,01,10,21:47,17,16,0,1,0,0,0,0,0,0,0,https://news.naver.com/main/read.nhn?mode=LSD&mid=sec&sid1=106&oid=311&aid=0001098175
김경호,"첫방 '오 나의 파트너' 서문탁 팀, 완벽 호흡 자랑하며 '우승'(종합)",연예,31,2020,01,10,21:50,1,1,0,0,0,0,0,0,0,0,0,https://news.naver.com/main/read.nhn?mode=LSD&mid=sec&sid1=106&oid=421&aid=0004403252
김경호,"'오!나의 파트,너' 김경호X서문탁, 태권 보이스·문탁의 기사 첫 번째 파트너 '선택'",연예,31,2020,01,10,21:00,3,3,0,0,0,0,0,0,0,0,0,https://news.naver.com/main/read.nhn?mode=LSD&mid=sec&sid1=106&oid=112&aid=0003256009
김경호,"첫방 '오!나의 파트,너' 서문탁X김경호, 감동 더한 레전드 무대 탄생…서문탁 팀 우승(종합)",연예,31,2020,01,10,21:48,3,3,0,0,0,0,0,0,0,0,0,https://news.naver.com/main/read.nhn?mode=LSD&mid=sec&sid1=106&oid=112&aid=0003256018
김경호,"‘오! 나의 파트, 너’ 태권보이스=K타이거즈 정윤지, 케이팝+태권도 컬래버 중",연예,31,2020,01,10,21:06,6,6,0,0,0,0,0,0,0,0,0,https://news.naver.com/main/read.nhn?mode=LSD&mid=sec&sid1=106&oid=213&aid=0001149486
김경호,‘보이스퀸’ 김경호 “시간을 달라” 퀸메이커 녹화 중단 선언…무슨 일?,연예,31,2020,01,09,10:17,1,1,0,0,0,0,0,0,0,0,0,https://news.naver.com/main/read.nhn?mode=LSD&mid=sec&sid1=106&oid=469&aid=0000455928
김경호,"'오! 나의 파트,너' 존박 6촌 여동생 탈락 ""후회할 거에요""[별별TV]",연예,31,2020,01,10,21:22,6,6,0,0,0,0,0,0,0,0,0,https://news.naver.com/main/read.nhn?mode=LSD&mid=sec&sid1=106&oid=108&aid=0002835639
김경호,육즙에 씹는 맛까지…'진짜' 뺨치는 '가짜' 고기,경제,32,2020,01,17,20:15,49,38,0,1,6,4,0,0,0,0,0,https://news.naver.com/main/read.nhn?mode=LSD&mid=sec&sid1=101&oid=214&aid=0001008290
김경호,"'열린음악회’, 스윗소로우-비투비 임현식-임지훈-민우혁-박완규-김경호-소찬휘-BTRS 출연",연예,32,2020,01,12,12:00,44,44,0,0,0,0,0,0,0,0,0,https://news.naver.com/main/read.nhn?mode=LSD&mid=sec&sid1=106&oid=311&aid=0001098463
김경호,"'오! 나의 파트,너'에 출연한 '미스터 글로벌 2019' 김종우, 올해는 국민들에게 다가서는 연예인으로....",연예,32,2020,01,16,6:31,3,3,0,0,0,0,0,0,0,0,0,https://news.naver.com/main/read.nhn?mode=LSD&mid=sec&sid1=106&oid=468&aid=0000616058
김경호,육즙에 씹는 맛까지…고기 맛 살린 '식물 고기',경제,32,2020,01,18,6:54,8,8,0,0,0,0,0,0,0,0,0,https://news.naver.com/main/read.nhn?mode=LSD&mid=sec&sid1=101&oid=214&aid=0001008347
김경호,"""참치캔 팔아와라""…명절이 무서운 '사조' 직원들",경제,33,2020,01,22,20:31,"1,322",25,12,38,"1,217",30,0,0,0,0,0,https://news.naver.com/main/read.nhn?mode=LSD&mid=sec&sid1=101&oid=214&aid=0001009381
김경호,"""참치캔 팔아와라""…명절이 무서운 '사조' 직원들",경제,33,2020,01,23,7:36,87,5,3,2,76,1,0,0,0,0,0,https://news.naver.com/main/read.nhn?mode=LSD&mid=sec&sid1=101&oid=214&aid=0001009479
김경호,"""참치캔 팔아와라""…명절이 무서운 '사조' 직원들",경제,33,2020,01,23,6:42,19,0,0,0,19,0,0,0,0,0,0,https://news.naver.com/main/read.nhn?mode=LSD&mid=sec&sid1=101&oid=214&aid=0001009440
김경호,"더보이즈 “‘불후의 명곡’ 첫 출연, 꿈의 무대 올라 영광…김경호 팬”",연예,34,2020,02,01,19:19,30,30,0,0,0,0,0,0,0,0,0,https://news.naver.com/main/read.nhn?mode=LSD&mid=sec&sid1=106&oid=410&aid=0000665693
김경호,"현진영 “견제 대상 김경호, 안 나왔으면 좋겠어”",연예,34,2020,02,01,18:24,3,3,0,0,0,0,0,0,0,0,0,https://news.naver.com/main/read.nhn?mode=LSD&mid=sec&sid1=106&oid=609&aid=0000241906
김경호,나도 몰래 취소된 '마스크 주문'…그새 가격 '15배',경제,34,2020,01,30,20:08,32,0,0,1,28,3,0,0,0,0,0,https://news.naver.com/main/read.nhn?mode=LSD&mid=sec&sid1=101&oid=214&aid=0001010951
김경호,"김경호·곽동현, ‘불후의 명곡’ 올킬 최종우승! [종합]",연예,35,2020,02,08,20:14,15,14,0,0,0,0,1,0,0,0,0,https://news.naver.com/main/read.nhn?mode=LSD&mid=sec&sid1=106&oid=469&aid=0000465071
김경호,"'불후' 김경호X곽동현, 올킬로 최종우승…최예근·백청강·나비·홍경민 강렬 무대(종합)",연예,35,2020,02,08,20:18,11,11,0,0,0,0,0,0,0,0,0,https://news.naver.com/main/read.nhn?mode=LSD&mid=sec&sid1=106&oid=421&aid=0004451713
김경호,"[종합] `불후의 명곡` 김경호X곽동현, 올킬로 하춘화X현철 편 2부 최종 우승",연예,35,2020,02,08,19:52,8,8,0,0,0,0,0,0,0,0,0,https://news.naver.com/main/read.nhn?mode=LSD&mid=sec&sid1=106&oid=009&aid=0004514174
김경호,"롯데백화점 본점 '폐쇄'…""23번째 확진자 다녀가""",경제,35,2020,02,08,6:10,199,21,0,3,167,8,0,0,0,0,0,https://news.naver.com/main/read.nhn?mode=LSD&mid=sec&sid1=101&oid=214&aid=0001012916
김경호,"'불후의 명곡' 현진영, 김경호X곽동현 공연에 '이제 나이가 좀...'",연예,35,2020,02,08,19:01,3,2,0,1,0,0,0,0,0,0,0,https://news.naver.com/main/read.nhn?mode=LSD&mid=sec&sid1=106&oid=277&aid=0004620649
김경호,"김경호 ""백청강은 하늘에서 선물해준 존재…대견하고 자랑스러워"" ('불후의 명곡')",연예,35,2020,02,08,19:58,46,46,0,0,0,0,0,0,0,0,0,https://news.naver.com/main/read.nhn?mode=LSD&mid=sec&sid1=106&oid=117&aid=0003331495
김경호,"'불후의 명곡' 김경호X곽동현, 디바 최정원 꺾고 1승..하춘화 ""부조화 속 조화""",연예,35,2020,02,08,18:49,1,1,0,0,0,0,0,0,0,0,0,https://news.naver.com/main/read.nhn?mode=LSD&mid=sec&sid1=106&oid=112&aid=0003265835
김경호,"'불후' 더보이즈 주학년X백청강, 김경호 노래로 깜짝 호흡 '웃음'",연예,35,2020,02,08,18:35,49,49,0,0,0,0,0,0,0,0,0,https://news.naver.com/main/read.nhn?mode=LSD&mid=sec&sid1=106&oid=311&aid=0001109523
김경호,"'불후의 명곡' 김경호&곽동현, 파워풀한 '영암아리랑'으로 2부 시작",연예,35,2020,02,08,18:53,8,8,0,0,0,0,0,0,0,0,0,https://news.naver.com/main/read.nhn?mode=LSD&mid=sec&sid1=106&oid=108&aid=0002841703
김경호,"'불후의명곡' 김경호X곽동현, 파워풀 에너지로 사상최초 2회연속 우승[★밤TView]",연예,35,2020,02,08,20:03,34,34,0,0,0,0,0,0,0,0,0,https://news.naver.com/main/read.nhn?mode=LSD&mid=sec&sid1=106&oid=108&aid=0002841715
김경호,"김경호·곽동현, ‘불후의 명곡 - 하춘화&현철 2부’ 2연승 질주",연예,35,2020,02,08,19:15,3,3,0,0,0,0,0,0,0,0,0,https://news.naver.com/main/read.nhn?mode=LSD&mid=sec&sid1=106&oid=469&aid=0000465064
김경호,"김경호·곽동현, ‘불후의 명곡 - 하춘화&현철 2부’ 첫승 신고",연예,35,2020,02,08,18:57,5,5,0,0,0,0,0,0,0,0,0,https://news.naver.com/main/read.nhn?mode=LSD&mid=sec&sid1=106&oid=469&aid=0000465059
김경호,[불후의 명곡] 김경호&곽동현 ‘영암 아리랑’으로 하춘화&현철 특집 2부 올킬 우승,연예,35,2020,02,08,20:50,17,17,0,0,0,0,0,0,0,0,0,https://news.naver.com/main/read.nhn?mode=LSD&mid=sec&sid1=106&oid=438&aid=0000027612
김경호,"`불후의 명곡` 김경호X곽동현, 최정원 꺾고 하춘화X현철 편 2부 첫 승",연예,35,2020,02,08,18:50,6,6,0,0,0,0,0,0,0,0,0,https://news.naver.com/main/read.nhn?mode=LSD&mid=sec&sid1=106&oid=009&aid=0004514168
김경호,[불후의 명곡] 천재 싱어송라이터 최예근이 부르는 ‘사랑의 이름표’,연예,35,2020,02,08,21:04,11,11,0,0,0,0,0,0,0,0,0,https://news.naver.com/main/read.nhn?mode=LSD&mid=sec&sid1=106&oid=438&aid=0000027614
김경호,[불후의 명곡] 오랜만에 돌아온 그녀... 나비가 부르는 ‘내 마음 별과 같이’,연예,35,2020,02,08,22:38,2,2,0,0,0,0,0,0,0,0,0,https://news.naver.com/main/read.nhn?mode=LSD&mid=sec&sid1=106&oid=438&aid=0000027615
김경호,"'불후' 김경호X곽동현, 민우혁 이어 올킬 우승…최예근 강렬 무대 [종합]",연예,35,2020,02,08,19:52,7,7,0,0,0,0,0,0,0,0,0,https://news.naver.com/main/read.nhn?mode=LSD&mid=sec&sid1=106&oid=311&aid=0001109532
김경호,"[종합] '불후의 명곡' 김경호·곽동현, 하춘화·현철 편 최종 우승…'강렬함 폭발'",연예,35,2020,02,08,19:53,9,9,0,0,0,0,0,0,0,0,0,https://news.naver.com/main/read.nhn?mode=LSD&mid=sec&sid1=106&oid=117&aid=0003331492
김경호,"'불후' 김경호-곽동현, 소름돋는 고음 세례로 출연자 올킬 최종우승(종합)",연예,35,2020,02,08,22:58,9,9,0,0,0,0,0,0,0,0,0,https://news.naver.com/main/read.nhn?mode=LSD&mid=sec&sid1=106&oid=277&aid=0004620672
김경호,"'불후의 명곡' 김경호&곽동현, 최예근→백청강 꺾고 5승 올킬..'하춘화·현철 편' 우승[종합]",연예,35,2020,02,08,19:49,14,14,0,0,0,0,0,0,0,0,0,https://news.naver.com/main/read.nhn?mode=LSD&mid=sec&sid1=106&oid=112&aid=0003265840
김경호,"롯데백화점 본점 '폐쇄'…""23번째 확진자 다녀가""",경제,35,2020,02,08,6:29,1,0,0,0,1,0,0,0,0,0,0,https://news.naver.com/main/read.nhn?mode=LSD&mid=sec&sid1=101&oid=214&aid=0001012935
김경호,"롯데백화점 본점 '폐쇄'…""23번째 확진자 다녀가""",경제,35,2020,02,08,7:01,1,0,0,0,1,0,0,0,0,0,0,https://news.naver.com/main/read.nhn?mode=LSD&mid=sec&sid1=101&oid=214&aid=0001012953
김경호,"현진영 “김경호, 아들 같은 동생 곽동현에 기대 가는 거 아닌가”",연예,35,2020,02,08,18:34,7,7,0,0,0,0,0,0,0,0,0,https://news.naver.com/main/read.nhn?mode=LSD&mid=sec&sid1=106&oid=609&aid=0000245048
김경호,"'불후의 명곡' 현진영 ""김경호, 아들 같은 동생 곽동현에 기대 가는 듯"" 폭소",연예,35,2020,02,08,18:44,2,2,0,0,0,0,0,0,0,0,0,https://news.naver.com/main/read.nhn?mode=LSD&mid=sec&sid1=106&oid=117&aid=0003331476
김경호,"'불후의 명곡' 백청강 극찬한 현철, ""앞으로 나랑 같이 다닙시다"" 러브콜 보내",연예,35,2020,02,08,20:24,62,61,0,0,0,0,1,0,0,0,0,https://news.naver.com/main/read.nhn?mode=LSD&mid=sec&sid1=106&oid=015&aid=0004286650
김경호,"`불후의 명곡` 백청강, 현철 인정 받은 봉선화 연정 선보여",연예,35,2020,02,08,19:36,78,78,0,0,0,0,0,0,0,0,0,https://news.naver.com/main/read.nhn?mode=LSD&mid=sec&sid1=106&oid=009&aid=0004514172
김경호,"'불후의 명곡' 김경호 ""최예근, 이 정도 반전일 줄 몰랐다…제2의 리아 탄생""",연예,35,2020,02,08,19:10,8,8,0,0,0,0,0,0,0,0,0,https://news.naver.com/main/read.nhn?mode=LSD&mid=sec&sid1=106&oid=117&aid=0003331481
김경호,"[사진]김경호,'대만으로 전지훈련 가요'",스포츠,36,2020,02,15,10:24,5,4,0,0,0,0,0,0,0,0,1,http://sports.news.naver.com/kbaseball/news/read.nhn?oid=109&aid=0004166554
김경호,"'미스터 라디오' 김경호 ""4옥타브보다 어려운 것은, 인터넷 사이트 로그인""",연예,36,2020,02,12,9:26,9,9,0,0,0,0,0,0,0,0,0,https://news.naver.com/main/read.nhn?mode=LSD&mid=sec&sid1=106&oid=076&aid=0003530316
김경호,"'미라' 김경호, 예전과 180도 달라진 가수? ""박완규, 과거엔 반항적 지금은 철없고 순수""[종합]",연예,36,2020,02,11,18:01,18,18,0,0,0,0,0,0,0,0,0,https://news.naver.com/main/read.nhn?mode=LSD&mid=sec&sid1=106&oid=112&aid=0003266829
김경호,"'미스터라디오' 김경호 ""나·윤도현·고 신해철, 과거 대학 축제서 3파전""",연예,36,2020,02,11,21:20,4,4,0,0,0,0,0,0,0,0,0,https://news.naver.com/main/read.nhn?mode=LSD&mid=sec&sid1=106&oid=311&aid=0001110728
김경호,"김경호 “포스트잇을 쪽지사연이라고, 팬들한테 무시 당했다”",연예,36,2020,02,11,17:27,8,8,0,0,0,0,0,0,0,0,0,https://news.naver.com/main/read.nhn?mode=LSD&mid=sec&sid1=106&oid=609&aid=0000246099
김경호,"'미라' 김경호 ""20년 전 대학가에서는 나, 윤도현, 故 신해철 삼파전""",연예,36,2020,02,11,17:29,12,12,0,0,0,0,0,0,0,0,0,https://news.naver.com/main/read.nhn?mode=LSD&mid=sec&sid1=106&oid=112&aid=0003266810
김경호,‘미스터 라디오’ 김경호 “4옥타브보다 인터넷 로그인 더 어려워”,연예,36,2020,02,12,9:23,17,16,0,0,0,0,1,0,0,0,0,https://news.naver.com/main/read.nhn?mode=LSD&mid=sec&sid1=106&oid=382&aid=0000797857
김경호,"김경호 ""4옥타브보다 어려운 것은…"" 세월 실감 ('미스터라디오')",연예,36,2020,02,12,10:47,6,6,0,0,0,0,0,0,0,0,0,https://news.naver.com/main/read.nhn?mode=LSD&mid=sec&sid1=106&oid=117&aid=0003332598
김경호,"‘미스터 라디오’ 김경호, “인터넷 싸이트 로그인이 너무 어렵다”",연예,36,2020,02,12,15:32,9,9,0,0,0,0,0,0,0,0,0,https://news.naver.com/main/read.nhn?mode=LSD&mid=sec&sid1=106&oid=469&aid=0000466358
김경호,"김경호 ""4옥타브보다 어려운 것은, 인터넷 싸이트 로그인""(미스터라디오)",연예,36,2020,02,12,9:30,3,3,0,0,0,0,0,0,0,0,0,https://news.naver.com/main/read.nhn?mode=LSD&mid=sec&sid1=106&oid=109&aid=0004164695
김경호,"김경호 “반항아 박완규, 이제는 정신 차리고 순둥이 돼”",연예,36,2020,02,11,17:47,23,23,0,0,0,0,0,0,0,0,0,https://news.naver.com/main/read.nhn?mode=LSD&mid=sec&sid1=106&oid=609&aid=0000246116
김경호,‘미라’ 김경호가 전한 #쪽지사연 #사랑했지만 #권혁수 #박완규(종합),연예,36,2020,02,11,17:59,3,3,0,0,0,0,0,0,0,0,0,https://news.naver.com/main/read.nhn?mode=LSD&mid=sec&sid1=106&oid=609&aid=0000246127
김경호,지난달 취업자 증가…5년 5개월 만 최대,경제,36,2020,02,12,24:17,125,24,1,0,100,0,0,0,0,0,0,https://news.naver.com/main/read.nhn?mode=LSD&mid=sec&sid1=101&oid=214&aid=0001013874
김경호,50년을 한결같이 … 칠순의 로커 `에어로스미스`,생활,37,2020,02,22,6:02,8,7,1,0,0,0,0,0,0,0,0,https://news.naver.com/main/read.nhn?mode=LSD&mid=sec&sid1=103&oid=009&aid=0004522530
김경호,‘뇌물·횡령’ 이명박 19일 재수감될까…자택 ‘고요 속 긴장 고조’ [김기자의 현장+],사회,37,2020,02,18,21:02,35,5,1,3,26,0,0,0,0,0,0,https://news.naver.com/main/read.nhn?mode=LSD&mid=sec&sid1=102&oid=022&aid=0003439722
김경호,"경남 '코로나19' 확진자 6명 모두, 대구와 직·간접 관련",사회,37,2020,02,22,18:39,26,5,1,1,18,1,0,0,0,0,0,https://news.naver.com/main/read.nhn?mode=LSD&mid=sec&sid1=102&oid=047&aid=0002257840
김경호,경남 코로나19 추가 확진자 2명 동선 공개,사회,37,2020,02,22,19:40,78,2,0,1,69,6,0,0,0,0,0,https://news.naver.com/main/read.nhn?mode=LSD&mid=sec&sid1=102&oid=079&aid=0003326223
김경호,"김경수 경남지사 ""감염 전파·확산 최소화에 집중""",사회,37,2020,02,22,17:51,"2,456",89,1,4,"2,357",5,0,0,0,0,0,https://news.naver.com/main/read.nhn?mode=LSD&mid=sec&sid1=102&oid=003&aid=0009716440
김경호,[현장연결] 경남 확진자 2명 추가…총 6명으로 늘어,사회,37,2020,02,22,17:51,378,8,3,3,358,6,0,0,0,0,0,https://news.naver.com/main/read.nhn?mode=LSD&mid=sec&sid1=102&oid=422&aid=0000416047
김경호,"""국민께 송구"" 부총리 사과…""내일부터 제때 공급""",경제,38,2020,02,27,20:00,37,4,1,1,30,1,0,0,0,0,0,https://news.naver.com/main/read.nhn?mode=LSD&mid=sec&sid1=101&oid=214&aid=0001018033
김경호,안혜상 누구?… #김경호 매니저 결혼 #댄스 스포츠 선수,연예,38,2020,02,27,13:38,1,1,0,0,0,0,0,0,0,0,0,https://news.naver.com/main/read.nhn?mode=LSD&mid=sec&sid1=106&oid=417&aid=0000510377
김경호,공적 마스크 '일주일에 2매씩'…신분증 지참해야,경제,39,2020,03,05,17:07,569,173,6,5,380,5,0,0,0,0,0,https://news.naver.com/main/read.nhn?mode=LSD&mid=sec&sid1=101&oid=214&aid=0001020220
김경호,"전남도, AI 항원 검출 순천만 철새도래지 집중 소독",사회,39,2020,03,06,14:25,4,3,0,0,0,1,0,0,0,0,0,https://news.naver.com/main/read.nhn?mode=LSD&mid=sec&sid1=102&oid=014&aid=0004385128
김경호,코로나19와 잘 싸운 박원순 시장 '인사'도 도통?,사회,40,2020,03,14,8:58,337,36,0,1,299,1,0,0,0,0,0,https://news.naver.com/main/read.nhn?mode=LSD&mid=sec&sid1=102&oid=277&aid=0004642569
김경호,매일 다른 엔딩…연극 '쉬어 매드니스' 새 캐스팅 공개,생활,41,2020,03,20,14:02,2,2,0,0,0,0,0,0,0,0,0,https://news.naver.com/main/read.nhn?mode=LSD&mid=sec&sid1=103&oid=018&aid=0004602001
김경호,[앵커로그] '코로나19'를 쫓는 사람들,사회,41,2020,03,21,20:27,66,56,8,0,1,1,0,0,0,0,0,https://news.naver.com/main/read.nhn?mode=LSD&mid=sec&sid1=102&oid=214&aid=0001024681
김경호,"이머시브 추리극 '쉬어매드니스', 신예 배우 캐스팅",생활,41,2020,03,20,13:23,1,1,0,0,0,0,0,0,0,0,0,https://news.naver.com/main/read.nhn?mode=LSD&mid=sec&sid1=103&oid=001&aid=0011487188
김경호,연극 ‘쉬어매드니스’ 임정균→김번영 새로운 캐스팅 공개,연예,41,2020,03,20,11:03,5,4,0,0,0,0,1,0,0,0,0,https://news.naver.com/main/read.nhn?mode=LSD&mid=sec&sid1=106&oid=382&aid=0000806887
김경호,[선택2020] '들쭉날쭉' 여론조사…정확한 표심 이렇게 읽는다,정치,42,2020,03,26,19:46,14,6,0,0,6,2,0,0,0,0,0,https://news.naver.com/main/read.nhn?mode=LSD&mid=sec&sid1=100&oid=214&aid=0001026080
김경호,[뉴스 따라잡기] 급식 중단에 농가 피해 극심…대안은?,사회,42,2020,03,26,8:38,3,0,0,1,2,0,0,0,0,0,0,https://news.naver.com/main/read.nhn?mode=LSD&mid=sec&sid1=102&oid=056&aid=0010809435
김경호,연극 '쉬어매드니스' 1000대1 경쟁률 뚫은 12명의 배우는 누구,생활,42,2020,03,26,9:23,8,6,0,0,1,1,0,0,0,0,0,https://news.naver.com/main/read.nhn?mode=LSD&mid=sec&sid1=103&oid=014&aid=0004396720
김경호,"'오 나의 파트너' 김경호 ""파일럿 때 자신만만했다 무너져, 설욕하겠다""",연예,43,2020,04,04,21:28,10,10,0,0,0,0,0,0,0,0,0,https://news.naver.com/main/read.nhn?mode=LSD&mid=sec&sid1=106&oid=311&aid=0001130975
김경호,"'오! 나의 파트,너' 최종 파트너를 추리하는 3라운드! 추리단은 추리 불가?! 김경호 ""미치게다 정말""",연예,43,2020,04,04,22:40,7,7,0,0,0,0,0,0,0,0,0,https://news.naver.com/main/read.nhn?mode=LSD&mid=sec&sid1=106&oid=408&aid=0000090052
김경호,"`오!나의파트너` 정승환, ""완벽한 파트너 찾을 자신 있다""... 김경호 굴욕",연예,43,2020,04,04,21:20,14,14,0,0,0,0,0,0,0,0,0,https://news.naver.com/main/read.nhn?mode=LSD&mid=sec&sid1=106&oid=009&aid=0004550818
김경호,1㎜ 우주에 불경 옮기는 예술… 1700년 '사경' 문화재 된다,생활,43,2020,04,01,10:14,108,100,5,0,3,0,0,0,0,0,0,https://news.naver.com/main/read.nhn?mode=LSD&mid=sec&sid1=103&oid=025&aid=0002989337
김경호,"불경 필사하는 사경장, 국가무형문화재 된다",생활,43,2020,04,02,5:09,3,3,0,0,0,0,0,0,0,0,0,https://news.naver.com/main/read.nhn?mode=LSD&mid=sec&sid1=103&oid=081&aid=0003079120
김경호,"'오 나의 파트,너' 김연우, 92.8점으로 정승환 꺾고 勝 [종합]",연예,43,2020,04,04,22:50,11,11,0,0,0,0,0,0,0,0,0,https://news.naver.com/main/read.nhn?mode=LSD&mid=sec&sid1=106&oid=109&aid=0004188194
김경호,"1㎜ 우주에 불경 옮기는 예술, 1700년 ‘사경’ 문화재 된다",생활,43,2020,04,03,12:06,31,27,1,0,1,2,0,0,0,0,0,https://news.naver.com/main/read.nhn?mode=LSD&mid=sec&sid1=103&oid=025&aid=0002989911
김경호,"[첫터뷰] '오! 나의 파트, 너' 김경호X박경 ""정승환 도와 실력자 색출할 것""",연예,43,2020,04,02,15:26,59,59,0,0,0,0,0,0,0,0,0,https://news.naver.com/main/read.nhn?mode=LSD&mid=sec&sid1=106&oid=408&aid=0000089904
김경호,"‘오! 나의 파트,너’ 김경호 “파일럿 당시 자신감 무너졌다”…왜?",연예,43,2020,04,04,22:57,1,1,0,0,0,0,0,0,0,0,0,https://news.naver.com/main/read.nhn?mode=LSD&mid=sec&sid1=106&oid=057&aid=0001440258
김경호,"'오! 나의 파트, 너' 드디어 오늘(4일) 밤 첫 방송",연예,43,2020,04,04,9:47,41,40,0,1,0,0,0,0,0,0,0,https://news.naver.com/main/read.nhn?mode=LSD&mid=sec&sid1=106&oid=015&aid=0004318547
김경호,"'오! 나의 파트, 너' 오늘(4일) 첫 방송…김요한, 공중파 예능 첫 나들이",연예,43,2020,04,04,8:41,37,37,0,0,0,0,0,0,0,0,0,https://news.naver.com/main/read.nhn?mode=LSD&mid=sec&sid1=106&oid=076&aid=0003550500
김경호,"[DA:투데이] ‘오! 나의 파트, 너’ 오늘 첫방, MC 규현→블락비 박경 입담+추리",연예,43,2020,04,04,18:10,48,48,0,0,0,0,0,0,0,0,0,https://news.naver.com/main/read.nhn?mode=LSD&mid=sec&sid1=106&oid=382&aid=0000810663
김경호,"첫방 '오! 나의 파트, 너' 규현, 지상파 첫 단독 MC 신고식..김요한, 공중파 예능 첫 나들이",연예,43,2020,04,04,8:13,57,57,0,0,0,0,0,0,0,0,0,https://news.naver.com/main/read.nhn?mode=LSD&mid=sec&sid1=106&oid=112&aid=0003285073
김경호,불경 필사하는 기술 '사경장' 국가무형문화재 된다,생활,43,2020,04,01,11:19,3,3,0,0,0,0,0,0,0,0,0,https://news.naver.com/main/read.nhn?mode=LSD&mid=sec&sid1=103&oid=001&aid=0011514180
김경호,불경 옮겨 적는 장인 '사경장' 국가무형문화재 된다,생활,43,2020,04,01,15:19,6,5,0,0,0,1,0,0,0,0,0,https://news.naver.com/main/read.nhn?mode=LSD&mid=sec&sid1=103&oid=421&aid=0004557564
김경호,"첫방 '오 나의 파트너' 김연우, 정승환 꺾고 우승…신소율 남편 김지철 등장 [종합]",연예,43,2020,04,04,22:46,32,31,0,1,0,0,0,0,0,0,0,https://news.naver.com/main/read.nhn?mode=LSD&mid=sec&sid1=106&oid=311&aid=0001130984
김경호,"[종합]`오!나의 파트너` 김연우, 셀럽파이브X혼코노 20년과 함께 정승환 팀에 승리",연예,43,2020,04,04,23:00,8,8,0,0,0,0,0,0,0,0,0,https://news.naver.com/main/read.nhn?mode=LSD&mid=sec&sid1=106&oid=009&aid=0004550828
김경호,"첫방 '오! 나의 파트,너' 김연우 팀, 정승환 팀 꺾고 92.8점으로 최종 우승(종합)",연예,43,2020,04,04,22:50,18,16,0,2,0,0,0,0,0,0,0,https://news.naver.com/main/read.nhn?mode=LSD&mid=sec&sid1=106&oid=112&aid=0003285208
김경호,"'마늘값 폭락' 전남도, 작년산 재고 신속처리 건의",사회,44,2020,04,09,15:14,1,0,0,0,1,0,0,0,0,0,0,https://news.naver.com/main/read.nhn?mode=LSD&mid=sec&sid1=102&oid=001&aid=0011536374
김경호,전남도 ‘마늘 수급안정’ 추가대책 정부 건의,사회,44,2020,04,09,24:03,1,0,0,0,1,0,0,0,0,0,0,https://news.naver.com/main/read.nhn?mode=LSD&mid=sec&sid1=102&oid=002&aid=0002129826
김경호,세계증시 반등에…ELS 다시 주목,경제,45,2020,04,17,17:12,5,0,0,0,5,0,0,0,0,0,0,https://news.naver.com/main/read.nhn?mode=LSD&mid=sec&sid1=101&oid=015&aid=0004326242
김경호,"'굿캐스팅' 최강희 ""최고 시청률 14%, 김경호 모창+헤드뱅잉 하겠다"" 공약 ",연예,47,2020,04,29,21:16,41,41,0,0,0,0,0,0,0,0,0,https://news.naver.com/main/read.nhn?mode=LSD&mid=sec&sid1=106&oid=311&aid=0001140815
김경호,"‘한밤’ 최강희, 굿캐스팅 14% 시청률 공약 “김경호 모창+헤드뱅잉” 선언",연예,47,2020,04,29,21:29,18,18,0,0,0,0,0,0,0,0,0,https://news.naver.com/main/read.nhn?mode=LSD&mid=sec&sid1=106&oid=009&aid=0004566798
김경호,"'굿캐스팅' 최강희X이상엽X이종혁, '(브)로맨스→김경호 공약' 폭소[별별TV]",연예,47,2020,04,29,21:18,49,48,0,1,0,0,0,0,0,0,0,https://news.naver.com/main/read.nhn?mode=LSD&mid=sec&sid1=106&oid=108&aid=0002859620
김경호,"'한밤' 최강희X이상엽X이종혁, '굿 캐스팅' 첫방 14% 시청률 공약 이행? ""최강희 밴드"" [종합]",연예,47,2020,04,29,21:45,34,34,0,0,0,0,0,0,0,0,0,https://news.naver.com/main/read.nhn?mode=LSD&mid=sec&sid1=106&oid=109&aid=0004198889
김경호,"'한밤' 이종혁, ""'굿 캐스팅' 시청률 14% 넘으면 최강희 밴드""‥커밍쑨",연예,47,2020,04,29,21:14,34,34,0,0,0,0,0,0,0,0,0,https://news.naver.com/main/read.nhn?mode=LSD&mid=sec&sid1=106&oid=112&aid=0003293641
김경호,전파력 가장 높을 때 이태원 클럽 5곳 방문… 확진자는 19명으로,사회,48,2020,05,09,6:02,77,1,0,0,74,2,0,0,0,0,0,https://news.naver.com/main/read.nhn?mode=LSD&mid=sec&sid1=102&oid=022&aid=0003463554
김경호,"정은경 “용인 66번 확진자, 클럽 내부서 마스크 안 썼다”",사회,48,2020,05,08,16:09,126,3,2,2,116,3,0,0,0,0,0,https://news.naver.com/main/read.nhn?mode=LSD&mid=sec&sid1=102&oid=022&aid=0003463396
김경호,"테슬라코리아, 김경호 신임 대표 선임",생활,49,2020,05,12,14:27,4,3,0,1,0,0,0,0,0,0,0,https://news.naver.com/main/read.nhn?mode=LSD&mid=sec&sid1=103&oid=092&aid=0002188259
김경호,“위안부 피해자 지원사업만은 아냐…회계 미진 사과” 눈물 흘린 정의연 [사진in세상],사회,49,2020,05,11,19:02,213,2,0,0,211,0,0,0,0,0,0,https://news.naver.com/main/read.nhn?mode=LSD&mid=sec&sid1=102&oid=022&aid=0003464037
김경호,"테슬라 코리아, 김경호 신임 대표 선임",생활,49,2020,05,12,13:57,1,1,0,0,0,0,0,0,0,0,0,https://news.naver.com/main/read.nhn?mode=LSD&mid=sec&sid1=103&oid=005&aid=0001320298
김경호,"테슬라코리아, 김경호 신임 대표 선임",경제,49,2020,05,12,24:10,12,10,1,0,0,1,0,0,0,0,0,https://news.naver.com/main/read.nhn?mode=LSD&mid=sec&sid1=101&oid=023&aid=0003530493
김경호,"테슬라 코리아, 김경호 신임 대표 선임",경제,49,2020,05,12,11:47,1,1,0,0,0,0,0,0,0,0,0,https://news.naver.com/main/read.nhn?mode=LSD&mid=sec&sid1=101&oid=003&aid=0009857656
김경호,테슬라코리아 새 대표 김경호,경제,49,2020,05,13,4:07,4,4,0,0,0,0,0,0,0,0,0,https://news.naver.com/main/read.nhn?mode=LSD&mid=sec&sid1=101&oid=005&aid=0001320593
김경호,[앵커로그] '은폐·왜곡'을 넘어…'진실의 현장'에서,사회,50,2020,05,18,19:55,7,3,1,0,2,1,0,0,0,0,0,https://news.naver.com/main/read.nhn?mode=LSD&mid=sec&sid1=102&oid=214&aid=0001038609
김경호,"고춧가루 냄새에 고통 호소하는 주민들, 관할 지자체 향해 '원성'",사회,50,2020,05,22,17:28,2,0,0,0,2,0,0,0,0,0,0,https://news.naver.com/main/read.nhn?mode=LSD&mid=sec&sid1=102&oid=047&aid=0002270497
김경호,[포토] 이제는 'SK맨 김경호',스포츠,51,2020,05,30,14:54,1,0,0,0,0,0,0,0,0,0,1,http://sports.news.naver.com/kbaseball/news/read.nhn?oid=076&aid=0003576188
김경호,김경호 '엄지 척'[포토],스포츠,51,2020,05,30,14:51,2,2,0,0,0,0,0,0,0,0,0,http://sports.news.naver.com/kbaseball/news/read.nhn?oid=311&aid=0001153960
김경호,"'친구와 트레이드' 김경호, ""바뀐 팀에서 화이팅하자고 했어요"" [오!쎈 인터뷰]",스포츠,51,2020,05,30,09:02,36,18,0,11,0,3,0,0,0,0,4,http://sports.news.naver.com/kbaseball/news/read.nhn?oid=109&aid=0004215487
김경호,"SK-두산, 이승진·권기영↔이흥련·김경호 트레이드 단행",스포츠,51,2020,05,29,21:42,11,2,0,4,4,0,0,0,0,0,1,http://sports.news.naver.com/kbaseball/news/read.nhn?oid=003&aid=0009888797
김경호,"[사진]김경호,'SK 새롭게 출발해요'",스포츠,51,2020,05,30,14:44,1,1,0,0,0,0,0,0,0,0,0,http://sports.news.naver.com/kbaseball/news/read.nhn?oid=109&aid=0004215653
김경호,"검찰, 김경호 서울시농수산식품공사 사장 불기소 처분",사회,51,2020,05,29,16:43,1,1,0,0,0,0,0,0,0,0,0,https://news.naver.com/main/read.nhn?mode=LSD&mid=sec&sid1=102&oid=277&aid=0004688312
김경호,"'트레이드' 이흥련-이승진, 새 팀에서 기회 잡을까",스포츠,51,2020,05,30,11:31,7,5,0,0,0,1,0,0,0,0,1,http://sports.news.naver.com/kbaseball/news/read.nhn?oid=047&aid=0002271397
김경호,"[배지헌의 브러시백] 이흥련이 SK 안방을, 이승진이 두산 불펜을 구할 수 있을까",스포츠,51,2020,05,30,10:50,47,24,0,10,7,6,0,0,0,0,0,http://sports.news.naver.com/kbaseball/news/read.nhn?oid=529&aid=0000043002
김경호,"두산-SK, 2대2 트레이드...이흥련·김경호<->이승진·권기영",스포츠,51,2020,05,29,21:35,4,2,0,0,1,1,0,0,0,0,0,http://sports.news.naver.com/kbaseball/news/read.nhn?oid=018&aid=0004652038
김경호,"SK-두산, 이승진·권기영↔이흥련·김경호 2대2 트레이드…""필요한 카드 맞바꿨다""(종합)",스포츠,51,2020,05,29,22:56,11,6,0,1,2,1,0,0,0,0,1,http://sports.news.naver.com/kbaseball/news/read.nhn?oid=421&aid=0004666876
김경호,"[오피셜]'이흥련·김경호↔이승진·권기영' SK, 두산과 2대2 트레이드 확정",스포츠,51,2020,05,29,21:23,6,0,0,2,4,0,0,0,0,0,0,http://sports.news.naver.com/kbaseball/news/read.nhn?oid=076&aid=0003576037
김경호,"SK-두산, 2대2 트레이드 단행…이승진·권기영↔이흥련·김경호",스포츠,51,2020,05,29,21:24,6,0,0,3,3,0,0,0,0,0,0,http://sports.news.naver.com/kbaseball/news/read.nhn?oid=410&aid=0000698555
김경호,"[사진]이흥련-김경호,'SK로 이적했어요'",스포츠,51,2020,05,30,14:24,1,0,0,0,0,0,0,0,0,0,1,http://sports.news.naver.com/kbaseball/news/read.nhn?oid=109&aid=0004215641
김경호,[사진]이흥련과 함께 SK 트레이드 된 김경호,스포츠,51,2020,05,30,14:47,1,0,0,0,0,1,0,0,0,0,0,http://sports.news.naver.com/kbaseball/news/read.nhn?oid=109&aid=0004215659
