김옥빈,"'아스달 연대기' 김의성, 김옥빈에 ""혼인하자""",연예,0,2019,06,08,22:44,18,17,0,1,0,0,0,0,0,0,0,https://news.naver.com/main/read.nhn?mode=LSD&mid=sec&sid1=106&oid=312&aid=0000391973
김옥빈,"'아스달 연대기' 장동건-송중기-김지원-김옥빈, 제작진이 투척한 떡밥 3가지",연예,0,2019,06,08,20:13,7,7,0,0,0,0,0,0,0,0,0,https://news.naver.com/main/read.nhn?mode=LSD&mid=sec&sid1=106&oid=404&aid=0000245435
김옥빈,'아스달연대기' 송중기·장동건·김지원·김옥빈 다 모인다…'전쟁의 서막',연예,0,2019,06,07,16:53,31,31,0,0,0,0,0,0,0,0,0,https://news.naver.com/main/read.nhn?mode=LSD&mid=sec&sid1=106&oid=421&aid=0004030069
김옥빈,"김옥빈, 촬영장 밖 시선 사로잡는 미모 ‘여신 아우라’",연예,0,2019,06,07,18:28,14,14,0,0,0,0,0,0,0,0,0,https://news.naver.com/main/read.nhn?mode=LSD&mid=sec&sid1=106&oid=469&aid=0000395088
김옥빈,"'아스달 연대기' 연맹장 김의성, 해족 김옥빈에 청혼 ""결혼하자""",연예,0,2019,06,08,21:50,8,8,0,0,0,0,0,0,0,0,0,https://news.naver.com/main/read.nhn?mode=LSD&mid=sec&sid1=106&oid=112&aid=0003173652
김옥빈,"김옥빈·채서진 자매, 얼마나 닮았나 봤더니…미모·연기·끼 남다른 DNA",연예,0,2019,06,03,11:14,12,12,0,0,0,0,0,0,0,0,0,https://news.naver.com/main/read.nhn?mode=LSD&mid=sec&sid1=106&oid=015&aid=0004152249
김옥빈,"'아스달 연대기' 김옥빈, '눈빛X자태'…첫 등장부터 시선 싹쓸이",연예,0,2019,06,02,16:25,2,2,0,0,0,0,0,0,0,0,0,https://news.naver.com/main/read.nhn?mode=LSD&mid=sec&sid1=106&oid=076&aid=0003424363
김옥빈,"‘아스달 연대기’ 김의성, 김옥빈 물음에 “子 타곤, 미운 게 아니라 무서워”",연예,0,2019,06,08,21:53,3,2,0,0,0,0,0,0,0,1,0,https://news.naver.com/main/read.nhn?mode=LSD&mid=sec&sid1=106&oid=410&aid=0000593230
김옥빈,"‘아스달연대기’ 김의성, 유혹적인 김옥빈에 “혼인하자”",연예,0,2019,06,08,21:58,1,1,0,0,0,0,0,0,0,0,0,https://news.naver.com/main/read.nhn?mode=LSD&mid=sec&sid1=106&oid=213&aid=0001110935
김옥빈,"'아스달연대기' 김의성, 김옥빈에 청혼했다 ""혼인하자""",연예,0,2019,06,08,21:50,139,134,0,5,0,0,0,0,0,0,0,https://news.naver.com/main/read.nhn?mode=LSD&mid=sec&sid1=106&oid=311&aid=0001001531
김옥빈,드라마 '아스달 연대기'의 토·일 밤···시청 포인트 셋,연예,0,2019,06,08,6:35,14,14,0,0,0,0,0,0,0,0,0,https://news.naver.com/main/read.nhn?mode=LSD&mid=sec&sid1=106&oid=003&aid=0009274708
김옥빈,"'아스달 연대기' 장동건X송중기X김지원X김옥빈, 치열한 전쟁의 서막",연예,0,2019,06,07,17:40,23,23,0,0,0,0,0,0,0,0,0,https://news.naver.com/main/read.nhn?mode=LSD&mid=sec&sid1=106&oid=117&aid=0003227244
김옥빈,"'아스달', 지금까진 프롤로그...제작진 ""본격 전개 휘몰아친다""",연예,0,2019,06,07,17:41,85,85,0,0,0,0,0,0,0,0,0,https://news.naver.com/main/read.nhn?mode=LSD&mid=sec&sid1=106&oid=052&aid=0001304289
김옥빈,"‘아스달 연대기’ 장동건X송중기X김지원X김옥빈, 드디어 아스달 전쟁 신호탄 울렸다",연예,0,2019,06,07,22:51,35,35,0,0,0,0,0,0,0,0,0,https://news.naver.com/main/read.nhn?mode=LSD&mid=sec&sid1=106&oid=469&aid=0000395119
김옥빈,"'아스달연대기' 3, 4회 관전포인트 #고군분투 #음모와 위협 #욕망",연예,0,2019,06,07,16:43,11,11,0,0,0,0,0,0,0,0,0,https://news.naver.com/main/read.nhn?mode=LSD&mid=sec&sid1=106&oid=468&aid=0000517461
김옥빈,"`아스달 연대기` 김옥빈, 고혹美로 다 했다",연예,0,2019,06,02,16:51,7,7,0,0,0,0,0,0,0,0,0,https://news.naver.com/main/read.nhn?mode=LSD&mid=sec&sid1=106&oid=009&aid=0004366878
김옥빈,"김옥빈, 매혹미로 중무장..첫 등장부터 시선 싹쓸이",연예,0,2019,06,02,16:47,15,15,0,0,0,0,0,0,0,0,0,https://news.naver.com/main/read.nhn?mode=LSD&mid=sec&sid1=106&oid=109&aid=0004021526
김옥빈,"'아스달 연대기' 김옥빈, '고고한 눈빛X도도한 자태' 시선집중",연예,0,2019,06,02,18:02,1,1,0,0,0,0,0,0,0,0,0,https://news.naver.com/main/read.nhn?mode=LSD&mid=sec&sid1=106&oid=015&aid=0004151977
김옥빈,"'아스달 연대기' 김옥빈, 매혹美로 시선강탈‥첫 등장부터 임팩트甲",연예,0,2019,06,02,14:17,6,6,0,0,0,0,0,0,0,0,0,https://news.naver.com/main/read.nhn?mode=LSD&mid=sec&sid1=106&oid=112&aid=0003171295
김옥빈,"장동건♥김옥빈 마음에 품고, 눈에 담았다 [TV@픽]",연예,1,2019,06,15,20:33,2,2,0,0,0,0,0,0,0,0,0,https://news.naver.com/main/read.nhn?mode=LSD&mid=sec&sid1=106&oid=213&aid=0001112110
김옥빈,"'아스달'로 집결한 장동건·송중기·김지원·김옥빈...""격전 펼쳐진다""",연예,1,2019,06,14,13:55,30,30,0,0,0,0,0,0,0,0,0,https://news.naver.com/main/read.nhn?mode=LSD&mid=sec&sid1=106&oid=052&aid=0001306846
김옥빈,"‘아스달 연대기’ 장동건, 스스로 신됐다.. 송중기, 김옥빈 협박 (종합)",연예,1,2019,06,15,22:42,112,109,0,3,0,0,0,0,0,0,0,https://news.naver.com/main/read.nhn?mode=LSD&mid=sec&sid1=106&oid=609&aid=0000124275
김옥빈,"'아스달 연대기' 김옥빈, 카리스마 속 감춰둔 눈물 ""야심가의 반전 면모""",연예,1,2019,06,10,10:25,10,10,0,0,0,0,0,0,0,0,0,https://news.naver.com/main/read.nhn?mode=LSD&mid=sec&sid1=106&oid=076&aid=0003427106
김옥빈,"'아스달 연대기' 김옥빈, 캐릭터에 완벽히 녹아들었다",연예,1,2019,06,09,15:13,2,2,0,0,0,0,0,0,0,0,0,https://news.naver.com/main/read.nhn?mode=LSD&mid=sec&sid1=106&oid=015&aid=0004155508
김옥빈,"‘아스달 연대기’ 조성하, 김옥빈에 “장동건 독살하라” 명령",연예,1,2019,06,09,21:48,1,1,0,0,0,0,0,0,0,0,0,https://news.naver.com/main/read.nhn?mode=LSD&mid=sec&sid1=106&oid=382&aid=0000737399
김옥빈,'아스달 연대기' 장동건 김옥빈 '욕망커플' 결말은?,연예,1,2019,06,15,21:12,24,22,0,2,0,0,0,0,0,0,0,https://news.naver.com/main/read.nhn?mode=LSD&mid=sec&sid1=106&oid=119&aid=0002334960
김옥빈,"[N컷] '아스달 연대기' 마음 닿은 장동건♥김옥빈, 포옹+눈물 '애틋'",연예,1,2019,06,15,18:20,10,10,0,0,0,0,0,0,0,0,0,https://news.naver.com/main/read.nhn?mode=LSD&mid=sec&sid1=106&oid=421&aid=0004043313
김옥빈,"'아스달’ 장동건·김옥빈, 눈물 그렁 애정 폭발...""마음에 품고, 눈에 담았다""",연예,1,2019,06,15,17:42,8,8,0,0,0,0,0,0,0,0,0,https://news.naver.com/main/read.nhn?mode=LSD&mid=sec&sid1=106&oid=076&aid=0003429577
김옥빈,"[DAY컷] ‘아스달 연대기’ 장동건·김옥빈, 불꽃 애정+애틋 눈물",연예,1,2019,06,15,17:26,7,7,0,0,0,0,0,0,0,0,0,https://news.naver.com/main/read.nhn?mode=LSD&mid=sec&sid1=106&oid=382&aid=0000738973
김옥빈,"‘아스달 연대기’ 장동건·송중기·김지원·김옥빈, 아스달에 총집결",연예,1,2019,06,14,10:15,46,45,0,1,0,0,0,0,0,0,0,https://news.naver.com/main/read.nhn?mode=LSD&mid=sec&sid1=106&oid=014&aid=0004245056
김옥빈,"'아스달 연대기' 장동건·송중기·김지원·김옥빈, 4人4色 집중분석",연예,1,2019,06,14,10:21,21,21,0,0,0,0,0,0,0,0,0,https://news.naver.com/main/read.nhn?mode=LSD&mid=sec&sid1=106&oid=404&aid=0000245925
김옥빈,송중기·장동건에 김지원·김옥빈까지..'아스달연대기' 핵심사건 #4 총정리,연예,1,2019,06,14,10:10,41,40,0,1,0,0,0,0,0,0,0,https://news.naver.com/main/read.nhn?mode=LSD&mid=sec&sid1=106&oid=109&aid=0004029187
김옥빈,"'아스달연대기' 장동건-송중기-김지원-김옥빈, 아스달에 총집결‥거대 서사 시작된다",연예,1,2019,06,14,10:13,25,25,0,0,0,0,0,0,0,0,0,https://news.naver.com/main/read.nhn?mode=LSD&mid=sec&sid1=106&oid=112&aid=0003175912
김옥빈,"'아스달' 장동건, 김옥빈 도움으로 神 빙의 연기..지략가 면모 [★밤TView]",연예,1,2019,06,15,22:50,15,15,0,0,0,0,0,0,0,0,0,https://news.naver.com/main/read.nhn?mode=LSD&mid=sec&sid1=106&oid=108&aid=0002790472
김옥빈,"‘아스달 연대기’ 김옥빈, 카리스마 속 감춰왔던 눈물...야심가의 반전 면모",연예,1,2019,06,10,10:09,2,2,0,0,0,0,0,0,0,0,0,https://news.naver.com/main/read.nhn?mode=LSD&mid=sec&sid1=106&oid=011&aid=0003567356
김옥빈,"'아스달 연대기' 김옥빈, 섬세한 감정부터 거친 액션까지...열연 빛났다",연예,1,2019,06,10,11:05,11,11,0,0,0,0,0,0,0,0,0,https://news.naver.com/main/read.nhn?mode=LSD&mid=sec&sid1=106&oid=312&aid=0000392176
김옥빈,"'아스달 연대기' 김옥빈, 카리스마 속 감춰왔던 눈물 '야심가의 반전'",연예,1,2019,06,10,10:21,2,2,0,0,0,0,0,0,0,0,0,https://news.naver.com/main/read.nhn?mode=LSD&mid=sec&sid1=106&oid=311&aid=0001002012
김옥빈,"‘아스달 연대기’ 김옥빈, 욕망의 야심가 본색…독보적 분위기 ‘시선강탈’",연예,1,2019,06,09,10:36,5,5,0,0,0,0,0,0,0,0,0,https://news.naver.com/main/read.nhn?mode=LSD&mid=sec&sid1=106&oid=469&aid=0000395294
김옥빈,"김옥빈, 장동건 가짜 유혹..고대의 야망녀 등극 [Oh!쎈 컷]",연예,1,2019,06,09,10:50,8,8,0,0,0,0,0,0,0,0,0,https://news.naver.com/main/read.nhn?mode=LSD&mid=sec&sid1=106&oid=109&aid=0004025609
김옥빈,"[TV핫스팟] ‘아스달 연대기’ 김옥빈, 욕망의 야심가 본색 드러냈다",연예,1,2019,06,09,11:29,3,3,0,0,0,0,0,0,0,0,0,https://news.naver.com/main/read.nhn?mode=LSD&mid=sec&sid1=106&oid=396&aid=0000515606
김옥빈,"'아스달연대기' 장동건, 김옥빈에 진심 고백→김옥빈, 독살 실패",연예,1,2019,06,09,22:06,23,22,0,1,0,0,0,0,0,0,0,https://news.naver.com/main/read.nhn?mode=LSD&mid=sec&sid1=106&oid=477&aid=0000188501
김옥빈,"'아스달 연대기' 김옥빈, 조성하 명령에 장동건 독살 시도...연정 때문에 포기",연예,1,2019,06,09,22:46,7,7,0,0,0,0,0,0,0,0,0,https://news.naver.com/main/read.nhn?mode=LSD&mid=sec&sid1=106&oid=015&aid=0004155713
김옥빈,"'아스달 연대기' 송중기, 김옥빈에 복수 ""바라던 사람 잃으셨다""(종합)",연예,2,2019,06,22,22:37,636,633,0,3,0,0,0,0,0,0,0,https://news.naver.com/main/read.nhn?mode=LSD&mid=sec&sid1=106&oid=468&aid=0000523914
김옥빈,"'아스달 연대기' 장동건-김옥빈, 들끓는 '욕망커플'→눈물범벅 '칼끝 대립'",연예,2,2019,06,22,14:14,78,76,0,2,0,0,0,0,0,0,0,https://news.naver.com/main/read.nhn?mode=LSD&mid=sec&sid1=106&oid=076&aid=0003432497
김옥빈,"[종합]`아스달 연대기` 송중기, 이도경 죽이려는 김옥빈 계획 망쳤다...""이제 주고 받은 것""",연예,2,2019,06,22,22:36,32,32,0,0,0,0,0,0,0,0,0,https://news.naver.com/main/read.nhn?mode=LSD&mid=sec&sid1=106&oid=009&aid=0004378417
김옥빈,"‘아스달연대기’ 김지원, 목숨 위협하는 김옥빈에 “그 아이도 죽어”",연예,2,2019,06,22,22:15,4,4,0,0,0,0,0,0,0,0,0,https://news.naver.com/main/read.nhn?mode=LSD&mid=sec&sid1=106&oid=213&aid=0001113702
김옥빈,‘아스달 연대기’ 김옥빈 “장동건 이그트 사실 확 걸렸으면”,연예,2,2019,06,22,22:26,19,19,0,0,0,0,0,0,0,0,0,https://news.naver.com/main/read.nhn?mode=LSD&mid=sec&sid1=106&oid=410&aid=0000597907
김옥빈,"'아스달' 옥탑의 송중기, 김옥빈 배신했다 ""장동건 잃을 것""(종합)",연예,2,2019,06,22,22:31,27,27,0,0,0,0,0,0,0,0,0,https://news.naver.com/main/read.nhn?mode=LSD&mid=sec&sid1=106&oid=112&aid=0003179254
김옥빈,"'아스달' 장동건X김옥빈, 뒤틀린 권력욕으로 서로 견제[★밤TView]",연예,2,2019,06,22,22:37,28,28,0,0,0,0,0,0,0,0,0,https://news.naver.com/main/read.nhn?mode=LSD&mid=sec&sid1=106&oid=108&aid=0002792004
김옥빈,"'아스달 연대기' 김옥빈, 송중기에 김지원 소개 ""새 몸종""",연예,2,2019,06,22,22:18,41,41,0,0,0,0,0,0,0,0,0,https://news.naver.com/main/read.nhn?mode=LSD&mid=sec&sid1=106&oid=076&aid=0003432577
김옥빈,"사야 송중기 '아스달연대기', 김옥빈에게 복수‥ ""서로 주고 받았다""[종합]",연예,2,2019,06,22,22:39,424,423,0,1,0,0,0,0,0,0,0,https://news.naver.com/main/read.nhn?mode=LSD&mid=sec&sid1=106&oid=109&aid=0004035164
김옥빈,"‘아스달 연대기’ 장동건-김옥빈, 칼끝 대립…애정전선에 빨간불",연예,2,2019,06,22,14:27,4,4,0,0,0,0,0,0,0,0,0,https://news.naver.com/main/read.nhn?mode=LSD&mid=sec&sid1=106&oid=382&aid=0000740769
김옥빈,"‘아스달 연대기’ 장동건-김옥빈, 들끓는 ‘욕망커플’의 칼끝 대립",연예,2,2019,06,22,14:31,5,4,0,1,0,0,0,0,0,0,0,https://news.naver.com/main/read.nhn?mode=LSD&mid=sec&sid1=106&oid=312&aid=0000394459
김옥빈,"‘아스달 연대기’ 욕망커플 장동건-김옥빈, 대립 포착..무슨 상황?",연예,2,2019,06,22,21:07,5,4,0,1,0,0,0,0,0,0,0,https://news.naver.com/main/read.nhn?mode=LSD&mid=sec&sid1=106&oid=410&aid=0000597892
김옥빈,"'아스달 연대기' 장동건♥김옥빈, 들끓는 욕망커플의 칼끝 대립..애정전선 빨간불?",연예,2,2019,06,22,15:07,5,5,0,0,0,0,0,0,0,0,0,https://news.naver.com/main/read.nhn?mode=LSD&mid=sec&sid1=106&oid=404&aid=0000246630
김옥빈,"‘아스달연대기’ 사야 송중기, 장동건 원하는 김옥빈에 복수 ‘반전민낯’ [종합]",연예,2,2019,06,22,22:39,49,49,0,0,0,0,0,0,0,0,0,https://news.naver.com/main/read.nhn?mode=LSD&mid=sec&sid1=106&oid=213&aid=0001113704
김옥빈,"‘아스달 연대기’ 송중기, 박병은 독살 김옥빈에 복수 ‘섬뜩’ (종합)",연예,2,2019,06,22,22:39,32,30,0,2,0,0,0,0,0,0,0,https://news.naver.com/main/read.nhn?mode=LSD&mid=sec&sid1=106&oid=609&aid=0000127711
김옥빈,"'아스달 연대기' 송중기, 김옥빈에 복수 성공 ""장동건 잃으셨다""[종합]",연예,2,2019,06,22,22:58,67,67,0,0,0,0,0,0,0,0,0,https://news.naver.com/main/read.nhn?mode=LSD&mid=sec&sid1=106&oid=076&aid=0003432578
김옥빈,"`아스달 연대기` 김지원, 자신 죽이려는 김옥빈에 ""내가 죽으면 송중기도 죽는다""",연예,2,2019,06,22,21:48,18,18,0,0,0,0,0,0,0,0,0,https://news.naver.com/main/read.nhn?mode=LSD&mid=sec&sid1=106&oid=009&aid=0004378412
김옥빈,"'아스달' 김지원, 혀 자르려는 김옥빈에 ""내가 죽으면 송중기도 죽어""",연예,2,2019,06,22,21:46,8,8,0,0,0,0,0,0,0,0,0,https://news.naver.com/main/read.nhn?mode=LSD&mid=sec&sid1=106&oid=112&aid=0003179243
김옥빈,"'아스달 연대기' 장동건vs송중기vs김지원vs김옥빈, 판세 술렁일 후반전",연예,3,2019,06,29,10:02,30,30,0,0,0,0,0,0,0,0,0,https://news.naver.com/main/read.nhn?mode=LSD&mid=sec&sid1=106&oid=112&aid=0003182030
김옥빈,"'아스달 연대기' 김지원, 아사신의 후예였다..장동건?김옥빈 경계[종합]",연예,3,2019,06,29,22:34,18,18,0,0,0,0,0,0,0,0,0,https://news.naver.com/main/read.nhn?mode=LSD&mid=sec&sid1=106&oid=109&aid=0004040069
김옥빈,"'아스달 연대기' 김옥빈, 이유 있는 '욕망캐'…폭발하는 감정 열연",연예,3,2019,06,24,10:02,6,6,0,0,0,0,0,0,0,0,0,https://news.naver.com/main/read.nhn?mode=LSD&mid=sec&sid1=106&oid=076&aid=0003432933
김옥빈,"'아스달 연대기' 김옥빈, 분노X당황X공포까지…강렬 엔딩 장식",연예,3,2019,06,23,10:51,3,3,0,0,0,0,0,0,0,0,0,https://news.naver.com/main/read.nhn?mode=LSD&mid=sec&sid1=106&oid=468&aid=0000523957
김옥빈,"‘아스달 연대기’ 장동건·송중기·김지원·김옥빈, 아스달 ‘판세’ 가늠할 ‘집중 포인트’",연예,3,2019,06,29,10:04,16,16,0,0,0,0,0,0,0,0,0,https://news.naver.com/main/read.nhn?mode=LSD&mid=sec&sid1=106&oid=009&aid=0004382629
김옥빈,"'아스달 연대기' 김옥빈, 이유 있는 '욕망캐'...폭발하는 감정 열연에 '긴장감 UP'",연예,3,2019,06,24,10:59,49,47,0,2,0,0,0,0,0,0,0,https://news.naver.com/main/read.nhn?mode=LSD&mid=sec&sid1=106&oid=468&aid=0000524438
김옥빈,"'아스달 연대기' 김옥빈, 이유 있는 '욕망캐'..폭발하는 감정 열연",연예,3,2019,06,24,10:13,8,8,0,0,0,0,0,0,0,0,0,https://news.naver.com/main/read.nhn?mode=LSD&mid=sec&sid1=106&oid=404&aid=0000246719
김옥빈,"'아스달 연대기' 김옥빈, 분노→절제 오가는 열연…이유 있는 '욕망캐' [핫TV]",연예,3,2019,06,24,10:18,7,6,0,1,0,0,0,0,0,0,0,https://news.naver.com/main/read.nhn?mode=LSD&mid=sec&sid1=106&oid=109&aid=0004035891
김옥빈,"'아스달 연대기' 김옥빈, 절제와 폭발 넘나드는 야망캐..냉랭한 눈빛",연예,3,2019,06,24,9:56,7,7,0,0,0,0,0,0,0,0,0,https://news.naver.com/main/read.nhn?mode=LSD&mid=sec&sid1=106&oid=112&aid=0003179625
김옥빈,"'아스달 연대기' 김옥빈, '분노X당황X공포'강렬한 엔딩 장식",연예,3,2019,06,23,15:20,1,1,0,0,0,0,0,0,0,0,0,https://news.naver.com/main/read.nhn?mode=LSD&mid=sec&sid1=106&oid=015&aid=0004163906
김옥빈,"‘아스달’ 김옥빈, 분노→당황→공포…美친 ‘3단 열연’ 선사",연예,3,2019,06,23,10:28,1,1,0,0,0,0,0,0,0,0,0,https://news.naver.com/main/read.nhn?mode=LSD&mid=sec&sid1=106&oid=382&aid=0000740839
김옥빈,"""분노X당황X공포""..'아스달 연대기' 김옥빈, 강렬 엔딩 장식",연예,3,2019,06,23,11:38,7,7,0,0,0,0,0,0,0,0,0,https://news.naver.com/main/read.nhn?mode=LSD&mid=sec&sid1=106&oid=109&aid=0004035362
김옥빈,"'아스달 연대기' 김옥빈, 분노·당황·공포…강렬 엔딩 장식",연예,3,2019,06,23,11:00,2,2,0,0,0,0,0,0,0,0,0,https://news.naver.com/main/read.nhn?mode=LSD&mid=sec&sid1=106&oid=117&aid=0003235211
김옥빈,"'아스달 연대기' 송중기의 두 얼굴, 순진한 얼굴로 김옥빈에 복수…'소름 엔딩'",연예,3,2019,06,23,8:45,558,554,0,4,0,0,0,0,0,0,0,https://news.naver.com/main/read.nhn?mode=LSD&mid=sec&sid1=106&oid=312&aid=0000394524
김옥빈,"‘아스달연대기’ 사야 송중기, 김옥빈 뒤통수치며 충격반전 [TV줌인]",연예,3,2019,06,23,6:58,5,5,0,0,0,0,0,0,0,0,0,https://news.naver.com/main/read.nhn?mode=LSD&mid=sec&sid1=106&oid=213&aid=0001113719
김옥빈,"'아스달 연대기' 송중기, 수줍은 사야의 두 얼굴...김옥빈에 반전 복수 '핵소름 엔딩'",연예,3,2019,06,23,8:53,14,13,0,1,0,0,0,0,0,0,0,https://news.naver.com/main/read.nhn?mode=LSD&mid=sec&sid1=106&oid=404&aid=0000246652
김옥빈,"""김옥빈에 앙갚음"" '아스달 연대기' 송중기, 숨겨온 복수의 칼날[SS리뷰]",연예,3,2019,06,23,6:50,11,11,0,0,0,0,0,0,0,0,0,https://news.naver.com/main/read.nhn?mode=LSD&mid=sec&sid1=106&oid=468&aid=0000523920
김옥빈,"‘아스달 연대기’ 김옥빈, 장동건과 옛 약속 회상 “우린 서로 버릴 수 있어”",연예,4,2019,07,06,21:46,5,5,0,0,0,0,0,0,0,0,0,https://news.naver.com/main/read.nhn?mode=LSD&mid=sec&sid1=106&oid=410&aid=0000602336
김옥빈,"'아스달연대기' 송중기, 장동건 배신에 분노 '김지원 두고 갈등' [종합]",연예,4,2019,07,06,22:47,6,6,0,0,0,0,0,0,0,0,0,https://news.naver.com/main/read.nhn?mode=LSD&mid=sec&sid1=106&oid=241&aid=0002934135
김옥빈,"""운명 바꾸고 싶다면 증명하라""…'아스달 연대기' 장동건·송중기·김지원·김옥빈, 관전 키워드",연예,4,2019,07,05,11:42,70,68,0,2,0,0,0,0,0,0,0,https://news.naver.com/main/read.nhn?mode=LSD&mid=sec&sid1=106&oid=076&aid=0003438207
김옥빈,"'아스달' 김지원vs김옥빈, 상고시대 히로인 매력 대결②",연예,4,2019,07,06,10:00,5,5,0,0,0,0,0,0,0,0,0,https://news.naver.com/main/read.nhn?mode=LSD&mid=sec&sid1=106&oid=108&aid=0002795062
김옥빈,'아스달' 장동건♥김옥빈 '욕망' vs 송중기♥김지원 '연민' 2色 로맨스④,연예,4,2019,07,06,10:00,12,12,0,0,0,0,0,0,0,0,0,https://news.naver.com/main/read.nhn?mode=LSD&mid=sec&sid1=106&oid=108&aid=0002795063
김옥빈,"'아스달' 장동건 ""김옥빈 건들면 무슨 짓 할 지 몰라""[별별TV]",연예,4,2019,07,06,21:49,1,1,0,0,0,0,0,0,0,0,0,https://news.naver.com/main/read.nhn?mode=LSD&mid=sec&sid1=106&oid=108&aid=0002795174
김옥빈,"'아스달 연대기' 김옥빈, 욕망↔애틋 눈빛 하나로 표현한 감정선",연예,4,2019,06,30,18:19,113,109,0,4,0,0,0,0,0,0,0,https://news.naver.com/main/read.nhn?mode=LSD&mid=sec&sid1=106&oid=404&aid=0000247233
김옥빈,"'아스달 연대기' 장동건·송중기·김지원·김옥빈, 어떠한 운명 맞게 될까",연예,4,2019,07,05,14:23,33,33,0,0,0,0,0,0,0,0,0,https://news.naver.com/main/read.nhn?mode=LSD&mid=sec&sid1=106&oid=112&aid=0003184587
김옥빈,"'아스달연대기', 파트2 막판 스퍼트...반전 운명 펼쳐진다",연예,4,2019,07,05,14:15,32,32,0,0,0,0,0,0,0,0,0,https://news.naver.com/main/read.nhn?mode=LSD&mid=sec&sid1=106&oid=052&aid=0001315309
김옥빈,"‘아스달 연대기’ 장동건·송중기·김지원·김옥빈, 쾌속질주 예고하는 미래 기상도",연예,4,2019,07,05,10:35,9,9,0,0,0,0,0,0,0,0,0,https://news.naver.com/main/read.nhn?mode=LSD&mid=sec&sid1=106&oid=009&aid=0004386510
김옥빈,"‘아스달 연대기’ 장동건X송중기X김지원X김옥빈, 쾌속질주 예고하는 ‘아스달’ 미래 기상도",연예,4,2019,07,05,23:57,7,7,0,0,0,0,0,0,0,0,0,https://news.naver.com/main/read.nhn?mode=LSD&mid=sec&sid1=106&oid=469&aid=0000403058
김옥빈,"'아스달 연대기' 김옥빈, 욕망↔애틋 눈빛 하나로 표현한 감정선",연예,4,2019,06,30,16:00,40,40,0,0,0,0,0,0,0,0,0,https://news.naver.com/main/read.nhn?mode=LSD&mid=sec&sid1=106&oid=468&aid=0000527320
김옥빈,"'아스달연대기' 김옥빈, 눈빛 하나로 욕망↔애틋 오가는 열연",연예,4,2019,06,30,16:14,7,7,0,0,0,0,0,0,0,0,0,https://news.naver.com/main/read.nhn?mode=LSD&mid=sec&sid1=106&oid=241&aid=0002931388
김옥빈,"'아스달 연대기' 김옥빈, 新인생캐 탄생..내공있는 열연 '호평'",연예,4,2019,06,30,16:34,13,13,0,0,0,0,0,0,0,0,0,https://news.naver.com/main/read.nhn?mode=LSD&mid=sec&sid1=106&oid=076&aid=0003435705
김옥빈,"'아스달 연대기' 김옥빈, 욕망·애틋 눈빛 하나로 표현한 감정선",연예,4,2019,06,30,16:13,28,28,0,0,0,0,0,0,0,0,0,https://news.naver.com/main/read.nhn?mode=LSD&mid=sec&sid1=106&oid=076&aid=0003435694
김옥빈,"김옥빈, 욕망 실현 다시 청신호..'파트3를 기대해'",연예,5,2019,07,08,13:35,27,27,0,0,0,0,0,0,0,0,0,https://news.naver.com/main/read.nhn?mode=LSD&mid=sec&sid1=106&oid=109&aid=0004045740
김옥빈,"‘아스달’ 김옥빈, 이토록 ‘슬픈 사랑’ 또 있을까",연예,5,2019,07,07,15:05,10,10,0,0,0,0,0,0,0,0,0,https://news.naver.com/main/read.nhn?mode=LSD&mid=sec&sid1=106&oid=382&aid=0000744603
김옥빈,"김옥빈, 볼수록 빠져드는 신미로운 마스크",연예,5,2019,07,09,18:07,31,31,0,0,0,0,0,0,0,0,0,https://news.naver.com/main/read.nhn?mode=LSD&mid=sec&sid1=106&oid=469&aid=0000404027
김옥빈,"'아스달 연대기' 김지원VS김옥빈, 운명의 열쇠 쥔 신성다툼",연예,5,2019,07,07,15:12,31,31,0,0,0,0,0,0,0,0,0,https://news.naver.com/main/read.nhn?mode=LSD&mid=sec&sid1=106&oid=312&aid=0000397278
김옥빈,"‘아스달 연대기’ 송중기→김옥빈, 깊은 울림 준 철학적 메시지 [M+TV인사이드]",연예,5,2019,07,08,10:31,10,9,0,1,0,0,0,0,0,0,0,https://news.naver.com/main/read.nhn?mode=LSD&mid=sec&sid1=106&oid=057&aid=0001365523
김옥빈,"'아스달' 조성하, 김옥빈에 ""장동건 버려라""[별별TV]",연예,5,2019,07,07,21:53,8,8,0,0,0,0,0,0,0,0,0,https://news.naver.com/main/read.nhn?mode=LSD&mid=sec&sid1=106&oid=108&aid=0002795307
김옥빈,"'아스달 연대기' 김옥빈, 욕망 실현 다시 '청신호'…""Part3를 기대해""",연예,5,2019,07,08,9:50,11,11,0,0,0,0,0,0,0,0,0,https://news.naver.com/main/read.nhn?mode=LSD&mid=sec&sid1=106&oid=076&aid=0003439057
김옥빈,"'아스달 연대기' 김옥빈, 다시 욕망 실현의 기회…호평 속 파트2 마무리",연예,5,2019,07,08,18:38,34,34,0,0,0,0,0,0,0,0,0,https://news.naver.com/main/read.nhn?mode=LSD&mid=sec&sid1=106&oid=015&aid=0004172459
김옥빈,"'아스달 연대기' 김옥빈, 욕망 실현 다시 '청신호'..기대될 수 밖에 없는 파트3",연예,5,2019,07,08,10:35,5,5,0,0,0,0,0,0,0,0,0,https://news.naver.com/main/read.nhn?mode=LSD&mid=sec&sid1=106&oid=011&aid=0003582425
김옥빈,"‘아스달연대기’ 김옥빈, 욕망 실현 가능할까…더 궁금해진 파트3",연예,5,2019,07,08,10:19,1,1,0,0,0,0,0,0,0,0,0,https://news.naver.com/main/read.nhn?mode=LSD&mid=sec&sid1=106&oid=213&aid=0001117200
김옥빈,"'아스달 연대기' 김옥빈, 장동건 향한 맴찢 로맨스 '애잔'",연예,5,2019,07,07,15:05,9,9,0,0,0,0,0,0,0,0,0,https://news.naver.com/main/read.nhn?mode=LSD&mid=sec&sid1=106&oid=311&aid=0001014950
김옥빈,"'아스달연대기' 김옥빈, 장동건 향한 이토록 아프고 슬픈 사랑 '맴찢'",연예,5,2019,07,07,14:59,6,6,0,0,0,0,0,0,0,0,0,https://news.naver.com/main/read.nhn?mode=LSD&mid=sec&sid1=106&oid=112&aid=0003185178
김옥빈,"'아스달 연대기' 김의성, 김옥빈에 ""혼인하자""",연예,0,2019,06,08,22:44,18,17,0,1,0,0,0,0,0,0,0,https://news.naver.com/main/read.nhn?mode=LSD&mid=sec&sid1=106&oid=312&aid=0000391973
김옥빈,"'아스달 연대기' 장동건-송중기-김지원-김옥빈, 제작진이 투척한 떡밥 3가지",연예,0,2019,06,08,20:13,7,7,0,0,0,0,0,0,0,0,0,https://news.naver.com/main/read.nhn?mode=LSD&mid=sec&sid1=106&oid=404&aid=0000245435
김옥빈,'아스달연대기' 송중기·장동건·김지원·김옥빈 다 모인다…'전쟁의 서막',연예,0,2019,06,07,16:53,31,31,0,0,0,0,0,0,0,0,0,https://news.naver.com/main/read.nhn?mode=LSD&mid=sec&sid1=106&oid=421&aid=0004030069
김옥빈,"김옥빈, 촬영장 밖 시선 사로잡는 미모 ‘여신 아우라’",연예,0,2019,06,07,18:28,14,14,0,0,0,0,0,0,0,0,0,https://news.naver.com/main/read.nhn?mode=LSD&mid=sec&sid1=106&oid=469&aid=0000395088
김옥빈,"'아스달 연대기' 연맹장 김의성, 해족 김옥빈에 청혼 ""결혼하자""",연예,0,2019,06,08,21:50,8,8,0,0,0,0,0,0,0,0,0,https://news.naver.com/main/read.nhn?mode=LSD&mid=sec&sid1=106&oid=112&aid=0003173652
김옥빈,"김옥빈·채서진 자매, 얼마나 닮았나 봤더니…미모·연기·끼 남다른 DNA",연예,0,2019,06,03,11:14,12,12,0,0,0,0,0,0,0,0,0,https://news.naver.com/main/read.nhn?mode=LSD&mid=sec&sid1=106&oid=015&aid=0004152249
김옥빈,"'아스달 연대기' 김옥빈, '눈빛X자태'…첫 등장부터 시선 싹쓸이",연예,0,2019,06,02,16:25,2,2,0,0,0,0,0,0,0,0,0,https://news.naver.com/main/read.nhn?mode=LSD&mid=sec&sid1=106&oid=076&aid=0003424363
김옥빈,"‘아스달 연대기’ 김의성, 김옥빈 물음에 “子 타곤, 미운 게 아니라 무서워”",연예,0,2019,06,08,21:53,3,2,0,0,0,0,0,0,0,1,0,https://news.naver.com/main/read.nhn?mode=LSD&mid=sec&sid1=106&oid=410&aid=0000593230
김옥빈,"‘아스달연대기’ 김의성, 유혹적인 김옥빈에 “혼인하자”",연예,0,2019,06,08,21:58,1,1,0,0,0,0,0,0,0,0,0,https://news.naver.com/main/read.nhn?mode=LSD&mid=sec&sid1=106&oid=213&aid=0001110935
김옥빈,"'아스달연대기' 김의성, 김옥빈에 청혼했다 ""혼인하자""",연예,0,2019,06,08,21:50,139,134,0,5,0,0,0,0,0,0,0,https://news.naver.com/main/read.nhn?mode=LSD&mid=sec&sid1=106&oid=311&aid=0001001531
김옥빈,드라마 '아스달 연대기'의 토·일 밤···시청 포인트 셋,연예,0,2019,06,08,6:35,14,14,0,0,0,0,0,0,0,0,0,https://news.naver.com/main/read.nhn?mode=LSD&mid=sec&sid1=106&oid=003&aid=0009274708
김옥빈,"'아스달 연대기' 장동건X송중기X김지원X김옥빈, 치열한 전쟁의 서막",연예,0,2019,06,07,17:40,23,23,0,0,0,0,0,0,0,0,0,https://news.naver.com/main/read.nhn?mode=LSD&mid=sec&sid1=106&oid=117&aid=0003227244
김옥빈,"'아스달', 지금까진 프롤로그...제작진 ""본격 전개 휘몰아친다""",연예,0,2019,06,07,17:41,85,85,0,0,0,0,0,0,0,0,0,https://news.naver.com/main/read.nhn?mode=LSD&mid=sec&sid1=106&oid=052&aid=0001304289
김옥빈,"‘아스달 연대기’ 장동건X송중기X김지원X김옥빈, 드디어 아스달 전쟁 신호탄 울렸다",연예,0,2019,06,07,22:51,35,35,0,0,0,0,0,0,0,0,0,https://news.naver.com/main/read.nhn?mode=LSD&mid=sec&sid1=106&oid=469&aid=0000395119
김옥빈,"'아스달연대기' 3, 4회 관전포인트 #고군분투 #음모와 위협 #욕망",연예,0,2019,06,07,16:43,11,11,0,0,0,0,0,0,0,0,0,https://news.naver.com/main/read.nhn?mode=LSD&mid=sec&sid1=106&oid=468&aid=0000517461
김옥빈,"`아스달 연대기` 김옥빈, 고혹美로 다 했다",연예,0,2019,06,02,16:51,7,7,0,0,0,0,0,0,0,0,0,https://news.naver.com/main/read.nhn?mode=LSD&mid=sec&sid1=106&oid=009&aid=0004366878
김옥빈,"김옥빈, 매혹미로 중무장..첫 등장부터 시선 싹쓸이",연예,0,2019,06,02,16:47,15,15,0,0,0,0,0,0,0,0,0,https://news.naver.com/main/read.nhn?mode=LSD&mid=sec&sid1=106&oid=109&aid=0004021526
김옥빈,"'아스달 연대기' 김옥빈, '고고한 눈빛X도도한 자태' 시선집중",연예,0,2019,06,02,18:02,1,1,0,0,0,0,0,0,0,0,0,https://news.naver.com/main/read.nhn?mode=LSD&mid=sec&sid1=106&oid=015&aid=0004151977
김옥빈,"'아스달 연대기' 김옥빈, 매혹美로 시선강탈‥첫 등장부터 임팩트甲",연예,0,2019,06,02,14:17,6,6,0,0,0,0,0,0,0,0,0,https://news.naver.com/main/read.nhn?mode=LSD&mid=sec&sid1=106&oid=112&aid=0003171295
김옥빈,"장동건♥김옥빈 마음에 품고, 눈에 담았다 [TV@픽]",연예,1,2019,06,15,20:33,2,2,0,0,0,0,0,0,0,0,0,https://news.naver.com/main/read.nhn?mode=LSD&mid=sec&sid1=106&oid=213&aid=0001112110
김옥빈,"'아스달'로 집결한 장동건·송중기·김지원·김옥빈...""격전 펼쳐진다""",연예,1,2019,06,14,13:55,30,30,0,0,0,0,0,0,0,0,0,https://news.naver.com/main/read.nhn?mode=LSD&mid=sec&sid1=106&oid=052&aid=0001306846
김옥빈,"‘아스달 연대기’ 장동건, 스스로 신됐다.. 송중기, 김옥빈 협박 (종합)",연예,1,2019,06,15,22:42,112,109,0,3,0,0,0,0,0,0,0,https://news.naver.com/main/read.nhn?mode=LSD&mid=sec&sid1=106&oid=609&aid=0000124275
김옥빈,"'아스달 연대기' 김옥빈, 카리스마 속 감춰둔 눈물 ""야심가의 반전 면모""",연예,1,2019,06,10,10:25,10,10,0,0,0,0,0,0,0,0,0,https://news.naver.com/main/read.nhn?mode=LSD&mid=sec&sid1=106&oid=076&aid=0003427106
김옥빈,"'아스달 연대기' 김옥빈, 캐릭터에 완벽히 녹아들었다",연예,1,2019,06,09,15:13,2,2,0,0,0,0,0,0,0,0,0,https://news.naver.com/main/read.nhn?mode=LSD&mid=sec&sid1=106&oid=015&aid=0004155508
김옥빈,"‘아스달 연대기’ 조성하, 김옥빈에 “장동건 독살하라” 명령",연예,1,2019,06,09,21:48,1,1,0,0,0,0,0,0,0,0,0,https://news.naver.com/main/read.nhn?mode=LSD&mid=sec&sid1=106&oid=382&aid=0000737399
김옥빈,'아스달 연대기' 장동건 김옥빈 '욕망커플' 결말은?,연예,1,2019,06,15,21:12,24,22,0,2,0,0,0,0,0,0,0,https://news.naver.com/main/read.nhn?mode=LSD&mid=sec&sid1=106&oid=119&aid=0002334960
김옥빈,"[N컷] '아스달 연대기' 마음 닿은 장동건♥김옥빈, 포옹+눈물 '애틋'",연예,1,2019,06,15,18:20,10,10,0,0,0,0,0,0,0,0,0,https://news.naver.com/main/read.nhn?mode=LSD&mid=sec&sid1=106&oid=421&aid=0004043313
김옥빈,"'아스달’ 장동건·김옥빈, 눈물 그렁 애정 폭발...""마음에 품고, 눈에 담았다""",연예,1,2019,06,15,17:42,8,8,0,0,0,0,0,0,0,0,0,https://news.naver.com/main/read.nhn?mode=LSD&mid=sec&sid1=106&oid=076&aid=0003429577
김옥빈,"[DAY컷] ‘아스달 연대기’ 장동건·김옥빈, 불꽃 애정+애틋 눈물",연예,1,2019,06,15,17:26,7,7,0,0,0,0,0,0,0,0,0,https://news.naver.com/main/read.nhn?mode=LSD&mid=sec&sid1=106&oid=382&aid=0000738973
김옥빈,"‘아스달 연대기’ 장동건·송중기·김지원·김옥빈, 아스달에 총집결",연예,1,2019,06,14,10:15,46,45,0,1,0,0,0,0,0,0,0,https://news.naver.com/main/read.nhn?mode=LSD&mid=sec&sid1=106&oid=014&aid=0004245056
김옥빈,"'아스달 연대기' 장동건·송중기·김지원·김옥빈, 4人4色 집중분석",연예,1,2019,06,14,10:21,21,21,0,0,0,0,0,0,0,0,0,https://news.naver.com/main/read.nhn?mode=LSD&mid=sec&sid1=106&oid=404&aid=0000245925
김옥빈,송중기·장동건에 김지원·김옥빈까지..'아스달연대기' 핵심사건 #4 총정리,연예,1,2019,06,14,10:10,41,40,0,1,0,0,0,0,0,0,0,https://news.naver.com/main/read.nhn?mode=LSD&mid=sec&sid1=106&oid=109&aid=0004029187
김옥빈,"'아스달연대기' 장동건-송중기-김지원-김옥빈, 아스달에 총집결‥거대 서사 시작된다",연예,1,2019,06,14,10:13,25,25,0,0,0,0,0,0,0,0,0,https://news.naver.com/main/read.nhn?mode=LSD&mid=sec&sid1=106&oid=112&aid=0003175912
김옥빈,"'아스달' 장동건, 김옥빈 도움으로 神 빙의 연기..지략가 면모 [★밤TView]",연예,1,2019,06,15,22:50,15,15,0,0,0,0,0,0,0,0,0,https://news.naver.com/main/read.nhn?mode=LSD&mid=sec&sid1=106&oid=108&aid=0002790472
김옥빈,"‘아스달 연대기’ 김옥빈, 카리스마 속 감춰왔던 눈물...야심가의 반전 면모",연예,1,2019,06,10,10:09,2,2,0,0,0,0,0,0,0,0,0,https://news.naver.com/main/read.nhn?mode=LSD&mid=sec&sid1=106&oid=011&aid=0003567356
김옥빈,"'아스달 연대기' 김옥빈, 섬세한 감정부터 거친 액션까지...열연 빛났다",연예,1,2019,06,10,11:05,11,11,0,0,0,0,0,0,0,0,0,https://news.naver.com/main/read.nhn?mode=LSD&mid=sec&sid1=106&oid=312&aid=0000392176
김옥빈,"'아스달 연대기' 김옥빈, 카리스마 속 감춰왔던 눈물 '야심가의 반전'",연예,1,2019,06,10,10:21,2,2,0,0,0,0,0,0,0,0,0,https://news.naver.com/main/read.nhn?mode=LSD&mid=sec&sid1=106&oid=311&aid=0001002012
김옥빈,"‘아스달 연대기’ 김옥빈, 욕망의 야심가 본색…독보적 분위기 ‘시선강탈’",연예,1,2019,06,09,10:36,5,5,0,0,0,0,0,0,0,0,0,https://news.naver.com/main/read.nhn?mode=LSD&mid=sec&sid1=106&oid=469&aid=0000395294
김옥빈,"김옥빈, 장동건 가짜 유혹..고대의 야망녀 등극 [Oh!쎈 컷]",연예,1,2019,06,09,10:50,8,8,0,0,0,0,0,0,0,0,0,https://news.naver.com/main/read.nhn?mode=LSD&mid=sec&sid1=106&oid=109&aid=0004025609
김옥빈,"[TV핫스팟] ‘아스달 연대기’ 김옥빈, 욕망의 야심가 본색 드러냈다",연예,1,2019,06,09,11:29,3,3,0,0,0,0,0,0,0,0,0,https://news.naver.com/main/read.nhn?mode=LSD&mid=sec&sid1=106&oid=396&aid=0000515606
김옥빈,"'아스달연대기' 장동건, 김옥빈에 진심 고백→김옥빈, 독살 실패",연예,1,2019,06,09,22:06,23,22,0,1,0,0,0,0,0,0,0,https://news.naver.com/main/read.nhn?mode=LSD&mid=sec&sid1=106&oid=477&aid=0000188501
김옥빈,"'아스달 연대기' 김옥빈, 조성하 명령에 장동건 독살 시도...연정 때문에 포기",연예,1,2019,06,09,22:46,7,7,0,0,0,0,0,0,0,0,0,https://news.naver.com/main/read.nhn?mode=LSD&mid=sec&sid1=106&oid=015&aid=0004155713
김옥빈,"'아스달 연대기' 송중기, 김옥빈에 복수 ""바라던 사람 잃으셨다""(종합)",연예,2,2019,06,22,22:37,636,633,0,3,0,0,0,0,0,0,0,https://news.naver.com/main/read.nhn?mode=LSD&mid=sec&sid1=106&oid=468&aid=0000523914
김옥빈,"'아스달 연대기' 장동건-김옥빈, 들끓는 '욕망커플'→눈물범벅 '칼끝 대립'",연예,2,2019,06,22,14:14,78,76,0,2,0,0,0,0,0,0,0,https://news.naver.com/main/read.nhn?mode=LSD&mid=sec&sid1=106&oid=076&aid=0003432497
김옥빈,"[종합]`아스달 연대기` 송중기, 이도경 죽이려는 김옥빈 계획 망쳤다...""이제 주고 받은 것""",연예,2,2019,06,22,22:36,32,32,0,0,0,0,0,0,0,0,0,https://news.naver.com/main/read.nhn?mode=LSD&mid=sec&sid1=106&oid=009&aid=0004378417
김옥빈,"‘아스달연대기’ 김지원, 목숨 위협하는 김옥빈에 “그 아이도 죽어”",연예,2,2019,06,22,22:15,4,4,0,0,0,0,0,0,0,0,0,https://news.naver.com/main/read.nhn?mode=LSD&mid=sec&sid1=106&oid=213&aid=0001113702
김옥빈,‘아스달 연대기’ 김옥빈 “장동건 이그트 사실 확 걸렸으면”,연예,2,2019,06,22,22:26,19,19,0,0,0,0,0,0,0,0,0,https://news.naver.com/main/read.nhn?mode=LSD&mid=sec&sid1=106&oid=410&aid=0000597907
김옥빈,"'아스달' 옥탑의 송중기, 김옥빈 배신했다 ""장동건 잃을 것""(종합)",연예,2,2019,06,22,22:31,27,27,0,0,0,0,0,0,0,0,0,https://news.naver.com/main/read.nhn?mode=LSD&mid=sec&sid1=106&oid=112&aid=0003179254
김옥빈,"'아스달' 장동건X김옥빈, 뒤틀린 권력욕으로 서로 견제[★밤TView]",연예,2,2019,06,22,22:37,28,28,0,0,0,0,0,0,0,0,0,https://news.naver.com/main/read.nhn?mode=LSD&mid=sec&sid1=106&oid=108&aid=0002792004
김옥빈,"'아스달 연대기' 김옥빈, 송중기에 김지원 소개 ""새 몸종""",연예,2,2019,06,22,22:18,41,41,0,0,0,0,0,0,0,0,0,https://news.naver.com/main/read.nhn?mode=LSD&mid=sec&sid1=106&oid=076&aid=0003432577
김옥빈,"사야 송중기 '아스달연대기', 김옥빈에게 복수‥ ""서로 주고 받았다""[종합]",연예,2,2019,06,22,22:39,424,423,0,1,0,0,0,0,0,0,0,https://news.naver.com/main/read.nhn?mode=LSD&mid=sec&sid1=106&oid=109&aid=0004035164
김옥빈,"‘아스달 연대기’ 장동건-김옥빈, 칼끝 대립…애정전선에 빨간불",연예,2,2019,06,22,14:27,4,4,0,0,0,0,0,0,0,0,0,https://news.naver.com/main/read.nhn?mode=LSD&mid=sec&sid1=106&oid=382&aid=0000740769
김옥빈,"‘아스달 연대기’ 장동건-김옥빈, 들끓는 ‘욕망커플’의 칼끝 대립",연예,2,2019,06,22,14:31,5,4,0,1,0,0,0,0,0,0,0,https://news.naver.com/main/read.nhn?mode=LSD&mid=sec&sid1=106&oid=312&aid=0000394459
김옥빈,"‘아스달 연대기’ 욕망커플 장동건-김옥빈, 대립 포착..무슨 상황?",연예,2,2019,06,22,21:07,5,4,0,1,0,0,0,0,0,0,0,https://news.naver.com/main/read.nhn?mode=LSD&mid=sec&sid1=106&oid=410&aid=0000597892
김옥빈,"'아스달 연대기' 장동건♥김옥빈, 들끓는 욕망커플의 칼끝 대립..애정전선 빨간불?",연예,2,2019,06,22,15:07,5,5,0,0,0,0,0,0,0,0,0,https://news.naver.com/main/read.nhn?mode=LSD&mid=sec&sid1=106&oid=404&aid=0000246630
김옥빈,"‘아스달연대기’ 사야 송중기, 장동건 원하는 김옥빈에 복수 ‘반전민낯’ [종합]",연예,2,2019,06,22,22:39,49,49,0,0,0,0,0,0,0,0,0,https://news.naver.com/main/read.nhn?mode=LSD&mid=sec&sid1=106&oid=213&aid=0001113704
김옥빈,"‘아스달 연대기’ 송중기, 박병은 독살 김옥빈에 복수 ‘섬뜩’ (종합)",연예,2,2019,06,22,22:39,32,30,0,2,0,0,0,0,0,0,0,https://news.naver.com/main/read.nhn?mode=LSD&mid=sec&sid1=106&oid=609&aid=0000127711
김옥빈,"'아스달 연대기' 송중기, 김옥빈에 복수 성공 ""장동건 잃으셨다""[종합]",연예,2,2019,06,22,22:58,67,67,0,0,0,0,0,0,0,0,0,https://news.naver.com/main/read.nhn?mode=LSD&mid=sec&sid1=106&oid=076&aid=0003432578
김옥빈,"`아스달 연대기` 김지원, 자신 죽이려는 김옥빈에 ""내가 죽으면 송중기도 죽는다""",연예,2,2019,06,22,21:48,18,18,0,0,0,0,0,0,0,0,0,https://news.naver.com/main/read.nhn?mode=LSD&mid=sec&sid1=106&oid=009&aid=0004378412
김옥빈,"'아스달' 김지원, 혀 자르려는 김옥빈에 ""내가 죽으면 송중기도 죽어""",연예,2,2019,06,22,21:46,8,8,0,0,0,0,0,0,0,0,0,https://news.naver.com/main/read.nhn?mode=LSD&mid=sec&sid1=106&oid=112&aid=0003179243
김옥빈,"'아스달 연대기' 장동건vs송중기vs김지원vs김옥빈, 판세 술렁일 후반전",연예,3,2019,06,29,10:02,30,30,0,0,0,0,0,0,0,0,0,https://news.naver.com/main/read.nhn?mode=LSD&mid=sec&sid1=106&oid=112&aid=0003182030
김옥빈,"'아스달 연대기' 김지원, 아사신의 후예였다..장동건?김옥빈 경계[종합]",연예,3,2019,06,29,22:34,18,18,0,0,0,0,0,0,0,0,0,https://news.naver.com/main/read.nhn?mode=LSD&mid=sec&sid1=106&oid=109&aid=0004040069
김옥빈,"'아스달 연대기' 김옥빈, 이유 있는 '욕망캐'…폭발하는 감정 열연",연예,3,2019,06,24,10:02,6,6,0,0,0,0,0,0,0,0,0,https://news.naver.com/main/read.nhn?mode=LSD&mid=sec&sid1=106&oid=076&aid=0003432933
김옥빈,"'아스달 연대기' 김옥빈, 분노X당황X공포까지…강렬 엔딩 장식",연예,3,2019,06,23,10:51,3,3,0,0,0,0,0,0,0,0,0,https://news.naver.com/main/read.nhn?mode=LSD&mid=sec&sid1=106&oid=468&aid=0000523957
김옥빈,"‘아스달 연대기’ 장동건·송중기·김지원·김옥빈, 아스달 ‘판세’ 가늠할 ‘집중 포인트’",연예,3,2019,06,29,10:04,16,16,0,0,0,0,0,0,0,0,0,https://news.naver.com/main/read.nhn?mode=LSD&mid=sec&sid1=106&oid=009&aid=0004382629
김옥빈,"'아스달 연대기' 김옥빈, 이유 있는 '욕망캐'...폭발하는 감정 열연에 '긴장감 UP'",연예,3,2019,06,24,10:59,49,47,0,2,0,0,0,0,0,0,0,https://news.naver.com/main/read.nhn?mode=LSD&mid=sec&sid1=106&oid=468&aid=0000524438
김옥빈,"'아스달 연대기' 김옥빈, 이유 있는 '욕망캐'..폭발하는 감정 열연",연예,3,2019,06,24,10:13,8,8,0,0,0,0,0,0,0,0,0,https://news.naver.com/main/read.nhn?mode=LSD&mid=sec&sid1=106&oid=404&aid=0000246719
김옥빈,"'아스달 연대기' 김옥빈, 분노→절제 오가는 열연…이유 있는 '욕망캐' [핫TV]",연예,3,2019,06,24,10:18,7,6,0,1,0,0,0,0,0,0,0,https://news.naver.com/main/read.nhn?mode=LSD&mid=sec&sid1=106&oid=109&aid=0004035891
김옥빈,"'아스달 연대기' 김옥빈, 절제와 폭발 넘나드는 야망캐..냉랭한 눈빛",연예,3,2019,06,24,9:56,7,7,0,0,0,0,0,0,0,0,0,https://news.naver.com/main/read.nhn?mode=LSD&mid=sec&sid1=106&oid=112&aid=0003179625
김옥빈,"'아스달 연대기' 김옥빈, '분노X당황X공포'강렬한 엔딩 장식",연예,3,2019,06,23,15:20,1,1,0,0,0,0,0,0,0,0,0,https://news.naver.com/main/read.nhn?mode=LSD&mid=sec&sid1=106&oid=015&aid=0004163906
김옥빈,"‘아스달’ 김옥빈, 분노→당황→공포…美친 ‘3단 열연’ 선사",연예,3,2019,06,23,10:28,1,1,0,0,0,0,0,0,0,0,0,https://news.naver.com/main/read.nhn?mode=LSD&mid=sec&sid1=106&oid=382&aid=0000740839
김옥빈,"""분노X당황X공포""..'아스달 연대기' 김옥빈, 강렬 엔딩 장식",연예,3,2019,06,23,11:38,7,7,0,0,0,0,0,0,0,0,0,https://news.naver.com/main/read.nhn?mode=LSD&mid=sec&sid1=106&oid=109&aid=0004035362
김옥빈,"'아스달 연대기' 김옥빈, 분노·당황·공포…강렬 엔딩 장식",연예,3,2019,06,23,11:00,2,2,0,0,0,0,0,0,0,0,0,https://news.naver.com/main/read.nhn?mode=LSD&mid=sec&sid1=106&oid=117&aid=0003235211
김옥빈,"'아스달 연대기' 송중기의 두 얼굴, 순진한 얼굴로 김옥빈에 복수…'소름 엔딩'",연예,3,2019,06,23,8:45,558,554,0,4,0,0,0,0,0,0,0,https://news.naver.com/main/read.nhn?mode=LSD&mid=sec&sid1=106&oid=312&aid=0000394524
김옥빈,"‘아스달연대기’ 사야 송중기, 김옥빈 뒤통수치며 충격반전 [TV줌인]",연예,3,2019,06,23,6:58,5,5,0,0,0,0,0,0,0,0,0,https://news.naver.com/main/read.nhn?mode=LSD&mid=sec&sid1=106&oid=213&aid=0001113719
김옥빈,"'아스달 연대기' 송중기, 수줍은 사야의 두 얼굴...김옥빈에 반전 복수 '핵소름 엔딩'",연예,3,2019,06,23,8:53,14,13,0,1,0,0,0,0,0,0,0,https://news.naver.com/main/read.nhn?mode=LSD&mid=sec&sid1=106&oid=404&aid=0000246652
김옥빈,"""김옥빈에 앙갚음"" '아스달 연대기' 송중기, 숨겨온 복수의 칼날[SS리뷰]",연예,3,2019,06,23,6:50,11,11,0,0,0,0,0,0,0,0,0,https://news.naver.com/main/read.nhn?mode=LSD&mid=sec&sid1=106&oid=468&aid=0000523920
김옥빈,"‘아스달 연대기’ 김옥빈, 장동건과 옛 약속 회상 “우린 서로 버릴 수 있어”",연예,4,2019,07,06,21:46,5,5,0,0,0,0,0,0,0,0,0,https://news.naver.com/main/read.nhn?mode=LSD&mid=sec&sid1=106&oid=410&aid=0000602336
김옥빈,"'아스달연대기' 송중기, 장동건 배신에 분노 '김지원 두고 갈등' [종합]",연예,4,2019,07,06,22:47,6,6,0,0,0,0,0,0,0,0,0,https://news.naver.com/main/read.nhn?mode=LSD&mid=sec&sid1=106&oid=241&aid=0002934135
김옥빈,"""운명 바꾸고 싶다면 증명하라""…'아스달 연대기' 장동건·송중기·김지원·김옥빈, 관전 키워드",연예,4,2019,07,05,11:42,70,68,0,2,0,0,0,0,0,0,0,https://news.naver.com/main/read.nhn?mode=LSD&mid=sec&sid1=106&oid=076&aid=0003438207
김옥빈,"'아스달' 김지원vs김옥빈, 상고시대 히로인 매력 대결②",연예,4,2019,07,06,10:00,5,5,0,0,0,0,0,0,0,0,0,https://news.naver.com/main/read.nhn?mode=LSD&mid=sec&sid1=106&oid=108&aid=0002795062
김옥빈,'아스달' 장동건♥김옥빈 '욕망' vs 송중기♥김지원 '연민' 2色 로맨스④,연예,4,2019,07,06,10:00,12,12,0,0,0,0,0,0,0,0,0,https://news.naver.com/main/read.nhn?mode=LSD&mid=sec&sid1=106&oid=108&aid=0002795063
김옥빈,"'아스달' 장동건 ""김옥빈 건들면 무슨 짓 할 지 몰라""[별별TV]",연예,4,2019,07,06,21:49,1,1,0,0,0,0,0,0,0,0,0,https://news.naver.com/main/read.nhn?mode=LSD&mid=sec&sid1=106&oid=108&aid=0002795174
김옥빈,"'아스달 연대기' 김옥빈, 욕망↔애틋 눈빛 하나로 표현한 감정선",연예,4,2019,06,30,18:19,113,109,0,4,0,0,0,0,0,0,0,https://news.naver.com/main/read.nhn?mode=LSD&mid=sec&sid1=106&oid=404&aid=0000247233
김옥빈,"'아스달 연대기' 장동건·송중기·김지원·김옥빈, 어떠한 운명 맞게 될까",연예,4,2019,07,05,14:23,33,33,0,0,0,0,0,0,0,0,0,https://news.naver.com/main/read.nhn?mode=LSD&mid=sec&sid1=106&oid=112&aid=0003184587
김옥빈,"'아스달연대기', 파트2 막판 스퍼트...반전 운명 펼쳐진다",연예,4,2019,07,05,14:15,32,32,0,0,0,0,0,0,0,0,0,https://news.naver.com/main/read.nhn?mode=LSD&mid=sec&sid1=106&oid=052&aid=0001315309
김옥빈,"‘아스달 연대기’ 장동건·송중기·김지원·김옥빈, 쾌속질주 예고하는 미래 기상도",연예,4,2019,07,05,10:35,9,9,0,0,0,0,0,0,0,0,0,https://news.naver.com/main/read.nhn?mode=LSD&mid=sec&sid1=106&oid=009&aid=0004386510
김옥빈,"‘아스달 연대기’ 장동건X송중기X김지원X김옥빈, 쾌속질주 예고하는 ‘아스달’ 미래 기상도",연예,4,2019,07,05,23:57,7,7,0,0,0,0,0,0,0,0,0,https://news.naver.com/main/read.nhn?mode=LSD&mid=sec&sid1=106&oid=469&aid=0000403058
김옥빈,"'아스달 연대기' 김옥빈, 욕망↔애틋 눈빛 하나로 표현한 감정선",연예,4,2019,06,30,16:00,40,40,0,0,0,0,0,0,0,0,0,https://news.naver.com/main/read.nhn?mode=LSD&mid=sec&sid1=106&oid=468&aid=0000527320
김옥빈,"'아스달연대기' 김옥빈, 눈빛 하나로 욕망↔애틋 오가는 열연",연예,4,2019,06,30,16:14,7,7,0,0,0,0,0,0,0,0,0,https://news.naver.com/main/read.nhn?mode=LSD&mid=sec&sid1=106&oid=241&aid=0002931388
김옥빈,"'아스달 연대기' 김옥빈, 新인생캐 탄생..내공있는 열연 '호평'",연예,4,2019,06,30,16:34,13,13,0,0,0,0,0,0,0,0,0,https://news.naver.com/main/read.nhn?mode=LSD&mid=sec&sid1=106&oid=076&aid=0003435705
김옥빈,"'아스달 연대기' 김옥빈, 욕망·애틋 눈빛 하나로 표현한 감정선",연예,4,2019,06,30,16:13,28,28,0,0,0,0,0,0,0,0,0,https://news.naver.com/main/read.nhn?mode=LSD&mid=sec&sid1=106&oid=076&aid=0003435694
김옥빈,"김옥빈, 욕망 실현 다시 청신호..'파트3를 기대해'",연예,5,2019,07,08,13:35,27,27,0,0,0,0,0,0,0,0,0,https://news.naver.com/main/read.nhn?mode=LSD&mid=sec&sid1=106&oid=109&aid=0004045740
김옥빈,"‘아스달’ 김옥빈, 이토록 ‘슬픈 사랑’ 또 있을까",연예,5,2019,07,07,15:05,10,10,0,0,0,0,0,0,0,0,0,https://news.naver.com/main/read.nhn?mode=LSD&mid=sec&sid1=106&oid=382&aid=0000744603
김옥빈,"김옥빈, 볼수록 빠져드는 신미로운 마스크",연예,5,2019,07,09,18:07,31,31,0,0,0,0,0,0,0,0,0,https://news.naver.com/main/read.nhn?mode=LSD&mid=sec&sid1=106&oid=469&aid=0000404027
김옥빈,"'아스달 연대기' 김지원VS김옥빈, 운명의 열쇠 쥔 신성다툼",연예,5,2019,07,07,15:12,31,31,0,0,0,0,0,0,0,0,0,https://news.naver.com/main/read.nhn?mode=LSD&mid=sec&sid1=106&oid=312&aid=0000397278
김옥빈,"‘아스달 연대기’ 송중기→김옥빈, 깊은 울림 준 철학적 메시지 [M+TV인사이드]",연예,5,2019,07,08,10:31,10,9,0,1,0,0,0,0,0,0,0,https://news.naver.com/main/read.nhn?mode=LSD&mid=sec&sid1=106&oid=057&aid=0001365523
김옥빈,"'아스달' 조성하, 김옥빈에 ""장동건 버려라""[별별TV]",연예,5,2019,07,07,21:53,8,8,0,0,0,0,0,0,0,0,0,https://news.naver.com/main/read.nhn?mode=LSD&mid=sec&sid1=106&oid=108&aid=0002795307
김옥빈,"'아스달 연대기' 김옥빈, 욕망 실현 다시 '청신호'…""Part3를 기대해""",연예,5,2019,07,08,9:50,11,11,0,0,0,0,0,0,0,0,0,https://news.naver.com/main/read.nhn?mode=LSD&mid=sec&sid1=106&oid=076&aid=0003439057
김옥빈,"'아스달 연대기' 김옥빈, 다시 욕망 실현의 기회…호평 속 파트2 마무리",연예,5,2019,07,08,18:38,34,34,0,0,0,0,0,0,0,0,0,https://news.naver.com/main/read.nhn?mode=LSD&mid=sec&sid1=106&oid=015&aid=0004172459
김옥빈,"'아스달 연대기' 김옥빈, 욕망 실현 다시 '청신호'..기대될 수 밖에 없는 파트3",연예,5,2019,07,08,10:35,5,5,0,0,0,0,0,0,0,0,0,https://news.naver.com/main/read.nhn?mode=LSD&mid=sec&sid1=106&oid=011&aid=0003582425
김옥빈,"‘아스달연대기’ 김옥빈, 욕망 실현 가능할까…더 궁금해진 파트3",연예,5,2019,07,08,10:19,1,1,0,0,0,0,0,0,0,0,0,https://news.naver.com/main/read.nhn?mode=LSD&mid=sec&sid1=106&oid=213&aid=0001117200
김옥빈,"'아스달 연대기' 김옥빈, 장동건 향한 맴찢 로맨스 '애잔'",연예,5,2019,07,07,15:05,9,9,0,0,0,0,0,0,0,0,0,https://news.naver.com/main/read.nhn?mode=LSD&mid=sec&sid1=106&oid=311&aid=0001014950
김옥빈,"'아스달연대기' 김옥빈, 장동건 향한 이토록 아프고 슬픈 사랑 '맴찢'",연예,5,2019,07,07,14:59,6,6,0,0,0,0,0,0,0,0,0,https://news.naver.com/main/read.nhn?mode=LSD&mid=sec&sid1=106&oid=112&aid=0003185178
김옥빈,"'아스달 연대기' 김의성, 김옥빈에 ""혼인하자""",연예,0,2019,06,08,22:44,18,17,0,1,0,0,0,0,0,0,0,https://news.naver.com/main/read.nhn?mode=LSD&mid=sec&sid1=106&oid=312&aid=0000391973
김옥빈,"'아스달 연대기' 장동건-송중기-김지원-김옥빈, 제작진이 투척한 떡밥 3가지",연예,0,2019,06,08,20:13,7,7,0,0,0,0,0,0,0,0,0,https://news.naver.com/main/read.nhn?mode=LSD&mid=sec&sid1=106&oid=404&aid=0000245435
김옥빈,'아스달연대기' 송중기·장동건·김지원·김옥빈 다 모인다…'전쟁의 서막',연예,0,2019,06,07,16:53,31,31,0,0,0,0,0,0,0,0,0,https://news.naver.com/main/read.nhn?mode=LSD&mid=sec&sid1=106&oid=421&aid=0004030069
김옥빈,"김옥빈, 촬영장 밖 시선 사로잡는 미모 ‘여신 아우라’",연예,0,2019,06,07,18:28,14,14,0,0,0,0,0,0,0,0,0,https://news.naver.com/main/read.nhn?mode=LSD&mid=sec&sid1=106&oid=469&aid=0000395088
김옥빈,"'아스달 연대기' 연맹장 김의성, 해족 김옥빈에 청혼 ""결혼하자""",연예,0,2019,06,08,21:50,8,8,0,0,0,0,0,0,0,0,0,https://news.naver.com/main/read.nhn?mode=LSD&mid=sec&sid1=106&oid=112&aid=0003173652
김옥빈,"김옥빈·채서진 자매, 얼마나 닮았나 봤더니…미모·연기·끼 남다른 DNA",연예,0,2019,06,03,11:14,12,12,0,0,0,0,0,0,0,0,0,https://news.naver.com/main/read.nhn?mode=LSD&mid=sec&sid1=106&oid=015&aid=0004152249
김옥빈,"'아스달 연대기' 김옥빈, '눈빛X자태'…첫 등장부터 시선 싹쓸이",연예,0,2019,06,02,16:25,2,2,0,0,0,0,0,0,0,0,0,https://news.naver.com/main/read.nhn?mode=LSD&mid=sec&sid1=106&oid=076&aid=0003424363
김옥빈,"‘아스달 연대기’ 김의성, 김옥빈 물음에 “子 타곤, 미운 게 아니라 무서워”",연예,0,2019,06,08,21:53,3,2,0,0,0,0,0,0,0,1,0,https://news.naver.com/main/read.nhn?mode=LSD&mid=sec&sid1=106&oid=410&aid=0000593230
김옥빈,"‘아스달연대기’ 김의성, 유혹적인 김옥빈에 “혼인하자”",연예,0,2019,06,08,21:58,1,1,0,0,0,0,0,0,0,0,0,https://news.naver.com/main/read.nhn?mode=LSD&mid=sec&sid1=106&oid=213&aid=0001110935
김옥빈,"'아스달연대기' 김의성, 김옥빈에 청혼했다 ""혼인하자""",연예,0,2019,06,08,21:50,139,134,0,5,0,0,0,0,0,0,0,https://news.naver.com/main/read.nhn?mode=LSD&mid=sec&sid1=106&oid=311&aid=0001001531
김옥빈,드라마 '아스달 연대기'의 토·일 밤···시청 포인트 셋,연예,0,2019,06,08,6:35,14,14,0,0,0,0,0,0,0,0,0,https://news.naver.com/main/read.nhn?mode=LSD&mid=sec&sid1=106&oid=003&aid=0009274708
김옥빈,"'아스달 연대기' 장동건X송중기X김지원X김옥빈, 치열한 전쟁의 서막",연예,0,2019,06,07,17:40,23,23,0,0,0,0,0,0,0,0,0,https://news.naver.com/main/read.nhn?mode=LSD&mid=sec&sid1=106&oid=117&aid=0003227244
김옥빈,"'아스달', 지금까진 프롤로그...제작진 ""본격 전개 휘몰아친다""",연예,0,2019,06,07,17:41,85,85,0,0,0,0,0,0,0,0,0,https://news.naver.com/main/read.nhn?mode=LSD&mid=sec&sid1=106&oid=052&aid=0001304289
김옥빈,"‘아스달 연대기’ 장동건X송중기X김지원X김옥빈, 드디어 아스달 전쟁 신호탄 울렸다",연예,0,2019,06,07,22:51,35,35,0,0,0,0,0,0,0,0,0,https://news.naver.com/main/read.nhn?mode=LSD&mid=sec&sid1=106&oid=469&aid=0000395119
김옥빈,"'아스달연대기' 3, 4회 관전포인트 #고군분투 #음모와 위협 #욕망",연예,0,2019,06,07,16:43,11,11,0,0,0,0,0,0,0,0,0,https://news.naver.com/main/read.nhn?mode=LSD&mid=sec&sid1=106&oid=468&aid=0000517461
김옥빈,"`아스달 연대기` 김옥빈, 고혹美로 다 했다",연예,0,2019,06,02,16:51,7,7,0,0,0,0,0,0,0,0,0,https://news.naver.com/main/read.nhn?mode=LSD&mid=sec&sid1=106&oid=009&aid=0004366878
김옥빈,"김옥빈, 매혹미로 중무장..첫 등장부터 시선 싹쓸이",연예,0,2019,06,02,16:47,15,15,0,0,0,0,0,0,0,0,0,https://news.naver.com/main/read.nhn?mode=LSD&mid=sec&sid1=106&oid=109&aid=0004021526
김옥빈,"'아스달 연대기' 김옥빈, '고고한 눈빛X도도한 자태' 시선집중",연예,0,2019,06,02,18:02,1,1,0,0,0,0,0,0,0,0,0,https://news.naver.com/main/read.nhn?mode=LSD&mid=sec&sid1=106&oid=015&aid=0004151977
김옥빈,"'아스달 연대기' 김옥빈, 매혹美로 시선강탈‥첫 등장부터 임팩트甲",연예,0,2019,06,02,14:17,6,6,0,0,0,0,0,0,0,0,0,https://news.naver.com/main/read.nhn?mode=LSD&mid=sec&sid1=106&oid=112&aid=0003171295
김옥빈,"장동건♥김옥빈 마음에 품고, 눈에 담았다 [TV@픽]",연예,1,2019,06,15,20:33,2,2,0,0,0,0,0,0,0,0,0,https://news.naver.com/main/read.nhn?mode=LSD&mid=sec&sid1=106&oid=213&aid=0001112110
김옥빈,"'아스달'로 집결한 장동건·송중기·김지원·김옥빈...""격전 펼쳐진다""",연예,1,2019,06,14,13:55,30,30,0,0,0,0,0,0,0,0,0,https://news.naver.com/main/read.nhn?mode=LSD&mid=sec&sid1=106&oid=052&aid=0001306846
김옥빈,"‘아스달 연대기’ 장동건, 스스로 신됐다.. 송중기, 김옥빈 협박 (종합)",연예,1,2019,06,15,22:42,112,109,0,3,0,0,0,0,0,0,0,https://news.naver.com/main/read.nhn?mode=LSD&mid=sec&sid1=106&oid=609&aid=0000124275
김옥빈,"'아스달 연대기' 김옥빈, 카리스마 속 감춰둔 눈물 ""야심가의 반전 면모""",연예,1,2019,06,10,10:25,10,10,0,0,0,0,0,0,0,0,0,https://news.naver.com/main/read.nhn?mode=LSD&mid=sec&sid1=106&oid=076&aid=0003427106
김옥빈,"'아스달 연대기' 김옥빈, 캐릭터에 완벽히 녹아들었다",연예,1,2019,06,09,15:13,2,2,0,0,0,0,0,0,0,0,0,https://news.naver.com/main/read.nhn?mode=LSD&mid=sec&sid1=106&oid=015&aid=0004155508
김옥빈,"‘아스달 연대기’ 조성하, 김옥빈에 “장동건 독살하라” 명령",연예,1,2019,06,09,21:48,1,1,0,0,0,0,0,0,0,0,0,https://news.naver.com/main/read.nhn?mode=LSD&mid=sec&sid1=106&oid=382&aid=0000737399
김옥빈,'아스달 연대기' 장동건 김옥빈 '욕망커플' 결말은?,연예,1,2019,06,15,21:12,24,22,0,2,0,0,0,0,0,0,0,https://news.naver.com/main/read.nhn?mode=LSD&mid=sec&sid1=106&oid=119&aid=0002334960
김옥빈,"[N컷] '아스달 연대기' 마음 닿은 장동건♥김옥빈, 포옹+눈물 '애틋'",연예,1,2019,06,15,18:20,10,10,0,0,0,0,0,0,0,0,0,https://news.naver.com/main/read.nhn?mode=LSD&mid=sec&sid1=106&oid=421&aid=0004043313
김옥빈,"'아스달’ 장동건·김옥빈, 눈물 그렁 애정 폭발...""마음에 품고, 눈에 담았다""",연예,1,2019,06,15,17:42,8,8,0,0,0,0,0,0,0,0,0,https://news.naver.com/main/read.nhn?mode=LSD&mid=sec&sid1=106&oid=076&aid=0003429577
김옥빈,"[DAY컷] ‘아스달 연대기’ 장동건·김옥빈, 불꽃 애정+애틋 눈물",연예,1,2019,06,15,17:26,7,7,0,0,0,0,0,0,0,0,0,https://news.naver.com/main/read.nhn?mode=LSD&mid=sec&sid1=106&oid=382&aid=0000738973
김옥빈,"‘아스달 연대기’ 장동건·송중기·김지원·김옥빈, 아스달에 총집결",연예,1,2019,06,14,10:15,46,45,0,1,0,0,0,0,0,0,0,https://news.naver.com/main/read.nhn?mode=LSD&mid=sec&sid1=106&oid=014&aid=0004245056
김옥빈,"'아스달 연대기' 장동건·송중기·김지원·김옥빈, 4人4色 집중분석",연예,1,2019,06,14,10:21,21,21,0,0,0,0,0,0,0,0,0,https://news.naver.com/main/read.nhn?mode=LSD&mid=sec&sid1=106&oid=404&aid=0000245925
김옥빈,송중기·장동건에 김지원·김옥빈까지..'아스달연대기' 핵심사건 #4 총정리,연예,1,2019,06,14,10:10,41,40,0,1,0,0,0,0,0,0,0,https://news.naver.com/main/read.nhn?mode=LSD&mid=sec&sid1=106&oid=109&aid=0004029187
김옥빈,"'아스달연대기' 장동건-송중기-김지원-김옥빈, 아스달에 총집결‥거대 서사 시작된다",연예,1,2019,06,14,10:13,25,25,0,0,0,0,0,0,0,0,0,https://news.naver.com/main/read.nhn?mode=LSD&mid=sec&sid1=106&oid=112&aid=0003175912
김옥빈,"'아스달' 장동건, 김옥빈 도움으로 神 빙의 연기..지략가 면모 [★밤TView]",연예,1,2019,06,15,22:50,15,15,0,0,0,0,0,0,0,0,0,https://news.naver.com/main/read.nhn?mode=LSD&mid=sec&sid1=106&oid=108&aid=0002790472
김옥빈,"‘아스달 연대기’ 김옥빈, 카리스마 속 감춰왔던 눈물...야심가의 반전 면모",연예,1,2019,06,10,10:09,2,2,0,0,0,0,0,0,0,0,0,https://news.naver.com/main/read.nhn?mode=LSD&mid=sec&sid1=106&oid=011&aid=0003567356
김옥빈,"'아스달 연대기' 김옥빈, 섬세한 감정부터 거친 액션까지...열연 빛났다",연예,1,2019,06,10,11:05,11,11,0,0,0,0,0,0,0,0,0,https://news.naver.com/main/read.nhn?mode=LSD&mid=sec&sid1=106&oid=312&aid=0000392176
김옥빈,"'아스달 연대기' 김옥빈, 카리스마 속 감춰왔던 눈물 '야심가의 반전'",연예,1,2019,06,10,10:21,2,2,0,0,0,0,0,0,0,0,0,https://news.naver.com/main/read.nhn?mode=LSD&mid=sec&sid1=106&oid=311&aid=0001002012
김옥빈,"‘아스달 연대기’ 김옥빈, 욕망의 야심가 본색…독보적 분위기 ‘시선강탈’",연예,1,2019,06,09,10:36,5,5,0,0,0,0,0,0,0,0,0,https://news.naver.com/main/read.nhn?mode=LSD&mid=sec&sid1=106&oid=469&aid=0000395294
김옥빈,"김옥빈, 장동건 가짜 유혹..고대의 야망녀 등극 [Oh!쎈 컷]",연예,1,2019,06,09,10:50,8,8,0,0,0,0,0,0,0,0,0,https://news.naver.com/main/read.nhn?mode=LSD&mid=sec&sid1=106&oid=109&aid=0004025609
김옥빈,"[TV핫스팟] ‘아스달 연대기’ 김옥빈, 욕망의 야심가 본색 드러냈다",연예,1,2019,06,09,11:29,3,3,0,0,0,0,0,0,0,0,0,https://news.naver.com/main/read.nhn?mode=LSD&mid=sec&sid1=106&oid=396&aid=0000515606
김옥빈,"'아스달연대기' 장동건, 김옥빈에 진심 고백→김옥빈, 독살 실패",연예,1,2019,06,09,22:06,23,22,0,1,0,0,0,0,0,0,0,https://news.naver.com/main/read.nhn?mode=LSD&mid=sec&sid1=106&oid=477&aid=0000188501
김옥빈,"'아스달 연대기' 김옥빈, 조성하 명령에 장동건 독살 시도...연정 때문에 포기",연예,1,2019,06,09,22:46,7,7,0,0,0,0,0,0,0,0,0,https://news.naver.com/main/read.nhn?mode=LSD&mid=sec&sid1=106&oid=015&aid=0004155713
김옥빈,"'아스달 연대기' 송중기, 김옥빈에 복수 ""바라던 사람 잃으셨다""(종합)",연예,2,2019,06,22,22:37,636,633,0,3,0,0,0,0,0,0,0,https://news.naver.com/main/read.nhn?mode=LSD&mid=sec&sid1=106&oid=468&aid=0000523914
김옥빈,"'아스달 연대기' 장동건-김옥빈, 들끓는 '욕망커플'→눈물범벅 '칼끝 대립'",연예,2,2019,06,22,14:14,78,76,0,2,0,0,0,0,0,0,0,https://news.naver.com/main/read.nhn?mode=LSD&mid=sec&sid1=106&oid=076&aid=0003432497
김옥빈,"[종합]`아스달 연대기` 송중기, 이도경 죽이려는 김옥빈 계획 망쳤다...""이제 주고 받은 것""",연예,2,2019,06,22,22:36,32,32,0,0,0,0,0,0,0,0,0,https://news.naver.com/main/read.nhn?mode=LSD&mid=sec&sid1=106&oid=009&aid=0004378417
김옥빈,"‘아스달연대기’ 김지원, 목숨 위협하는 김옥빈에 “그 아이도 죽어”",연예,2,2019,06,22,22:15,4,4,0,0,0,0,0,0,0,0,0,https://news.naver.com/main/read.nhn?mode=LSD&mid=sec&sid1=106&oid=213&aid=0001113702
김옥빈,‘아스달 연대기’ 김옥빈 “장동건 이그트 사실 확 걸렸으면”,연예,2,2019,06,22,22:26,19,19,0,0,0,0,0,0,0,0,0,https://news.naver.com/main/read.nhn?mode=LSD&mid=sec&sid1=106&oid=410&aid=0000597907
김옥빈,"'아스달' 옥탑의 송중기, 김옥빈 배신했다 ""장동건 잃을 것""(종합)",연예,2,2019,06,22,22:31,27,27,0,0,0,0,0,0,0,0,0,https://news.naver.com/main/read.nhn?mode=LSD&mid=sec&sid1=106&oid=112&aid=0003179254
김옥빈,"'아스달' 장동건X김옥빈, 뒤틀린 권력욕으로 서로 견제[★밤TView]",연예,2,2019,06,22,22:37,28,28,0,0,0,0,0,0,0,0,0,https://news.naver.com/main/read.nhn?mode=LSD&mid=sec&sid1=106&oid=108&aid=0002792004
김옥빈,"'아스달 연대기' 김옥빈, 송중기에 김지원 소개 ""새 몸종""",연예,2,2019,06,22,22:18,41,41,0,0,0,0,0,0,0,0,0,https://news.naver.com/main/read.nhn?mode=LSD&mid=sec&sid1=106&oid=076&aid=0003432577
김옥빈,"사야 송중기 '아스달연대기', 김옥빈에게 복수‥ ""서로 주고 받았다""[종합]",연예,2,2019,06,22,22:39,424,423,0,1,0,0,0,0,0,0,0,https://news.naver.com/main/read.nhn?mode=LSD&mid=sec&sid1=106&oid=109&aid=0004035164
김옥빈,"‘아스달 연대기’ 장동건-김옥빈, 칼끝 대립…애정전선에 빨간불",연예,2,2019,06,22,14:27,4,4,0,0,0,0,0,0,0,0,0,https://news.naver.com/main/read.nhn?mode=LSD&mid=sec&sid1=106&oid=382&aid=0000740769
김옥빈,"‘아스달 연대기’ 장동건-김옥빈, 들끓는 ‘욕망커플’의 칼끝 대립",연예,2,2019,06,22,14:31,5,4,0,1,0,0,0,0,0,0,0,https://news.naver.com/main/read.nhn?mode=LSD&mid=sec&sid1=106&oid=312&aid=0000394459
김옥빈,"‘아스달 연대기’ 욕망커플 장동건-김옥빈, 대립 포착..무슨 상황?",연예,2,2019,06,22,21:07,5,4,0,1,0,0,0,0,0,0,0,https://news.naver.com/main/read.nhn?mode=LSD&mid=sec&sid1=106&oid=410&aid=0000597892
김옥빈,"'아스달 연대기' 장동건♥김옥빈, 들끓는 욕망커플의 칼끝 대립..애정전선 빨간불?",연예,2,2019,06,22,15:07,5,5,0,0,0,0,0,0,0,0,0,https://news.naver.com/main/read.nhn?mode=LSD&mid=sec&sid1=106&oid=404&aid=0000246630
김옥빈,"‘아스달연대기’ 사야 송중기, 장동건 원하는 김옥빈에 복수 ‘반전민낯’ [종합]",연예,2,2019,06,22,22:39,49,49,0,0,0,0,0,0,0,0,0,https://news.naver.com/main/read.nhn?mode=LSD&mid=sec&sid1=106&oid=213&aid=0001113704
김옥빈,"‘아스달 연대기’ 송중기, 박병은 독살 김옥빈에 복수 ‘섬뜩’ (종합)",연예,2,2019,06,22,22:39,32,30,0,2,0,0,0,0,0,0,0,https://news.naver.com/main/read.nhn?mode=LSD&mid=sec&sid1=106&oid=609&aid=0000127711
김옥빈,"'아스달 연대기' 송중기, 김옥빈에 복수 성공 ""장동건 잃으셨다""[종합]",연예,2,2019,06,22,22:58,67,67,0,0,0,0,0,0,0,0,0,https://news.naver.com/main/read.nhn?mode=LSD&mid=sec&sid1=106&oid=076&aid=0003432578
김옥빈,"`아스달 연대기` 김지원, 자신 죽이려는 김옥빈에 ""내가 죽으면 송중기도 죽는다""",연예,2,2019,06,22,21:48,18,18,0,0,0,0,0,0,0,0,0,https://news.naver.com/main/read.nhn?mode=LSD&mid=sec&sid1=106&oid=009&aid=0004378412
김옥빈,"'아스달' 김지원, 혀 자르려는 김옥빈에 ""내가 죽으면 송중기도 죽어""",연예,2,2019,06,22,21:46,8,8,0,0,0,0,0,0,0,0,0,https://news.naver.com/main/read.nhn?mode=LSD&mid=sec&sid1=106&oid=112&aid=0003179243
김옥빈,"'아스달 연대기' 장동건vs송중기vs김지원vs김옥빈, 판세 술렁일 후반전",연예,3,2019,06,29,10:02,30,30,0,0,0,0,0,0,0,0,0,https://news.naver.com/main/read.nhn?mode=LSD&mid=sec&sid1=106&oid=112&aid=0003182030
김옥빈,"'아스달 연대기' 김지원, 아사신의 후예였다..장동건?김옥빈 경계[종합]",연예,3,2019,06,29,22:34,18,18,0,0,0,0,0,0,0,0,0,https://news.naver.com/main/read.nhn?mode=LSD&mid=sec&sid1=106&oid=109&aid=0004040069
김옥빈,"'아스달 연대기' 김옥빈, 이유 있는 '욕망캐'…폭발하는 감정 열연",연예,3,2019,06,24,10:02,6,6,0,0,0,0,0,0,0,0,0,https://news.naver.com/main/read.nhn?mode=LSD&mid=sec&sid1=106&oid=076&aid=0003432933
김옥빈,"'아스달 연대기' 김옥빈, 분노X당황X공포까지…강렬 엔딩 장식",연예,3,2019,06,23,10:51,3,3,0,0,0,0,0,0,0,0,0,https://news.naver.com/main/read.nhn?mode=LSD&mid=sec&sid1=106&oid=468&aid=0000523957
김옥빈,"‘아스달 연대기’ 장동건·송중기·김지원·김옥빈, 아스달 ‘판세’ 가늠할 ‘집중 포인트’",연예,3,2019,06,29,10:04,16,16,0,0,0,0,0,0,0,0,0,https://news.naver.com/main/read.nhn?mode=LSD&mid=sec&sid1=106&oid=009&aid=0004382629
김옥빈,"'아스달 연대기' 김옥빈, 이유 있는 '욕망캐'...폭발하는 감정 열연에 '긴장감 UP'",연예,3,2019,06,24,10:59,49,47,0,2,0,0,0,0,0,0,0,https://news.naver.com/main/read.nhn?mode=LSD&mid=sec&sid1=106&oid=468&aid=0000524438
김옥빈,"'아스달 연대기' 김옥빈, 이유 있는 '욕망캐'..폭발하는 감정 열연",연예,3,2019,06,24,10:13,8,8,0,0,0,0,0,0,0,0,0,https://news.naver.com/main/read.nhn?mode=LSD&mid=sec&sid1=106&oid=404&aid=0000246719
김옥빈,"'아스달 연대기' 김옥빈, 분노→절제 오가는 열연…이유 있는 '욕망캐' [핫TV]",연예,3,2019,06,24,10:18,7,6,0,1,0,0,0,0,0,0,0,https://news.naver.com/main/read.nhn?mode=LSD&mid=sec&sid1=106&oid=109&aid=0004035891
김옥빈,"'아스달 연대기' 김옥빈, 절제와 폭발 넘나드는 야망캐..냉랭한 눈빛",연예,3,2019,06,24,9:56,7,7,0,0,0,0,0,0,0,0,0,https://news.naver.com/main/read.nhn?mode=LSD&mid=sec&sid1=106&oid=112&aid=0003179625
김옥빈,"'아스달 연대기' 김옥빈, '분노X당황X공포'강렬한 엔딩 장식",연예,3,2019,06,23,15:20,1,1,0,0,0,0,0,0,0,0,0,https://news.naver.com/main/read.nhn?mode=LSD&mid=sec&sid1=106&oid=015&aid=0004163906
김옥빈,"‘아스달’ 김옥빈, 분노→당황→공포…美친 ‘3단 열연’ 선사",연예,3,2019,06,23,10:28,1,1,0,0,0,0,0,0,0,0,0,https://news.naver.com/main/read.nhn?mode=LSD&mid=sec&sid1=106&oid=382&aid=0000740839
김옥빈,"""분노X당황X공포""..'아스달 연대기' 김옥빈, 강렬 엔딩 장식",연예,3,2019,06,23,11:38,7,7,0,0,0,0,0,0,0,0,0,https://news.naver.com/main/read.nhn?mode=LSD&mid=sec&sid1=106&oid=109&aid=0004035362
김옥빈,"'아스달 연대기' 김옥빈, 분노·당황·공포…강렬 엔딩 장식",연예,3,2019,06,23,11:00,2,2,0,0,0,0,0,0,0,0,0,https://news.naver.com/main/read.nhn?mode=LSD&mid=sec&sid1=106&oid=117&aid=0003235211
김옥빈,"'아스달 연대기' 송중기의 두 얼굴, 순진한 얼굴로 김옥빈에 복수…'소름 엔딩'",연예,3,2019,06,23,8:45,558,554,0,4,0,0,0,0,0,0,0,https://news.naver.com/main/read.nhn?mode=LSD&mid=sec&sid1=106&oid=312&aid=0000394524
김옥빈,"‘아스달연대기’ 사야 송중기, 김옥빈 뒤통수치며 충격반전 [TV줌인]",연예,3,2019,06,23,6:58,5,5,0,0,0,0,0,0,0,0,0,https://news.naver.com/main/read.nhn?mode=LSD&mid=sec&sid1=106&oid=213&aid=0001113719
김옥빈,"'아스달 연대기' 송중기, 수줍은 사야의 두 얼굴...김옥빈에 반전 복수 '핵소름 엔딩'",연예,3,2019,06,23,8:53,14,13,0,1,0,0,0,0,0,0,0,https://news.naver.com/main/read.nhn?mode=LSD&mid=sec&sid1=106&oid=404&aid=0000246652
김옥빈,"""김옥빈에 앙갚음"" '아스달 연대기' 송중기, 숨겨온 복수의 칼날[SS리뷰]",연예,3,2019,06,23,6:50,11,11,0,0,0,0,0,0,0,0,0,https://news.naver.com/main/read.nhn?mode=LSD&mid=sec&sid1=106&oid=468&aid=0000523920
김옥빈,"‘아스달 연대기’ 김옥빈, 장동건과 옛 약속 회상 “우린 서로 버릴 수 있어”",연예,4,2019,07,06,21:46,5,5,0,0,0,0,0,0,0,0,0,https://news.naver.com/main/read.nhn?mode=LSD&mid=sec&sid1=106&oid=410&aid=0000602336
김옥빈,"'아스달연대기' 송중기, 장동건 배신에 분노 '김지원 두고 갈등' [종합]",연예,4,2019,07,06,22:47,6,6,0,0,0,0,0,0,0,0,0,https://news.naver.com/main/read.nhn?mode=LSD&mid=sec&sid1=106&oid=241&aid=0002934135
김옥빈,"""운명 바꾸고 싶다면 증명하라""…'아스달 연대기' 장동건·송중기·김지원·김옥빈, 관전 키워드",연예,4,2019,07,05,11:42,70,68,0,2,0,0,0,0,0,0,0,https://news.naver.com/main/read.nhn?mode=LSD&mid=sec&sid1=106&oid=076&aid=0003438207
김옥빈,"'아스달' 김지원vs김옥빈, 상고시대 히로인 매력 대결②",연예,4,2019,07,06,10:00,5,5,0,0,0,0,0,0,0,0,0,https://news.naver.com/main/read.nhn?mode=LSD&mid=sec&sid1=106&oid=108&aid=0002795062
김옥빈,'아스달' 장동건♥김옥빈 '욕망' vs 송중기♥김지원 '연민' 2色 로맨스④,연예,4,2019,07,06,10:00,12,12,0,0,0,0,0,0,0,0,0,https://news.naver.com/main/read.nhn?mode=LSD&mid=sec&sid1=106&oid=108&aid=0002795063
김옥빈,"'아스달' 장동건 ""김옥빈 건들면 무슨 짓 할 지 몰라""[별별TV]",연예,4,2019,07,06,21:49,1,1,0,0,0,0,0,0,0,0,0,https://news.naver.com/main/read.nhn?mode=LSD&mid=sec&sid1=106&oid=108&aid=0002795174
김옥빈,"'아스달 연대기' 김옥빈, 욕망↔애틋 눈빛 하나로 표현한 감정선",연예,4,2019,06,30,18:19,113,109,0,4,0,0,0,0,0,0,0,https://news.naver.com/main/read.nhn?mode=LSD&mid=sec&sid1=106&oid=404&aid=0000247233
김옥빈,"'아스달 연대기' 장동건·송중기·김지원·김옥빈, 어떠한 운명 맞게 될까",연예,4,2019,07,05,14:23,33,33,0,0,0,0,0,0,0,0,0,https://news.naver.com/main/read.nhn?mode=LSD&mid=sec&sid1=106&oid=112&aid=0003184587
김옥빈,"'아스달연대기', 파트2 막판 스퍼트...반전 운명 펼쳐진다",연예,4,2019,07,05,14:15,32,32,0,0,0,0,0,0,0,0,0,https://news.naver.com/main/read.nhn?mode=LSD&mid=sec&sid1=106&oid=052&aid=0001315309
김옥빈,"‘아스달 연대기’ 장동건·송중기·김지원·김옥빈, 쾌속질주 예고하는 미래 기상도",연예,4,2019,07,05,10:35,9,9,0,0,0,0,0,0,0,0,0,https://news.naver.com/main/read.nhn?mode=LSD&mid=sec&sid1=106&oid=009&aid=0004386510
김옥빈,"‘아스달 연대기’ 장동건X송중기X김지원X김옥빈, 쾌속질주 예고하는 ‘아스달’ 미래 기상도",연예,4,2019,07,05,23:57,7,7,0,0,0,0,0,0,0,0,0,https://news.naver.com/main/read.nhn?mode=LSD&mid=sec&sid1=106&oid=469&aid=0000403058
김옥빈,"'아스달 연대기' 김옥빈, 욕망↔애틋 눈빛 하나로 표현한 감정선",연예,4,2019,06,30,16:00,40,40,0,0,0,0,0,0,0,0,0,https://news.naver.com/main/read.nhn?mode=LSD&mid=sec&sid1=106&oid=468&aid=0000527320
김옥빈,"'아스달연대기' 김옥빈, 눈빛 하나로 욕망↔애틋 오가는 열연",연예,4,2019,06,30,16:14,7,7,0,0,0,0,0,0,0,0,0,https://news.naver.com/main/read.nhn?mode=LSD&mid=sec&sid1=106&oid=241&aid=0002931388
김옥빈,"'아스달 연대기' 김옥빈, 新인생캐 탄생..내공있는 열연 '호평'",연예,4,2019,06,30,16:34,13,13,0,0,0,0,0,0,0,0,0,https://news.naver.com/main/read.nhn?mode=LSD&mid=sec&sid1=106&oid=076&aid=0003435705
김옥빈,"'아스달 연대기' 김옥빈, 욕망·애틋 눈빛 하나로 표현한 감정선",연예,4,2019,06,30,16:13,28,28,0,0,0,0,0,0,0,0,0,https://news.naver.com/main/read.nhn?mode=LSD&mid=sec&sid1=106&oid=076&aid=0003435694
김옥빈,"김옥빈, 욕망 실현 다시 청신호..'파트3를 기대해'",연예,5,2019,07,08,13:35,27,27,0,0,0,0,0,0,0,0,0,https://news.naver.com/main/read.nhn?mode=LSD&mid=sec&sid1=106&oid=109&aid=0004045740
김옥빈,"‘아스달’ 김옥빈, 이토록 ‘슬픈 사랑’ 또 있을까",연예,5,2019,07,07,15:05,10,10,0,0,0,0,0,0,0,0,0,https://news.naver.com/main/read.nhn?mode=LSD&mid=sec&sid1=106&oid=382&aid=0000744603
김옥빈,"김옥빈, 볼수록 빠져드는 신미로운 마스크",연예,5,2019,07,09,18:07,31,31,0,0,0,0,0,0,0,0,0,https://news.naver.com/main/read.nhn?mode=LSD&mid=sec&sid1=106&oid=469&aid=0000404027
김옥빈,"'아스달 연대기' 김지원VS김옥빈, 운명의 열쇠 쥔 신성다툼",연예,5,2019,07,07,15:12,31,31,0,0,0,0,0,0,0,0,0,https://news.naver.com/main/read.nhn?mode=LSD&mid=sec&sid1=106&oid=312&aid=0000397278
김옥빈,"‘아스달 연대기’ 송중기→김옥빈, 깊은 울림 준 철학적 메시지 [M+TV인사이드]",연예,5,2019,07,08,10:31,10,9,0,1,0,0,0,0,0,0,0,https://news.naver.com/main/read.nhn?mode=LSD&mid=sec&sid1=106&oid=057&aid=0001365523
김옥빈,"'아스달' 조성하, 김옥빈에 ""장동건 버려라""[별별TV]",연예,5,2019,07,07,21:53,8,8,0,0,0,0,0,0,0,0,0,https://news.naver.com/main/read.nhn?mode=LSD&mid=sec&sid1=106&oid=108&aid=0002795307
김옥빈,"'아스달 연대기' 김옥빈, 욕망 실현 다시 '청신호'…""Part3를 기대해""",연예,5,2019,07,08,9:50,11,11,0,0,0,0,0,0,0,0,0,https://news.naver.com/main/read.nhn?mode=LSD&mid=sec&sid1=106&oid=076&aid=0003439057
김옥빈,"'아스달 연대기' 김옥빈, 다시 욕망 실현의 기회…호평 속 파트2 마무리",연예,5,2019,07,08,18:38,34,34,0,0,0,0,0,0,0,0,0,https://news.naver.com/main/read.nhn?mode=LSD&mid=sec&sid1=106&oid=015&aid=0004172459
김옥빈,"'아스달 연대기' 김옥빈, 욕망 실현 다시 '청신호'..기대될 수 밖에 없는 파트3",연예,5,2019,07,08,10:35,5,5,0,0,0,0,0,0,0,0,0,https://news.naver.com/main/read.nhn?mode=LSD&mid=sec&sid1=106&oid=011&aid=0003582425
김옥빈,"‘아스달연대기’ 김옥빈, 욕망 실현 가능할까…더 궁금해진 파트3",연예,5,2019,07,08,10:19,1,1,0,0,0,0,0,0,0,0,0,https://news.naver.com/main/read.nhn?mode=LSD&mid=sec&sid1=106&oid=213&aid=0001117200
김옥빈,"'아스달 연대기' 김옥빈, 장동건 향한 맴찢 로맨스 '애잔'",연예,5,2019,07,07,15:05,9,9,0,0,0,0,0,0,0,0,0,https://news.naver.com/main/read.nhn?mode=LSD&mid=sec&sid1=106&oid=311&aid=0001014950
김옥빈,"'아스달연대기' 김옥빈, 장동건 향한 이토록 아프고 슬픈 사랑 '맴찢'",연예,5,2019,07,07,14:59,6,6,0,0,0,0,0,0,0,0,0,https://news.naver.com/main/read.nhn?mode=LSD&mid=sec&sid1=106&oid=112&aid=0003185178
김옥빈,"김옥빈, 이토록 아프고도 슬픈 사랑..눈물샘 자극[핫TV]",연예,5,2019,07,07,14:57,13,13,0,0,0,0,0,0,0,0,0,https://news.naver.com/main/read.nhn?mode=LSD&mid=sec&sid1=106&oid=109&aid=0004045202
김옥빈,"‘아스달 연대기’ 김옥빈, 이토록 아련한 사랑이라니",연예,5,2019,07,07,15:51,12,12,0,0,0,0,0,0,0,0,0,https://news.naver.com/main/read.nhn?mode=LSD&mid=sec&sid1=106&oid=396&aid=0000518796
김옥빈,"'아스달' 김지원vs김옥빈, 엄숙 투샷..극과 극 카리스마",연예,5,2019,07,07,15:29,14,13,0,1,0,0,0,0,0,0,0,https://news.naver.com/main/read.nhn?mode=LSD&mid=sec&sid1=106&oid=108&aid=0002795265
김옥빈,"[DAY컷] ‘아스달’ 김지원x김옥빈, 신성 다툼 포착…긴장감 폭발",연예,5,2019,07,07,15:31,5,5,0,0,0,0,0,0,0,0,0,https://news.naver.com/main/read.nhn?mode=LSD&mid=sec&sid1=106&oid=382&aid=0000744608
김옥빈,"‘아스달 연대기’ 김지원X김옥빈, 일희일비 신성 다툼 포착…긴장감 폭발",연예,5,2019,07,07,15:43,1,1,0,0,0,0,0,0,0,0,0,https://news.naver.com/main/read.nhn?mode=LSD&mid=sec&sid1=106&oid=009&aid=0004387335
김옥빈,'아스달 연대기' Part2 종영…더 커질 아스달 권력 싸움 예고,연예,5,2019,07,08,8:11,24,23,0,1,0,0,0,0,0,0,0,https://news.naver.com/main/read.nhn?mode=LSD&mid=sec&sid1=106&oid=468&aid=0000531127
김옥빈,"‘아스달연대기’ 장동건X김옥빈→송중기X김지원, 파트2 종영까지 불태웠다 [콕TV]",연예,5,2019,07,08,8:12,8,8,0,0,0,0,0,0,0,0,0,https://news.naver.com/main/read.nhn?mode=LSD&mid=sec&sid1=106&oid=213&aid=0001117150
김옥빈,‘아스달 연대기’ Part2 종영..장동건X송중기X김지원X김옥빈 전한 새로운 세계[핫TV],연예,5,2019,07,08,10:09,10,10,0,0,0,0,0,0,0,0,0,https://news.naver.com/main/read.nhn?mode=LSD&mid=sec&sid1=106&oid=109&aid=0004045686
김옥빈,‘아스달 연대기’ 새로운 세계 속 깊은 울림 주는 철학적 메시지,연예,5,2019,07,08,8:17,29,28,0,1,0,0,0,0,0,0,0,https://news.naver.com/main/read.nhn?mode=LSD&mid=sec&sid1=106&oid=014&aid=0004257359
김옥빈,"[TV핫스팟]‘아스달 연대기’ 조성하, 김옥빈 회유·장동건 제지…지략 빛났다",연예,5,2019,07,07,24:56,7,7,0,0,0,0,0,0,0,0,0,https://news.naver.com/main/read.nhn?mode=LSD&mid=sec&sid1=106&oid=396&aid=0000518776
김옥빈,"'아스달' 조성하, 김옥빈 회유+장동건 제지...성공할 수 있을까?",연예,5,2019,07,07,24:19,2,2,0,0,0,0,0,0,0,0,0,https://news.naver.com/main/read.nhn?mode=LSD&mid=sec&sid1=106&oid=117&aid=0003242408
김옥빈,"'아스달 연대기' 조성하, 김옥빈 회유+장동건 제지…'관록의 연기력' 빛났다",연예,5,2019,07,07,13:16,2,2,0,0,0,0,0,0,0,0,0,https://news.naver.com/main/read.nhn?mode=LSD&mid=sec&sid1=106&oid=213&aid=0001117073
김옥빈,공효진·김옥빈 배출한 공포물 '여고괴담' 시리즈 부활...김서형 주연,연예,6,2019,07,19,11:49,8,8,0,0,0,0,0,0,0,0,0,https://news.naver.com/main/read.nhn?mode=LSD&mid=sec&sid1=106&oid=312&aid=0000399589
김옥빈,'여고괴담' 시리즈 부활한다...'쓰앵님' 김서형 주연,연예,6,2019,07,19,10:22,7,7,0,0,0,0,0,0,0,0,0,https://news.naver.com/main/read.nhn?mode=LSD&mid=sec&sid1=106&oid=052&aid=0001320688
김옥빈,"'여고괴담 리부트: 모교', 크랭크인…김서형X김현수 주연 확정",연예,6,2019,07,19,11:05,7,7,0,0,0,0,0,0,0,0,0,https://news.naver.com/main/read.nhn?mode=LSD&mid=sec&sid1=106&oid=421&aid=0004102581
김옥빈,'여고괴담 리부트: 모교' 긴장감 넘쳤던 리딩 현장 공개,연예,6,2019,07,19,11:11,3,3,0,0,0,0,0,0,0,0,0,https://news.naver.com/main/read.nhn?mode=LSD&mid=sec&sid1=106&oid=011&aid=0003589088
김옥빈,한국 공포의 전설 '여고괴담' 리부트…'쓰앵님' 김서형 교감 부임,연예,6,2019,07,19,9:29,9,9,0,0,0,0,0,0,0,0,0,https://news.naver.com/main/read.nhn?mode=LSD&mid=sec&sid1=106&oid=416&aid=0000246383
김옥빈,공포물 '여고괴담' 시리즈 부활…김서형 주연,생활,6,2019,07,19,9:40,31,29,1,1,0,0,0,0,0,0,0,https://news.naver.com/main/read.nhn?mode=LSD&mid=sec&sid1=103&oid=001&aid=0010965229
김옥빈,원조 공포영화 '여고괴담' 시리즈 부활…김서형 '교감' 역할,연예,6,2019,07,19,10:56,8,8,0,0,0,0,0,0,0,0,0,https://news.naver.com/main/read.nhn?mode=LSD&mid=sec&sid1=106&oid=015&aid=0004178566
김옥빈,'여고괴담 시리즈 부활...김서형·김현수·최리 주연,연예,6,2019,07,19,24:09,10,10,0,0,0,0,0,0,0,0,0,https://news.naver.com/main/read.nhn?mode=LSD&mid=sec&sid1=106&oid=277&aid=0004504471
김옥빈,"김옥빈, 첫 언더웨어 화보 공개[★화보]",연예,7,2019,07,24,11:30,2,2,0,0,0,0,0,0,0,0,0,https://news.naver.com/main/read.nhn?mode=LSD&mid=sec&sid1=106&oid=468&aid=0000539068
김옥빈,"""섹시함이란 이런 것""···김옥빈, 휠라 언더웨어 모델 변신 '팔색조 매력'",생활,7,2019,07,25,9:54,3,2,0,0,1,0,0,0,0,0,0,https://news.naver.com/main/read.nhn?mode=LSD&mid=sec&sid1=103&oid=011&aid=0003592436
김옥빈,"[오늘의 유통 단신] 오비맥주, 음주운전 타파 공모전 개최 外",경제,7,2019,07,24,13:01,2,0,0,0,2,0,0,0,0,0,0,https://news.naver.com/main/read.nhn?mode=LSD&mid=sec&sid1=101&oid=031&aid=0000502337
김옥빈,쓰앵님 김서형 `여고괴담 리부트:모교` 촬영 돌입,연예,7,2019,07,21,18:21,33,33,0,0,0,0,0,0,0,0,0,https://news.naver.com/main/read.nhn?mode=LSD&mid=sec&sid1=106&oid=029&aid=0002541335
김옥빈,김옥빈 '두근두근 섹시폭발' 생애 첫 언더웨어 화보 대방출,연예,7,2019,07,26,8:17,4,4,0,0,0,0,0,0,0,0,0,https://news.naver.com/main/read.nhn?mode=LSD&mid=sec&sid1=106&oid=011&aid=0003593155
김옥빈,"김옥빈, 성숙한 아름다움 담은 언더웨어 화보 공개",연예,7,2019,07,24,9:02,3,3,0,0,0,0,0,0,0,0,0,https://news.naver.com/main/read.nhn?mode=LSD&mid=sec&sid1=106&oid=468&aid=0000538920
김옥빈,"[포토] 휠라, 김옥빈의 첫 언더웨어 화보 공개",생활,7,2019,07,24,17:34,3,2,0,0,1,0,0,0,0,0,0,https://news.naver.com/main/read.nhn?mode=LSD&mid=sec&sid1=103&oid=468&aid=0000539312
김옥빈,"휠라, 배우 김옥빈의 첫 언더웨어 화보 공개",연예,7,2019,07,25,12:10,11,11,0,0,0,0,0,0,0,0,0,https://news.naver.com/main/read.nhn?mode=LSD&mid=sec&sid1=106&oid=018&aid=0004431930
김옥빈,김옥빈x휠라 언더웨어…강렬한 첫 화보 눈길 팍,경제,7,2019,07,25,9:32,1,0,0,0,1,0,0,0,0,0,0,https://news.naver.com/main/read.nhn?mode=LSD&mid=sec&sid1=101&oid=144&aid=0000622792
김옥빈,"김옥빈, 생애 첫 언더웨어 화보…""휠라와 만났다""",연예,7,2019,07,25,10:06,1,1,0,0,0,0,0,0,0,0,0,https://news.naver.com/main/read.nhn?mode=LSD&mid=sec&sid1=106&oid=008&aid=0004253779
김옥빈,‘스타 등용문’ 여고괴담… 10년 만에 돌아온다,연예,7,2019,07,22,11:11,6,6,0,0,0,0,0,0,0,0,0,https://news.naver.com/main/read.nhn?mode=LSD&mid=sec&sid1=106&oid=021&aid=0002397571
김옥빈,‘신의 퀴즈’→‘검법남녀’까지..2019년 시리즈물 성적표 [시즌제 드라마①],연예,8,2019,07,28,13:02,10,10,0,0,0,0,0,0,0,0,0,https://news.naver.com/main/read.nhn?mode=LSD&mid=sec&sid1=106&oid=410&aid=0000609117
김옥빈,"'김옥빈 동생' 채서진, 웹드 '연남동 패밀리' 주연 발탁...강태성·나인우와 호흡",연예,9,2019,08,06,13:09,2,2,0,0,0,0,0,0,0,0,0,https://news.naver.com/main/read.nhn?mode=LSD&mid=sec&sid1=106&oid=312&aid=0000402485
김옥빈,"천이슬 스크린 주연 데뷔작 `폐교`, 신인 등용문될까",연예,9,2019,08,09,10:20,1,1,0,0,0,0,0,0,0,0,0,https://news.naver.com/main/read.nhn?mode=LSD&mid=sec&sid1=106&oid=009&aid=0004407225
김옥빈,"<나쁜 여자, 이상한 여자, 죽이는 여자: 여성 캐릭터로 보는 한국영화 100년展>을 가다",연예,9,2019,08,08,10:15,3,3,0,0,0,0,0,0,0,0,0,https://news.naver.com/main/read.nhn?mode=LSD&mid=sec&sid1=106&oid=140&aid=0000040578
김옥빈,"""김옥빈 동생→당당히 주연으로""..채서진, '연남동 패밀리' 출연 확정[공식]",연예,9,2019,08,06,24:05,5,4,0,1,0,0,0,0,0,0,0,https://news.naver.com/main/read.nhn?mode=LSD&mid=sec&sid1=106&oid=112&aid=0003196781
김옥빈,천이슬 '폐교' 9월 개봉 확정... '여고괴담' '고사' 잇는 학원공포물,연예,9,2019,08,06,14:22,1,1,0,0,0,0,0,0,0,0,0,https://news.naver.com/main/read.nhn?mode=LSD&mid=sec&sid1=106&oid=312&aid=0000402506
김옥빈,"천이슬 영화 주연 데뷔작 '폐교', 신인 등용문 공포영화될까",연예,9,2019,08,09,10:00,2,2,0,0,0,0,0,0,0,0,0,https://news.naver.com/main/read.nhn?mode=LSD&mid=sec&sid1=106&oid=117&aid=0003257827
김옥빈,"""브랜드에 콘텐츠 장착""...이랜드, 엔터사와 손 잡았다",경제,10,2019,08,14,15:06,6,4,1,0,0,1,0,0,0,0,0,https://news.naver.com/main/read.nhn?mode=LSD&mid=sec&sid1=101&oid=011&aid=0003603288
김옥빈,"이월드, 엔터社와 함께 주얼리 사업 키운다",경제,10,2019,08,15,10:22,7,2,3,0,0,2,0,0,0,0,0,https://news.naver.com/main/read.nhn?mode=LSD&mid=sec&sid1=101&oid=277&aid=0004519236
김옥빈,"이월드 주얼리, 화이브라더스 날개 달았다…한류로 글로벌 공략",경제,10,2019,08,15,24:51,4,4,0,0,0,0,0,0,0,0,0,https://news.naver.com/main/read.nhn?mode=LSD&mid=sec&sid1=101&oid=003&aid=0009401860
김옥빈,"이월드, 화이브라더스와 손잡고 주얼리 사업 육성",경제,10,2019,08,14,17:50,2,2,0,0,0,0,0,0,0,0,0,https://news.naver.com/main/read.nhn?mode=LSD&mid=sec&sid1=101&oid=014&aid=0004277568
김옥빈,"'아스달 연대기' 송중기→김옥빈, 파트3 메인 포스터 전격 공개",연예,11,2019,08,23,15:54,71,71,0,0,0,0,0,0,0,0,0,https://news.naver.com/main/read.nhn?mode=LSD&mid=sec&sid1=106&oid=468&aid=0000552559
김옥빈,"'아스달 연대기' 오는 9월 7일 Part 3 출격 완료, 메인 포스터 전격 공개",연예,11,2019,08,24,12:15,50,50,0,0,0,0,0,0,0,0,0,https://news.naver.com/main/read.nhn?mode=LSD&mid=sec&sid1=106&oid=011&aid=0003607986
김옥빈,"장동건X송중기X김지원X김옥빈…'아스달 연대기' 파트3, 메인포스터 공개",연예,11,2019,08,23,15:29,24,24,0,0,0,0,0,0,0,0,0,https://news.naver.com/main/read.nhn?mode=LSD&mid=sec&sid1=106&oid=213&aid=0001126591
김옥빈,"‘아스달 연대기’ 장동건·송중기·김지원·김옥빈, 파트3 메인 포스터 공개",연예,11,2019,08,23,17:18,35,35,0,0,0,0,0,0,0,0,0,https://news.naver.com/main/read.nhn?mode=LSD&mid=sec&sid1=106&oid=009&aid=0004415132
김옥빈,"'아스달 연대기', 파트3 포스터 공개…'호텔 델루나' 후속",연예,11,2019,08,23,15:17,8,8,0,0,0,0,0,0,0,0,0,https://news.naver.com/main/read.nhn?mode=LSD&mid=sec&sid1=106&oid=241&aid=0002951048
김옥빈,"‘아스달 연대기’ 장동건·송중기·김지원·김옥빈, 파트3 궁금증 셋",연예,12,2019,08,30,10:48,19,19,0,0,0,0,0,0,0,0,0,https://news.naver.com/main/read.nhn?mode=LSD&mid=sec&sid1=106&oid=009&aid=0004419241
김옥빈,"‘아스달 연대기’ 장동건·송중기·김지원·김옥빈,…압도적 분위기 Part3‘1차 예고’",연예,12,2019,08,25,11:28,3,3,0,0,0,0,0,0,0,0,0,https://news.naver.com/main/read.nhn?mode=LSD&mid=sec&sid1=106&oid=005&aid=0001232337
김옥빈,"'아스달 연대기' 뇌안탈 사냥부터 대제관 된 김지원까지, 파트1·2 돌아보기",연예,12,2019,08,28,17:11,29,29,0,0,0,0,0,0,0,0,0,https://news.naver.com/main/read.nhn?mode=LSD&mid=sec&sid1=106&oid=241&aid=0002952846
김옥빈,"‘아스달 연대기’ 장동건·송중기·김지원·김옥빈, “아스달의 신화가 다시 깨어난다”",연예,12,2019,08,26,1:26,55,54,0,1,0,0,0,0,0,0,0,https://news.naver.com/main/read.nhn?mode=LSD&mid=sec&sid1=106&oid=011&aid=0003608313
김옥빈,"국내 배우들의 취미, 특기를 알아보자!",연예,12,2019,08,28,4:15,10,9,0,1,0,0,0,0,0,0,0,https://news.naver.com/main/read.nhn?mode=LSD&mid=sec&sid1=106&oid=140&aid=0000040733
김옥빈,"‘아스달 연대기’ 3부 ‘아스, 그 모든 전설의 서곡’ 9월 7일 방송",연예,12,2019,08,29,8:43,3,3,0,0,0,0,0,0,0,0,0,https://news.naver.com/main/read.nhn?mode=LSD&mid=sec&sid1=106&oid=005&aid=0001233844
김옥빈,'아스달 연대기' 9월 7일 돌아온다…'Part3' 궁금증 NO.3,연예,12,2019,08,30,10:47,8,8,0,0,0,0,0,0,0,0,0,https://news.naver.com/main/read.nhn?mode=LSD&mid=sec&sid1=106&oid=076&aid=0003462277
김옥빈,"'아스달 연대기', Part3 1차 예고 공개…돌아온 장동건·송중기·김지원·김옥빈",연예,12,2019,08,25,11:02,26,26,0,0,0,0,0,0,0,0,0,https://news.naver.com/main/read.nhn?mode=LSD&mid=sec&sid1=106&oid=312&aid=0000406130
김옥빈,"'아스달 연대기', 더욱 휘몰아칠 파트3 예고편 공개",연예,12,2019,08,25,11:26,31,30,0,1,0,0,0,0,0,0,0,https://news.naver.com/main/read.nhn?mode=LSD&mid=sec&sid1=106&oid=241&aid=0002951592
김옥빈,"'아스달 연대기' 장동건·송중기·김지원·김옥빈, 본격적인 권력 쟁탈전…9월 7일 방송",연예,12,2019,08,25,13:35,45,45,0,0,0,0,0,0,0,0,0,https://news.naver.com/main/read.nhn?mode=LSD&mid=sec&sid1=106&oid=076&aid=0003459698
김옥빈,"‘아스달연대기 Part3’ 예고 공개, 장동건 송중기 김지원 김옥빈 압도적 분위기",연예,12,2019,08,25,10:51,11,11,0,0,0,0,0,0,0,0,0,https://news.naver.com/main/read.nhn?mode=LSD&mid=sec&sid1=106&oid=609&aid=0000160716
김옥빈,"'아스달 연대기', Part3 입문 전 '1-12화 핵심 포인트' 간략 정리",연예,12,2019,08,28,13:34,11,11,0,0,0,0,0,0,0,0,0,https://news.naver.com/main/read.nhn?mode=LSD&mid=sec&sid1=106&oid=015&aid=0004199795
김옥빈,"‘아스달 연대기’ 파트3 입문 전 복습 “장동건→송중기, 치열 격돌”",연예,12,2019,08,28,14:00,14,13,0,1,0,0,0,0,0,0,0,https://news.naver.com/main/read.nhn?mode=LSD&mid=sec&sid1=106&oid=382&aid=0000757545
김옥빈,‘아스달 연대기’ Part3 입문 전 확인해야 할 핵심사건4,연예,12,2019,08,28,13:39,11,11,0,0,0,0,0,0,0,0,0,https://news.naver.com/main/read.nhn?mode=LSD&mid=sec&sid1=106&oid=009&aid=0004417703
김옥빈,"'아스달 연대기', 파트3를 앞두고...파트1&2 핵심 사건 정리",연예,12,2019,08,28,15:41,19,17,0,2,0,0,0,0,0,0,0,https://news.naver.com/main/read.nhn?mode=LSD&mid=sec&sid1=106&oid=311&aid=0001039047
김옥빈,"'아스달 연대기' 측, ""세번째 파트, 가장 강렬한 이야기""",연예,12,2019,08,26,9:11,17,17,0,0,0,0,0,0,0,0,0,https://news.naver.com/main/read.nhn?mode=LSD&mid=sec&sid1=106&oid=404&aid=0000251040
김옥빈,"'아스달 연대기' 핵심사건으로 풀어본 Part1,2 간략 정리..확인 필수",연예,12,2019,08,29,12:35,25,25,0,0,0,0,0,0,0,0,0,https://news.naver.com/main/read.nhn?mode=LSD&mid=sec&sid1=106&oid=011&aid=0003610373
김옥빈,"'아스달 연대기' 김옥빈, 이 여자의 야망이 섹시하다",연예,13,2019,09,07,16:37,11,11,0,0,0,0,0,0,0,0,0,https://news.naver.com/main/read.nhn?mode=LSD&mid=sec&sid1=106&oid=404&aid=0000251883
김옥빈,"'아스달 연대기' Part3 출격…장동건X송중기X김지원X김옥빈, 변화된 新5인 캐릭터",연예,13,2019,09,07,14:55,5,5,0,0,0,0,0,0,0,0,0,https://news.naver.com/main/read.nhn?mode=LSD&mid=sec&sid1=106&oid=076&aid=0003465776
김옥빈,"'아스달연대기' 김지원, 장동건 아라문 해슬라로 인정…김옥빈 '미소'",연예,13,2019,09,07,21:25,60,60,0,0,0,0,0,0,0,0,0,https://news.naver.com/main/read.nhn?mode=LSD&mid=sec&sid1=106&oid=311&aid=0001043267
김옥빈,"'아스달 연대기' 장동건·송중기·김옥빈·김지원 4자 대면 ""욕망 폭주""",연예,13,2019,09,05,11:09,37,37,0,0,0,0,0,0,0,0,0,https://news.naver.com/main/read.nhn?mode=LSD&mid=sec&sid1=106&oid=052&aid=0001339209
김옥빈,"‘아스달 연대기’ 김지원, 김옥빈에게 “아사신은 이미 여기 있다”",연예,13,2019,09,07,21:23,1,1,0,0,0,0,0,0,0,0,0,https://news.naver.com/main/read.nhn?mode=LSD&mid=sec&sid1=106&oid=112&aid=0003209819
김옥빈,"'아스달 연대기' 핵심인물 4人이 한자리에, 의미심장 눈빛-차가운 미소",연예,13,2019,09,06,13:03,16,16,0,0,0,0,0,0,0,0,0,https://news.naver.com/main/read.nhn?mode=LSD&mid=sec&sid1=106&oid=011&aid=0003615273
김옥빈,"'아스달 연대기' 장동건-송중기-김지원-김옥빈 ""본격적인 시작은 지금부터""",연예,13,2019,09,04,16:43,20,20,0,0,0,0,0,0,0,0,0,https://news.naver.com/main/read.nhn?mode=LSD&mid=sec&sid1=106&oid=076&aid=0003464551
김옥빈,'아스달 연대기' 김옥빈의 활약은 계속된다…권력 향한 욕망의 폭주 예고,연예,13,2019,09,07,15:59,23,23,0,0,0,0,0,0,0,0,0,https://news.naver.com/main/read.nhn?mode=LSD&mid=sec&sid1=106&oid=468&aid=0000559463
김옥빈,"'아스달 연대기' 김옥빈, 더욱 강렬하고 치밀해진 욕망의 정치가 '태알하'로 컴백",연예,13,2019,09,07,20:33,5,5,0,0,0,0,0,0,0,0,0,https://news.naver.com/main/read.nhn?mode=LSD&mid=sec&sid1=106&oid=015&aid=0004205712
김옥빈,"'아스달 연대기' 김옥빈, 권력 향한 욕망의 폭주 예고",연예,13,2019,09,07,14:57,2,2,0,0,0,0,0,0,0,0,0,https://news.naver.com/main/read.nhn?mode=LSD&mid=sec&sid1=106&oid=312&aid=0000408504
김옥빈,‘아스달 연대기’ 장동건×송중기×김지원×김옥빈 Part3 캐릭터 포스터,연예,13,2019,09,07,11:14,1,1,0,0,0,0,0,0,0,0,0,https://news.naver.com/main/read.nhn?mode=LSD&mid=sec&sid1=106&oid=382&aid=0000759913
김옥빈,"돌아온 ‘아스달 연대기’, 달라진 장동건·송중기·김지원·김옥빈",연예,13,2019,09,07,11:12,10,10,0,0,0,0,0,0,0,0,0,https://news.naver.com/main/read.nhn?mode=LSD&mid=sec&sid1=106&oid=213&aid=0001129585
김옥빈,"'아스달 연대기' Part3 출격..장동건X송중기X김지원X김옥빈, 변화된 新5인",연예,13,2019,09,07,15:16,29,29,0,0,0,0,0,0,0,0,0,https://news.naver.com/main/read.nhn?mode=LSD&mid=sec&sid1=106&oid=108&aid=0002808916
김옥빈,"‘아스달 연대기’ 송중기X장동건X김지원X김옥빈, 변화된 新 4인 캐릭터 공개",연예,13,2019,09,07,24:28,4,4,0,0,0,0,0,0,0,0,0,https://news.naver.com/main/read.nhn?mode=LSD&mid=sec&sid1=106&oid=469&aid=0000420408
김옥빈,"'아스달 연대기' 장동건·송중기·김지원·김옥빈, 욕망의 폭주 서막",연예,13,2019,09,05,11:32,65,65,0,0,0,0,0,0,0,0,0,https://news.naver.com/main/read.nhn?mode=LSD&mid=sec&sid1=106&oid=241&aid=0002955152
김옥빈,"'아스달 연대기' 장동건-송중기-김지원-김옥빈, '동상이몽 만남'",연예,13,2019,09,05,9:53,13,13,0,0,0,0,0,0,0,0,0,https://news.naver.com/main/read.nhn?mode=LSD&mid=sec&sid1=106&oid=076&aid=0003464720
김옥빈,"'아스달 연대기' 장동건X송중기X김지원X김옥빈, 한자리에 모였다 '동상이몽 만남'",연예,13,2019,09,05,10:05,3,3,0,0,0,0,0,0,0,0,0,https://news.naver.com/main/read.nhn?mode=LSD&mid=sec&sid1=106&oid=468&aid=0000558536
김옥빈,"장동건X송중기 '아스달', Part3 기대 포인트 셋",연예,13,2019,09,04,16:13,32,32,0,0,0,0,0,0,0,0,0,https://news.naver.com/main/read.nhn?mode=LSD&mid=sec&sid1=106&oid=108&aid=0002808244
김옥빈,"'아스달 연대기' 장동건X김옥빈, 비통·애틋함 뒤섞인 '핏빛 포옹'",연예,14,2019,09,14,15:53,4,4,0,0,0,0,0,0,0,0,0,https://news.naver.com/main/read.nhn?mode=LSD&mid=sec&sid1=106&oid=076&aid=0003467734
김옥빈,‘아스달 연대기’ 김옥빈X장동건 “우리 둘 다 살아있어” 반란 속 재회,연예,14,2019,09,14,21:42,3,3,0,0,0,0,0,0,0,0,0,https://news.naver.com/main/read.nhn?mode=LSD&mid=sec&sid1=106&oid=112&aid=0003211951
김옥빈,"'아스달 연대기' 김지원-김옥빈-장동건, 위협 벗어나 목숨 부지",연예,14,2019,09,14,21:26,11,11,0,0,0,0,0,0,0,0,0,https://news.naver.com/main/read.nhn?mode=LSD&mid=sec&sid1=106&oid=468&aid=0000561603
김옥빈,"'아스달' 김옥빈, 장동건 구하러 전사 뚫고 말달려 [별별TV]",연예,14,2019,09,14,21:48,1,1,0,0,0,0,0,0,0,0,0,https://news.naver.com/main/read.nhn?mode=LSD&mid=sec&sid1=106&oid=108&aid=0002810175
김옥빈,"‘아스달 연대기’ 송중기, 김옥빈 괴한의 습격 “장동건이 위험해”",연예,14,2019,09,14,21:30,16,15,0,1,0,0,0,0,0,0,0,https://news.naver.com/main/read.nhn?mode=LSD&mid=sec&sid1=106&oid=112&aid=0003211949
김옥빈,"'아스달 연대기' 김옥빈-장동건, 피의 전쟁 예고 ""예쁨 받긴 글렀다""",연예,14,2019,09,14,21:42,2,2,0,0,0,0,0,0,0,0,0,https://news.naver.com/main/read.nhn?mode=LSD&mid=sec&sid1=106&oid=468&aid=0000561604
김옥빈,"‘아스달 연대기’ 김옥빈, 흔들림 없는 눈빛… 카리스마 열연",연예,14,2019,09,08,13:46,4,4,0,0,0,0,0,0,0,0,0,https://news.naver.com/main/read.nhn?mode=LSD&mid=sec&sid1=106&oid=382&aid=0000759994
김옥빈,"'아스달 연대기' 장동건·김옥빈, 절규 속 핏빛 포옹…""전체절명 위기""",연예,14,2019,09,14,16:28,19,18,0,1,0,0,0,0,0,0,0,https://news.naver.com/main/read.nhn?mode=LSD&mid=sec&sid1=106&oid=421&aid=0004195270
김옥빈,"'아스달 연대기' 장동건-김옥빈, 비통·애틋 뒤섞인 '핏빛 포옹' 포착",연예,14,2019,09,14,15:48,3,2,0,1,0,0,0,0,0,0,0,https://news.naver.com/main/read.nhn?mode=LSD&mid=sec&sid1=106&oid=015&aid=0004208466
김옥빈,"'아스달 연대기' 장동건-김옥빈, 비통함+애틋함 뒤섞인 '핏빛 포옹'",연예,14,2019,09,14,16:32,10,9,0,1,0,0,0,0,0,0,0,https://news.naver.com/main/read.nhn?mode=LSD&mid=sec&sid1=106&oid=241&aid=0002957189
김옥빈,"'아스달 연대기' 장동건♥김옥빈, 피투성이로 포옹 '비통+애틋'",연예,14,2019,09,14,15:42,10,10,0,0,0,0,0,0,0,0,0,https://news.naver.com/main/read.nhn?mode=LSD&mid=sec&sid1=106&oid=312&aid=0000409451
김옥빈,"'아스달연대기' 장동건X김옥빈, 반란 진압 성공 '핏빛' 재회 [Oh!쎈 리뷰]",연예,14,2019,09,14,22:25,8,7,0,1,0,0,0,0,0,0,0,https://news.naver.com/main/read.nhn?mode=LSD&mid=sec&sid1=106&oid=109&aid=0004084835
김옥빈,"‘아스달 연대기’ 장동건♥김옥빈, 반란 속 생존 포옹 “살아있어”",연예,14,2019,09,14,21:52,133,131,0,2,0,0,0,0,0,0,0,https://news.naver.com/main/read.nhn?mode=LSD&mid=sec&sid1=106&oid=609&aid=0000170739
김옥빈,"김옥빈, 눈빛 하나에도 느껴지는 카리스마..밀도 높은 열연",연예,14,2019,09,08,13:20,9,9,0,0,0,0,0,0,0,0,0,https://news.naver.com/main/read.nhn?mode=LSD&mid=sec&sid1=106&oid=109&aid=0004082446
김옥빈,"'아스달연대기' 김옥빈, 밀도 높은 열연으로 파트3 재미↑",연예,14,2019,09,08,14:11,8,8,0,0,0,0,0,0,0,0,0,https://news.naver.com/main/read.nhn?mode=LSD&mid=sec&sid1=106&oid=076&aid=0003465925
김옥빈,"‘아스달’ 장동건?김옥빈, 속고 속이는 반전 대잔치...‘왕’ 될 수 있을까 (종합)",연예,15,2019,09,21,23:07,57,57,0,0,0,0,0,0,0,0,0,https://news.naver.com/main/read.nhn?mode=LSD&mid=sec&sid1=106&oid=404&aid=0000252821
김옥빈,김옥빈부터 배수지까지…안방극장 홀리는 액션 여제들,생활,15,2019,09,21,8:00,7,4,2,0,1,0,0,0,0,0,0,https://news.naver.com/main/read.nhn?mode=LSD&mid=sec&sid1=103&oid=001&aid=0011093773
김옥빈,"‘아스달 연대기’ 장동건→김옥빈, 대본 리딩부터 비하인드컷까지",연예,15,2019,09,21,15:43,37,37,0,0,0,0,0,0,0,0,0,https://news.naver.com/main/read.nhn?mode=LSD&mid=sec&sid1=106&oid=382&aid=0000762773
김옥빈,"'아스달 연대기', 송중기 이나이신기 인정..김옥빈, 장동건 아이 임신 [종합]",연예,15,2019,09,21,22:40,475,473,0,2,0,0,0,0,0,0,0,https://news.naver.com/main/read.nhn?mode=LSD&mid=sec&sid1=106&oid=109&aid=0004088526
김옥빈,"‘아스달 연대기’ 김옥빈, 장동건에 임신고백 “죽일래?” 도발 (종합)",연예,15,2019,09,21,22:47,5,5,0,0,0,0,0,0,0,0,0,https://news.naver.com/main/read.nhn?mode=LSD&mid=sec&sid1=106&oid=609&aid=0000174751
김옥빈,"'아스달 연대기' 장동건·송중기·김지원·김옥빈, 운명 걸고 격변한 4人…최후의 승자는?",연예,15,2019,09,19,8:40,11,11,0,0,0,0,0,0,0,0,0,https://news.naver.com/main/read.nhn?mode=LSD&mid=sec&sid1=106&oid=076&aid=0003469770
김옥빈,"'아스달' 김옥빈, 장동건 아이 가졌다..""고문할테면 고문해봐"" [★밤TView]",연예,15,2019,09,21,22:51,8,7,0,1,0,0,0,0,0,0,0,https://news.naver.com/main/read.nhn?mode=LSD&mid=sec&sid1=106&oid=108&aid=0002811784
김옥빈,"'아스달 연대기' 김옥빈, 화려한 액션부터 승마 실력까지 '걸크러시'",연예,15,2019,09,16,18:04,44,44,0,0,0,0,0,0,0,0,0,https://news.naver.com/main/read.nhn?mode=LSD&mid=sec&sid1=106&oid=015&aid=0004209424
김옥빈,'아스달 연대기' 4인 4색 각기 다른 변화의 史..'권력의 대격변',연예,15,2019,09,20,12:10,20,20,0,0,0,0,0,0,0,0,0,https://news.naver.com/main/read.nhn?mode=LSD&mid=sec&sid1=106&oid=011&aid=0003621440
김옥빈,"'아스달' 장동건X송중기X김지원X김옥빈, '혼란의 회동' 현장 포착",연예,15,2019,09,15,15:34,3,3,0,0,0,0,0,0,0,0,0,https://news.naver.com/main/read.nhn?mode=LSD&mid=sec&sid1=106&oid=468&aid=0000561796
김옥빈,"'아스달연대기' 김옥빈, 父 조성하 죽였다…임신 사실 밝히자 장동건 '충격' [종합]",연예,15,2019,09,21,22:44,215,211,0,4,0,0,0,0,0,0,0,https://news.naver.com/main/read.nhn?mode=LSD&mid=sec&sid1=106&oid=311&aid=0001048956
김옥빈,‘아스달연대기3’ 장동건 배신에 김옥빈 반격 “임신했다”...송중기 영웅행보 [콕TV],연예,15,2019,09,21,22:41,15,15,0,0,0,0,0,0,0,0,0,https://news.naver.com/main/read.nhn?mode=LSD&mid=sec&sid1=106&oid=213&aid=0001131776
김옥빈,"'아스달 연대기' 장동건·송중기·김지원·김옥빈, 대본 독파X열혈 모니터링 공개",연예,15,2019,09,21,17:50,8,8,0,0,0,0,0,0,0,0,0,https://news.naver.com/main/read.nhn?mode=LSD&mid=sec&sid1=106&oid=311&aid=0001048879
김옥빈,"‘아스달 연대기’ 장동건-송중기-김지원-김옥빈 등 배우들, 동고동락 ‘최강 팀워크’…“모든 배우들이 전설”",연예,15,2019,09,21,20:09,5,5,0,0,0,0,0,0,0,0,0,https://news.naver.com/main/read.nhn?mode=LSD&mid=sec&sid1=106&oid=015&aid=0004212221
김옥빈,"'아스달 연대기', 희로애락 담긴 비하인드 공개...""팀워크 마저 달랐다""",연예,15,2019,09,21,17:56,13,13,0,0,0,0,0,0,0,0,0,https://news.naver.com/main/read.nhn?mode=LSD&mid=sec&sid1=106&oid=076&aid=0003470977
김옥빈,'아스달 연대기' 모든 배우들이 전설입니다..긴 촬영기간 동고동락 '열정',연예,15,2019,09,21,19:49,163,159,0,4,0,0,0,0,0,0,0,https://news.naver.com/main/read.nhn?mode=LSD&mid=sec&sid1=106&oid=404&aid=0000252812
김옥빈,"[종합]`아스달 연대기` 김옥빈, 분노하는 장동건에 ""너의 아이를 가졌다""... 혼돈의 아스달",연예,15,2019,09,21,22:39,15,15,0,0,0,0,0,0,0,0,0,https://news.naver.com/main/read.nhn?mode=LSD&mid=sec&sid1=106&oid=009&aid=0004431259
김옥빈,"'아스달' 장동건-송중기-김지원-김옥빈, 운명 걸고 격변한 4인방...최후의 승자는?",연예,15,2019,09,19,8:33,11,11,0,0,0,0,0,0,0,0,0,https://news.naver.com/main/read.nhn?mode=LSD&mid=sec&sid1=106&oid=112&aid=0003213488
김옥빈,"장동건-송중기-김지원-김옥빈, '아스달 연대기' 최후의 승자는 누구?",연예,15,2019,09,19,11:17,7,7,0,0,0,0,0,0,0,0,0,https://news.naver.com/main/read.nhn?mode=LSD&mid=sec&sid1=106&oid=311&aid=0001047728
김옥빈,"‘아스달 연대기’ 장동건·송중기·김지원·김옥빈, ‘최후의 승자’는 누구?",연예,15,2019,09,19,8:40,5,5,0,0,0,0,0,0,0,0,0,https://news.naver.com/main/read.nhn?mode=LSD&mid=sec&sid1=106&oid=009&aid=0004429756
김옥빈,"'아스달 연대기' 김옥빈, 액션도 연기력도 제대로 폭발..'걸크러시 매력'",연예,15,2019,09,16,11:21,15,15,0,0,0,0,0,0,0,0,0,https://news.naver.com/main/read.nhn?mode=LSD&mid=sec&sid1=106&oid=011&aid=0003618918
김옥빈,"김옥빈, 액션도 연기도 제대로 폭발..걸크러시 매력 터졌다",연예,15,2019,09,16,9:57,11,11,0,0,0,0,0,0,0,0,0,https://news.naver.com/main/read.nhn?mode=LSD&mid=sec&sid1=106&oid=109&aid=0004085211
김옥빈,"'아스달 연대기' 김옥빈, 눈을 뗄 수 없는 혈전…이토록 완벽한 '액션 여제'",연예,15,2019,09,16,9:45,14,14,0,0,0,0,0,0,0,0,0,https://news.naver.com/main/read.nhn?mode=LSD&mid=sec&sid1=106&oid=076&aid=0003468140
김옥빈,"'아스달 연대기' 김옥빈, 걸크러쉬 매력 터졌다‥전략가 면모로 일당백 활약",연예,15,2019,09,16,9:44,8,8,0,0,0,0,0,0,0,0,0,https://news.naver.com/main/read.nhn?mode=LSD&mid=sec&sid1=106&oid=112&aid=0003212296
김옥빈,"'아스달 연대기', 장동건·송중기·김지원·김옥빈 회동 '격변의 아스달'",연예,15,2019,09,15,15:42,15,15,0,0,0,0,0,0,0,0,0,https://news.naver.com/main/read.nhn?mode=LSD&mid=sec&sid1=106&oid=241&aid=0002957266
김옥빈,"`아스달 연대기` 장동건-송중기-김지원-김옥빈, 감정 상충된 `혼랑의 회동`",연예,15,2019,09,15,16:40,25,25,0,0,0,0,0,0,0,0,0,https://news.naver.com/main/read.nhn?mode=LSD&mid=sec&sid1=106&oid=009&aid=0004427166
김옥빈,"'아스달 연대기' 장동건-송중기-김지원-김옥빈, 4人방 '혼란의 회동' 현장 포착 [SC컷]",연예,15,2019,09,15,16:05,17,17,0,0,0,0,0,0,0,0,0,https://news.naver.com/main/read.nhn?mode=LSD&mid=sec&sid1=106&oid=076&aid=0003467945
김옥빈,"'아스달 연대기' 장동건·송중기·김지원·김옥빈, 감정 어긋난 4人 '혼란의 회동'",연예,15,2019,09,15,15:39,6,6,0,0,0,0,0,0,0,0,0,https://news.naver.com/main/read.nhn?mode=LSD&mid=sec&sid1=106&oid=076&aid=0003467935
김옥빈,서지혜 ‘82년생 김지영’ 올렸다가 악플 세례…김옥빈 ‘위로’,연예,16,2019,09,27,9:50,31,21,0,10,0,0,0,0,0,0,0,https://news.naver.com/main/read.nhn?mode=LSD&mid=sec&sid1=106&oid=018&aid=0004477348
김옥빈,"'아스달 연대기' 김옥빈, 종영 기념 베이비 아스달 공개",연예,16,2019,09,23,16:54,31,29,0,2,0,0,0,0,0,0,0,https://news.naver.com/main/read.nhn?mode=LSD&mid=sec&sid1=106&oid=241&aid=0002960017
김옥빈,"'아스달 연대기' 김옥빈, 의미심장 미소로 충격 엔딩 장식",연예,16,2019,09,22,19:58,3,3,0,0,0,0,0,0,0,0,0,https://news.naver.com/main/read.nhn?mode=LSD&mid=sec&sid1=106&oid=015&aid=0004212573
김옥빈,장동건-송중기-김지원-김옥빈 ‘아스달 연대기’가 남긴 것들,연예,16,2019,09,23,7:58,17,17,0,0,0,0,0,0,0,0,0,https://news.naver.com/main/read.nhn?mode=LSD&mid=sec&sid1=106&oid=382&aid=0000762976
김옥빈,"'아스달 연대기' 김옥빈, 대체 불가한 존재감 입증..무한 호평 속 마무리",연예,16,2019,09,23,13:01,26,26,0,0,0,0,0,0,0,0,0,https://news.naver.com/main/read.nhn?mode=LSD&mid=sec&sid1=106&oid=011&aid=0003622759
김옥빈,"'82년생 김지영' 읽었다고 악플 다는 남자들…김옥빈 ""누가 검열하는가"" 일침",연예,16,2019,09,27,24:28,19,16,0,3,0,0,0,0,0,0,0,https://news.naver.com/main/read.nhn?mode=LSD&mid=sec&sid1=106&oid=082&aid=0000944716
김옥빈,"서지혜, '82년생 김지영' 인증샷 올려 악플…김옥빈 ""누가 검열하나""",연예,16,2019,09,27,14:28,14,14,0,0,0,0,0,0,0,0,0,https://news.naver.com/main/read.nhn?mode=LSD&mid=sec&sid1=106&oid=277&aid=0004543736
김옥빈,"서지혜, ‘82년생 김지영’ 인증샷에 악플세례…김옥빈 ‘위로’ [똑똑SNS]",연예,16,2019,09,27,15:22,3,3,0,0,0,0,0,0,0,0,0,https://news.naver.com/main/read.nhn?mode=LSD&mid=sec&sid1=106&oid=410&aid=0000627642
김옥빈,"서지혜, '82년생 김지영' 올렸다가 악플 세례…김옥빈 위로",연예,16,2019,09,27,11:09,13,2,0,11,0,0,0,0,0,0,0,https://news.naver.com/main/read.nhn?mode=LSD&mid=sec&sid1=106&oid=117&aid=0003278916
김옥빈,"'아스달연대기' 김옥빈, 의미심장한 미소로 충격엔딩 '소름유발러'",연예,16,2019,09,22,15:06,7,7,0,0,0,0,0,0,0,0,0,https://news.naver.com/main/read.nhn?mode=LSD&mid=sec&sid1=106&oid=241&aid=0002959636
김옥빈,"'아스달 연대기' 김옥빈, 의미심장 미소로 장식한 엔딩...""프로 소름 유발러""",연예,16,2019,09,22,16:14,20,20,0,0,0,0,0,0,0,0,0,https://news.naver.com/main/read.nhn?mode=LSD&mid=sec&sid1=106&oid=076&aid=0003471213
김옥빈,"‘아스달 연대기’ 소름유발자 김옥빈, 의미심장 미소 충격 엔딩",연예,16,2019,09,22,14:09,5,5,0,0,0,0,0,0,0,0,0,https://news.naver.com/main/read.nhn?mode=LSD&mid=sec&sid1=106&oid=609&aid=0000175034
김옥빈,"‘아스달 연대기’ 장동건-송중기-김지원-김옥빈, 서로 다른 전설을 만든, 영웅들의 운명 [간밤TV]",연예,16,2019,09,23,8:26,299,291,0,8,0,0,0,0,0,0,0,https://news.naver.com/main/read.nhn?mode=LSD&mid=sec&sid1=106&oid=144&aid=0000632801
김옥빈,"""서로 다른 전설 만든 영웅들"" 장동건·송중기·김지원·김옥빈 ..'아스달' 남긴 것들",연예,16,2019,09,23,8:00,5,5,0,0,0,0,0,0,0,0,0,https://news.naver.com/main/read.nhn?mode=LSD&mid=sec&sid1=106&oid=109&aid=0004089056
김옥빈,"장동건X송중기X김지원X김옥빈, '아스달 연대기'가 남긴 것들",연예,16,2019,09,23,9:08,8,8,0,0,0,0,0,0,0,0,0,https://news.naver.com/main/read.nhn?mode=LSD&mid=sec&sid1=106&oid=015&aid=0004212697
김옥빈,"'아스달 연대기' 종영, 드라마가 남긴 것",연예,16,2019,09,23,9:46,9,9,0,0,0,0,0,0,0,0,0,https://news.naver.com/main/read.nhn?mode=LSD&mid=sec&sid1=106&oid=119&aid=0002353718
김옥빈,"'아스달 연대기' 김옥빈, 대체불가 존재감...""슬프고 시원섭섭"" 종영 소감",연예,16,2019,09,23,11:44,14,14,0,0,0,0,0,0,0,0,0,https://news.naver.com/main/read.nhn?mode=LSD&mid=sec&sid1=106&oid=311&aid=0001049366
김옥빈,"‘아스달 연대기’ 김옥빈 “종영 믿기지 않아, 함께 고생해 시원섭섭”",연예,16,2019,09,23,10:31,16,14,0,2,0,0,0,0,0,0,0,https://news.naver.com/main/read.nhn?mode=LSD&mid=sec&sid1=106&oid=609&aid=0000175353
김옥빈,‘페미는 정신병’ 비난은 왜 여성 연예인에게만 쏟아지나,사회,17,2019,09,30,8:37,102,6,1,1,88,6,0,0,0,0,0,https://news.naver.com/main/read.nhn?mode=LSD&mid=sec&sid1=102&oid=005&aid=0001244132
김옥빈,‘82년생 김지영’ 정유미·공유 “악플 크게 걱정 안해”,연예,17,2019,09,30,14:20,33,33,0,0,0,0,0,0,0,0,0,https://news.naver.com/main/read.nhn?mode=LSD&mid=sec&sid1=106&oid=023&aid=0003476923
김옥빈,‘82년생 김지영’ 게시물 올리자 악플…여성연예인에만 쏟아지는 비난 왜?,사회,17,2019,09,29,16:30,381,147,4,5,211,14,0,0,0,0,0,https://news.naver.com/main/read.nhn?mode=LSD&mid=sec&sid1=102&oid=028&aid=0002469571
김옥빈,“책 읽을 자유” 혐오공격 표적된 女연예인들,연예,17,2019,10,01,6:58,22,22,0,0,0,0,0,0,0,0,0,https://news.naver.com/main/read.nhn?mode=LSD&mid=sec&sid1=106&oid=382&aid=0000765239
김옥빈,"박찬욱 ""'박쥐' 송강호·김옥빈 흡혈키스, 궁극의 키스 아닐까"" [BIFF 2019]",연예,18,2019,10,06,16:23,5,3,0,2,0,0,0,0,0,0,0,https://news.naver.com/main/read.nhn?mode=LSD&mid=sec&sid1=106&oid=311&aid=0001055786
김옥빈,[24th 부국제] '금자씨'와 '박쥐'를 통해 본 '박찬욱 월드' (종합),연예,18,2019,10,06,20:32,5,5,0,0,0,0,0,0,0,0,0,https://news.naver.com/main/read.nhn?mode=LSD&mid=sec&sid1=106&oid=052&aid=0001350901
김옥빈,"박찬욱 “‘박쥐’ 속 송강호 김옥빈 입맞춤신, 궁극의 키스”[24회 BIFF]",연예,18,2019,10,06,16:19,1,1,0,0,0,0,0,0,0,0,0,https://news.naver.com/main/read.nhn?mode=LSD&mid=sec&sid1=106&oid=609&aid=0000183590
김옥빈,[BIFF] 박찬욱 감독 “난 그 영화를 이렇게 만들었다”,연예,18,2019,10,10,18:50,6,6,0,0,0,0,0,0,0,0,0,https://news.naver.com/main/read.nhn?mode=LSD&mid=sec&sid1=106&oid=438&aid=0000026213
김옥빈,박찬욱 감독도 진땀 나게 한 '대가'의 돌직구,연예,18,2019,10,07,9:11,3,3,0,0,0,0,0,0,0,0,0,https://news.naver.com/main/read.nhn?mode=LSD&mid=sec&sid1=106&oid=047&aid=0002242553
김옥빈,"[24th BIFF]박찬욱 감독 ""'박쥐' 송강호X김옥빈 흡혈키스, 궁극의 키스신""",연예,18,2019,10,06,17:25,3,3,0,0,0,0,0,0,0,0,0,https://news.naver.com/main/read.nhn?mode=LSD&mid=sec&sid1=106&oid=477&aid=0000211507
김옥빈,"[BIFF] 박찬욱 감독 ""'박쥐' 속 흡혈신, 영화 역사상 가장 궁극의 키스""",연예,18,2019,10,06,16:21,1,1,0,0,0,0,0,0,0,0,0,https://news.naver.com/main/read.nhn?mode=LSD&mid=sec&sid1=106&oid=421&aid=0004234049
김옥빈,"""유머·시선의 중요성"" 박찬욱 감독이 말하는 '친절한 금자씨', 그리고 '박쥐' (종합) [BIFF 2019]",연예,18,2019,10,06,17:06,3,3,0,0,0,0,0,0,0,0,0,https://news.naver.com/main/read.nhn?mode=LSD&mid=sec&sid1=106&oid=311&aid=0001055833
김옥빈,"[SC-BIFF] ""궁극의 키스→천재 송강호""…'금자씨X박쥐' 박찬욱 감독의 찐사랑(종합)",연예,18,2019,10,06,17:31,12,12,0,0,0,0,0,0,0,0,0,https://news.naver.com/main/read.nhn?mode=LSD&mid=sec&sid1=106&oid=076&aid=0003477682
김옥빈,"[BIFF]박찬욱 감독, '친절한 금자씨'·'박쥐' 비화로 드러낸 연출세계(종합)",연예,18,2019,10,06,18:04,2,2,0,0,0,0,0,0,0,0,0,https://news.naver.com/main/read.nhn?mode=LSD&mid=sec&sid1=106&oid=112&aid=0003220040
김옥빈,"""'금자씨'→'박쥐'""..알고 보면 더 '꿀잼'인 박찬욱 감독의 연출기(종합)[24th BIFF]",연예,18,2019,10,06,17:43,5,5,0,0,0,0,0,0,0,0,0,https://news.naver.com/main/read.nhn?mode=LSD&mid=sec&sid1=106&oid=109&aid=0004097007
김옥빈,[24회 BIFF] 금자씨 트렌치 코트·송강호와 최민식…박찬욱의 영화 세계,연예,18,2019,10,07,8:32,1,1,0,0,0,0,0,0,0,0,0,https://news.naver.com/main/read.nhn?mode=LSD&mid=sec&sid1=106&oid=241&aid=0002964691
김옥빈,`82년생 김지영`과 째째한 남자들 [하재근의 족집게로 문화집기],오피니언,19,2019,10,15,18:32,231,167,0,0,60,4,0,0,0,0,0,https://news.naver.com/main/read.nhn?mode=LSD&mid=sec&sid1=110&oid=029&aid=0002559903
김옥빈,“설리가 우리다” 2030 여성들의 공감과 분노,사회,19,2019,10,16,5:03,"2,691",423,8,202,"2,006",52,0,0,0,0,0,https://news.naver.com/main/read.nhn?mode=LSD&mid=sec&sid1=102&oid=028&aid=0002471364
김옥빈,공효진│② 공효진의 캐릭터 다섯,연예,19,2019,10,15,8:51,13,13,0,0,0,0,0,0,0,0,0,https://news.naver.com/main/read.nhn?mode=LSD&mid=sec&sid1=106&oid=465&aid=0000004051
김옥빈,“찌질한 남자들이 ‘82년생 김지영’ 별점 테러… 한심해보여”,사회,19,2019,10,16,13:16,150,111,8,0,31,0,0,0,0,0,0,https://news.naver.com/main/read.nhn?mode=LSD&mid=sec&sid1=102&oid=005&aid=0001249560
김옥빈,[기자의 눈] '82년생 김지영'이라는 이유만으로,오피니언,19,2019,10,13,7:00,22,6,0,0,16,0,0,0,0,0,0,https://news.naver.com/main/read.nhn?mode=LSD&mid=sec&sid1=110&oid=119&aid=0002357433
김옥빈,[시시콜콜 Why] 왜 여성 연예인만 ‘82년생 김지영’ 때문에 조롱 비하 시달리나,생활,19,2019,10,16,14:59,64,18,1,1,43,1,0,0,0,0,0,https://news.naver.com/main/read.nhn?mode=LSD&mid=sec&sid1=103&oid=469&aid=0000431310
김옥빈,"수지, '82년생 김지영' 또 응원…일부 누리꾼 '발작버튼'에도 '소신 행보'[종합]",연예,20,2019,10,22,18:24,345,344,0,1,0,0,0,0,0,0,0,https://news.naver.com/main/read.nhn?mode=LSD&mid=sec&sid1=106&oid=477&aid=0000214304
김옥빈,[한국영화 100년] 쏘냐·애순·옥희에서 자윤·연홍·미쓰백까지,,21,2019,11,02,14:02,4,4,0,0,0,0,0,0,0,0,0,https://news.naver.com/main/read.nhn?mode=LSD&mid=sec&sid1=004&oid=586&aid=0000009783
김옥빈,배우 천정명 화이브라더스코리아行,연예,23,2019,11,12,21:35,4,4,0,0,0,0,0,0,0,0,0,https://news.naver.com/main/read.nhn?mode=LSD&mid=sec&sid1=106&oid=277&aid=0004571105
김옥빈,"채서진, 언니 김옥빈 똑 닮은 미모[포토엔HD]",연예,24,2019,11,20,14:18,1,1,0,0,0,0,0,0,0,0,0,https://news.naver.com/main/read.nhn?mode=LSD&mid=sec&sid1=106&oid=609&aid=0000205878
김옥빈,"""웹드계 김옥빈?""..'연남동패밀리' 채서진, 新 로코퀸 노린다 (종합)[현장의 재구성]",연예,24,2019,11,20,17:26,2,2,0,0,0,0,0,0,0,0,0,https://news.naver.com/main/read.nhn?mode=LSD&mid=sec&sid1=106&oid=109&aid=0004123506
김옥빈,"故 구하라 추모.. 김옥빈, 성현아, 한지혜 등 ""마음이 아픕니다""(종합)",연예,25,2019,11,25,13:11,12,0,0,12,0,0,0,0,0,0,0,https://news.naver.com/main/read.nhn?mode=LSD&mid=sec&sid1=106&oid=052&aid=0001369630
김옥빈,"한예슬·박민영·김옥빈 등 故 구하라 추모 ""사랑해, 함께 해주지 못해 미안해""",연예,25,2019,11,25,8:28,7,0,0,7,0,0,0,0,0,0,0,https://news.naver.com/main/read.nhn?mode=LSD&mid=sec&sid1=106&oid=241&aid=0002982546
김옥빈,"""故구하라, 미안해""…허지웅·김옥빈·한서희·엄정화 등 비통한 심경 [종합]",연예,25,2019,11,25,14:01,22,0,0,22,0,0,0,0,0,0,0,https://news.naver.com/main/read.nhn?mode=LSD&mid=sec&sid1=106&oid=408&aid=0000082017
김옥빈,"[종합] ""범죄혐의점無""…구하라 시신, 유족에 인계→단순변사 사건종결 전망",연예,25,2019,11,26,13:37,10,0,0,10,0,0,0,0,0,0,0,https://news.naver.com/main/read.nhn?mode=LSD&mid=sec&sid1=106&oid=076&aid=0003501664
김옥빈,"""편히 잠들길""...故 구하라, 가족·친지 배웅 속 영면→팬 위해 납골당 공개 [종합]",연예,25,2019,11,27,11:51,9,0,0,9,0,0,0,0,0,0,0,https://news.naver.com/main/read.nhn?mode=LSD&mid=sec&sid1=106&oid=311&aid=0001080098
김옥빈,故구하라 추모 동참한 연예계… 일정 취소·SNS 애도 물결,연예,25,2019,11,25,16:27,2,0,0,2,0,0,0,0,0,0,0,https://news.naver.com/main/read.nhn?mode=LSD&mid=sec&sid1=106&oid=081&aid=0003046314
김옥빈,"김옥빈·엄정화·성현아·한지혜도 구하라 추모...""무기력하고 미안해""(종합)",연예,25,2019,11,25,11:16,10,3,0,7,0,0,0,0,0,0,0,https://news.naver.com/main/read.nhn?mode=LSD&mid=sec&sid1=106&oid=312&aid=0000422477
김옥빈,"구하라, 오늘(27일) 발인 엄수 [종합]",연예,25,2019,11,27,9:04,16,1,0,15,0,0,0,0,0,0,0,https://news.naver.com/main/read.nhn?mode=LSD&mid=sec&sid1=106&oid=408&aid=0000082105
김옥빈,"종편 ·케이블 드라마, 작품성으로 승부!③[방송결산]",연예,28,2019,12,16,13:00,97,97,0,0,0,0,0,0,0,0,0,https://news.naver.com/main/read.nhn?mode=LSD&mid=sec&sid1=106&oid=108&aid=0002830399
김옥빈,"자존심 구긴 舊드라마왕국 tvN, 여진구X아이유 덕에 체면치레[2019 케이블 결산①]",연예,28,2019,12,16,6:01,37,37,0,0,0,0,0,0,0,0,0,https://news.naver.com/main/read.nhn?mode=LSD&mid=sec&sid1=106&oid=609&aid=0000218895
김옥빈,[2019 드라마 결산] '동백꽃 필 무렵' 열풍…지상파 웃었다,연예,29,2019,12,25,8:33,17,17,0,0,0,0,0,0,0,0,0,https://news.naver.com/main/read.nhn?mode=LSD&mid=sec&sid1=106&oid=119&aid=0002372766
김옥빈,"시청률 씹어 먹은 KBS, 화제성으로 체면치레한 tvN [연말결산 | 드라마]",연예,29,2019,12,25,10:01,10,8,0,2,0,0,0,0,0,0,0,https://news.naver.com/main/read.nhn?mode=LSD&mid=sec&sid1=106&oid=213&aid=0001146550
김옥빈,"예상치 못한 시청률 ‘SKY캐슬’·‘우아한가’, 체면치레 CJ ENM [MK★결산-드라마②]",연예,30,2019,12,29,7:01,2,0,0,2,0,0,0,0,0,0,0,https://news.naver.com/main/read.nhn?mode=LSD&mid=sec&sid1=106&oid=410&aid=0000656336
김옥빈,박나래 한숨·한예슬 피어싱…왜 논란인가요?,생활,31,2020,01,11,5:30,19,5,0,6,8,0,0,0,0,0,0,https://news.naver.com/main/read.nhn?mode=LSD&mid=sec&sid1=103&oid=008&aid=0004338485
김옥빈,술병에 연예인 아웃? 소주 대박 이끈 전설의 스타 아시나요,경제,33,2020,01,25,5:01,33,24,3,0,5,1,0,0,0,0,0,https://news.naver.com/main/read.nhn?mode=LSD&mid=sec&sid1=101&oid=629&aid=0000012000
김옥빈,[단독]'아스달 연대기' 새 시즌 올 가을 크랭크인,연예,36,2020,02,13,8:02,389,382,0,2,0,0,3,0,2,0,0,https://news.naver.com/main/read.nhn?mode=LSD&mid=sec&sid1=106&oid=241&aid=0003003885
김옥빈,[김기자의 속살] “송강호가 참석하면 수상”…속설 자리잡나,생활,36,2020,02,15,12:22,12,9,1,0,1,1,0,0,0,0,0,https://news.naver.com/main/read.nhn?mode=LSD&mid=sec&sid1=103&oid=018&aid=0004576134
김옥빈,[출근길] '시즌제 드라마'가 돌아온다,연예,36,2020,02,14,5:08,9,9,0,0,0,0,0,0,0,0,0,https://news.naver.com/main/read.nhn?mode=LSD&mid=sec&sid1=106&oid=417&aid=0000504387
김옥빈,"'아스달 연대기' 시즌2, 올 하반기 목표로 준비 중",연예,36,2020,02,13,15:25,4,4,0,0,0,0,0,0,0,0,0,https://news.naver.com/main/read.nhn?mode=LSD&mid=sec&sid1=106&oid=396&aid=0000540024
김옥빈,[퇴근길] '시즌2'로 돌아오는 '아스달 연대기',연예,36,2020,02,13,18:15,43,42,0,1,0,0,0,0,0,0,0,https://news.naver.com/main/read.nhn?mode=LSD&mid=sec&sid1=106&oid=417&aid=0000504353
김옥빈,[단독]'아스달 연대기' 김규태·홍종찬 연출… 가을 촬영(종합),연예,36,2020,02,13,11:14,90,88,0,0,0,0,1,0,0,1,0,https://news.naver.com/main/read.nhn?mode=LSD&mid=sec&sid1=106&oid=241&aid=0003003919
김옥빈,`아스달 연대기` 시즌2 제작 확정…하반기 크랭크인,연예,36,2020,02,13,13:35,37,37,0,0,0,0,0,0,0,0,0,https://news.naver.com/main/read.nhn?mode=LSD&mid=sec&sid1=106&oid=009&aid=0004516982
김옥빈,"화이브라더스코리아, 웹툰도 한류 콘텐츠 격상...'K-웹툰' 세계화 나선다",,37,2020,02,20,14:36,2,2,0,0,0,0,0,0,0,0,0,https://news.naver.com/main/read.nhn?mode=LSD&mid=sec&oid=109&aid=0004169311
김옥빈,'사랑의 불시착' 서지혜는 '슬픔 담당' 주인공이었다,연예,37,2020,02,18,8:22,34,28,0,6,0,0,0,0,0,0,0,https://news.naver.com/main/read.nhn?mode=LSD&mid=sec&sid1=106&oid=047&aid=0002257088
김옥빈,"""'여돌'이 왜 그래?"" 악플 딛고 SNS에서 '나다움' 말하는 여성 연예인들",생활,37,2020,02,19,10:45,58,34,15,0,8,1,0,0,0,0,0,https://news.naver.com/main/read.nhn?mode=LSD&mid=sec&sid1=103&oid=310&aid=0000076856
김옥빈,"순천 연향파출소, 특수형광물질 도포로 침입범죄 22% 감소",사회,37,2020,02,21,11:11,2,2,0,0,0,0,0,0,0,0,0,https://news.naver.com/main/read.nhn?mode=LSD&mid=sec&sid1=102&oid=081&aid=0003067447
김옥빈,"""아이돌→홀로서기"" '언니네 쌀롱' 유빈X산다라박, 메이크오버에 담긴 진심 [어저께TV]",연예,38,2020,02,25,6:52,1,1,0,0,0,0,0,0,0,0,0,https://news.naver.com/main/read.nhn?mode=LSD&mid=sec&sid1=106&oid=109&aid=0004171535
김옥빈,"'여경의 전설' 된 김서형, 1년 전 신드롬 다시 일으킬까",연예,39,2020,03,02,24:09,11,11,0,0,0,0,0,0,0,0,0,https://news.naver.com/main/read.nhn?mode=LSD&mid=sec&sid1=106&oid=047&aid=0002259183
김옥빈,"[N초점] '비밀의 숲'→'아스달', 시즌제 드라마 어디까지 왔니",연예,39,2020,03,07,5:50,46,46,0,0,0,0,0,0,0,0,0,https://news.naver.com/main/read.nhn?mode=LSD&mid=sec&sid1=106&oid=421&aid=0004507908
김옥빈,세상을 현혹하는 '거짓 믿음'…'사이비' 영화·드라마,사회,39,2020,03,05,16:21,2,2,0,0,0,0,0,0,0,0,0,https://news.naver.com/main/read.nhn?mode=LSD&mid=sec&sid1=102&oid=079&aid=0003332113
김옥빈,김옥빈 채서빈 춤실력 공개 “홈트로 코로나 이겨내요”[SNS★컷],연예,42,2020,03,26,11:29,10,10,0,0,0,0,0,0,0,0,0,https://news.naver.com/main/read.nhn?mode=LSD&mid=sec&sid1=106&oid=609&aid=0000261195
김옥빈,"김옥빈, 어디가 변했나? ‘심쿵해’",연예,42,2020,03,23,14:33,6,5,0,1,0,0,0,0,0,0,0,https://news.naver.com/main/read.nhn?mode=LSD&mid=sec&sid1=106&oid=469&aid=0000480082
김옥빈,"김옥빈, '아스달연대기' 이후 반가운 근황..초근접도 굴욕없어",연예,42,2020,03,23,6:56,7,7,0,0,0,0,0,0,0,0,0,https://news.naver.com/main/read.nhn?mode=LSD&mid=sec&sid1=106&oid=112&aid=0003280703
김옥빈,"김옥빈, 변함없는 미모로 전한 근황 ""잘 지내고 있어?""",연예,42,2020,03,23,8:00,20,19,0,1,0,0,0,0,0,0,0,https://news.naver.com/main/read.nhn?mode=LSD&mid=sec&sid1=106&oid=108&aid=0002850784
김옥빈,김옥빈 ‘아스달’ 이후 근황‥시원한 이목구비 여신[SNS★컷],연예,42,2020,03,23,11:58,4,4,0,0,0,0,0,0,0,0,0,https://news.naver.com/main/read.nhn?mode=LSD&mid=sec&sid1=106&oid=609&aid=0000260195
김옥빈,김옥빈은 운동 중 “먹을 땐 좋았는데...”,연예,43,2020,03,31,22:19,15,12,0,2,0,0,1,0,0,0,0,https://news.naver.com/main/read.nhn?mode=LSD&mid=sec&sid1=106&oid=213&aid=0001159057
김옥빈,"김옥빈X채서진, 자매는 예쁘다..DNA가 다른 우월한 여신들",연예,43,2020,04,01,22:50,40,40,0,0,0,0,0,0,0,0,0,https://news.naver.com/main/read.nhn?mode=LSD&mid=sec&sid1=106&oid=112&aid=0003284358
김옥빈,"김옥빈, 운동복 입고 뽐낸 건강미 “먹을 땐 좋았죠”[SNS★컷]",연예,43,2020,03,31,21:14,16,15,0,1,0,0,0,0,0,0,0,https://news.naver.com/main/read.nhn?mode=LSD&mid=sec&sid1=106&oid=609&aid=0000262707
김옥빈,"김옥빈, 섹시미 넘치는 다이어트 근황 공개 ""먹을 땐 좋았죠""",연예,43,2020,03,31,21:34,9,9,0,0,0,0,0,0,0,0,0,https://news.naver.com/main/read.nhn?mode=LSD&mid=sec&sid1=106&oid=112&aid=0003283911
김옥빈,"이규한, 화이브라더스코리아와 전속 계약 ""열심히 활동 할 것""",연예,44,2020,04,10,8:37,12,12,0,0,0,0,0,0,0,0,0,https://news.naver.com/main/read.nhn?mode=LSD&mid=sec&sid1=106&oid=416&aid=0000257064
김옥빈,"이규한, 화이브라더스코리아와 전속계약 체결…김윤석·유해진과 한솥밥 [공식]",연예,44,2020,04,09,10:12,5,5,0,0,0,0,0,0,0,0,0,https://news.naver.com/main/read.nhn?mode=LSD&mid=sec&sid1=106&oid=312&aid=0000441801
김옥빈,[D기획┃서사 중심이 된 여성①] 작품 속 ‘백마 탄 왕자’는 없다,연예,46,2020,04,22,15:16,32,32,0,0,0,0,0,0,0,0,0,https://news.naver.com/main/read.nhn?mode=LSD&mid=sec&sid1=106&oid=119&aid=0002397704
김옥빈,5059만 조회…‘방방콘’이 바꾼 온라인 소통,연예,46,2020,04,21,6:58,"1,032","1,032",0,0,0,0,0,0,0,0,0,https://news.naver.com/main/read.nhn?mode=LSD&mid=sec&sid1=106&oid=382&aid=0000814607
김옥빈,코로나 여파로 대중문화계 ‘언택트·온라인 소통’ 새 흐름 부상,연예,46,2020,04,22,18:31,406,405,0,1,0,0,0,0,0,0,0,https://news.naver.com/main/read.nhn?mode=LSD&mid=sec&sid1=106&oid=082&aid=0000997800
김옥빈,[대한민국 스포츠 100년](21)제1회 전국체육대회(하),스포츠,48,2020,05,04,07:24,2,2,0,0,0,0,0,0,0,0,0,http://sports.news.naver.com/kbaseball/news/read.nhn?oid=425&aid=0000105443
김옥빈,"'악녀' 정병길 감독, 美3대 에이전시와 계약...할리우드 진출 예고",연예,48,2020,05,06,13:35,4,4,0,0,0,0,0,0,0,0,0,https://news.naver.com/main/read.nhn?mode=LSD&mid=sec&sid1=106&oid=052&aid=0001436574
김옥빈,'악녀' 정병길 할리우드 진출…美 3대 에이전시와 계약,연예,48,2020,05,05,17:52,1,1,0,0,0,0,0,0,0,0,0,https://news.naver.com/main/read.nhn?mode=LSD&mid=sec&sid1=106&oid=015&aid=0004334985
김옥빈,"'악녀' 정병길 감독, 美 CAA 손잡았다..할리우드 활동",연예,48,2020,05,05,15:38,4,4,0,0,0,0,0,0,0,0,0,https://news.naver.com/main/read.nhn?mode=LSD&mid=sec&sid1=106&oid=108&aid=0002860669
김옥빈,"정병길 할리우드 진출, 美 3대 에이전시 CAA와 계약 체결",연예,48,2020,05,05,15:58,7,7,0,0,0,0,0,0,0,0,0,https://news.naver.com/main/read.nhn?mode=LSD&mid=sec&sid1=106&oid=057&aid=0001451174
김옥빈,[단독] ‘할리우드 진출’ 정병길 감독 “폼 클레멘티에프와 ‘악녀’ 미드 작업 중” (인터뷰),연예,48,2020,05,05,13:44,51,51,0,0,0,0,0,0,0,0,0,https://news.naver.com/main/read.nhn?mode=LSD&mid=sec&sid1=106&oid=469&aid=0000493393
김옥빈,“기생충 성공으로 배웠다” 한국감독들 할리우드 출사표[무비와치],연예,49,2020,05,12,10:44,17,17,0,0,0,0,0,0,0,0,0,https://news.naver.com/main/read.nhn?mode=LSD&mid=sec&sid1=106&oid=609&aid=0000276384
김옥빈,"순천 연향파출소, 순찰활동 중 알게된 독거노인에 위문품",사회,50,2020,05,19,16:49,2,1,1,0,0,0,0,0,0,0,0,https://news.naver.com/main/read.nhn?mode=LSD&mid=sec&sid1=102&oid=421&aid=0004646481
