김희원,"류승룡X오나라X김희원 ‘입술은 안돼요’, 4일 촬영 돌입",연예,0,2019,06,05,9:18,3,3,0,0,0,0,0,0,0,0,0,https://news.naver.com/main/read.nhn?mode=LSD&mid=sec&sid1=106&oid=312&aid=0000391485
김희원,무안국제공항 '항공특화산단' 지정 확정,경제,0,2019,06,07,7:50,8,5,1,0,2,0,0,0,0,0,0,https://news.naver.com/main/read.nhn?mode=LSD&mid=sec&sid1=101&oid=001&aid=0010873766
김희원,"[19주말리그] ‘후반 폭발’ 춘천여고, 주말리그 첫 승 신고 (2일 여중·여고 D조 종합)",스포츠,0,2019,06,02,19:49,2,2,0,0,0,0,0,0,0,0,0,http://sports.news.naver.com/basketball/news/read.nhn?oid=065&aid=0000183100
김희원,무안국제공항 '항공특화산단' 지정 확정,사회,0,2019,06,06,14:53,7,6,0,0,1,0,0,0,0,0,0,https://news.naver.com/main/read.nhn?mode=LSD&mid=sec&sid1=102&oid=014&aid=0004240789
김희원,"[19주말리그] 홈 코트의 수원여고, 온양여고 제압 (중부,강원 권역 종합)",스포츠,0,2019,06,08,23:47,1,0,0,1,0,0,0,0,0,0,0,http://sports.news.naver.com/basketball/news/read.nhn?oid=065&aid=0000183344
김희원,"'입술은 안돼요' 류승룡X오나라X김희원X이유영, 4일 크랭크인",연예,0,2019,06,05,8:57,3,3,0,0,0,0,0,0,0,0,0,https://news.naver.com/main/read.nhn?mode=LSD&mid=sec&sid1=106&oid=117&aid=0003226183
김희원,무안국제공항 '항공특화산단' 지정 확정,사회,0,2019,06,06,13:24,4,2,1,0,1,0,0,0,0,0,0,https://news.naver.com/main/read.nhn?mode=LSD&mid=sec&sid1=102&oid=079&aid=0003235499
김희원,정비·물류·운항 '원스톱 서비스'…무안에 항공특화産團 들어선다,사회,1,2019,06,10,17:31,1,1,0,0,0,0,0,0,0,0,0,https://news.naver.com/main/read.nhn?mode=LSD&mid=sec&sid1=102&oid=015&aid=0004156327
김희원,"아스트, '파리 에어쇼 2019' 참가",경제,2,2019,06,20,14:22,4,4,0,0,0,0,0,0,0,0,0,https://news.naver.com/main/read.nhn?mode=LSD&mid=sec&sid1=101&oid=014&aid=0004248325
김희원,"'보좌관' 김갑수, 이정재와 신뢰 붕괴 ""지역구에 잠깐 내려가 있어라"" [Oh!쎈 리뷰]",연예,2,2019,06,22,23:45,8,7,0,1,0,0,0,0,0,0,0,https://news.naver.com/main/read.nhn?mode=LSD&mid=sec&sid1=106&oid=109&aid=0004035170
김희원,"[럭비] “아직 한 경기 남았다” 한국 럭비, 마지막 한발을 명중할 수 있을까",스포츠,2,2019,06,21,18:02,9,9,0,0,0,0,0,0,0,0,0,http://sports.news.naver.com/general/news/read.nhn?oid=570&aid=0000000928
김희원,"""붉은수돗물 나온 학교 특별교부금 긴급 지원""",사회,2,2019,06,16,18:38,11,0,0,0,11,0,0,0,0,0,0,https://news.naver.com/main/read.nhn?mode=LSD&mid=sec&sid1=102&oid=011&aid=0003570784
김희원,"'동상이몽2' 추자현♥우효광, 100회 맞이 '레전드 부부의 귀환' [종합]",연예,3,2019,06,25,12:43,7,7,0,0,0,0,0,0,0,0,0,https://news.naver.com/main/read.nhn?mode=LSD&mid=sec&sid1=106&oid=311&aid=0001009170
김희원,"100회 특집 '동상이몽' 추자현♥우효광, 눈물의 결혼식 리허설[종합]",연예,3,2019,06,25,12:52,224,218,0,6,0,0,0,0,0,0,0,https://news.naver.com/main/read.nhn?mode=LSD&mid=sec&sid1=106&oid=076&aid=0003433205
김희원,"‘동상이몽2’ 윤상현♥메이비, ‘가족송’ 제작한다 “아이들 위해”",연예,3,2019,06,23,14:19,5,5,0,0,0,0,0,0,0,0,0,https://news.naver.com/main/read.nhn?mode=LSD&mid=sec&sid1=106&oid=382&aid=0000740862
김희원,"'동상이몽2' 윤상현♥메이비, 아이들 위한 '가족송' 만들기 도전",연예,3,2019,06,24,7:06,2,2,0,0,0,0,0,0,0,0,0,https://news.naver.com/main/read.nhn?mode=LSD&mid=sec&sid1=106&oid=011&aid=0003574516
김희원,송강호에 뒤지지 않았던 카리스마... '엄태구 시대' 열리나,연예,3,2019,06,28,16:24,54,54,0,0,0,0,0,0,0,0,0,https://news.naver.com/main/read.nhn?mode=LSD&mid=sec&sid1=106&oid=047&aid=0002231803
김희원,"'동상이몽' 100회 특집, '추우부부' 효과…올해 최고 시청률 경신",연예,3,2019,06,25,8:54,3,3,0,0,0,0,0,0,0,0,0,https://news.naver.com/main/read.nhn?mode=LSD&mid=sec&sid1=106&oid=468&aid=0000524797
김희원,추자현 아들 공개 '동상이몽2' 큰 관심…올해 최고 시청률,연예,3,2019,06,25,9:30,4,4,0,0,0,0,0,0,0,0,0,https://news.naver.com/main/read.nhn?mode=LSD&mid=sec&sid1=106&oid=215&aid=0000786253
김희원,"""추자현♥우효광 컴백 효과 톡톡""…'동상이몽2' 올해 최고 시청률",연예,3,2019,06,25,9:07,8,8,0,0,0,0,0,0,0,0,0,https://news.naver.com/main/read.nhn?mode=LSD&mid=sec&sid1=106&oid=416&aid=0000245344
김희원,"'동상이몽2' 추자현♥우효광, 1년 3개월만의 컴백…눈물의 결혼식 예고",연예,3,2019,06,25,8:36,115,113,0,2,0,0,0,0,0,0,0,https://news.naver.com/main/read.nhn?mode=LSD&mid=sec&sid1=106&oid=076&aid=0003433238
김희원,"'동상이몽' 추자현♥우효광, 8년 기다린 결혼식…리허설부터 '눈물바다'[SC리뷰]",연예,3,2019,06,25,6:51,4,4,0,0,0,0,0,0,0,0,0,https://news.naver.com/main/read.nhn?mode=LSD&mid=sec&sid1=106&oid=076&aid=0003433209
김희원,"'동상이몽2' 윤상현♥메이비, '가족송' 제작 중 '표절 의혹'",연예,3,2019,06,23,16:20,6,6,0,0,0,0,0,0,0,0,0,https://news.naver.com/main/read.nhn?mode=LSD&mid=sec&sid1=106&oid=076&aid=0003432679
김희원,"'동상이몽2' 윤상현♥메이비, 가족송 제작 중 표절 의혹 ""들어본 멜로디다""",연예,3,2019,06,23,14:14,9,9,0,0,0,0,0,0,0,0,0,https://news.naver.com/main/read.nhn?mode=LSD&mid=sec&sid1=106&oid=312&aid=0000394551
김희원,'너는 내 운명' 윤상현♥메이비 가족송 만들기 도전,연예,3,2019,06,23,14:54,3,3,0,0,0,0,0,0,0,0,0,https://news.naver.com/main/read.nhn?mode=LSD&mid=sec&sid1=106&oid=311&aid=0001008637
김희원,'동상이몽2' 윤상현♥메이비 가족송 만들다 표절 논란[TV@픽],연예,3,2019,06,23,14:19,2,2,0,0,0,0,0,0,0,0,0,https://news.naver.com/main/read.nhn?mode=LSD&mid=sec&sid1=106&oid=213&aid=0001113779
김희원,"“다 들어본 것 같아”…‘동상이몽2’ 윤상현♥메이비, 아이들 위한 ‘가족송’ 만들기 도전!",연예,3,2019,06,24,12:00,3,2,0,1,0,0,0,0,0,0,0,https://news.naver.com/main/read.nhn?mode=LSD&mid=sec&sid1=106&oid=144&aid=0000617291
김희원,美 디즈니 사상 최고가…韓 콘텐츠주는 시름시름,경제,4,2019,07,04,6:02,47,17,8,0,19,3,0,0,0,0,0,https://news.naver.com/main/read.nhn?mode=LSD&mid=sec&sid1=101&oid=366&aid=0000437872
김희원,"[종합]""대화 통하는 친구""..'가요광장' 성동일X정은지, 나이 차 뛰어넘은 우정",연예,4,2019,07,04,13:57,18,18,0,0,0,0,0,0,0,0,0,https://news.naver.com/main/read.nhn?mode=LSD&mid=sec&sid1=106&oid=112&aid=0003184004
김희원,[대화의 희열] 연기 왕 송강호도 놀란 이정은의 사투리 디테일 “한달반 동안 매일 연습”,연예,4,2019,06,30,9:15,7,7,0,0,0,0,0,0,0,0,0,https://news.naver.com/main/read.nhn?mode=LSD&mid=sec&sid1=106&oid=438&aid=0000024995
김희원,"'대화의 희열2' 이정은, 무명배우→'기생충' 대세가 되기까지[종합]",연예,4,2019,06,30,12:27,51,51,0,0,0,0,0,0,0,0,0,https://news.naver.com/main/read.nhn?mode=LSD&mid=sec&sid1=106&oid=109&aid=0004040077
김희원,"[대화의 희열] 이정은이 후배에 전한 한 마디 “잘난 건 타고나는 거지만, 잘 사는 건 너 하기 나름”",연예,4,2019,06,30,9:26,26,26,0,0,0,0,0,0,0,0,0,https://news.naver.com/main/read.nhn?mode=LSD&mid=sec&sid1=106&oid=438&aid=0000024996
김희원,"개그우먼 김희원, 임신 근황 ""예비맘, 어느새 7개월""",연예,5,2019,07,09,11:48,14,13,0,1,0,0,0,0,0,0,0,https://news.naver.com/main/read.nhn?mode=LSD&mid=sec&sid1=106&oid=108&aid=0002795726
김희원,"김선아, 드라마 PD에 커피차 선물 받았다 “행복한 하루”",연예,5,2019,07,12,16:13,26,26,0,0,0,0,0,0,0,0,0,https://news.naver.com/main/read.nhn?mode=LSD&mid=sec&sid1=106&oid=213&aid=0001118544
김희원,"'임금님의 사건수첩', 임금X신입사관의 유쾌한 조선판 과학수사",연예,5,2019,07,09,16:15,5,5,0,0,0,0,0,0,0,0,0,https://news.naver.com/main/read.nhn?mode=LSD&mid=sec&sid1=106&oid=311&aid=0001015879
김희원,"개그우먼 김희원, 아름다운 D라인 공개 ""복숭아 왜 이리 먹고싶니""",연예,5,2019,07,09,7:29,4,4,0,0,0,0,0,0,0,0,0,https://news.naver.com/main/read.nhn?mode=LSD&mid=sec&sid1=106&oid=112&aid=0003185792
김희원,"“임신 7개월” 김희원, 아름다운 D라인 ‘보기만 해도 행복’[SNS★컷]",연예,5,2019,07,09,11:23,1,1,0,0,0,0,0,0,0,0,0,https://news.naver.com/main/read.nhn?mode=LSD&mid=sec&sid1=106&oid=609&aid=0000136577
김희원,"김선아, 스타 PD 커피차 선물 인증샷 “어느 날의 감동…너무나 행복한 하루”",연예,5,2019,07,12,14:36,8,8,0,0,0,0,0,0,0,0,0,https://news.naver.com/main/read.nhn?mode=LSD&mid=sec&sid1=106&oid=144&aid=0000620654
김희원,"여진구 ""《호텔 델루나》는 비밀스러운 세상 알아가는 작품""",,6,2019,07,20,15:01,25,16,9,0,0,0,0,0,0,0,0,https://news.naver.com/main/read.nhn?mode=LSD&mid=sec&sid1=004&oid=586&aid=0000007717
김희원,"“언니도 쭉쭉쭉” 오나라, 염정아 커피차 선물에 ‘애교 폭발’ [EN스타]",연예,6,2019,07,18,11:36,10,10,0,0,0,0,0,0,0,0,0,https://news.naver.com/main/read.nhn?mode=LSD&mid=sec&sid1=106&oid=081&aid=0003015048
김희원,"오나라, 팬 커피차 선물에 뿌듯한 미소 ""적절한 타이밍, 잘 먹었습니다""",연예,6,2019,07,16,22:59,5,5,0,0,0,0,0,0,0,0,0,https://news.naver.com/main/read.nhn?mode=LSD&mid=sec&sid1=106&oid=241&aid=0002938142
김희원,"거리서 나눠주는 전단지…""나도 모르게 인상을 찌푸렸다""",사회,6,2019,07,14,24:47,23,1,0,2,20,0,0,0,0,0,0,https://news.naver.com/main/read.nhn?mode=LSD&mid=sec&sid1=102&oid=008&aid=0004247917
김희원,"[74종별] 봉의중, 온양여중 추격 따돌리고 B조 1위 (25일 여중부 종합)",스포츠,7,2019,07,25,17:06,4,4,0,0,0,0,0,0,0,0,0,http://sports.news.naver.com/basketball/news/read.nhn?oid=065&aid=0000185250
김희원,"상산고, 자사고로 남는다...'전북교육청 판단' 뒤집어",사회,7,2019,07,26,17:34,9,3,0,0,6,0,0,0,0,0,0,https://news.naver.com/main/read.nhn?mode=LSD&mid=sec&sid1=102&oid=011&aid=0003593616
김희원,"[이사람]""특성화고요?...AI·로봇시대 이끌 미래인재의 텃밭이죠""",사회,7,2019,07,26,17:34,2,2,0,0,0,0,0,0,0,0,0,https://news.naver.com/main/read.nhn?mode=LSD&mid=sec&sid1=102&oid=011&aid=0003593617
김희원,[동십자각]학교에서 입시 공부를 할 권리,오피니언,7,2019,07,25,16:55,35,28,0,2,3,2,0,0,0,0,0,https://news.naver.com/main/read.nhn?mode=LSD&mid=sec&sid1=110&oid=011&aid=0003592855
김희원,전국대학 중 절반이 기초과학 학과 없다,경제,7,2019,07,22,17:44,4,0,0,3,0,1,0,0,0,0,0,https://news.naver.com/main/read.nhn?mode=LSD&mid=sec&sid1=101&oid=011&aid=0003590607
김희원,"[인터뷰] 민지은 작가 “꿈 같은 검법남녀 대박, 법의관 남편 도움 컸죠”",연예,8,2019,07,30,6:57,4,4,0,0,0,0,0,0,0,0,0,https://news.naver.com/main/read.nhn?mode=LSD&mid=sec&sid1=106&oid=382&aid=0000750422
김희원,성동일x하지원x김희원 '담보' 크랭크업…올해 하반기 개봉 예정,연예,9,2019,08,08,8:15,6,6,0,0,0,0,0,0,0,0,0,https://news.naver.com/main/read.nhn?mode=LSD&mid=sec&sid1=106&oid=421&aid=0004135200
김희원,"김희원, 임산부가 더위 먹은 이유..""차 에어컨 고장 실화야?""",연예,9,2019,08,05,11:38,7,7,0,0,0,0,0,0,0,0,0,https://news.naver.com/main/read.nhn?mode=LSD&mid=sec&sid1=106&oid=112&aid=0003196366
김희원,"‘담보’ 크랭크업, 성동일·하지원·김희원·박소이 ‘연기파 배우 총출동’",연예,9,2019,08,08,15:46,8,8,0,0,0,0,0,0,0,0,0,https://news.naver.com/main/read.nhn?mode=LSD&mid=sec&sid1=106&oid=081&aid=0003020153
김희원,"'담보' 성동일X하지원X김희원X박소이, 연기파 배우들이 빚은 휴먼 코미디",연예,9,2019,08,08,8:23,2,2,0,0,0,0,0,0,0,0,0,https://news.naver.com/main/read.nhn?mode=LSD&mid=sec&sid1=106&oid=011&aid=0003600080
김희원,"성동일·하지원·김희원 '담보' 크랭크업…""마음 따뜻하게 만들 영화""",연예,9,2019,08,08,9:25,6,6,0,0,0,0,0,0,0,0,0,https://news.naver.com/main/read.nhn?mode=LSD&mid=sec&sid1=106&oid=311&aid=0001029822
김희원,"성동일X하지원X김희원X김윤진, K필름 신작 '담보' 크랭크업[공식]",연예,9,2019,08,08,8:12,8,8,0,0,0,0,0,0,0,0,0,https://news.naver.com/main/read.nhn?mode=LSD&mid=sec&sid1=106&oid=109&aid=0004063963
김희원,"하지원 주연 <담보>, 7월 31일 크랭크업 外",연예,10,2019,08,16,11:15,16,16,0,0,0,0,0,0,0,0,0,https://news.naver.com/main/read.nhn?mode=LSD&mid=sec&sid1=106&oid=140&aid=0000040646
김희원,하지원X성동일 '담보' 크랭크업..올해 하반기 개봉,연예,10,2019,08,16,11:25,9,9,0,0,0,0,0,0,0,0,0,https://news.naver.com/main/read.nhn?mode=LSD&mid=sec&sid1=106&oid=108&aid=0002804327
김희원,"순수한 미소부터 살벌한 카리스마까지, 대세 배우 진선규에 대해",연예,10,2019,08,17,24:15,5,5,0,0,0,0,0,0,0,0,0,https://news.naver.com/main/read.nhn?mode=LSD&mid=sec&sid1=106&oid=140&aid=0000040651
김희원,"[인터뷰①] '변신' 성동일 ""코믹 이미지 지웠지만 걱정은 없다""",연예,10,2019,08,13,11:59,1,1,0,0,0,0,0,0,0,0,0,https://news.naver.com/main/read.nhn?mode=LSD&mid=sec&sid1=106&oid=241&aid=0002947427
김희원,"“알고보면 귀여운 남자” 오나라, 김희원과 깜짝 티타임[SNS★컷]",연예,11,2019,08,22,21:59,22,22,0,0,0,0,0,0,0,0,0,https://news.naver.com/main/read.nhn?mode=LSD&mid=sec&sid1=106&oid=609&aid=0000159449
김희원,'눈으로만 봐주세요' 금호미술관 바우하우스 디자인 컬렉션,생활,11,2019,08,20,14:54,3,3,0,0,0,0,0,0,0,0,0,https://news.naver.com/main/read.nhn?mode=LSD&mid=sec&sid1=103&oid=003&aid=0009408412
김희원,[N초점]② '타짜3'→'남산의 부장들'…추석부터 연말까지 영화 라인업,연예,11,2019,08,24,8:00,29,27,0,2,0,0,0,0,0,0,0,https://news.naver.com/main/read.nhn?mode=LSD&mid=sec&sid1=106&oid=421&aid=0004160618
김희원,"류승룡, 이동휘X공명 커피차 선물 인증 ""이것은 가족인가 동료인가""",연예,12,2019,08,27,24:55,5,5,0,0,0,0,0,0,0,0,0,https://news.naver.com/main/read.nhn?mode=LSD&mid=sec&sid1=106&oid=241&aid=0002952287
김희원,"오나라 ‘입술은 안돼요’ 크랭크업, 감독 조은지와 뜨거운 포옹[SNS★컷]",연예,12,2019,08,29,20:55,5,4,0,1,0,0,0,0,0,0,0,https://news.naver.com/main/read.nhn?mode=LSD&mid=sec&sid1=106&oid=609&aid=0000163127
김희원,"허민·김희원·오나미·박소영·조승희, 대표 '미녀 개그우먼' 모임 [★SHOT!]",연예,13,2019,09,07,10:50,4,4,0,0,0,0,0,0,0,0,0,https://news.naver.com/main/read.nhn?mode=LSD&mid=sec&sid1=106&oid=109&aid=0004082016
김희원,"김희원 ""팬들이 부르는 애칭 '희애기', 좋은데 민망해"" (씨네타운)",연예,13,2019,09,02,11:41,10,10,0,0,0,0,0,0,0,0,0,https://news.naver.com/main/read.nhn?mode=LSD&mid=sec&sid1=106&oid=241&aid=0002954288
김희원,"[종합]'씨네타운' 엄태구X혜리X김희원, 신명 가득 흥 토크(ft.'판소리 복서')",연예,13,2019,09,02,11:54,10,10,0,0,0,0,0,0,0,0,0,https://news.naver.com/main/read.nhn?mode=LSD&mid=sec&sid1=106&oid=112&aid=0003207488
김희원,엄태구X이혜리X김희원 '판소리 복서'...개봉 전부터 릴레이 호평,연예,13,2019,09,04,9:45,2,2,0,0,0,0,0,0,0,0,0,https://news.naver.com/main/read.nhn?mode=LSD&mid=sec&sid1=106&oid=312&aid=0000407832
김희원,‘판소리 복싱’에 도전하는 엄태구와 이혜리·김희원 신선한 케미!,연예,13,2019,09,02,9:03,8,8,0,0,0,0,0,0,0,0,0,https://news.naver.com/main/read.nhn?mode=LSD&mid=sec&sid1=106&oid=005&aid=0001234961
김희원,"'씨네타운' 김희원 ""이정은, 아파도 병원 못가는 모습에 속상…굉장히 훌륭한 사람""",연예,13,2019,09,02,11:55,6,6,0,0,0,0,0,0,0,0,0,https://news.naver.com/main/read.nhn?mode=LSD&mid=sec&sid1=106&oid=117&aid=0003268708
김희원,"'씨네타운' 김희원 ""'희애기' 별칭, 안 어울리는 거 같아…민망해""",연예,13,2019,09,02,11:18,6,6,0,0,0,0,0,0,0,0,0,https://news.naver.com/main/read.nhn?mode=LSD&mid=sec&sid1=106&oid=112&aid=0003207469
김희원,"'씨네타운' 김희원 ""'희애기'라는 별명…좋은데 민망하다""",연예,13,2019,09,02,11:29,2,2,0,0,0,0,0,0,0,0,0,https://news.naver.com/main/read.nhn?mode=LSD&mid=sec&sid1=106&oid=311&aid=0001040758
김희원,"'씨네타운' 김희원 ""팬들이 '아기'라고 불러…나와 너무 안 어울려 민망해""",연예,13,2019,09,02,11:28,2,2,0,0,0,0,0,0,0,0,0,https://news.naver.com/main/read.nhn?mode=LSD&mid=sec&sid1=106&oid=117&aid=0003268700
김희원,"엄태구X혜리X김희원, '씨네타운' 인증샷 ""알면 알수록 궁금한 '판소리 복서'""",연예,13,2019,09,02,16:53,8,8,0,0,0,0,0,0,0,0,0,https://news.naver.com/main/read.nhn?mode=LSD&mid=sec&sid1=106&oid=241&aid=0002954360
김희원,"""굉장히 신박해""…'씨네타운' 엄태구·이혜리·김희원, 흥 가득한 '판소리 복서' 케미 [종합]",연예,13,2019,09,02,24:04,16,16,0,0,0,0,0,0,0,0,0,https://news.naver.com/main/read.nhn?mode=LSD&mid=sec&sid1=106&oid=117&aid=0003268713
김희원,"'판소리 복서' 엄태구X이혜리X김희원, 오늘(2일) '씨네타운' 출연",연예,13,2019,09,02,10:35,1,1,0,0,0,0,0,0,0,0,0,https://news.naver.com/main/read.nhn?mode=LSD&mid=sec&sid1=106&oid=312&aid=0000407482
김희원,"엄태구X이혜리X김희원 `판소리 복서`, 예사롭지 않은 입소문",연예,13,2019,09,04,17:31,18,18,0,0,0,0,0,0,0,0,0,https://news.naver.com/main/read.nhn?mode=LSD&mid=sec&sid1=106&oid=009&aid=0004422248
김희원,제20회 전주국제영화제를 휩쓴 최고의 화제작 ‘판소리 복서’,연예,13,2019,09,04,9:53,10,10,0,0,0,0,0,0,0,0,0,https://news.naver.com/main/read.nhn?mode=LSD&mid=sec&sid1=106&oid=005&aid=0001235926
김희원,"엄태구X이혜리X김희원 '판소리 복서', 10월 개봉...“스텝을 밟아라”",연예,13,2019,09,02,10:05,2,2,0,0,0,0,0,0,0,0,0,https://news.naver.com/main/read.nhn?mode=LSD&mid=sec&sid1=106&oid=312&aid=0000407470
김희원,"'판소리 복서' 김희원 ""1년 4개월 만의 개봉..굉장히 설레""(V라이브)",연예,13,2019,09,02,14:16,8,7,0,1,0,0,0,0,0,0,0,https://news.naver.com/main/read.nhn?mode=LSD&mid=sec&sid1=106&oid=112&aid=0003207525
김희원,엄태구X이혜리X김희원 '판소리 복서' 10월 개봉…티저포스터 공개,연예,13,2019,09,02,20:26,14,14,0,0,0,0,0,0,0,0,0,https://news.naver.com/main/read.nhn?mode=LSD&mid=sec&sid1=106&oid=112&aid=0003207696
김희원,"'씨네타운' 김희원 ""이정은, 돈에 욕심 없어…굉장히 훌륭하신 분""",연예,13,2019,09,02,11:52,1,1,0,0,0,0,0,0,0,0,0,https://news.naver.com/main/read.nhn?mode=LSD&mid=sec&sid1=106&oid=112&aid=0003207487
김희원,"'판소리 복서' 엄태구X이혜리X김희원, 시너지 스틸 공개…찰떡 케미 예고",연예,14,2019,09,09,10:59,4,4,0,0,0,0,0,0,0,0,0,https://news.naver.com/main/read.nhn?mode=LSD&mid=sec&sid1=106&oid=468&aid=0000560032
김희원,"지식인 664명 기후위기 선언...""한국, 기후악당 불명예""",사회,14,2019,09,10,10:56,19,16,0,0,1,2,0,0,0,0,0,https://news.naver.com/main/read.nhn?mode=LSD&mid=sec&sid1=102&oid=002&aid=0002103221
김희원,"'판소리 복서' 이혜리, 사랑스러움의 끝판왕 '민지'역..싱크로율 100%",연예,14,2019,09,11,17:22,9,9,0,0,0,0,0,0,0,0,0,https://news.naver.com/main/read.nhn?mode=LSD&mid=sec&sid1=106&oid=011&aid=0003617900
김희원,"이혜리, 착붙 캐릭터 ‘민지’로 돌아온다",연예,14,2019,09,10,8:51,4,4,0,0,0,0,0,0,0,0,0,https://news.naver.com/main/read.nhn?mode=LSD&mid=sec&sid1=106&oid=005&aid=0001238043
김희원,"‘판소리 복서’ 이혜리, 사랑스러움 자체 ‘무한 긍정 에너지 발산’",연예,14,2019,09,10,24:01,4,4,0,0,0,0,0,0,0,0,0,https://news.naver.com/main/read.nhn?mode=LSD&mid=sec&sid1=106&oid=081&aid=0003027917
김희원,"'판소리 복서' 이혜리, 사랑스러움의 끝판왕",연예,14,2019,09,10,13:00,16,16,0,0,0,0,0,0,0,0,0,https://news.naver.com/main/read.nhn?mode=LSD&mid=sec&sid1=106&oid=108&aid=0002809445
김희원,"‘판소리 복서’ 엄태구·이혜리·김희원, 찰떡 케미 스틸 공개",연예,14,2019,09,09,8:53,5,5,0,0,0,0,0,0,0,0,0,https://news.naver.com/main/read.nhn?mode=LSD&mid=sec&sid1=106&oid=382&aid=0000760175
김희원,"'판소리 복서' 스틸…엄태구·이혜리·김희원, 신선한 시너지",연예,14,2019,09,09,11:45,14,14,0,0,0,0,0,0,0,0,0,https://news.naver.com/main/read.nhn?mode=LSD&mid=sec&sid1=106&oid=311&aid=0001043749
김희원,"'판소리 복서' 엄태구X이혜리X김희원, 꿀바른 찰떡 케미",연예,14,2019,09,09,18:00,9,9,0,0,0,0,0,0,0,0,0,https://news.naver.com/main/read.nhn?mode=LSD&mid=sec&sid1=106&oid=108&aid=0002809306
김희원,"'판소리 복서' 무빙 포스터…엄태구, 흥과 에너지로 전하는 판소리 복싱",연예,14,2019,09,11,9:42,2,2,0,0,0,0,0,0,0,0,0,https://news.naver.com/main/read.nhn?mode=LSD&mid=sec&sid1=106&oid=311&aid=0001044586
김희원,"'판소리 복서' 김희원, 엄태구 잡는 '박관장'으로 완벽한 연기 변신",연예,15,2019,09,18,9:45,3,3,0,0,0,0,0,0,0,0,0,https://news.naver.com/main/read.nhn?mode=LSD&mid=sec&sid1=106&oid=011&aid=0003620247
김희원,[공식] 류승룡X오나라X김희원 뭉친 '입술은 안돼요' 크랭크업..신선도 100%,연예,15,2019,09,18,8:44,3,3,0,0,0,0,0,0,0,0,0,https://news.naver.com/main/read.nhn?mode=LSD&mid=sec&sid1=106&oid=076&aid=0003469126
김희원,"‘판소리 복서’ 센 캐릭터 버린 김희원, 확 달라졌다",연예,15,2019,09,17,8:38,4,4,0,0,0,0,0,0,0,0,0,https://news.naver.com/main/read.nhn?mode=LSD&mid=sec&sid1=106&oid=609&aid=0000171755
김희원,'입술은 안돼요'(가제) 입술에 착 감기는 영화가 온다..전격 크랭크업,연예,15,2019,09,19,1:20,2,2,0,0,0,0,0,0,0,0,0,https://news.naver.com/main/read.nhn?mode=LSD&mid=sec&sid1=106&oid=011&aid=0003620752
김희원,"'판소리 복서' 링 위에서 '흥'이 난다, 메인 예고편 최초 공개",연예,15,2019,09,19,1:00,1,1,0,0,0,0,0,0,0,0,0,https://news.naver.com/main/read.nhn?mode=LSD&mid=sec&sid1=106&oid=011&aid=0003620743
김희원,‘판소리 복서‘ 링 위에서 흥이 난다? 취향저격 영화 예고,연예,15,2019,09,18,15:03,2,2,0,0,0,0,0,0,0,0,0,https://news.naver.com/main/read.nhn?mode=LSD&mid=sec&sid1=106&oid=382&aid=0000761991
김희원,입술에 착 감기는 영화 ‘입술은 안돼요’ 크랭크업,연예,15,2019,09,18,8:47,1,1,0,0,0,0,0,0,0,0,0,https://news.naver.com/main/read.nhn?mode=LSD&mid=sec&sid1=106&oid=005&aid=0001240241
김희원,"조은지 연출작 `입술은 안돼요`, 크랭크업…류승룡X오나라X김희원 특급 라인업",연예,15,2019,09,18,8:49,6,6,0,0,0,0,0,0,0,0,0,https://news.naver.com/main/read.nhn?mode=LSD&mid=sec&sid1=106&oid=009&aid=0004428965
김희원,‘극한직업’→‘입술은 안돼요’ 류승룡표 말맛 코미디 재가동,연예,15,2019,09,18,13:05,18,18,0,0,0,0,0,0,0,0,0,https://news.naver.com/main/read.nhn?mode=LSD&mid=sec&sid1=106&oid=005&aid=0001240331
김희원,'판소리 복서' 엄태구 잡는 김희원..최고의 신스틸러,연예,15,2019,09,17,8:31,5,5,0,0,0,0,0,0,0,0,0,https://news.naver.com/main/read.nhn?mode=LSD&mid=sec&sid1=106&oid=108&aid=0002810627
김희원,"'판소리 복서' 따뜻한 김희원 어떨까, 180도 다른 연기 변신",연예,15,2019,09,17,10:24,4,4,0,0,0,0,0,0,0,0,0,https://news.naver.com/main/read.nhn?mode=LSD&mid=sec&sid1=106&oid=311&aid=0001046591
김희원,"‘판소리 복서’ 최준영x이설x최덕문 그리고 강아지 ‘삐삐’, 씬스틸러들의 대활약",연예,15,2019,09,19,10:34,1,1,0,0,0,0,0,0,0,0,0,https://news.naver.com/main/read.nhn?mode=LSD&mid=sec&sid1=106&oid=382&aid=0000762238
김희원,엄태구·이혜리 '판소리 복서' 메인 예고편…장구와 복싱의 흥 넘치는 조화,연예,15,2019,09,19,8:00,3,3,0,0,0,0,0,0,0,0,0,https://news.naver.com/main/read.nhn?mode=LSD&mid=sec&sid1=106&oid=311&aid=0001047633
김희원,'판소리 복서' 씬스틸러 스틸 공개...판소리 복싱의 탄생을 지켜본 문제의 인물들,연예,15,2019,09,20,2:41,5,5,0,0,0,0,0,0,0,0,0,https://news.naver.com/main/read.nhn?mode=LSD&mid=sec&sid1=106&oid=011&aid=0003621478
김희원,"'판소리복서' 최준영·이설·최덕문, 시선 강탈 신스틸러 활약 예고",연예,15,2019,09,20,10:37,6,6,0,0,0,0,0,0,0,0,0,https://news.naver.com/main/read.nhn?mode=LSD&mid=sec&sid1=106&oid=311&aid=0001048405
김희원,[신팔도유람] 2019 광주디자인비엔날레,오피니언,15,2019,09,18,18:00,1,1,0,0,0,0,0,0,0,0,0,https://news.naver.com/main/read.nhn?mode=LSD&mid=sec&sid1=110&oid=088&aid=0000612408
김희원,"용산공고 졸업생 이영씨, 모교에 1억1000만원 쾌척",사회,15,2019,09,17,6:01,2,2,0,0,0,0,0,0,0,0,0,https://news.naver.com/main/read.nhn?mode=LSD&mid=sec&sid1=102&oid=018&aid=0004469073
김희원,"서울 용산공고, 50년 전 졸업생이 장학금 1억1000만원 기탁",사회,15,2019,09,17,6:00,1,1,0,0,0,0,0,0,0,0,0,https://news.naver.com/main/read.nhn?mode=LSD&mid=sec&sid1=102&oid=277&aid=0004536967
김희원,"용산공고 졸업 재미교포 사업가, 모교에 장학금 10만달러 쾌척",사회,15,2019,09,17,7:49,1,1,0,0,0,0,0,0,0,0,0,https://news.naver.com/main/read.nhn?mode=LSD&mid=sec&sid1=102&oid=016&aid=0001579737
김희원,"재미동포 사업가, 꿈 키워준 모교에 10만달러",사회,15,2019,09,17,15:40,4,3,1,0,0,0,0,0,0,0,0,https://news.naver.com/main/read.nhn?mode=LSD&mid=sec&sid1=102&oid=469&aid=0000422802
김희원,"'신의 한 수: 귀수편' 권상우X김희원X김성균 등, 만찢 6人6色 캐릭터",연예,16,2019,09,26,8:25,3,3,0,0,0,0,0,0,0,0,0,https://news.naver.com/main/read.nhn?mode=LSD&mid=sec&sid1=106&oid=112&aid=0003216126
김희원,엄태구X이혜리X김희원 '판소리복서' 10월9일 개봉[공식],연예,16,2019,09,24,10:41,9,9,0,0,0,0,0,0,0,0,0,https://news.naver.com/main/read.nhn?mode=LSD&mid=sec&sid1=106&oid=241&aid=0002960206
김희원,"‘신의 한 수: 귀수편’ 권상우X김희원X김성균, 만화 찢고 나온 배우들",연예,16,2019,09,24,8:48,1,1,0,0,0,0,0,0,0,0,0,https://news.naver.com/main/read.nhn?mode=LSD&mid=sec&sid1=106&oid=469&aid=0000424767
김희원,'판소리 복서' 병구주먹 민지장단...귀를 의심케 하는 창작 판소리 OST 화제,연예,16,2019,09,26,2:56,2,2,0,0,0,0,0,0,0,0,0,https://news.naver.com/main/read.nhn?mode=LSD&mid=sec&sid1=106&oid=011&aid=0003624781
김희원,'판소리 복서' 영화 OST에 '장영규 표 창작 판소리' 선보여,연예,16,2019,09,28,11:02,4,4,0,0,0,0,0,0,0,0,0,https://news.naver.com/main/read.nhn?mode=LSD&mid=sec&sid1=106&oid=022&aid=0003401102
김희원,권상우X김희원X김성균 ‘귀수’ 만화 찢고 나온듯 강렬 비주얼,연예,16,2019,09,26,8:13,2,2,0,0,0,0,0,0,0,0,0,https://news.naver.com/main/read.nhn?mode=LSD&mid=sec&sid1=106&oid=609&aid=0000177008
김희원,"'신의 한 수:귀수편' 권상우→허성태, 만화 찢고 나온 캐릭터들",연예,16,2019,09,26,8:26,8,8,0,0,0,0,0,0,0,0,0,https://news.naver.com/main/read.nhn?mode=LSD&mid=sec&sid1=106&oid=241&aid=0002960987
김희원,'신의 한 수: 귀수편' 6인 6색 캐릭터가 온다…스크린 압도할 만찢남 열전,연예,16,2019,09,26,8:27,10,10,0,0,0,0,0,0,0,0,0,https://news.naver.com/main/read.nhn?mode=LSD&mid=sec&sid1=106&oid=468&aid=0000567650
김희원,‘판소리 복서’ 10월9일 개봉…엄태구·이혜리·김희원 코믹 스틸 공개,연예,16,2019,09,24,9:30,7,7,0,0,0,0,0,0,0,0,0,https://news.naver.com/main/read.nhn?mode=LSD&mid=sec&sid1=106&oid=382&aid=0000763318
김희원,"엄태구·이혜리·김희원 '판소리 복서', 10월 9일 개봉 확정…코믹 스틸 공개",연예,16,2019,09,24,11:31,3,3,0,0,0,0,0,0,0,0,0,https://news.naver.com/main/read.nhn?mode=LSD&mid=sec&sid1=106&oid=311&aid=0001049948
김희원,“평범함은 사치” 엄태구X이혜리X김희원 ‘판소리 복서’ 10월9일 개봉,연예,16,2019,09,24,10:59,2,2,0,0,0,0,0,0,0,0,0,https://news.naver.com/main/read.nhn?mode=LSD&mid=sec&sid1=106&oid=609&aid=0000175973
김희원,'신의 한수: 귀수편' 11월 개봉 확정…권상우→우도환 예고편 공개,연예,16,2019,09,24,8:26,12,12,0,0,0,0,0,0,0,0,0,https://news.naver.com/main/read.nhn?mode=LSD&mid=sec&sid1=106&oid=421&aid=0004210911
김희원,"[공식] '신의 한 수: 귀수편' 11월 개봉 확정, 1차 포스터&예고편 최초 공개",연예,16,2019,09,24,8:23,1,1,0,0,0,0,0,0,0,0,0,https://news.naver.com/main/read.nhn?mode=LSD&mid=sec&sid1=106&oid=011&aid=0003623291
김희원,"""선악을 넘나드는 배우""…김희원, '신의 한 수2'를 사로잡을 변신의 한 수",연예,17,2019,10,04,8:41,1,1,0,0,0,0,0,0,0,0,0,https://news.naver.com/main/read.nhn?mode=LSD&mid=sec&sid1=106&oid=076&aid=0003476700
김희원,[TEN PHOTO] 김희원 '관전바둑의 대가 똥선생',연예,17,2019,10,01,11:13,1,1,0,0,0,0,0,0,0,0,0,https://news.naver.com/main/read.nhn?mode=LSD&mid=sec&sid1=106&oid=312&aid=0000412455
김희원,"김희원, ""'판소리 복서'=코믹+리얼, 판타지 만화 같았다""",연예,17,2019,09,30,16:57,3,3,0,0,0,0,0,0,0,0,0,https://news.naver.com/main/read.nhn?mode=LSD&mid=sec&sid1=106&oid=404&aid=0000253425
김희원,"[포토] 김희원, '멋진 미소에 눈길~'",연예,17,2019,09,30,17:01,1,1,0,0,0,0,0,0,0,0,0,https://news.naver.com/main/read.nhn?mode=LSD&mid=sec&sid1=106&oid=015&aid=0004216562
김희원,"‘신의 한 수: 귀수편’ 김희원, 똥선생 귀환 “숨통 트이는 역할”",연예,17,2019,10,04,11:19,8,8,0,0,0,0,0,0,0,0,0,https://news.naver.com/main/read.nhn?mode=LSD&mid=sec&sid1=106&oid=382&aid=0000766235
김희원,"'신의 한 수: 귀수편' 김희원, 입으로만 하는 관전 바둑의 대가",연예,17,2019,10,04,8:29,5,5,0,0,0,0,0,0,0,0,0,https://news.naver.com/main/read.nhn?mode=LSD&mid=sec&sid1=106&oid=108&aid=0002814728
김희원,"‘귀수’ 김희원 “똥선생 숨통 트이는 역할, 면밀히 고민했다”",연예,17,2019,10,04,8:12,1,1,0,0,0,0,0,0,0,0,0,https://news.naver.com/main/read.nhn?mode=LSD&mid=sec&sid1=106&oid=609&aid=0000182004
김희원,"[포토] 김희원, 믿고 보는 배우!",연예,17,2019,10,01,11:14,1,1,0,0,0,0,0,0,0,0,0,https://news.naver.com/main/read.nhn?mode=LSD&mid=sec&sid1=106&oid=076&aid=0003475221
김희원,[포토] 김희원 '다양한 볼거리가 곳곳에',연예,17,2019,09,30,16:16,2,2,0,0,0,0,0,0,0,0,0,https://news.naver.com/main/read.nhn?mode=LSD&mid=sec&sid1=106&oid=241&aid=0002962547
김희원,"[포토] 김희원, '카리스마 넘치는 눈빛'",연예,17,2019,09,30,16:19,2,2,0,0,0,0,0,0,0,0,0,https://news.naver.com/main/read.nhn?mode=LSD&mid=sec&sid1=106&oid=015&aid=0004216491
김희원,"코믹과 리얼함, 둘 다 있는 특이한 영화 '판소리 복서'",연예,18,2019,10,10,12:01,8,8,0,0,0,0,0,0,0,0,0,https://news.naver.com/main/read.nhn?mode=LSD&mid=sec&sid1=106&oid=079&aid=0003278506
김희원,'판소리 복서' 개봉주 주말 무대 인사…엄태구·김희원 참석,연예,18,2019,10,08,13:02,5,5,0,0,0,0,0,0,0,0,0,https://news.naver.com/main/read.nhn?mode=LSD&mid=sec&sid1=106&oid=311&aid=0001056754
김희원,"개봉 D-1 '판소리 복서', 엄태구X이혜리X김희원이 꼽은 매력은?",연예,18,2019,10,08,14:50,6,6,0,0,0,0,0,0,0,0,0,https://news.naver.com/main/read.nhn?mode=LSD&mid=sec&sid1=106&oid=108&aid=0002815720
김희원,"[DA:인터뷰] ‘판소리복서’ 엄태구 “혜리 첫인상=얼굴 작다, 주인공 돼 좋은 점은…”",연예,18,2019,10,11,9:55,10,10,0,0,0,0,0,0,0,0,0,https://news.naver.com/main/read.nhn?mode=LSD&mid=sec&sid1=106&oid=382&aid=0000767947
김희원,[영화-판소리 복서] 혈투의 링에 ‘흥’이 솟는다,연예,18,2019,10,12,7:23,3,3,0,0,0,0,0,0,0,0,0,https://news.naver.com/main/read.nhn?mode=LSD&mid=sec&sid1=106&oid=417&aid=0000458922
김희원,"[공식]""귀신 같은 수를 두는 자""…'신의 한수: 귀수편' 11월 7일 개봉일 확정, 스틸 공개",연예,18,2019,10,11,8:34,1,1,0,0,0,0,0,0,0,0,0,https://news.naver.com/main/read.nhn?mode=LSD&mid=sec&sid1=106&oid=076&aid=0003479969
김희원,"'신의 한 수:귀수편', 11월 7일 개봉..권상우 도장깨기 바둑 액션",연예,18,2019,10,11,8:04,2,2,0,0,0,0,0,0,0,0,0,https://news.naver.com/main/read.nhn?mode=LSD&mid=sec&sid1=106&oid=241&aid=0002966582
김희원,'신의한수:귀수편' 11월7일 개봉,연예,18,2019,10,11,8:40,2,2,0,0,0,0,0,0,0,0,0,https://news.naver.com/main/read.nhn?mode=LSD&mid=sec&sid1=106&oid=018&aid=0004487952
김희원,'신의한수: 귀수편' 11월7일 개봉 확정…권상우vs바둑고수 대결,연예,18,2019,10,11,8:22,3,3,0,0,0,0,0,0,0,0,0,https://news.naver.com/main/read.nhn?mode=LSD&mid=sec&sid1=106&oid=421&aid=0004242565
김희원,"[리뷰] '판소리 복서', 이상하게 웃기고 찡한 영화",연예,18,2019,10,08,18:56,20,20,0,0,0,0,0,0,0,0,0,https://news.naver.com/main/read.nhn?mode=LSD&mid=sec&sid1=106&oid=079&aid=0003278306
김희원,‘판소리 복서’ 복싱영화가 이토록 신박하다니 ‘얼씨구나 좋다’[영화보고서],연예,18,2019,10,08,15:21,9,9,0,0,0,0,0,0,0,0,0,https://news.naver.com/main/read.nhn?mode=LSD&mid=sec&sid1=106&oid=609&aid=0000184556
김희원,"김희원 딸 출산 ""심쿵이 만나기 D-1…덜덜덜""",연예,19,2019,10,15,12:19,5,5,0,0,0,0,0,0,0,0,0,https://news.naver.com/main/read.nhn?mode=LSD&mid=sec&sid1=106&oid=215&aid=0000816169
김희원,"‘판소리 복서’ 엄태구·이혜리·김희원, 관람 욕구 자극 미공개 스틸 대방출",연예,19,2019,10,14,9:42,8,8,0,0,0,0,0,0,0,0,0,https://news.naver.com/main/read.nhn?mode=LSD&mid=sec&sid1=106&oid=382&aid=0000768391
김희원,"[단독인터뷰] 김희원 ""오늘(14일) 딸 제왕절개 출산...심쿵이 건강하길""",연예,19,2019,10,14,11:04,8,8,0,0,0,0,0,0,0,0,0,https://news.naver.com/main/read.nhn?mode=LSD&mid=sec&sid1=106&oid=009&aid=0004443743
김희원,김희원 딸 제왕절개로 출산...“난 괜찮아요”,연예,19,2019,10,14,19:45,3,3,0,0,0,0,0,0,0,0,0,https://news.naver.com/main/read.nhn?mode=LSD&mid=sec&sid1=106&oid=011&aid=0003634146
김희원,"김희원 입원, 출산 D-1 “괜찮은척...덜덜덜""",연예,19,2019,10,14,9:33,9,6,0,3,0,0,0,0,0,0,0,https://news.naver.com/main/read.nhn?mode=LSD&mid=sec&sid1=106&oid=009&aid=0004443650
김희원,"김희원, 출산 하루 전 근황…“괜찮은 척, 신랑 없이 입원” [똑똑SNS]",연예,19,2019,10,14,17:05,7,7,0,0,0,0,0,0,0,0,0,https://news.naver.com/main/read.nhn?mode=LSD&mid=sec&sid1=106&oid=410&aid=0000632931
김희원,미녀 개그우먼 김희원 “괜찮은 척 하지만 덜덜덜” 출산 전 심경,연예,19,2019,10,15,1:00,8,8,0,0,0,0,0,0,0,0,0,https://news.naver.com/main/read.nhn?mode=LSD&mid=sec&sid1=106&oid=213&aid=0001135537
김희원,"""사활 건 바둑 액션!""…'신의 한수: 귀수 편' 기대만발 2차 예고편 공개",연예,19,2019,10,16,8:42,1,1,0,0,0,0,0,0,0,0,0,https://news.naver.com/main/read.nhn?mode=LSD&mid=sec&sid1=106&oid=076&aid=0003481975
김희원,'신의 한수:귀수편' 6人6色 신들린 스타일리시 액션,연예,19,2019,10,16,8:59,1,1,0,0,0,0,0,0,0,0,0,https://news.naver.com/main/read.nhn?mode=LSD&mid=sec&sid1=106&oid=213&aid=0001135758
김희원,"‘판소리 복서’ 엄태구X이혜리X김희원, 복싱영환데 왜 사랑스러울까",연예,19,2019,10,14,9:03,8,8,0,0,0,0,0,0,0,0,0,https://news.naver.com/main/read.nhn?mode=LSD&mid=sec&sid1=106&oid=609&aid=0000187131
김희원,"'신의한수' 권상우·김희원·김성균, '아는형님' 출연 확정",연예,20,2019,10,24,8:35,12,12,0,0,0,0,0,0,0,0,0,https://news.naver.com/main/read.nhn?mode=LSD&mid=sec&sid1=106&oid=421&aid=0004266295
김희원,서울 소재 대학 정시 늘리고···자사고·외고 없앤다,사회,20,2019,10,25,16:59,66,16,0,0,50,0,0,0,0,0,0,https://news.naver.com/main/read.nhn?mode=LSD&mid=sec&sid1=102&oid=011&aid=0003640535
김희원,학종 줄이고 논술은 축소·폐지...정시 비율 40%로 확대되나,사회,20,2019,10,25,17:57,159,38,1,0,120,0,0,0,0,0,0,https://news.naver.com/main/read.nhn?mode=LSD&mid=sec&sid1=102&oid=011&aid=0003640617
김희원,"'판소리 복서' 엄태구 ""속까지 겸손한 사람 되고 싶어, 지금도 노력 중"" [엑's 인터뷰]",연예,20,2019,10,20,8:30,5,5,0,0,0,0,0,0,0,0,0,https://news.naver.com/main/read.nhn?mode=LSD&mid=sec&sid1=106&oid=311&aid=0001062155
김희원,"“우린 순둥이들”...‘아형’ 브아걸, 14년 장수그룹다운 화끈 입담+유쾌 예능감(종합)",연예,20,2019,10,26,23:03,7,7,0,0,0,0,0,0,0,0,0,https://news.naver.com/main/read.nhn?mode=LSD&mid=sec&sid1=106&oid=312&aid=0000417055
김희원,[단독]말뿐인 SW강국···고교 절반이 안배운다,사회,20,2019,10,21,17:19,11,0,0,0,11,0,0,0,0,0,0,https://news.naver.com/main/read.nhn?mode=LSD&mid=sec&sid1=102&oid=011&aid=0003637855
김희원,"'신의 한 수: 귀수편', 전작과 차별포인트 셋 공개 #내기바둑 #캐릭터 #사활액션",연예,20,2019,10,23,8:13,2,2,0,0,0,0,0,0,0,0,0,https://news.naver.com/main/read.nhn?mode=LSD&mid=sec&sid1=106&oid=468&aid=0000580714
김희원,'신의한수2' 권상우·김희원·김성균·허성태 '아는형님' 총출동[공식],연예,20,2019,10,24,8:25,28,28,0,0,0,0,0,0,0,0,0,https://news.naver.com/main/read.nhn?mode=LSD&mid=sec&sid1=106&oid=241&aid=0002972053
김희원,권상우·김희원·김성균·허성태 '아는 형님' 출연,연예,20,2019,10,24,8:54,12,12,0,0,0,0,0,0,0,0,0,https://news.naver.com/main/read.nhn?mode=LSD&mid=sec&sid1=106&oid=018&aid=0004498952
김희원,"‘신의 한 수: 귀수편’ 권상우·김희원·김성균·허성태, ‘아는형님’ 출연",연예,20,2019,10,24,17:57,7,7,0,0,0,0,0,0,0,0,0,https://news.naver.com/main/read.nhn?mode=LSD&mid=sec&sid1=106&oid=382&aid=0000771399
김희원,“美친 액션”…‘신의 한 수: 귀수편’ 전작에는 없는 세 가지,연예,20,2019,10,23,17:11,4,4,0,0,0,0,0,0,0,0,0,https://news.naver.com/main/read.nhn?mode=LSD&mid=sec&sid1=106&oid=382&aid=0000771001
김희원,"'신의 한 수: 귀수편', 전작과 달라진 강렬 볼거리 셋",연예,20,2019,10,23,8:51,5,5,0,0,0,0,0,0,0,0,0,https://news.naver.com/main/read.nhn?mode=LSD&mid=sec&sid1=106&oid=108&aid=0002818631
김희원,"권상우 '신의 한 수: 귀수편', 정우성 '신의 한 수'와 다른 차별점 #셋",연예,20,2019,10,23,8:32,3,3,0,0,0,0,0,0,0,0,0,https://news.naver.com/main/read.nhn?mode=LSD&mid=sec&sid1=106&oid=109&aid=0004106766
김희원,"'아는 형님' 권상우·김희원·김성균·허성태, '신의 한 수' 주역들의 완벽 케미 [종합]",연예,21,2019,11,02,22:57,101,98,0,3,0,0,0,0,0,0,0,https://news.naver.com/main/read.nhn?mode=LSD&mid=sec&sid1=106&oid=241&aid=0002975832
김희원,"`아는 형님` 김희원, 동료들 잘 챙기는 권상우에 ""일을 절대 미루지 않는다""",연예,21,2019,11,02,21:39,5,5,0,0,0,0,0,0,0,0,0,https://news.naver.com/main/read.nhn?mode=LSD&mid=sec&sid1=106&oid=009&aid=0004456334
김희원,"김희원 ""김성균, 진짜 깡패인 줄 알았다"" ('아는 형님')",연예,21,2019,11,02,21:47,4,3,0,1,0,0,0,0,0,0,0,https://news.naver.com/main/read.nhn?mode=LSD&mid=sec&sid1=106&oid=117&aid=0003296039
김희원,"'아는 형님' 김희원 ""영화 '아저씨' 방탄유리 장면 찍고 갈비뼈 말려 들어가""",연예,21,2019,11,02,22:14,5,5,0,0,0,0,0,0,0,0,0,https://news.naver.com/main/read.nhn?mode=LSD&mid=sec&sid1=106&oid=312&aid=0000418399
김희원,"[종합]'아는형님' 권상우X김희원X김성균X허성태, 나이를 잊게 만든 '반전' 예능美",연예,21,2019,11,02,22:45,5,5,0,0,0,0,0,0,0,0,0,https://news.naver.com/main/read.nhn?mode=LSD&mid=sec&sid1=106&oid=076&aid=0003490919
김희원,"'아형' 김희원 ""권상우 장점=미루지 않는 것···도움 많이 받았다""",연예,21,2019,11,02,21:51,9,9,0,0,0,0,0,0,0,0,0,https://news.naver.com/main/read.nhn?mode=LSD&mid=sec&sid1=106&oid=241&aid=0002975829
김희원,"김희원 ""강호동이 제일 무섭다, 내게 인상 쓰면서…"" 고백 ('아는 형님')",연예,21,2019,11,02,21:31,3,3,0,0,0,0,0,0,0,0,0,https://news.naver.com/main/read.nhn?mode=LSD&mid=sec&sid1=106&oid=117&aid=0003296038
김희원,"[포토]김희원, 귀여운 똥선생",연예,22,2019,11,09,13:23,3,3,0,0,0,0,0,0,0,0,0,https://news.naver.com/main/read.nhn?mode=LSD&mid=sec&sid1=106&oid=112&aid=0003233337
김희원,[사진]깜찍 김희원,연예,22,2019,11,09,13:13,3,3,0,0,0,0,0,0,0,0,0,https://news.naver.com/main/read.nhn?mode=LSD&mid=sec&sid1=106&oid=109&aid=0004117642
김희원,"김희원, 관객에게 똥광 선물 받고 광대승천 ‘신의 한 수 무대인사’[포토엔HD]",연예,22,2019,11,09,18:58,1,1,0,0,0,0,0,0,0,0,0,https://news.naver.com/main/read.nhn?mode=LSD&mid=sec&sid1=106&oid=609&aid=0000200859
김희원,"[포토]김희원, 극장에서 인기만점",연예,22,2019,11,09,13:51,2,2,0,0,0,0,0,0,0,0,0,https://news.naver.com/main/read.nhn?mode=LSD&mid=sec&sid1=106&oid=112&aid=0003233348
김희원,"[사진]김희원,'깜찍한가요?'",연예,22,2019,11,09,13:51,2,2,0,0,0,0,0,0,0,0,0,https://news.naver.com/main/read.nhn?mode=LSD&mid=sec&sid1=106&oid=109&aid=0004117676
김희원,"[사진]김희원,'친절한 팬서비스'",연예,22,2019,11,09,13:53,2,2,0,0,0,0,0,0,0,0,0,https://news.naver.com/main/read.nhn?mode=LSD&mid=sec&sid1=106&oid=109&aid=0004117678
김희원,"[사진]김희원,'팬들과 만남 설레'",연예,22,2019,11,09,13:16,7,7,0,0,0,0,0,0,0,0,0,https://news.naver.com/main/read.nhn?mode=LSD&mid=sec&sid1=106&oid=109&aid=0004117645
김희원,"[포토]권상우-김성균-김희원, 긴장되는 관객과 알까기 대결",연예,22,2019,11,09,13:49,3,3,0,0,0,0,0,0,0,0,0,https://news.naver.com/main/read.nhn?mode=LSD&mid=sec&sid1=106&oid=112&aid=0003233345
김희원,"[포토]김희원, 똥선생 인사드려요~",연예,22,2019,11,09,13:14,1,1,0,0,0,0,0,0,0,0,0,https://news.naver.com/main/read.nhn?mode=LSD&mid=sec&sid1=106&oid=112&aid=0003233331
김희원,"‘귀수’ 김희원 “권상우 내 애드리브에 딱 한번 웃어, 희열”[EN:인터뷰]",연예,23,2019,11,16,9:22,12,12,0,0,0,0,0,0,0,0,0,https://news.naver.com/main/read.nhn?mode=LSD&mid=sec&sid1=106&oid=609&aid=0000203992
김희원,"김희원, 인기많은 똥선생~[포토엔HD]",연예,23,2019,11,15,19:27,5,5,0,0,0,0,0,0,0,0,0,https://news.naver.com/main/read.nhn?mode=LSD&mid=sec&sid1=106&oid=609&aid=0000203879
김희원,"[금주의 픽] 김희원, 방탄유리 '아저씨'에서 감칠맛 '신의 한 수'로",연예,23,2019,11,14,8:00,4,4,0,0,0,0,0,0,0,0,0,https://news.naver.com/main/read.nhn?mode=LSD&mid=sec&sid1=106&oid=241&aid=0002979475
김희원,"김희원, 닮은꼴 인형 선물받고 방긋~[포토엔HD]",연예,23,2019,11,15,19:41,3,3,0,0,0,0,0,0,0,0,0,https://news.naver.com/main/read.nhn?mode=LSD&mid=sec&sid1=106&oid=609&aid=0000203886
김희원,"‘신의 한 수2’ 권상우X김희원, 교복 무대인사 ‘수험생 응원’",연예,23,2019,11,15,10:44,5,5,0,0,0,0,0,0,0,0,0,https://news.naver.com/main/read.nhn?mode=LSD&mid=sec&sid1=106&oid=469&aid=0000440286
김희원,"'신의 한 수: 귀수편' 수능 이벤트, 권상우·김희원 게릴라 무대인사 참석",연예,23,2019,11,13,13:39,18,18,0,0,0,0,0,0,0,0,0,https://news.naver.com/main/read.nhn?mode=LSD&mid=sec&sid1=106&oid=311&aid=0001073841
김희원,"김희원, 수험생들 응원하려고 교복입고 왔어요~[포토엔HD]",연예,23,2019,11,15,19:20,1,1,0,0,0,0,0,0,0,0,0,https://news.naver.com/main/read.nhn?mode=LSD&mid=sec&sid1=106&oid=609&aid=0000203875
김희원,"'신의한수: 귀수편' 권상우→김희원, 수험생 응원 위해 교복 무대인사 [Oh!쎈 컷]",연예,23,2019,11,15,8:26,16,16,0,0,0,0,0,0,0,0,0,https://news.naver.com/main/read.nhn?mode=LSD&mid=sec&sid1=106&oid=109&aid=0004120589
김희원,"""고생하셨습니다""…'신의 한 수:귀수편' 배우들, 수험생 향한 교복 응원",연예,23,2019,11,15,8:23,6,6,0,0,0,0,0,0,0,0,0,https://news.naver.com/main/read.nhn?mode=LSD&mid=sec&sid1=106&oid=311&aid=0001074741
김희원,권상우 ‘말죽거리’ 추억케 한 교복 자태+수험생 응원 “스트레스 풀고가길”,연예,23,2019,11,15,8:47,11,11,0,0,0,0,0,0,0,0,0,https://news.naver.com/main/read.nhn?mode=LSD&mid=sec&sid1=106&oid=609&aid=0000203491
김희원,'신의 한 수: 귀수편' 수능 응원 무대인사부터 부산-대구 무대인사까지,연예,23,2019,11,13,2:20,5,5,0,0,0,0,0,0,0,0,0,https://news.naver.com/main/read.nhn?mode=LSD&mid=sec&sid1=106&oid=011&aid=0003650402
김희원,"‘귀수’ 김희원 “자기 몸에만 독한 권상우, 마음은 여려”[EN:인터뷰]",연예,24,2019,11,22,6:05,6,6,0,0,0,0,0,0,0,0,0,https://news.naver.com/main/read.nhn?mode=LSD&mid=sec&sid1=106&oid=609&aid=0000206761
김희원,"[팝인터뷰]김희원 ""악역 전문? 김성균·허성태·원현준 중 내가 제일 착하게 생겨""",연예,24,2019,11,20,10:23,5,5,0,0,0,0,0,0,0,0,0,https://news.naver.com/main/read.nhn?mode=LSD&mid=sec&sid1=106&oid=112&aid=0003237491
김희원,"[팝인터뷰③]김희원 ""예술작품만 고집NO..대중 마음 움직이는게 제일 중요해""",연예,24,2019,11,17,15:31,14,14,0,0,0,0,0,0,0,0,0,https://news.naver.com/main/read.nhn?mode=LSD&mid=sec&sid1=106&oid=112&aid=0003236367
김희원,"[팝인터뷰①]'신의 한 수: 귀수편' 김희원 ""기존 감초와 무조건 다르게 하는게 목표""",연예,24,2019,11,17,15:31,24,23,0,1,0,0,0,0,0,0,0,https://news.naver.com/main/read.nhn?mode=LSD&mid=sec&sid1=106&oid=112&aid=0003236365
김희원,"[인터;뷰] 김희원, 끝없는 고민으로 완수한 ‘신의 한 수: 귀수편’",연예,24,2019,11,18,15:57,3,3,0,0,0,0,0,0,0,0,0,https://news.naver.com/main/read.nhn?mode=LSD&mid=sec&sid1=106&oid=016&aid=0001603582
김희원,"'신의한수:귀수편' 200만 돌파..권상우→우도환, 각양각색 인사",연예,24,2019,11,22,14:11,14,14,0,0,0,0,0,0,0,0,0,https://news.naver.com/main/read.nhn?mode=LSD&mid=sec&sid1=106&oid=108&aid=0002825416
김희원,詩와 장미로 부린 마법…아이유 '음원차트 올킬',연예,24,2019,11,22,17:58,109,109,0,0,0,0,0,0,0,0,0,https://news.naver.com/main/read.nhn?mode=LSD&mid=sec&sid1=106&oid=015&aid=0004246050
김희원,"‘귀수’ 권상우 “연기에 미친 허성태, 후배지만 리스펙”[EN:인터뷰]",연예,24,2019,11,22,17:27,18,17,0,1,0,0,0,0,0,0,0,https://news.naver.com/main/read.nhn?mode=LSD&mid=sec&sid1=106&oid=609&aid=0000207278
김희원,영화 '신의 한수: 귀수편' 개봉 16일만에 관객 200만명↑,연예,24,2019,11,22,17:24,5,5,0,0,0,0,0,0,0,0,0,https://news.naver.com/main/read.nhn?mode=LSD&mid=sec&sid1=106&oid=003&aid=0009571740
김희원,"'신의 한 수: 귀수편', 200만 돌파하며 장기흥행 '청신호'",연예,24,2019,11,22,14:18,23,22,0,1,0,0,0,0,0,0,0,https://news.naver.com/main/read.nhn?mode=LSD&mid=sec&sid1=106&oid=404&aid=0000257098
김희원,'신의 한 수:귀수편' 200만 돌파…송판깨기 인증샷[공식],연예,24,2019,11,22,18:47,30,30,0,0,0,0,0,0,0,0,0,https://news.naver.com/main/read.nhn?mode=LSD&mid=sec&sid1=106&oid=477&aid=0000219820
김희원,서울 16개大 정시비중 40%이상 늘린다,사회,25,2019,11,28,16:01,11,2,0,0,9,0,0,0,0,0,0,https://news.naver.com/main/read.nhn?mode=LSD&mid=sec&sid1=102&oid=011&aid=0003658724
김희원,"아이유, ‘블루밍’ MV 일주일만에 천만 뷰 ‘파란머리 아이유’",연예,25,2019,11,25,18:02,157,157,0,0,0,0,0,0,0,0,0,https://news.naver.com/main/read.nhn?mode=LSD&mid=sec&sid1=106&oid=081&aid=0003046354
김희원,아이유 ‘Love poem’ 앨범 판매량 일주일만 12만장 돌파(공식),연예,25,2019,11,25,10:37,67,67,0,0,0,0,0,0,0,0,0,https://news.naver.com/main/read.nhn?mode=LSD&mid=sec&sid1=106&oid=609&aid=0000208168
김희원,"이영애, 영화배우 브랜드평판 1위…2위 공유·3위 김응수",연예,25,2019,11,30,11:13,13,13,0,0,0,0,0,0,0,0,0,https://news.naver.com/main/read.nhn?mode=LSD&mid=sec&sid1=106&oid=009&aid=0004473514
김희원,"이영애, 11월 영화배우 브랜드평판 1위 등극...2위 공유·3위 김응수",연예,25,2019,11,30,9:50,15,15,0,0,0,0,0,0,0,0,0,https://news.naver.com/main/read.nhn?mode=LSD&mid=sec&sid1=106&oid=112&aid=0003241536
김희원,"이영애, 11월 영화배우 브랜드평가 1위..2위 공유·3위 '곽철용' 김응수",연예,25,2019,11,30,9:49,6,6,0,0,0,0,0,0,0,0,0,https://news.naver.com/main/read.nhn?mode=LSD&mid=sec&sid1=106&oid=109&aid=0004128029
김희원,"아이유 ‘블루밍’ MV, 일주일만 천만뷰+앨범판매량 12만장 돌파(종합)",연예,25,2019,11,25,17:50,104,104,0,0,0,0,0,0,0,0,0,https://news.naver.com/main/read.nhn?mode=LSD&mid=sec&sid1=106&oid=609&aid=0000208504
김희원,[인터뷰] 김희원만의 악역 ‘느낌 있다’,연예,26,2019,12,03,19:30,10,10,0,0,0,0,0,0,0,0,0,https://news.naver.com/main/read.nhn?mode=LSD&mid=sec&sid1=106&oid=011&aid=0003661189
김희원,"[2019 다작★③] 김희원, 6편의 작품서 신스틸러 매력 발산",연예,27,2019,12,14,10:32,4,4,0,0,0,0,0,0,0,0,0,https://news.naver.com/main/read.nhn?mode=LSD&mid=sec&sid1=106&oid=427&aid=0000035110
김희원,"육지에서 유학오는 학교, ""떠나기 싫다""는 학생들",사회,27,2019,12,13,11:57,2,1,0,0,1,0,0,0,0,0,0,https://news.naver.com/main/read.nhn?mode=LSD&mid=sec&sid1=102&oid=047&aid=0002249754
김희원,2019년 12월 20일 [케이블·위성 하이라이트],연예,28,2019,12,19,20:46,1,1,0,0,0,0,0,0,0,0,0,https://news.naver.com/main/read.nhn?mode=LSD&mid=sec&sid1=106&oid=032&aid=0002981706
김희원,"종편 ·케이블 드라마, 작품성으로 승부!③[방송결산]",연예,28,2019,12,16,13:00,97,97,0,0,0,0,0,0,0,0,0,https://news.naver.com/main/read.nhn?mode=LSD&mid=sec&sid1=106&oid=108&aid=0002830399
김희원,국악방송TV 개국…전통문화·공연 TV로 24시간,생활,29,2019,12,28,11:18,5,4,0,0,1,0,0,0,0,0,0,https://news.naver.com/main/read.nhn?mode=LSD&mid=sec&sid1=103&oid=008&aid=0004331474
김희원,'우리문화 더 널리 더 깊게'… 국악방송TV 개국,사회,29,2019,12,27,20:26,2,1,0,0,1,0,0,0,0,0,0,https://news.naver.com/main/read.nhn?mode=LSD&mid=sec&sid1=102&oid=079&aid=0003306054
김희원,[2019 드라마결산] '열혈사제'→'동백꽃' 지상파 약진..주춤했던 CJ ENM·종편,연예,29,2019,12,27,7:53,16,16,0,0,0,0,0,0,0,0,0,https://news.naver.com/main/read.nhn?mode=LSD&mid=sec&sid1=106&oid=076&aid=0003513308
김희원,'24시간 즐기는 우리 가락' 국악방송 TV채널 27일 개국,생활,29,2019,12,22,24:24,1,1,0,0,0,0,0,0,0,0,0,https://news.naver.com/main/read.nhn?mode=LSD&mid=sec&sid1=103&oid=277&aid=0004593547
김희원,‘24시간 안방에서 즐기는 우리 소리’ 국악TV 개국,생활,29,2019,12,27,8:56,3,2,1,0,0,0,0,0,0,0,0,https://news.naver.com/main/read.nhn?mode=LSD&mid=sec&sid1=103&oid=014&aid=0004349058
김희원,"""24시간 안방서 우리의 소리 들으세요""…국악TV 개국",생활,29,2019,12,27,15:01,7,6,0,0,1,0,0,0,0,0,0,https://news.naver.com/main/read.nhn?mode=LSD&mid=sec&sid1=103&oid=003&aid=0009627653
김희원,안방서 즐기는 국악…‘국악TV’ 개국,생활,29,2019,12,27,14:29,1,1,0,0,0,0,0,0,0,0,0,https://news.naver.com/main/read.nhn?mode=LSD&mid=sec&sid1=103&oid=016&aid=0001618502
김희원,"국악TV 개국…박양우 장관 ""국악, 세계로 뻗어나가길""",생활,29,2019,12,27,18:51,8,2,1,0,5,0,0,0,0,0,0,https://news.naver.com/main/read.nhn?mode=LSD&mid=sec&sid1=103&oid=018&aid=0004544682
김희원,김희원과 열애설? 박보영 “도 넘는 루머 고소할 것” [전문],연예,30,2020,01,03,14:31,2,0,0,2,0,0,0,0,0,0,0,https://news.naver.com/main/read.nhn?mode=LSD&mid=sec&sid1=106&oid=081&aid=0003055994
김희원,김희원 측 “박보영과 열애 사실무근”…소문 일축 [공식입장],연예,30,2020,01,03,14:31,8,6,0,2,0,0,0,0,0,0,0,https://news.naver.com/main/read.nhn?mode=LSD&mid=sec&sid1=106&oid=382&aid=0000788420
김희원,"'박보영 열애설' 김희원은 누구…""이거 방탄 유리야!""",연예,30,2020,01,03,17:58,4,4,0,0,0,0,0,0,0,0,0,https://news.naver.com/main/read.nhn?mode=LSD&mid=sec&sid1=106&oid=008&aid=0004334651
김희원,"김희원 측 ""박보영과 열애? 선후배 사이…황당""[공식입장]",연예,30,2020,01,03,14:07,1,0,0,1,0,0,0,0,0,0,0,https://news.naver.com/main/read.nhn?mode=LSD&mid=sec&sid1=106&oid=009&aid=0004494006
김희원,"박보영, 열애설 직접 해명 ""김희원과 좋은 선후배 사이일뿐""(전문)",연예,30,2020,01,03,14:16,555,518,0,37,0,0,0,0,0,0,0,https://news.naver.com/main/read.nhn?mode=LSD&mid=sec&sid1=106&oid=052&aid=0001384071
김희원,"""아닙니다"" 19살차 김희원·박보영 '목격담 열애의혹' 단호한 대처(종합)",연예,30,2020,01,03,15:24,3,2,0,1,0,0,0,0,0,0,0,https://news.naver.com/main/read.nhn?mode=LSD&mid=sec&sid1=106&oid=241&aid=0002993129
김희원,"[Y이슈] 김희원·박보영 양측 ""열애설 황당, 같이 밥도 먹는 친한 선후배일뿐""(종합)",연예,30,2020,01,03,14:31,12,11,0,1,0,0,0,0,0,0,0,https://news.naver.com/main/read.nhn?mode=LSD&mid=sec&sid1=106&oid=052&aid=0001384080
김희원,"박보영·김희원 황당 열애설 뒤 급속 진화···네티즌 ""억측 좀 제발 그만""",연예,30,2020,01,03,15:34,1,0,0,1,0,0,0,0,0,0,0,https://news.naver.com/main/read.nhn?mode=LSD&mid=sec&sid1=106&oid=011&aid=0003675279
김희원,"박보영, 김희원과 열애설 직접 부인 “루머 도 넘으면 고소”",연예,30,2020,01,03,15:00,2,0,0,2,0,0,0,0,0,0,0,https://news.naver.com/main/read.nhn?mode=LSD&mid=sec&sid1=106&oid=020&aid=0003262266
김희원,"""도 넘으면 고소"" 박보영X김희원, 날벼락 열애설→CCTV 공개에 '분노'[종합]",연예,30,2020,01,04,8:52,16,10,0,6,0,0,0,0,0,0,0,https://news.naver.com/main/read.nhn?mode=LSD&mid=sec&sid1=106&oid=076&aid=0003515945
김희원,"박보영 “CCTV 사진, 동의 없었다” 김희원과 열애설 부인 [종합]",연예,30,2020,01,04,9:41,1,1,0,0,0,0,0,0,0,0,0,https://news.naver.com/main/read.nhn?mode=LSD&mid=sec&sid1=106&oid=081&aid=0003056109
김희원,"박보영X김희원, 난데없는 'CCTV발' 열애설…스타 사생활 침해에 우려[SS이슈]",연예,30,2020,01,04,9:38,3,1,0,2,0,0,0,0,0,0,0,https://news.naver.com/main/read.nhn?mode=LSD&mid=sec&sid1=106&oid=468&aid=0000611347
김희원,"박보영, 김희원과 열애설에 ""아닙니다, 좋은 친구 사이""",연예,30,2020,01,03,14:41,4,4,0,0,0,0,0,0,0,0,0,https://news.naver.com/main/read.nhn?mode=LSD&mid=sec&sid1=106&oid=079&aid=0003307967
김희원,"박보영-김희원, 황당 열애설 직접 부인… “도 넘으면 고소”",연예,30,2020,01,03,15:11,1,0,0,1,0,0,0,0,0,0,0,https://news.naver.com/main/read.nhn?mode=LSD&mid=sec&sid1=106&oid=005&aid=0001274704
김희원,'한밤' 박보영X김희원 열애설 전말 공개 '헉',연예,31,2020,01,09,7:15,2,1,0,1,0,0,0,0,0,0,0,https://news.naver.com/main/read.nhn?mode=LSD&mid=sec&sid1=106&oid=117&aid=0003321170
김희원,"[연예계 핫뉴스②] 박보영·김희원, 난데없는 열애설…""루머유포 법적대응""",연예,31,2020,01,09,9:32,1,1,0,0,0,0,0,0,0,0,0,https://news.naver.com/main/read.nhn?mode=LSD&mid=sec&sid1=106&oid=427&aid=0000035320
김희원,"[POP이슈]""자랑하고 싶었다, 죄송""‥박보영X김희원 CCTV 열애설→카페 측 사과(종합)",연예,31,2020,01,09,9:36,2,2,0,0,0,0,0,0,0,0,0,https://news.naver.com/main/read.nhn?mode=LSD&mid=sec&sid1=106&oid=112&aid=0003255231
김희원,"'한밤' 박보영·김희원 열애설 전말..카페 주인 ""자랑하려 CCTV사진 붙였다"" 사죄(종합)",연예,31,2020,01,09,7:47,3,2,0,1,0,0,0,0,0,0,0,https://news.naver.com/main/read.nhn?mode=LSD&mid=sec&sid1=106&oid=109&aid=0004147454
김희원,"‘박보영·김희원’ CCTV 공개한 카페 점주, “일 커질 줄 몰랐다”",연예,31,2020,01,09,10:08,1,0,0,1,0,0,0,0,0,0,0,https://news.naver.com/main/read.nhn?mode=LSD&mid=sec&sid1=106&oid=005&aid=0001276536
김희원,"[SC이슈]박보영 'CCTV 논란' 카페 ""사진 없어 캡쳐→손님이 찍어 인터넷에, 정말 죄송""",연예,31,2020,01,08,21:35,15,10,0,5,0,0,0,0,0,0,0,https://news.naver.com/main/read.nhn?mode=LSD&mid=sec&sid1=106&oid=076&aid=0003517848
김희원,"'라디오스타' 권상우 ""세차장 사업, 이름 때문에 시작해""",연예,32,2020,01,16,11:38,9,8,0,1,0,0,0,0,0,0,0,https://news.naver.com/main/read.nhn?mode=LSD&mid=sec&sid1=106&oid=629&aid=0000010748
김희원,[기승전복지]지극히 평범한 '김혜자들' 삶도 '눈이 부시게' 하려면,사회,32,2020,01,18,8:00,24,23,0,0,0,1,0,0,0,0,0,https://news.naver.com/main/read.nhn?mode=LSD&mid=sec&sid1=102&oid=003&aid=0009659811
김희원,[동십자각] 다시 역사를 묻는다면,오피니언,32,2020,01,12,24:55,5,4,0,0,1,0,0,0,0,0,0,https://news.naver.com/main/read.nhn?mode=LSD&mid=sec&sid1=110&oid=011&aid=0003679168
김희원,"[로열 로더스] 손절장인-잘먹고갑니다, 은신넬라 꺾고 4강 대진 완성",스포츠,32,2020,01,12,20:22,1,0,0,1,0,0,0,0,0,0,0,http://sports.news.naver.com/esports/news/read.nhn?oid=236&aid=0000198577
김희원,[한국영화 빅프로젝트⑨] <입술은 안돼요>(가제) 조은지 감독 - 앙상블과 말맛이 만드는 재미,연예,33,2020,01,23,9:16,7,7,0,0,0,0,0,0,0,0,0,https://news.naver.com/main/read.nhn?mode=LSD&mid=sec&sid1=106&oid=140&aid=0000041746
김희원,"창술-바드-버서커 조합, '잘먹고갑니다' 로열로더스 우승",스포츠,33,2020,01,19,18:26,5,1,0,1,3,0,0,0,0,0,0,http://sports.news.naver.com/esports/news/read.nhn?oid=356&aid=0000038197
김희원,[로스트아크] 우승팀 '잘먹고갑니다' 결승전 분석과 치열했던 3/4위전 경기 정리,스포츠,33,2020,01,20,17:09,4,2,0,0,2,0,0,0,0,0,0,http://sports.news.naver.com/esports/news/read.nhn?oid=442&aid=0000112197
김희원,"[설특집]`동백꽃 필 무렵`→`우아한 가`, 설 연휴 몰아보기 드라마 강추",연예,33,2020,01,24,8:02,8,8,0,0,0,0,0,0,0,0,0,https://news.naver.com/main/read.nhn?mode=LSD&mid=sec&sid1=106&oid=009&aid=0004506045
김희원,"[공식]권상우, 2020년 1월 영화배우 브랜드 평판 첫 1위…2위 안재홍·3위 한석규",연예,33,2020,01,25,8:50,23,23,0,0,0,0,0,0,0,0,0,https://news.naver.com/main/read.nhn?mode=LSD&mid=sec&sid1=106&oid=076&aid=0003523557
김희원,"권상우, 1月 영화배우 브랜드 평판 1위..2위 안재홍-3위 한석규",연예,33,2020,01,25,8:41,28,27,0,1,0,0,0,0,0,0,0,https://news.naver.com/main/read.nhn?mode=LSD&mid=sec&sid1=106&oid=112&aid=0003260914
김희원,"권상우, 1월 영화배우 브랜드평판 1위…2위 안재홍·3위 한석규",연예,33,2020,01,25,8:18,7,7,0,0,0,0,0,0,0,0,0,https://news.naver.com/main/read.nhn?mode=LSD&mid=sec&sid1=106&oid=009&aid=0004506233
김희원,"[집중탐구 더 스타④] 권상우, 다정다감·가정적인 면모 자랑",연예,34,2020,02,01,11:55,20,20,0,0,0,0,0,0,0,0,0,https://news.naver.com/main/read.nhn?mode=LSD&mid=sec&sid1=106&oid=427&aid=0000035537
김희원,"[공식] 엄태구X이혜리 주연 '판소리 복서', 베를린 크리틱스워크 공식 초청",연예,34,2020,01,29,10:03,3,3,0,0,0,0,0,0,0,0,0,https://news.naver.com/main/read.nhn?mode=LSD&mid=sec&sid1=106&oid=076&aid=0003524525
김희원,"교육부 ""중국인 유학생 입국 후 2주간 등교중지""",사회,35,2020,02,05,15:14,6,0,1,0,5,0,0,0,0,0,0,https://news.naver.com/main/read.nhn?mode=LSD&mid=sec&sid1=102&oid=011&aid=0003690033
김희원,늘어난 봄방학... 유치원 돌봄공백 ‘발동동’,사회,36,2020,02,13,16:53,7,0,0,0,7,0,0,0,0,0,0,https://news.naver.com/main/read.nhn?mode=LSD&mid=sec&sid1=102&oid=011&aid=0003693981
김희원,"[인터뷰③] 박혁권 ""같이 연극하던 이정은, '기생충' 보고 자부심 들었다""",연예,36,2020,02,14,11:05,2,2,0,0,0,0,0,0,0,0,0,https://news.naver.com/main/read.nhn?mode=LSD&mid=sec&sid1=106&oid=241&aid=0003004305
김희원,차기 우리은행장에 권광석 내정,경제,36,2020,02,11,20:27,3,1,1,0,0,1,0,0,0,0,0,https://news.naver.com/main/read.nhn?mode=LSD&mid=sec&sid1=101&oid=022&aid=0003437675
김희원,"'보이스', 변요한·김무열·김희원 등 주역 캐스팅 확정…10일 크랭크인",연예,36,2020,02,12,9:00,7,6,0,1,0,0,0,0,0,0,0,https://news.naver.com/main/read.nhn?mode=LSD&mid=sec&sid1=106&oid=112&aid=0003267012
김희원,'보이스' 변요한·김무열·김희원·박명훈 등 캐스팅…10일 크랭크인,연예,36,2020,02,12,9:07,5,5,0,0,0,0,0,0,0,0,0,https://news.naver.com/main/read.nhn?mode=LSD&mid=sec&sid1=106&oid=117&aid=0003332562
김희원,변요한X김무열X김희원X박명훈 ‘보이스’ 보이스피싱 파헤친다,연예,36,2020,02,12,8:58,5,5,0,0,0,0,0,0,0,0,0,https://news.naver.com/main/read.nhn?mode=LSD&mid=sec&sid1=106&oid=609&aid=0000246360
김희원,"'기도하는 남자' 박혁권 ""'기생충' 아카데미 격 높여줘, 기분 좋아""(인터뷰)",연예,36,2020,02,14,11:20,2,2,0,0,0,0,0,0,0,0,0,https://news.naver.com/main/read.nhn?mode=LSD&mid=sec&sid1=106&oid=421&aid=0004462916
김희원,"박혁권 ""'기생충' 이정은 연기 보고 쇼크…오스카 수상에 자부심 느꼈다"" [MD인터뷰④]",연예,36,2020,02,14,24:20,21,21,0,0,0,0,0,0,0,0,0,https://news.naver.com/main/read.nhn?mode=LSD&mid=sec&sid1=106&oid=117&aid=0003333505
김희원,박혁권 “‘기생충’ 국뽕 아닌 자부심..나도 美 진출 꿈꾼다”[EN:인터뷰②],연예,36,2020,02,14,11:00,1,1,0,0,0,0,0,0,0,0,0,https://news.naver.com/main/read.nhn?mode=LSD&mid=sec&sid1=106&oid=609&aid=0000247491
김희원,[논담] 트랜스젠더 변호사 박한희 “남의 권리 빼앗아 내 권리 만들 수 없다”,오피니언,37,2020,02,20,18:03,78,8,0,1,68,1,0,0,0,0,0,https://news.naver.com/main/read.nhn?mode=LSD&mid=sec&sid1=110&oid=469&aid=0000469051
김희원,"'출산' 김희원, 집에서도 마스크 쓰는 엄마 ""저 감기 맞아요""",연예,39,2020,03,02,9:02,6,6,0,0,0,0,0,0,0,0,0,https://news.naver.com/main/read.nhn?mode=LSD&mid=sec&sid1=106&oid=112&aid=0003273739
김희원,"[초중고 개학 2주 더 연기] ""추가 개학연기는 지역별 상황따라 결정""",사회,39,2020,03,02,17:17,13,1,0,1,11,0,0,0,0,0,0,https://news.naver.com/main/read.nhn?mode=LSD&mid=sec&sid1=102&oid=011&aid=0003703365
김희원,"美, 파격적 금리인하… 부담 던 한은도 4월 인하 ‘무게’",경제,39,2020,03,04,20:44,37,9,3,1,22,2,0,0,0,0,0,https://news.naver.com/main/read.nhn?mode=LSD&mid=sec&sid1=101&oid=022&aid=0003444204
김희원,"교육부 ""유초중고 개학 2주 더 연기""",사회,39,2020,03,02,16:43,3,2,1,0,0,0,0,0,0,0,0,https://news.naver.com/main/read.nhn?mode=LSD&mid=sec&sid1=102&oid=011&aid=0003703317
김희원,[기자가만난세상] ‘정’에 ‘매너’를 더할 때,오피니언,40,2020,03,13,23:10,5,4,0,0,0,1,0,0,0,0,0,https://news.naver.com/main/read.nhn?mode=LSD&mid=sec&sid1=110&oid=022&aid=0003446982
김희원,'긴급돌봄'에 무자격 봉사자 투입하나,사회,40,2020,03,08,14:47,147,30,0,0,107,10,0,0,0,0,0,https://news.naver.com/main/read.nhn?mode=LSD&mid=sec&sid1=102&oid=011&aid=0003706269
김희원,"'아는 형님' 곽도원X김희원X김대명, '국제수사' 주역들의 화수분 매력 [종합]",연예,41,2020,03,21,22:52,105,104,0,1,0,0,0,0,0,0,0,https://news.naver.com/main/read.nhn?mode=LSD&mid=sec&sid1=106&oid=241&aid=0003011639
김희원,"'아는형님' 김희원, 엑소 디오 언급...""팬들이 소리질러""",연예,41,2020,03,21,22:41,79,79,0,0,0,0,0,0,0,0,0,https://news.naver.com/main/read.nhn?mode=LSD&mid=sec&sid1=106&oid=112&aid=0003280469
김희원,김희원 “‘아는형님’ 출연 후 주위서 잘생겼다고 하더라”,연예,41,2020,03,21,21:21,5,5,0,0,0,0,0,0,0,0,0,https://news.naver.com/main/read.nhn?mode=LSD&mid=sec&sid1=106&oid=057&aid=0001434971
김희원,"곽도원, 첫 예능 출격...김대명·김희원과 '아는 형님'",연예,41,2020,03,20,11:08,21,21,0,0,0,0,0,0,0,0,0,https://news.naver.com/main/read.nhn?mode=LSD&mid=sec&sid1=106&oid=003&aid=0009767924
김희원,"'국제수사' 곽도원X김대명X김희원, 21일 '아는 형님' 출격",연예,41,2020,03,20,9:59,2,2,0,0,0,0,0,0,0,0,0,https://news.naver.com/main/read.nhn?mode=LSD&mid=sec&sid1=106&oid=312&aid=0000439722
김희원,"'아는 형님' 곽도원X김희원X김대명, 강호동도 웃게 한 눈부신 예능감(종합)",연예,41,2020,03,21,23:11,5,5,0,0,0,0,0,0,0,0,0,https://news.naver.com/main/read.nhn?mode=LSD&mid=sec&sid1=106&oid=421&aid=0004535668
김희원,곽도원X김희원X김대명 '이병헌→폭행·노출신' 솔직 아재 토크 '아는형님' 초토화[종합],연예,41,2020,03,21,22:45,8,8,0,0,0,0,0,0,0,0,0,https://news.naver.com/main/read.nhn?mode=LSD&mid=sec&sid1=106&oid=076&aid=0003544963
김희원,"'아는형님' 곽도원X김희원X김대명, 악역 벗고 예능 꿀케미 시너지(ft. 임시완)[종합]",연예,41,2020,03,21,22:47,7,7,0,0,0,0,0,0,0,0,0,https://news.naver.com/main/read.nhn?mode=LSD&mid=sec&sid1=106&oid=109&aid=0004182579
김희원,아는 형님’ 김대명 “김희원이 제작한 뮤지컬 두번 떨어졌다,연예,41,2020,03,21,11:32,10,10,0,0,0,0,0,0,0,0,0,https://news.naver.com/main/read.nhn?mode=LSD&mid=sec&sid1=106&oid=015&aid=0004310916
김희원,'아는 형님’ 김대명 “김희원이 제작한 뮤지컬 오디션 두 번이나 떨어져”,연예,41,2020,03,21,9:01,1,1,0,0,0,0,0,0,0,0,0,https://news.naver.com/main/read.nhn?mode=LSD&mid=sec&sid1=106&oid=076&aid=0003544796
김희원,"'아는형님' 김대명 ""김희원이 제작한 뮤지컬 오디션 두 번 떨어져""",연예,41,2020,03,21,9:14,22,21,0,1,0,0,0,0,0,0,0,https://news.naver.com/main/read.nhn?mode=LSD&mid=sec&sid1=106&oid=241&aid=0003011580
김희원,"김대명 ""김희원 극단 오디션서 두 번 탈락, '국제수사'로 재회"" (아는 형님)",연예,41,2020,03,21,22:22,4,4,0,0,0,0,0,0,0,0,0,https://news.naver.com/main/read.nhn?mode=LSD&mid=sec&sid1=106&oid=241&aid=0003011638
김희원,"‘아는 형님’ 김희원, “엑소 팬들 때문에 촬영장에서 NG가 많이 났다”",연예,41,2020,03,21,22:26,55,55,0,0,0,0,0,0,0,0,0,https://news.naver.com/main/read.nhn?mode=LSD&mid=sec&sid1=106&oid=469&aid=0000479648
김희원,"'아는형님' 김희원 ""디오 때리는 연기, 촬영장 찾은 수많은 팬들 탓에 NG""",연예,41,2020,03,21,21:27,61,61,0,0,0,0,0,0,0,0,0,https://news.naver.com/main/read.nhn?mode=LSD&mid=sec&sid1=106&oid=311&aid=0001125834
김희원,'아는형님' 곽도원 감동 시킨 임시완의 말 한 마디,연예,41,2020,03,20,9:37,25,25,0,0,0,0,0,0,0,0,0,https://news.naver.com/main/read.nhn?mode=LSD&mid=sec&sid1=106&oid=052&aid=0001417305
김희원,"'아는형님' 곽도원 ""'변호인' 촬영중 핏줄터진 임시완 한마디 감동""",연예,41,2020,03,20,24:16,9,9,0,0,0,0,0,0,0,0,0,https://news.naver.com/main/read.nhn?mode=LSD&mid=sec&sid1=106&oid=241&aid=0003011492
김희원,"'아는 형님' 곽도원, 영화 '변호인' 당시 임시완에게 감동 받은 사연",연예,41,2020,03,20,8:59,2,2,0,0,0,0,0,0,0,0,0,https://news.naver.com/main/read.nhn?mode=LSD&mid=sec&sid1=106&oid=468&aid=0000638372
김희원,곽도원×김대명×김희원 ‘아는형님’ 출연…찰진 케미+예능감 기대,연예,41,2020,03,20,9:16,6,6,0,0,0,0,0,0,0,0,0,https://news.naver.com/main/read.nhn?mode=LSD&mid=sec&sid1=106&oid=382&aid=0000806813
김희원,"""美친 예능감""…'국제수사' 곽도원·김대명·김희원 '아는형님' 출격",연예,41,2020,03,20,13:22,16,16,0,0,0,0,0,0,0,0,0,https://news.naver.com/main/read.nhn?mode=LSD&mid=sec&sid1=106&oid=241&aid=0003011505
김희원,"곽도원X김대명X김희원, '아는형님' 출격...폭발적 예능감+매력 발산",연예,41,2020,03,20,10:05,2,2,0,0,0,0,0,0,0,0,0,https://news.naver.com/main/read.nhn?mode=LSD&mid=sec&sid1=106&oid=213&aid=0001157989
김희원,곽도원X김대명X김희원X김상호 ‘국제수사’ 개성 넘치는 캐릭터 스틸 최초 공개,연예,41,2020,03,19,8:20,1,1,0,0,0,0,0,0,0,0,0,https://news.naver.com/main/read.nhn?mode=LSD&mid=sec&sid1=106&oid=215&aid=0000856807
김희원,"'국제수사' 곽도원X김대명X김희원X김상호, 4人4色 캐릭터스틸 공개",연예,41,2020,03,19,16:16,4,4,0,0,0,0,0,0,0,0,0,https://news.naver.com/main/read.nhn?mode=LSD&mid=sec&sid1=106&oid=112&aid=0003279810
김희원,"곽도원·김대명·김희원·김상호, '국제수사'로 뭉쳤다",연예,41,2020,03,19,9:04,5,5,0,0,0,0,0,0,0,0,0,https://news.naver.com/main/read.nhn?mode=LSD&mid=sec&sid1=106&oid=003&aid=0009765065
김희원,"[리뷰IS] '아형' 김희원X곽도원X김대명, 예능 초보 배우들의 유쾌 입담",연예,42,2020,03,22,7:17,26,25,0,1,0,0,0,0,0,0,0,https://news.naver.com/main/read.nhn?mode=LSD&mid=sec&sid1=106&oid=241&aid=0003011643
김희원,‘아형’ 곽도원X김희원X김대명의 유쾌한 예능 생존기,연예,42,2020,03,22,14:36,2,2,0,0,0,0,0,0,0,0,0,https://news.naver.com/main/read.nhn?mode=LSD&mid=sec&sid1=106&oid=005&aid=0001302152
김희원,"‘아형’ 곽도원X김희원X김대명, 우당탕탕 예능 적응기[어제TV]",연예,42,2020,03,22,6:01,1,1,0,0,0,0,0,0,0,0,0,https://news.naver.com/main/read.nhn?mode=LSD&mid=sec&sid1=106&oid=609&aid=0000259835
김희원,"[SC리뷰]'아는 형님' 곽도원X김희원X김대명, '국제수사' 배우 3인방의 화수분 매력 폭발 (ft.이병헌)",연예,42,2020,03,22,9:40,42,42,0,0,0,0,0,0,0,0,0,https://news.naver.com/main/read.nhn?mode=LSD&mid=sec&sid1=106&oid=076&aid=0003545005
김희원,"[어게인TV] '아는형님' 곽도원X김희원, 폭행신 언급...""흰자까지 터져""",연예,42,2020,03,22,6:50,9,9,0,0,0,0,0,0,0,0,0,https://news.naver.com/main/read.nhn?mode=LSD&mid=sec&sid1=106&oid=112&aid=0003280494
김희원,"""유쾌함 폭발""..'아는형님' 곽도원X김희원X김대명, 아재들의 예능 적응기[종합]",연예,42,2020,03,22,7:51,66,66,0,0,0,0,0,0,0,0,0,https://news.naver.com/main/read.nhn?mode=LSD&mid=sec&sid1=106&oid=109&aid=0004182612
김희원,[기자가만난세상] 코로나 사태 연장시키는 ‘안일함’,오피니언,43,2020,04,03,22:49,158,9,0,5,142,2,0,0,0,0,0,https://news.naver.com/main/read.nhn?mode=LSD&mid=sec&sid1=110&oid=022&aid=0003453415
김희원,9일부터 온라인개학···수능도 12월3일로 연기,사회,43,2020,03,31,14:48,83,2,1,5,74,1,0,0,0,0,0,https://news.naver.com/main/read.nhn?mode=LSD&mid=sec&sid1=102&oid=011&aid=0003717538
김희원,"[단독] 교육부, 대학 등록금 일부 환불 추진",사회,44,2020,04,08,17:11,60,43,0,0,14,3,0,0,0,0,0,https://news.naver.com/main/read.nhn?mode=LSD&mid=sec&sid1=102&oid=011&aid=0003721514
김희원,"온라인 개학 첫날 ""선생님 안들려요""···EBS는 로그인 '먹통'",사회,44,2020,04,09,16:23,230,5,0,11,211,3,0,0,0,0,0,https://news.naver.com/main/read.nhn?mode=LSD&mid=sec&sid1=102&oid=011&aid=0003722381
김희원,"은행, 소상공인 최저금리대출 3일간 902억",경제,44,2020,04,07,20:55,2,0,0,0,1,1,0,0,0,0,0,https://news.naver.com/main/read.nhn?mode=LSD&mid=sec&sid1=101&oid=022&aid=0003454408
김희원,"[단독]사립대 ""총선 선심경쟁 희생양 삼나"" 긴장",사회,44,2020,04,08,17:11,10,5,0,0,4,1,0,0,0,0,0,https://news.naver.com/main/read.nhn?mode=LSD&mid=sec&sid1=102&oid=011&aid=0003721515
김희원,"변요한·김무열·최병모·원진아, ‘보이스’에 거는 기대",연예,45,2020,04,17,8:54,17,17,0,0,0,0,0,0,0,0,0,https://news.naver.com/main/read.nhn?mode=LSD&mid=sec&sid1=106&oid=469&aid=0000488300
김희원,"교육부, '부적정 수강 의심 정보' 제공",사회,46,2020,04,23,16:59,2,0,0,0,2,0,0,0,0,0,0,https://news.naver.com/main/read.nhn?mode=LSD&mid=sec&sid1=102&oid=011&aid=0003728868
김희원,"[논담] 원혜영 “여, 거대 의석만큼 책임윤리 절실” 정병국 “야, 103석만큼만 일해라”",오피니언,46,2020,04,23,20:03,45,30,0,1,11,3,0,0,0,0,0,https://news.naver.com/main/read.nhn?mode=LSD&mid=sec&sid1=110&oid=469&aid=0000490359
김희원,"4년제 대학 97% ""5월 이후 대면 수업""",사회,46,2020,04,23,17:49,35,2,0,1,31,1,0,0,0,0,0,https://news.naver.com/main/read.nhn?mode=LSD&mid=sec&sid1=102&oid=011&aid=0003728965
김희원,"교육부 ""학력평가 단체 응시 학원 및 스터디카페 단속""",사회,46,2020,04,23,16:25,5,0,0,0,5,0,0,0,0,0,0,https://news.naver.com/main/read.nhn?mode=LSD&mid=sec&sid1=102&oid=011&aid=0003728845
김희원,"성동일·김희원·여진구, tvN '바퀴 달린 집' 출연…6월 첫 방송",연예,47,2020,04,29,11:50,54,54,0,0,0,0,0,0,0,0,0,https://news.naver.com/main/read.nhn?mode=LSD&mid=sec&sid1=106&oid=052&aid=0001434104
김희원,초중고 내달 11일부터 순차 등교 유력,사회,47,2020,04,27,16:05,150,19,0,1,125,5,0,0,0,0,0,https://news.naver.com/main/read.nhn?mode=LSD&mid=sec&sid1=102&oid=011&aid=0003730291
김희원,2022학년도 대입 정시 늘어···서울 주요대 40% 육박,사회,47,2020,04,29,15:15,11,4,0,0,7,0,0,0,0,0,0,https://news.naver.com/main/read.nhn?mode=LSD&mid=sec&sid1=102&oid=011&aid=0003731556
김희원,고용·소비 ‘최악’… 文대통령 “경제 전시상황”,경제,47,2020,04,28,18:28,199,6,3,0,190,0,0,0,0,0,0,https://news.naver.com/main/read.nhn?mode=LSD&mid=sec&sid1=101&oid=022&aid=0003460768
김희원,"성동일·김희원·여진구, '바퀴 달린 집' 타고 전국 유랑",생활,47,2020,04,29,10:25,24,18,6,0,0,0,0,0,0,0,0,https://news.naver.com/main/read.nhn?mode=LSD&mid=sec&sid1=103&oid=001&aid=0011578756
김희원,'바퀴 달린 집' 성동일·김희원·여진구의 전국 유랑 생활기,연예,47,2020,04,29,15:42,21,20,0,1,0,0,0,0,0,0,0,https://news.naver.com/main/read.nhn?mode=LSD&mid=sec&sid1=106&oid=079&aid=0003355073
김희원,"성동일·김희원·여진구, tvN 새 예능 '바퀴 달린 집' 출연",연예,47,2020,04,29,20:00,5,5,0,0,0,0,0,0,0,0,0,https://news.naver.com/main/read.nhn?mode=LSD&mid=sec&sid1=106&oid=011&aid=0003731742
김희원,"tvN, ""신규 예능 '바퀴 달린 집'에 성동일·김희원·여진구 출연 확정""",연예,47,2020,04,29,10:33,10,10,0,0,0,0,0,0,0,0,0,https://news.naver.com/main/read.nhn?mode=LSD&mid=sec&sid1=106&oid=241&aid=0003019543
김희원,[방송가 S/S 시즌②]'삼시세끼'에 '서울촌놈'까지 새 예능 키워드는?,연예,48,2020,05,08,5:00,13,13,0,0,0,0,0,0,0,0,0,https://news.naver.com/main/read.nhn?mode=LSD&mid=sec&sid1=106&oid=629&aid=0000025054
김희원,2주 정도는 가정학습도 출석 인정된다...확진자 등 출석 인정,사회,48,2020,05,07,16:55,79,5,1,0,73,0,0,0,0,0,0,https://news.naver.com/main/read.nhn?mode=LSD&mid=sec&sid1=102&oid=011&aid=0003734017
김희원,창문 1/3 이상 연 채 학교 에어컨 가동...확진자 결석해도 출석처리,사회,48,2020,05,08,7:01,37,1,0,0,34,2,0,0,0,0,0,https://news.naver.com/main/read.nhn?mode=LSD&mid=sec&sid1=102&oid=011&aid=0003734182
김희원,[메아리] 김어준 그리고 민경욱,오피니언,48,2020,05,08,18:02,163,32,0,1,129,1,0,0,0,0,0,https://news.naver.com/main/read.nhn?mode=LSD&mid=sec&sid1=110&oid=469&aid=0000494555
김희원,"靑 '검토', 與 '선긋기', 의료계 '투쟁'…불붙은 '원격의료'",정치,49,2020,05,14,18:39,273,15,0,0,256,2,0,0,0,0,0,https://news.naver.com/main/read.nhn?mode=LSD&mid=sec&sid1=100&oid=022&aid=0003465167
김희원,원격의료 도입 당·정 온도차… 의료계 반발 ‘넘어야 할 산’,정치,49,2020,05,15,6:03,220,9,0,0,207,4,0,0,0,0,0,https://news.naver.com/main/read.nhn?mode=LSD&mid=sec&sid1=100&oid=022&aid=0003465341
김희원,"[단독] 여진구, JTBC '괴물' 주연…'호텔 델루나' 이후 1년만",연예,49,2020,05,16,10:22,243,206,0,1,0,0,28,2,4,2,0,https://news.naver.com/main/read.nhn?mode=LSD&mid=sec&sid1=106&oid=421&aid=0004640847
김희원,학생들 ‘VDT 증후군’ 호소… 엄마는 ‘학습 도우미’ 스트레스 [뉴스 인사이드-온라인 개학 후유증],사회,49,2020,05,16,22:02,199,1,1,29,166,2,0,0,0,0,0,https://news.naver.com/main/read.nhn?mode=LSD&mid=sec&sid1=102&oid=022&aid=0003465765
김희원,성동일·김희원·여진구가 말하는 ‘바퀴 달린 집’,연예,50,2020,05,22,10:46,30,20,0,0,0,0,4,1,4,1,0,https://news.naver.com/main/read.nhn?mode=LSD&mid=sec&sid1=106&oid=005&aid=0001324030
김희원,"[N년 전 오늘의 XP] 설경구-임시완-김희원-전혜진, ‘불한당’으로 칸 영화제 출국",연예,50,2020,05,23,6:11,29,22,0,1,0,0,1,0,1,4,0,https://news.naver.com/main/read.nhn?mode=LSD&mid=sec&sid1=106&oid=311&aid=0001150675
김희원,라미란·혜리 '바퀴 달린 집' 첫 게스트… 성동일·김희원·여진구와 케미(공식),연예,50,2020,05,20,11:39,53,41,0,4,0,0,5,0,1,2,0,https://news.naver.com/main/read.nhn?mode=LSD&mid=sec&sid1=106&oid=052&aid=0001442197
김희원,재난지원금 은행 신청 첫날… 60대 이상 고객 붐벼,사회,50,2020,05,18,19:00,3,0,1,1,1,0,0,0,0,0,0,https://news.naver.com/main/read.nhn?mode=LSD&mid=sec&sid1=102&oid=022&aid=0003466228
김희원,"'바퀴 달린 집' 제작진 ""성동일·김희원·여진구 삼형제 케미, 따뜻하고 유쾌""",연예,50,2020,05,22,10:16,8,5,0,0,0,0,3,0,0,0,0,https://news.naver.com/main/read.nhn?mode=LSD&mid=sec&sid1=106&oid=052&aid=0001443066
김희원,"성동일X김희원X여진구, '바퀴 달린 집' 출연…6월 11일 첫 방송",연예,50,2020,05,22,10:13,5,3,0,0,0,0,1,0,0,1,0,https://news.naver.com/main/read.nhn?mode=LSD&mid=sec&sid1=106&oid=468&aid=0000661408
김희원,[공식] 성동일-김희원-여진구표 '바퀴달린 집' 6월 11일 첫방 확정,연예,50,2020,05,22,10:09,10,8,0,0,0,0,2,0,0,0,0,https://news.naver.com/main/read.nhn?mode=LSD&mid=sec&sid1=106&oid=076&aid=0003571927
김희원,"성동일·김희원·여진구 '바퀴 달린 집', '슬의생' 후속으로 6월 11일 첫방",연예,50,2020,05,22,10:59,14,9,0,0,0,0,2,0,3,0,0,https://news.naver.com/main/read.nhn?mode=LSD&mid=sec&sid1=106&oid=011&aid=0003741326
김희원,"[단독] 라미란x혜리, '바퀴달린 집' 첫 게스트 출격..성동일·김희원·여진구와 호흡",연예,50,2020,05,20,10:47,41,34,0,1,0,0,6,0,0,0,0,https://news.naver.com/main/read.nhn?mode=LSD&mid=sec&sid1=106&oid=109&aid=0004209516
김희원,‘바퀴 달린 집’ 측 “라미란 혜리 첫 게스트 출격” 성동일 만난다(공식입장),연예,50,2020,05,20,11:15,16,12,0,1,0,0,3,0,0,0,0,https://news.naver.com/main/read.nhn?mode=LSD&mid=sec&sid1=106&oid=609&aid=0000279196
김희원,"'바퀴 달린 집', 2차 티저 공개 ""성동일X김희원X여진구 '케미' 발산""",연예,51,2020,05,29,11:41,20,15,0,0,0,0,2,0,3,0,0,https://news.naver.com/main/read.nhn?mode=LSD&mid=sec&sid1=106&oid=241&aid=0003026915
김희원,"김희원, 오나미 생일 축하 ""건강하고 얼른 결혼하자""",연예,51,2020,05,28,18:30,235,145,0,6,0,0,7,69,1,7,0,https://news.naver.com/main/read.nhn?mode=LSD&mid=sec&sid1=106&oid=108&aid=0002866393
김희원,"김희원, 동기 오나미 생일 축하 “건강하고 얼른 결혼하자”[SNS★컷]",연예,51,2020,05,29,14:29,5,1,0,0,0,0,0,4,0,0,0,https://news.naver.com/main/read.nhn?mode=LSD&mid=sec&sid1=106&oid=609&aid=0000283195
김희원,'왕남' 감독·'열혈사제' 작가… tvN '빈센조'로 의기투합(공식),연예,51,2020,05,26,14:12,43,34,0,0,0,0,1,0,5,3,0,https://news.naver.com/main/read.nhn?mode=LSD&mid=sec&sid1=106&oid=052&aid=0001444581
김희원,이보미♥이완 결혼 풀스토리 공개 “첫눈에 ‘이 여자다’ 직감. 2세 계획은 2년 후 정도”,연예,51,2020,05,28,24:12,6,5,0,0,0,0,1,0,0,0,0,https://news.naver.com/main/read.nhn?mode=LSD&mid=sec&sid1=106&oid=022&aid=0003469465
김희원,달콤한 판타지 같은 휴먼 로맨스 '슬기로운 의사생활' 14% 종영,생활,51,2020,05,29,9:06,5,5,0,0,0,0,0,0,0,0,0,https://news.naver.com/main/read.nhn?mode=LSD&mid=sec&sid1=103&oid=001&aid=0011642117
김희원,'바퀴 달린 집' 여진구X김희원X성동일 세 남자의 특별한 동거,연예,51,2020,05,29,10:59,2,2,0,0,0,0,0,0,0,0,0,https://news.naver.com/main/read.nhn?mode=LSD&mid=sec&sid1=106&oid=003&aid=0009887581
김희원,"'바퀴달린집' 성동일X김희원X여진구, 삼형제 케미 돋보인 2차 티저 공개",연예,51,2020,05,29,10:24,6,3,0,0,0,0,2,0,1,0,0,https://news.naver.com/main/read.nhn?mode=LSD&mid=sec&sid1=106&oid=076&aid=0003575700
김희원,"'바퀴 달린 집' 똑같은 표정의 성동일X김희원X여진구, 2차 티저 영상 공개",연예,51,2020,05,29,11:24,5,2,0,0,0,0,1,0,2,0,0,https://news.naver.com/main/read.nhn?mode=LSD&mid=sec&sid1=106&oid=015&aid=0004349975
김희원,"'바퀴 달린 집' 성동일·김희원·여진구, 삼형제 케미↑..첫손님은 라미란·혜리",연예,51,2020,05,29,11:00,13,10,0,0,0,0,2,0,0,1,0,https://news.naver.com/main/read.nhn?mode=LSD&mid=sec&sid1=106&oid=404&aid=0000266735
김희원,"오나미, 생일파티서 수줍은 주인공..김희원 ""파파 할머니 되더라도 같이 해""",연예,51,2020,05,28,13:50,79,51,0,3,0,0,5,17,0,3,0,https://news.naver.com/main/read.nhn?mode=LSD&mid=sec&sid1=106&oid=112&aid=0003302953
김희원,"tvN 측 “박재범 작가 신작 편성 조율중, 김희원PD 연출”(공식)",연예,51,2020,05,26,14:13,16,15,0,0,0,0,1,0,0,0,0,https://news.naver.com/main/read.nhn?mode=LSD&mid=sec&sid1=106&oid=609&aid=0000281772
김희원,"[단독] '열혈사제' 작가, 차기작 '빈센조'로 컴백…tvN 편성",연예,51,2020,05,26,9:11,69,55,0,2,0,0,1,0,7,4,0,https://news.naver.com/main/read.nhn?mode=LSD&mid=sec&sid1=106&oid=421&aid=0004657779
