유준상,"[인터뷰] 남궁민, “부족함을 인정할수록 마음이 편해져요”",연예,0,2019,06,04,21:25,14,14,0,0,0,0,0,0,0,0,0,https://news.naver.com/main/read.nhn?mode=LSD&mid=sec&sid1=106&oid=011&aid=0003565359
유준상,"‘잔류 실패’ 위너스, 다시 챌린저스 노크한다",스포츠,0,2019,06,07,15:19,8,3,0,3,0,2,0,0,0,0,0,http://sports.news.naver.com/esports/news/read.nhn?oid=005&aid=0001205713
유준상,"""뮤지컬스타와 함께""…딤프 스타데이트 24일·7월4일",사회,0,2019,06,06,17:17,1,1,0,0,0,0,0,0,0,0,0,https://news.naver.com/main/read.nhn?mode=LSD&mid=sec&sid1=102&oid=421&aid=0004028699
유준상,"'유준상♥'홍은희, 세월 피해가는 동안 비주얼...감탄 나오는 도자기 피부",연예,0,2019,06,02,19:23,1,1,0,0,0,0,0,0,0,0,0,https://news.naver.com/main/read.nhn?mode=LSD&mid=sec&sid1=106&oid=112&aid=0003171355
유준상,"'유준상♥'홍은희, 태평양 이마 미녀 인증 ""이마 넓어진 날""",연예,1,2019,06,09,10:14,3,3,0,0,0,0,0,0,0,0,0,https://news.naver.com/main/read.nhn?mode=LSD&mid=sec&sid1=106&oid=112&aid=0003173742
유준상,"나무엑터스, 차세대 스타 배우 발굴 오디션 오늘 (12일) 접수 마감",연예,1,2019,06,12,11:03,5,5,0,0,0,0,0,0,0,0,0,https://news.naver.com/main/read.nhn?mode=LSD&mid=sec&sid1=106&oid=312&aid=0000392537
유준상,"'비디오스타' 남우현, 유준상에 실력 인정 받았다? '깜짝' 전화연결까지!",연예,2,2019,06,17,11:43,56,56,0,0,0,0,0,0,0,0,0,https://news.naver.com/main/read.nhn?mode=LSD&mid=sec&sid1=106&oid=408&aid=0000074162
유준상,"[포인트1분] '비디오스타' 남우현, 유준상에게 나만 칭찬 받은 줄 ""칭찬에 후하다?""",연예,2,2019,06,18,21:19,12,12,0,0,0,0,0,0,0,0,0,https://news.naver.com/main/read.nhn?mode=LSD&mid=sec&sid1=106&oid=112&aid=0003177558
유준상,"'유준상♥'홍은희, 나이 잊은 동안 미모..순백의 청순美",연예,2,2019,06,18,8:02,3,3,0,0,0,0,0,0,0,0,0,https://news.naver.com/main/read.nhn?mode=LSD&mid=sec&sid1=106&oid=112&aid=0003177177
유준상,"'비디오스타' 남우현 ""꾸준한 뮤지컬? 유준상에 인정 받았다"" [Oh!쎈 컷]",연예,2,2019,06,17,11:06,23,23,0,0,0,0,0,0,0,0,0,https://news.naver.com/main/read.nhn?mode=LSD&mid=sec&sid1=106&oid=109&aid=0004030882
유준상,"[TV알리미] '비스' 인피니트 남우현 ""다시 도전한 뮤지컬, 유준상에게 인정 받아",연예,2,2019,06,17,16:03,155,155,0,0,0,0,0,0,0,0,0,https://news.naver.com/main/read.nhn?mode=LSD&mid=sec&sid1=106&oid=396&aid=0000516537
유준상,"'비스' 남우현 ""꾸준한 뮤지컬 섭외 비결? 내가 잘하니까""",연예,2,2019,06,17,11:06,43,43,0,0,0,0,0,0,0,0,0,https://news.naver.com/main/read.nhn?mode=LSD&mid=sec&sid1=106&oid=076&aid=0003430171
유준상,"""내가 잘하니까""…'비디오스타' 남우현, 계속되는 뮤지컬 섭외 비결 공개",연예,2,2019,06,17,11:47,8,8,0,0,0,0,0,0,0,0,0,https://news.naver.com/main/read.nhn?mode=LSD&mid=sec&sid1=106&oid=015&aid=0004160366
유준상,"'비디오스타' 남우현, 뮤지컬 섭외 비결 ""내가 잘하니까"" 솔직 당당 입담",연예,2,2019,06,18,12:10,21,21,0,0,0,0,0,0,0,0,0,https://news.naver.com/main/read.nhn?mode=LSD&mid=sec&sid1=106&oid=011&aid=0003571472
유준상,"‘비디오스타’ 남우현, 계속 되는 ‘뮤지컬 섭외 비결’ 공개",연예,2,2019,06,18,12:56,7,7,0,0,0,0,0,0,0,0,0,https://news.naver.com/main/read.nhn?mode=LSD&mid=sec&sid1=106&oid=469&aid=0000397752
유준상,"'유준상♥'홍은희, 10살은 어려보이는 과즙 미소",연예,3,2019,06,27,7:39,4,4,0,0,0,0,0,0,0,0,0,https://news.naver.com/main/read.nhn?mode=LSD&mid=sec&sid1=106&oid=112&aid=0003181026
유준상,"[투데이 연예톡톡] 배우 유준상, 다음 달 단독 콘서트 개최",연예,3,2019,06,26,6:59,1,1,0,0,0,0,0,0,0,0,0,https://news.naver.com/main/read.nhn?mode=LSD&mid=sec&sid1=106&oid=214&aid=0000959059
유준상,"""행복한 날"" 유준상→전혜빈…이시영 공개한 '왜그래 풍상씨' 회식 [★해시태그]",연예,3,2019,06,26,18:02,8,8,0,0,0,0,0,0,0,0,0,https://news.naver.com/main/read.nhn?mode=LSD&mid=sec&sid1=106&oid=311&aid=0001010136
유준상,"""다들 사랑해""..이시영, '왜그래 풍상씨' 향한 애정···모임 인증샷",연예,3,2019,06,26,15:05,8,8,0,0,0,0,0,0,0,0,0,https://news.naver.com/main/read.nhn?mode=LSD&mid=sec&sid1=106&oid=241&aid=0002929710
유준상,"이시영, '왜그래 풍상씨'팀과 여전한 의리 과시...애정 가득 셀카",연예,3,2019,06,26,10:44,9,9,0,0,0,0,0,0,0,0,0,https://news.naver.com/main/read.nhn?mode=LSD&mid=sec&sid1=106&oid=112&aid=0003180569
유준상,"이시영, '왜그래 풍상씨' 오남매 회동 인증 ""힐링한 모임""",연예,3,2019,06,26,8:07,16,16,0,0,0,0,0,0,0,0,0,https://news.naver.com/main/read.nhn?mode=LSD&mid=sec&sid1=106&oid=108&aid=0002792673
유준상,윤종신 주말 테니스 멤버 이재훈 정은표 유준상 성시경 신정환,사회,4,2019,07,01,11:16,1,1,0,0,0,0,0,0,0,0,0,https://news.naver.com/main/read.nhn?mode=LSD&mid=sec&sid1=102&oid=082&aid=0000919441
유준상,"신정환, 뜻밖의 근황공개…윤종신·유준상·성시경과 ""주말 테니스""[SNS컷]",연예,4,2019,07,01,17:53,3,3,0,0,0,0,0,0,0,0,0,https://news.naver.com/main/read.nhn?mode=LSD&mid=sec&sid1=106&oid=477&aid=0000192857
유준상,"신정환 근황, 윤종신·유준상·성시경과 주말테니스...`편안한 표정`",연예,4,2019,07,01,16:08,3,3,0,0,0,0,0,0,0,0,0,https://news.naver.com/main/read.nhn?mode=LSD&mid=sec&sid1=106&oid=009&aid=0004383651
유준상,제8기 차세대보안리더 양성프로그램 발대식 개최...“차세대 화이트해커 육성”,IT,4,2019,07,02,9:54,2,1,0,0,1,0,0,0,0,0,0,https://news.naver.com/main/read.nhn?mode=LSD&mid=sec&sid1=105&oid=138&aid=0002074854
유준상,"'저스티스' 측 ""손현주·최진혁, 유준상·남궁민 잇는 믿보 배우""",연예,5,2019,07,11,13:17,15,15,0,0,0,0,0,0,0,0,0,https://news.naver.com/main/read.nhn?mode=LSD&mid=sec&sid1=106&oid=311&aid=0001016854
유준상,"'엄유민법' 엄기준X유준상X민영기X김법래, 첫 번째 정규 앨범 '깜짝 스포'",연예,5,2019,07,10,10:14,5,5,0,0,0,0,0,0,0,0,0,https://news.naver.com/main/read.nhn?mode=LSD&mid=sec&sid1=106&oid=011&aid=0003583820
유준상,"[단독] 유준상·송윤아 물망 '우아한 친구들', 2020년 JTBC 편성",연예,5,2019,07,10,11:41,21,21,0,0,0,0,0,0,0,0,0,https://news.naver.com/main/read.nhn?mode=LSD&mid=sec&sid1=106&oid=052&aid=0001317108
유준상,'저스티스' 최진혁 & 손현주 믿보 남배우 계보 잇는다,연예,5,2019,07,12,6:12,5,5,0,0,0,0,0,0,0,0,0,https://news.naver.com/main/read.nhn?mode=LSD&mid=sec&sid1=106&oid=011&aid=0003585067
유준상,"‘저스티스’ 최진혁X손현주, ‘믿보男 배우’ 유준상 남궁민 계보 잇는다",연예,5,2019,07,11,23:14,2,2,0,0,0,0,0,0,0,0,0,https://news.naver.com/main/read.nhn?mode=LSD&mid=sec&sid1=106&oid=469&aid=0000404799
유준상,"‘저스티스’ 최진혁&손현주, 2019년 KBS 흥행사 잇는다",연예,5,2019,07,11,13:17,34,34,0,0,0,0,0,0,0,0,0,https://news.naver.com/main/read.nhn?mode=LSD&mid=sec&sid1=106&oid=076&aid=0003440652
유준상,"‘저스티스’ 최진혁X손현주, ‘KBS 흥행사’ 이어간다",연예,5,2019,07,11,13:11,15,15,0,0,0,0,0,0,0,0,0,https://news.naver.com/main/read.nhn?mode=LSD&mid=sec&sid1=106&oid=382&aid=0000745788
유준상,"엄기준X유준상X민영기X김법래 ‘엄유민법’, 첫 번째 정규 앨범 자켓 비하인드 공개",연예,5,2019,07,10,8:39,2,2,0,0,0,0,0,0,0,0,0,https://news.naver.com/main/read.nhn?mode=LSD&mid=sec&sid1=106&oid=215&aid=0000792310
유준상,"엄기준·유준상·민영기·김법래 ‘엄유민법’, 첫 정규앨범 발매 예고",연예,5,2019,07,10,8:38,17,17,0,0,0,0,0,0,0,0,0,https://news.naver.com/main/read.nhn?mode=LSD&mid=sec&sid1=106&oid=109&aid=0004046792
유준상,뮤지컬 `삼총사` 주역 4人…`엄유민법` 첫 정규앨범 낸다,생활,5,2019,07,10,17:28,8,3,3,0,2,0,0,0,0,0,0,https://news.naver.com/main/read.nhn?mode=LSD&mid=sec&sid1=103&oid=009&aid=0004389619
유준상,"[인터뷰] 남궁민, “부족함을 인정할수록 마음이 편해져요”",연예,0,2019,06,04,21:25,14,14,0,0,0,0,0,0,0,0,0,https://news.naver.com/main/read.nhn?mode=LSD&mid=sec&sid1=106&oid=011&aid=0003565359
유준상,"‘잔류 실패’ 위너스, 다시 챌린저스 노크한다",스포츠,0,2019,06,07,15:19,8,3,0,3,0,2,0,0,0,0,0,http://sports.news.naver.com/esports/news/read.nhn?oid=005&aid=0001205713
유준상,"""뮤지컬스타와 함께""…딤프 스타데이트 24일·7월4일",사회,0,2019,06,06,17:17,1,1,0,0,0,0,0,0,0,0,0,https://news.naver.com/main/read.nhn?mode=LSD&mid=sec&sid1=102&oid=421&aid=0004028699
유준상,"'유준상♥'홍은희, 세월 피해가는 동안 비주얼...감탄 나오는 도자기 피부",연예,0,2019,06,02,19:23,1,1,0,0,0,0,0,0,0,0,0,https://news.naver.com/main/read.nhn?mode=LSD&mid=sec&sid1=106&oid=112&aid=0003171355
유준상,"'유준상♥'홍은희, 태평양 이마 미녀 인증 ""이마 넓어진 날""",연예,1,2019,06,09,10:14,3,3,0,0,0,0,0,0,0,0,0,https://news.naver.com/main/read.nhn?mode=LSD&mid=sec&sid1=106&oid=112&aid=0003173742
유준상,"나무엑터스, 차세대 스타 배우 발굴 오디션 오늘 (12일) 접수 마감",연예,1,2019,06,12,11:03,5,5,0,0,0,0,0,0,0,0,0,https://news.naver.com/main/read.nhn?mode=LSD&mid=sec&sid1=106&oid=312&aid=0000392537
유준상,"'비디오스타' 남우현, 유준상에 실력 인정 받았다? '깜짝' 전화연결까지!",연예,2,2019,06,17,11:43,56,56,0,0,0,0,0,0,0,0,0,https://news.naver.com/main/read.nhn?mode=LSD&mid=sec&sid1=106&oid=408&aid=0000074162
유준상,"[포인트1분] '비디오스타' 남우현, 유준상에게 나만 칭찬 받은 줄 ""칭찬에 후하다?""",연예,2,2019,06,18,21:19,12,12,0,0,0,0,0,0,0,0,0,https://news.naver.com/main/read.nhn?mode=LSD&mid=sec&sid1=106&oid=112&aid=0003177558
유준상,"'유준상♥'홍은희, 나이 잊은 동안 미모..순백의 청순美",연예,2,2019,06,18,8:02,3,3,0,0,0,0,0,0,0,0,0,https://news.naver.com/main/read.nhn?mode=LSD&mid=sec&sid1=106&oid=112&aid=0003177177
유준상,"'비디오스타' 남우현 ""꾸준한 뮤지컬? 유준상에 인정 받았다"" [Oh!쎈 컷]",연예,2,2019,06,17,11:06,23,23,0,0,0,0,0,0,0,0,0,https://news.naver.com/main/read.nhn?mode=LSD&mid=sec&sid1=106&oid=109&aid=0004030882
유준상,"[TV알리미] '비스' 인피니트 남우현 ""다시 도전한 뮤지컬, 유준상에게 인정 받아",연예,2,2019,06,17,16:03,155,155,0,0,0,0,0,0,0,0,0,https://news.naver.com/main/read.nhn?mode=LSD&mid=sec&sid1=106&oid=396&aid=0000516537
유준상,"'비스' 남우현 ""꾸준한 뮤지컬 섭외 비결? 내가 잘하니까""",연예,2,2019,06,17,11:06,43,43,0,0,0,0,0,0,0,0,0,https://news.naver.com/main/read.nhn?mode=LSD&mid=sec&sid1=106&oid=076&aid=0003430171
유준상,"""내가 잘하니까""…'비디오스타' 남우현, 계속되는 뮤지컬 섭외 비결 공개",연예,2,2019,06,17,11:47,8,8,0,0,0,0,0,0,0,0,0,https://news.naver.com/main/read.nhn?mode=LSD&mid=sec&sid1=106&oid=015&aid=0004160366
유준상,"'비디오스타' 남우현, 뮤지컬 섭외 비결 ""내가 잘하니까"" 솔직 당당 입담",연예,2,2019,06,18,12:10,21,21,0,0,0,0,0,0,0,0,0,https://news.naver.com/main/read.nhn?mode=LSD&mid=sec&sid1=106&oid=011&aid=0003571472
유준상,"‘비디오스타’ 남우현, 계속 되는 ‘뮤지컬 섭외 비결’ 공개",연예,2,2019,06,18,12:56,7,7,0,0,0,0,0,0,0,0,0,https://news.naver.com/main/read.nhn?mode=LSD&mid=sec&sid1=106&oid=469&aid=0000397752
유준상,"'유준상♥'홍은희, 10살은 어려보이는 과즙 미소",연예,3,2019,06,27,7:39,4,4,0,0,0,0,0,0,0,0,0,https://news.naver.com/main/read.nhn?mode=LSD&mid=sec&sid1=106&oid=112&aid=0003181026
유준상,"[투데이 연예톡톡] 배우 유준상, 다음 달 단독 콘서트 개최",연예,3,2019,06,26,6:59,1,1,0,0,0,0,0,0,0,0,0,https://news.naver.com/main/read.nhn?mode=LSD&mid=sec&sid1=106&oid=214&aid=0000959059
유준상,"""행복한 날"" 유준상→전혜빈…이시영 공개한 '왜그래 풍상씨' 회식 [★해시태그]",연예,3,2019,06,26,18:02,8,8,0,0,0,0,0,0,0,0,0,https://news.naver.com/main/read.nhn?mode=LSD&mid=sec&sid1=106&oid=311&aid=0001010136
유준상,"""다들 사랑해""..이시영, '왜그래 풍상씨' 향한 애정···모임 인증샷",연예,3,2019,06,26,15:05,8,8,0,0,0,0,0,0,0,0,0,https://news.naver.com/main/read.nhn?mode=LSD&mid=sec&sid1=106&oid=241&aid=0002929710
유준상,"이시영, '왜그래 풍상씨'팀과 여전한 의리 과시...애정 가득 셀카",연예,3,2019,06,26,10:44,9,9,0,0,0,0,0,0,0,0,0,https://news.naver.com/main/read.nhn?mode=LSD&mid=sec&sid1=106&oid=112&aid=0003180569
유준상,"이시영, '왜그래 풍상씨' 오남매 회동 인증 ""힐링한 모임""",연예,3,2019,06,26,8:07,16,16,0,0,0,0,0,0,0,0,0,https://news.naver.com/main/read.nhn?mode=LSD&mid=sec&sid1=106&oid=108&aid=0002792673
유준상,윤종신 주말 테니스 멤버 이재훈 정은표 유준상 성시경 신정환,사회,4,2019,07,01,11:16,1,1,0,0,0,0,0,0,0,0,0,https://news.naver.com/main/read.nhn?mode=LSD&mid=sec&sid1=102&oid=082&aid=0000919441
유준상,"신정환, 뜻밖의 근황공개…윤종신·유준상·성시경과 ""주말 테니스""[SNS컷]",연예,4,2019,07,01,17:53,3,3,0,0,0,0,0,0,0,0,0,https://news.naver.com/main/read.nhn?mode=LSD&mid=sec&sid1=106&oid=477&aid=0000192857
유준상,"신정환 근황, 윤종신·유준상·성시경과 주말테니스...`편안한 표정`",연예,4,2019,07,01,16:08,3,3,0,0,0,0,0,0,0,0,0,https://news.naver.com/main/read.nhn?mode=LSD&mid=sec&sid1=106&oid=009&aid=0004383651
유준상,제8기 차세대보안리더 양성프로그램 발대식 개최...“차세대 화이트해커 육성”,IT,4,2019,07,02,9:54,2,1,0,0,1,0,0,0,0,0,0,https://news.naver.com/main/read.nhn?mode=LSD&mid=sec&sid1=105&oid=138&aid=0002074854
유준상,"'저스티스' 측 ""손현주·최진혁, 유준상·남궁민 잇는 믿보 배우""",연예,5,2019,07,11,13:17,15,15,0,0,0,0,0,0,0,0,0,https://news.naver.com/main/read.nhn?mode=LSD&mid=sec&sid1=106&oid=311&aid=0001016854
유준상,"'엄유민법' 엄기준X유준상X민영기X김법래, 첫 번째 정규 앨범 '깜짝 스포'",연예,5,2019,07,10,10:14,5,5,0,0,0,0,0,0,0,0,0,https://news.naver.com/main/read.nhn?mode=LSD&mid=sec&sid1=106&oid=011&aid=0003583820
유준상,"[단독] 유준상·송윤아 물망 '우아한 친구들', 2020년 JTBC 편성",연예,5,2019,07,10,11:41,21,21,0,0,0,0,0,0,0,0,0,https://news.naver.com/main/read.nhn?mode=LSD&mid=sec&sid1=106&oid=052&aid=0001317108
유준상,'저스티스' 최진혁 & 손현주 믿보 남배우 계보 잇는다,연예,5,2019,07,12,6:12,5,5,0,0,0,0,0,0,0,0,0,https://news.naver.com/main/read.nhn?mode=LSD&mid=sec&sid1=106&oid=011&aid=0003585067
유준상,"‘저스티스’ 최진혁X손현주, ‘믿보男 배우’ 유준상 남궁민 계보 잇는다",연예,5,2019,07,11,23:14,2,2,0,0,0,0,0,0,0,0,0,https://news.naver.com/main/read.nhn?mode=LSD&mid=sec&sid1=106&oid=469&aid=0000404799
유준상,"‘저스티스’ 최진혁&손현주, 2019년 KBS 흥행사 잇는다",연예,5,2019,07,11,13:17,34,34,0,0,0,0,0,0,0,0,0,https://news.naver.com/main/read.nhn?mode=LSD&mid=sec&sid1=106&oid=076&aid=0003440652
유준상,"‘저스티스’ 최진혁X손현주, ‘KBS 흥행사’ 이어간다",연예,5,2019,07,11,13:11,15,15,0,0,0,0,0,0,0,0,0,https://news.naver.com/main/read.nhn?mode=LSD&mid=sec&sid1=106&oid=382&aid=0000745788
유준상,"엄기준X유준상X민영기X김법래 ‘엄유민법’, 첫 번째 정규 앨범 자켓 비하인드 공개",연예,5,2019,07,10,8:39,2,2,0,0,0,0,0,0,0,0,0,https://news.naver.com/main/read.nhn?mode=LSD&mid=sec&sid1=106&oid=215&aid=0000792310
유준상,"엄기준·유준상·민영기·김법래 ‘엄유민법’, 첫 정규앨범 발매 예고",연예,5,2019,07,10,8:38,17,17,0,0,0,0,0,0,0,0,0,https://news.naver.com/main/read.nhn?mode=LSD&mid=sec&sid1=106&oid=109&aid=0004046792
유준상,뮤지컬 `삼총사` 주역 4人…`엄유민법` 첫 정규앨범 낸다,생활,5,2019,07,10,17:28,8,3,3,0,2,0,0,0,0,0,0,https://news.naver.com/main/read.nhn?mode=LSD&mid=sec&sid1=103&oid=009&aid=0004389619
유준상,"[인터뷰] 남궁민, “부족함을 인정할수록 마음이 편해져요”",연예,0,2019,06,04,21:25,14,14,0,0,0,0,0,0,0,0,0,https://news.naver.com/main/read.nhn?mode=LSD&mid=sec&sid1=106&oid=011&aid=0003565359
유준상,"‘잔류 실패’ 위너스, 다시 챌린저스 노크한다",스포츠,0,2019,06,07,15:19,8,3,0,3,0,2,0,0,0,0,0,http://sports.news.naver.com/esports/news/read.nhn?oid=005&aid=0001205713
유준상,"""뮤지컬스타와 함께""…딤프 스타데이트 24일·7월4일",사회,0,2019,06,06,17:17,1,1,0,0,0,0,0,0,0,0,0,https://news.naver.com/main/read.nhn?mode=LSD&mid=sec&sid1=102&oid=421&aid=0004028699
유준상,"'유준상♥'홍은희, 세월 피해가는 동안 비주얼...감탄 나오는 도자기 피부",연예,0,2019,06,02,19:23,1,1,0,0,0,0,0,0,0,0,0,https://news.naver.com/main/read.nhn?mode=LSD&mid=sec&sid1=106&oid=112&aid=0003171355
유준상,"'유준상♥'홍은희, 태평양 이마 미녀 인증 ""이마 넓어진 날""",연예,1,2019,06,09,10:14,3,3,0,0,0,0,0,0,0,0,0,https://news.naver.com/main/read.nhn?mode=LSD&mid=sec&sid1=106&oid=112&aid=0003173742
유준상,"나무엑터스, 차세대 스타 배우 발굴 오디션 오늘 (12일) 접수 마감",연예,1,2019,06,12,11:03,5,5,0,0,0,0,0,0,0,0,0,https://news.naver.com/main/read.nhn?mode=LSD&mid=sec&sid1=106&oid=312&aid=0000392537
유준상,"'비디오스타' 남우현, 유준상에 실력 인정 받았다? '깜짝' 전화연결까지!",연예,2,2019,06,17,11:43,56,56,0,0,0,0,0,0,0,0,0,https://news.naver.com/main/read.nhn?mode=LSD&mid=sec&sid1=106&oid=408&aid=0000074162
유준상,"[포인트1분] '비디오스타' 남우현, 유준상에게 나만 칭찬 받은 줄 ""칭찬에 후하다?""",연예,2,2019,06,18,21:19,12,12,0,0,0,0,0,0,0,0,0,https://news.naver.com/main/read.nhn?mode=LSD&mid=sec&sid1=106&oid=112&aid=0003177558
유준상,"'유준상♥'홍은희, 나이 잊은 동안 미모..순백의 청순美",연예,2,2019,06,18,8:02,3,3,0,0,0,0,0,0,0,0,0,https://news.naver.com/main/read.nhn?mode=LSD&mid=sec&sid1=106&oid=112&aid=0003177177
유준상,"'비디오스타' 남우현 ""꾸준한 뮤지컬? 유준상에 인정 받았다"" [Oh!쎈 컷]",연예,2,2019,06,17,11:06,23,23,0,0,0,0,0,0,0,0,0,https://news.naver.com/main/read.nhn?mode=LSD&mid=sec&sid1=106&oid=109&aid=0004030882
유준상,"[TV알리미] '비스' 인피니트 남우현 ""다시 도전한 뮤지컬, 유준상에게 인정 받아",연예,2,2019,06,17,16:03,155,155,0,0,0,0,0,0,0,0,0,https://news.naver.com/main/read.nhn?mode=LSD&mid=sec&sid1=106&oid=396&aid=0000516537
유준상,"'비스' 남우현 ""꾸준한 뮤지컬 섭외 비결? 내가 잘하니까""",연예,2,2019,06,17,11:06,43,43,0,0,0,0,0,0,0,0,0,https://news.naver.com/main/read.nhn?mode=LSD&mid=sec&sid1=106&oid=076&aid=0003430171
유준상,"""내가 잘하니까""…'비디오스타' 남우현, 계속되는 뮤지컬 섭외 비결 공개",연예,2,2019,06,17,11:47,8,8,0,0,0,0,0,0,0,0,0,https://news.naver.com/main/read.nhn?mode=LSD&mid=sec&sid1=106&oid=015&aid=0004160366
유준상,"'비디오스타' 남우현, 뮤지컬 섭외 비결 ""내가 잘하니까"" 솔직 당당 입담",연예,2,2019,06,18,12:10,21,21,0,0,0,0,0,0,0,0,0,https://news.naver.com/main/read.nhn?mode=LSD&mid=sec&sid1=106&oid=011&aid=0003571472
유준상,"‘비디오스타’ 남우현, 계속 되는 ‘뮤지컬 섭외 비결’ 공개",연예,2,2019,06,18,12:56,7,7,0,0,0,0,0,0,0,0,0,https://news.naver.com/main/read.nhn?mode=LSD&mid=sec&sid1=106&oid=469&aid=0000397752
유준상,"'유준상♥'홍은희, 10살은 어려보이는 과즙 미소",연예,3,2019,06,27,7:39,4,4,0,0,0,0,0,0,0,0,0,https://news.naver.com/main/read.nhn?mode=LSD&mid=sec&sid1=106&oid=112&aid=0003181026
유준상,"[투데이 연예톡톡] 배우 유준상, 다음 달 단독 콘서트 개최",연예,3,2019,06,26,6:59,1,1,0,0,0,0,0,0,0,0,0,https://news.naver.com/main/read.nhn?mode=LSD&mid=sec&sid1=106&oid=214&aid=0000959059
유준상,"""행복한 날"" 유준상→전혜빈…이시영 공개한 '왜그래 풍상씨' 회식 [★해시태그]",연예,3,2019,06,26,18:02,8,8,0,0,0,0,0,0,0,0,0,https://news.naver.com/main/read.nhn?mode=LSD&mid=sec&sid1=106&oid=311&aid=0001010136
유준상,"""다들 사랑해""..이시영, '왜그래 풍상씨' 향한 애정···모임 인증샷",연예,3,2019,06,26,15:05,8,8,0,0,0,0,0,0,0,0,0,https://news.naver.com/main/read.nhn?mode=LSD&mid=sec&sid1=106&oid=241&aid=0002929710
유준상,"이시영, '왜그래 풍상씨'팀과 여전한 의리 과시...애정 가득 셀카",연예,3,2019,06,26,10:44,9,9,0,0,0,0,0,0,0,0,0,https://news.naver.com/main/read.nhn?mode=LSD&mid=sec&sid1=106&oid=112&aid=0003180569
유준상,"이시영, '왜그래 풍상씨' 오남매 회동 인증 ""힐링한 모임""",연예,3,2019,06,26,8:07,16,16,0,0,0,0,0,0,0,0,0,https://news.naver.com/main/read.nhn?mode=LSD&mid=sec&sid1=106&oid=108&aid=0002792673
유준상,윤종신 주말 테니스 멤버 이재훈 정은표 유준상 성시경 신정환,사회,4,2019,07,01,11:16,1,1,0,0,0,0,0,0,0,0,0,https://news.naver.com/main/read.nhn?mode=LSD&mid=sec&sid1=102&oid=082&aid=0000919441
유준상,"신정환, 뜻밖의 근황공개…윤종신·유준상·성시경과 ""주말 테니스""[SNS컷]",연예,4,2019,07,01,17:53,3,3,0,0,0,0,0,0,0,0,0,https://news.naver.com/main/read.nhn?mode=LSD&mid=sec&sid1=106&oid=477&aid=0000192857
유준상,"신정환 근황, 윤종신·유준상·성시경과 주말테니스...`편안한 표정`",연예,4,2019,07,01,16:08,3,3,0,0,0,0,0,0,0,0,0,https://news.naver.com/main/read.nhn?mode=LSD&mid=sec&sid1=106&oid=009&aid=0004383651
유준상,제8기 차세대보안리더 양성프로그램 발대식 개최...“차세대 화이트해커 육성”,IT,4,2019,07,02,9:54,2,1,0,0,1,0,0,0,0,0,0,https://news.naver.com/main/read.nhn?mode=LSD&mid=sec&sid1=105&oid=138&aid=0002074854
유준상,"'저스티스' 측 ""손현주·최진혁, 유준상·남궁민 잇는 믿보 배우""",연예,5,2019,07,11,13:17,15,15,0,0,0,0,0,0,0,0,0,https://news.naver.com/main/read.nhn?mode=LSD&mid=sec&sid1=106&oid=311&aid=0001016854
유준상,"'엄유민법' 엄기준X유준상X민영기X김법래, 첫 번째 정규 앨범 '깜짝 스포'",연예,5,2019,07,10,10:14,5,5,0,0,0,0,0,0,0,0,0,https://news.naver.com/main/read.nhn?mode=LSD&mid=sec&sid1=106&oid=011&aid=0003583820
유준상,"[단독] 유준상·송윤아 물망 '우아한 친구들', 2020년 JTBC 편성",연예,5,2019,07,10,11:41,21,21,0,0,0,0,0,0,0,0,0,https://news.naver.com/main/read.nhn?mode=LSD&mid=sec&sid1=106&oid=052&aid=0001317108
유준상,'저스티스' 최진혁 & 손현주 믿보 남배우 계보 잇는다,연예,5,2019,07,12,6:12,5,5,0,0,0,0,0,0,0,0,0,https://news.naver.com/main/read.nhn?mode=LSD&mid=sec&sid1=106&oid=011&aid=0003585067
유준상,"‘저스티스’ 최진혁X손현주, ‘믿보男 배우’ 유준상 남궁민 계보 잇는다",연예,5,2019,07,11,23:14,2,2,0,0,0,0,0,0,0,0,0,https://news.naver.com/main/read.nhn?mode=LSD&mid=sec&sid1=106&oid=469&aid=0000404799
유준상,"‘저스티스’ 최진혁&손현주, 2019년 KBS 흥행사 잇는다",연예,5,2019,07,11,13:17,34,34,0,0,0,0,0,0,0,0,0,https://news.naver.com/main/read.nhn?mode=LSD&mid=sec&sid1=106&oid=076&aid=0003440652
유준상,"‘저스티스’ 최진혁X손현주, ‘KBS 흥행사’ 이어간다",연예,5,2019,07,11,13:11,15,15,0,0,0,0,0,0,0,0,0,https://news.naver.com/main/read.nhn?mode=LSD&mid=sec&sid1=106&oid=382&aid=0000745788
유준상,"엄기준X유준상X민영기X김법래 ‘엄유민법’, 첫 번째 정규 앨범 자켓 비하인드 공개",연예,5,2019,07,10,8:39,2,2,0,0,0,0,0,0,0,0,0,https://news.naver.com/main/read.nhn?mode=LSD&mid=sec&sid1=106&oid=215&aid=0000792310
유준상,"엄기준·유준상·민영기·김법래 ‘엄유민법’, 첫 정규앨범 발매 예고",연예,5,2019,07,10,8:38,17,17,0,0,0,0,0,0,0,0,0,https://news.naver.com/main/read.nhn?mode=LSD&mid=sec&sid1=106&oid=109&aid=0004046792
유준상,뮤지컬 `삼총사` 주역 4人…`엄유민법` 첫 정규앨범 낸다,생활,5,2019,07,10,17:28,8,3,3,0,2,0,0,0,0,0,0,https://news.naver.com/main/read.nhn?mode=LSD&mid=sec&sid1=103&oid=009&aid=0004389619
유준상,"'라디오쇼' 박명수x스탠리, '맘마미아'에 '라라랜드'까지..OST의 모든것 [종합]",연예,6,2019,07,17,11:54,18,18,0,0,0,0,0,0,0,0,0,https://news.naver.com/main/read.nhn?mode=LSD&mid=sec&sid1=106&oid=109&aid=0004051303
유준상,'라디오쇼' 박명수X스탠리 밝힌 영화 OST의 모든 것 #비긴어게인 #그리스 #라이온킹[종합],연예,6,2019,07,17,11:59,1,1,0,0,0,0,0,0,0,0,0,https://news.naver.com/main/read.nhn?mode=LSD&mid=sec&sid1=106&oid=112&aid=0003189369
유준상,"동상이몽2' 신동미 ""1년 전 배우 그만둘 뻔…유준상이 은인""",연예,7,2019,07,27,16:19,18,18,0,0,0,0,0,0,0,0,0,https://news.naver.com/main/read.nhn?mode=LSD&mid=sec&sid1=106&oid=076&aid=0003447173
유준상,'같이 펀딩' 티저 공개…MC 유희열·유준상·유인나·노홍철 등장,연예,7,2019,07,27,23:21,34,34,0,0,0,0,0,0,0,0,0,https://news.naver.com/main/read.nhn?mode=LSD&mid=sec&sid1=106&oid=421&aid=0004117520
유준상,"""♥유준상이 질투할라""..홍은희, 허일후 아나와 훈훈한 남매 케미",연예,7,2019,07,25,11:30,2,2,0,0,0,0,0,0,0,0,0,https://news.naver.com/main/read.nhn?mode=LSD&mid=sec&sid1=106&oid=112&aid=0003192415
유준상,"'동상이몽2' 신동미 ""유준상은 평생 은인"" 고백",연예,7,2019,07,27,20:39,20,20,0,0,0,0,0,0,0,0,0,https://news.naver.com/main/read.nhn?mode=LSD&mid=sec&sid1=106&oid=108&aid=0002800027
유준상,"`동상이몽2` 신동미 ""유준상은 내 평생의 은인""…18년 배우 인생사 공개",연예,7,2019,07,27,15:03,8,8,0,0,0,0,0,0,0,0,0,https://news.naver.com/main/read.nhn?mode=LSD&mid=sec&sid1=106&oid=009&aid=0004399736
유준상,‘너는 내 운명’ 신동미 “유준상은 내 평생의 은인”…부모님도 몰랐던 파란만장 인생사 고백,연예,7,2019,07,27,17:28,20,18,0,2,0,0,0,0,0,0,0,https://news.naver.com/main/read.nhn?mode=LSD&mid=sec&sid1=106&oid=144&aid=0000623216
유준상,"""악성종양에 은퇴 생각도""…'너는내운명' 신동미 19년 배우 인생史",연예,7,2019,07,27,15:27,39,33,0,6,0,0,0,0,0,0,0,https://news.naver.com/main/read.nhn?mode=LSD&mid=sec&sid1=106&oid=241&aid=0002942579
유준상,"‘같이펀딩’ 티저 영상, 유희열×유준상×노홍철×유인나 1차 라인업",연예,7,2019,07,27,20:29,17,17,0,0,0,0,0,0,0,0,0,https://news.naver.com/main/read.nhn?mode=LSD&mid=sec&sid1=106&oid=382&aid=0000749972
유준상,'같이 펀딩' 티저 공개…MC유희열-유준상-유인나-노홍철 등 1차 라인업,연예,7,2019,07,27,20:51,38,38,0,0,0,0,0,0,0,0,0,https://news.naver.com/main/read.nhn?mode=LSD&mid=sec&sid1=106&oid=076&aid=0003447215
유준상,"김태호 PD '같이 펀딩', MC유희열·유준상·유인나·노홍철 라인업 공개",연예,7,2019,07,27,22:19,44,43,0,1,0,0,0,0,0,0,0,https://news.naver.com/main/read.nhn?mode=LSD&mid=sec&sid1=106&oid=311&aid=0001024572
유준상,"홍은희 허일후, 훈훈+다정 친남매 케미 ‘♥유준상 질투하겠어’[SNS★컷]",연예,7,2019,07,25,13:48,3,3,0,0,0,0,0,0,0,0,0,https://news.naver.com/main/read.nhn?mode=LSD&mid=sec&sid1=106&oid=609&aid=0000145007
유준상,"'유준상♥'홍은희, 나이를 가늠할 수 없는 최강 청순美",연예,7,2019,07,24,24:56,3,2,0,1,0,0,0,0,0,0,0,https://news.naver.com/main/read.nhn?mode=LSD&mid=sec&sid1=106&oid=112&aid=0003192007
유준상,"'같이펀딩' 측 ""유준상·유인나·노홍철 등과 프로젝트 진행""",연예,8,2019,08,03,16:32,8,8,0,0,0,0,0,0,0,0,0,https://news.naver.com/main/read.nhn?mode=LSD&mid=sec&sid1=106&oid=018&aid=0004438062
유준상,"지세희, 유준상-소유진 '여우와 솜사탕' 메인테마 'Love is' 리메이크",연예,8,2019,08,02,17:09,2,2,0,0,0,0,0,0,0,0,0,https://news.naver.com/main/read.nhn?mode=LSD&mid=sec&sid1=106&oid=076&aid=0003449691
유준상,"'같이 펀딩' 유희열, 김태호 PD에 ""크라우드 펀딩이 뭐예요?""",연예,8,2019,08,03,14:36,9,9,0,0,0,0,0,0,0,0,0,https://news.naver.com/main/read.nhn?mode=LSD&mid=sec&sid1=106&oid=311&aid=0001027879
유준상,‘같이펀딩’ MC 유희열과 함께하는 ‘펀알못’ 탈출 Q&A! 2차 티저 영상 공개,연예,8,2019,08,03,15:13,5,5,0,0,0,0,0,0,0,0,0,https://news.naver.com/main/read.nhn?mode=LSD&mid=sec&sid1=106&oid=144&aid=0000624322
유준상,‘같이펀딩’ 유희열과 함께하는 '펀알못' 탈출 Q&A.. 2차 티저 영상 공개(ft. 김태호 피디),연예,8,2019,08,03,17:29,3,3,0,0,0,0,0,0,0,0,0,https://news.naver.com/main/read.nhn?mode=LSD&mid=sec&sid1=106&oid=408&aid=0000076266
유준상,"‘동상이몽2’ 신동미, 유준상과 통화…“끝까지 해내지 못했을 것”",연예,8,2019,07,29,22:37,11,10,0,1,0,0,0,0,0,0,0,https://news.naver.com/main/read.nhn?mode=LSD&mid=sec&sid1=106&oid=057&aid=0001371318
유준상,"‘동상이몽2’ 신동미, ‘세바시’서 “암·시험관 시술 실패로 슬럼프 심하게 겪었다”",연예,8,2019,07,29,23:41,1,0,0,1,0,0,0,0,0,0,0,https://news.naver.com/main/read.nhn?mode=LSD&mid=sec&sid1=106&oid=015&aid=0004183618
유준상,"'같이 펀딩' 유준상·유인나·노홍철, '스페셜 무빙 포스터' 공개..커밍순",연예,9,2019,08,10,12:04,8,8,0,0,0,0,0,0,0,0,0,https://news.naver.com/main/read.nhn?mode=LSD&mid=sec&sid1=106&oid=011&aid=0003601325
유준상,"'♥유준상' 홍은희, 청초한 미모..세련美 철철",연예,9,2019,08,08,8:52,5,4,0,1,0,0,0,0,0,0,0,https://news.naver.com/main/read.nhn?mode=LSD&mid=sec&sid1=106&oid=112&aid=0003197544
유준상,"‘유준상♥’ 홍은희, 명불허전 동안 여신 ‘역대급 꿀피부’[SNS★컷]",연예,9,2019,08,07,14:55,1,1,0,0,0,0,0,0,0,0,0,https://news.naver.com/main/read.nhn?mode=LSD&mid=sec&sid1=106&oid=609&aid=0000151219
유준상,‘같이펀딩’ MC 유희열과 함께하는 '펀알못' 탈출 Q&A,연예,9,2019,08,04,5:35,1,1,0,0,0,0,0,0,0,0,0,https://news.naver.com/main/read.nhn?mode=LSD&mid=sec&sid1=106&oid=011&aid=0003597649
유준상,"'같이 펀딩' 유준상-유인나-노홍철, 이 조합 Real? 2차 라인업도 '기대'",연예,9,2019,08,09,17:21,8,8,0,0,0,0,0,0,0,0,0,https://news.naver.com/main/read.nhn?mode=LSD&mid=sec&sid1=106&oid=408&aid=0000076509
유준상,"'같이펀딩' 유준상-유인나- 노홍철, 스페셜 무빙 포스터 공개",연예,9,2019,08,09,16:03,1,1,0,0,0,0,0,0,0,0,0,https://news.naver.com/main/read.nhn?mode=LSD&mid=sec&sid1=106&oid=112&aid=0003198281
유준상,"‘같이 펀딩’ 유준상×유인나×노홍철, 3人 3色 스페셜 무빙 포스터 공개",연예,9,2019,08,09,15:55,4,4,0,0,0,0,0,0,0,0,0,https://news.naver.com/main/read.nhn?mode=LSD&mid=sec&sid1=106&oid=382&aid=0000753218
유준상,‘같이 펀딩’ 1차 라인업은 유준상-유인나-노홍철...정해인X강하늘 ‘스페셜 게스트’,연예,9,2019,08,09,16:39,8,8,0,0,0,0,0,0,0,0,0,https://news.naver.com/main/read.nhn?mode=LSD&mid=sec&sid1=106&oid=312&aid=0000403346
유준상,"'같이펀딩' 유준상, 홍은희 내조 속 동네 구석구석 태극기 체크",연예,10,2019,08,17,8:25,6,6,0,0,0,0,0,0,0,0,0,https://news.naver.com/main/read.nhn?mode=LSD&mid=sec&sid1=106&oid=241&aid=0002948735
유준상,"""시청자를 모았다"" '같이펀딩' 유준상X유인나X노홍철 프로젝트 공개 [종합]",연예,10,2019,08,15,17:58,18,18,0,0,0,0,0,0,0,0,0,https://news.naver.com/main/read.nhn?mode=LSD&mid=sec&sid1=106&oid=076&aid=0003455192
유준상,"'같이 펀딩' 김태호 PD ""유준상 나라·태극기 사랑은 '진짜'""",연예,10,2019,08,14,14:53,26,26,0,0,0,0,0,0,0,0,0,https://news.naver.com/main/read.nhn?mode=LSD&mid=sec&sid1=106&oid=076&aid=0003454675
유준상,"`같이 펀딩` 유준상 ""전생에 독립투사였을 것…국기함 100만개 펀딩 목표""",연예,10,2019,08,14,15:25,5,5,0,0,0,0,0,0,0,0,0,https://news.naver.com/main/read.nhn?mode=LSD&mid=sec&sid1=106&oid=009&aid=0004410028
유준상,"'같이펀딩' 유준상 ""상해임시정부와 마주한 순간 눈물…잊을 수 없어""",연예,10,2019,08,15,17:50,15,15,0,0,0,0,0,0,0,0,0,https://news.naver.com/main/read.nhn?mode=LSD&mid=sec&sid1=106&oid=241&aid=0002948322
유준상,"'같이 펀딩' 유준상, 홍은희 특급 내조 속 동네 구석구석 '태극기' 체크",연예,10,2019,08,17,9:35,3,2,0,1,0,0,0,0,0,0,0,https://news.naver.com/main/read.nhn?mode=LSD&mid=sec&sid1=106&oid=076&aid=0003455972
유준상,"'같이 펀딩' 유준상, 홍은희와 함께 '태극기' 체크 현장 포착",연예,10,2019,08,17,10:14,3,3,0,0,0,0,0,0,0,0,0,https://news.naver.com/main/read.nhn?mode=LSD&mid=sec&sid1=106&oid=408&aid=0000076785
유준상,"'같이 펀딩' 유준상, 홍은희 특급 내조 속 동네 구석구석 '태극기' 체크",연예,10,2019,08,17,8:32,2,2,0,0,0,0,0,0,0,0,0,https://news.naver.com/main/read.nhn?mode=LSD&mid=sec&sid1=106&oid=015&aid=0004193887
유준상,"'같이 펀딩' 유준상, ♥홍은희 특급내조 속 동네방네 태극기 체크 [TV@픽]",연예,10,2019,08,17,8:35,4,4,0,0,0,0,0,0,0,0,0,https://news.naver.com/main/read.nhn?mode=LSD&mid=sec&sid1=106&oid=213&aid=0001125134
유준상,'같이펀딩' 김태호 PD의 두 번째 남자 유희열 '만렙 밀당러',연예,10,2019,08,17,11:53,4,4,0,0,0,0,0,0,0,0,0,https://news.naver.com/main/read.nhn?mode=LSD&mid=sec&sid1=106&oid=241&aid=0002948798
유준상,"'같이 펀딩' 유희열, 알고보니 '크라우드 펀딩' 모르는 펀알못 MC",연예,10,2019,08,17,10:13,2,2,0,0,0,0,0,0,0,0,0,https://news.naver.com/main/read.nhn?mode=LSD&mid=sec&sid1=106&oid=076&aid=0003455988
유준상,유희열·유준상·노홍철·유인나가 만드는 가치 ‘같이 펀딩’ [MBC 新주말예능②],연예,10,2019,08,16,14:14,7,7,0,0,0,0,0,0,0,0,0,https://news.naver.com/main/read.nhn?mode=LSD&mid=sec&sid1=106&oid=410&aid=0000614836
유준상,"""가치를 같이""…'같이펀딩', 유준상 '국기함 프로젝트'로 스타트",연예,10,2019,08,16,9:55,1,1,0,0,0,0,0,0,0,0,0,https://news.naver.com/main/read.nhn?mode=LSD&mid=sec&sid1=106&oid=477&aid=0000201882
유준상,"'같이 펀딩' 유희열·유준상·유인나·노홍철·장도연, 첫 만남부터 '찰떡 케미'",연예,10,2019,08,16,9:01,3,3,0,0,0,0,0,0,0,0,0,https://news.naver.com/main/read.nhn?mode=LSD&mid=sec&sid1=106&oid=076&aid=0003455341
유준상,"""태극기함·소모임·오디오북""..유준상·노홍철·유인나, 3人3色 '같이펀딩' [종합]",연예,10,2019,08,15,19:12,31,30,0,1,0,0,0,0,0,0,0,https://news.naver.com/main/read.nhn?mode=LSD&mid=sec&sid1=106&oid=109&aid=0004068418
유준상,"김태호 PD의 '같이 펀딩', 의미와 재미 모두 사로잡을까",연예,10,2019,08,16,16:52,24,23,0,1,0,0,0,0,0,0,0,https://news.naver.com/main/read.nhn?mode=LSD&mid=sec&sid1=106&oid=079&aid=0003260188
유준상,"유준상, '3.1 운동 100주년 기념 국기함' 펀딩합니다",연예,10,2019,08,14,14:24,1,1,0,0,0,0,0,0,0,0,0,https://news.naver.com/main/read.nhn?mode=LSD&mid=sec&sid1=106&oid=421&aid=0004145114
유준상,"[투데이 연예톡톡] '같이 펀딩' 유준상 태극기함, 2차 펀딩",연예,11,2019,08,23,7:00,41,41,0,0,0,0,0,0,0,0,0,https://news.naver.com/main/read.nhn?mode=LSD&mid=sec&sid1=106&oid=214&aid=0000974237
유준상,"`같이 펀딩` 국기함 프로젝트 눈길…유준상, 진관사 초월스님 태극기에 눈물",연예,11,2019,08,23,10:52,16,14,0,2,0,0,0,0,0,0,0,https://news.naver.com/main/read.nhn?mode=LSD&mid=sec&sid1=106&oid=009&aid=0004414816
유준상,‘유준상 태극기함’ 관심 계속…펀딩 달성률 4165%,사회,11,2019,08,19,19:39,8,8,0,0,0,0,0,0,0,0,0,https://news.naver.com/main/read.nhn?mode=LSD&mid=sec&sid1=102&oid=020&aid=0003235827
유준상,"'같이 펀딩' 유준상 태극기함 '1차 펀딩' 시스템 오픈, 수익금 전액 기부",연예,11,2019,08,19,7:31,12,12,0,0,0,0,0,0,0,0,0,https://news.naver.com/main/read.nhn?mode=LSD&mid=sec&sid1=106&oid=011&aid=0003604704
유준상,"'같이펀딩' 유준상의 새로운 도전, 열정+진심 통했다",연예,11,2019,08,19,11:54,9,9,0,0,0,0,0,0,0,0,0,https://news.naver.com/main/read.nhn?mode=LSD&mid=sec&sid1=106&oid=468&aid=0000550188
유준상,"알리, 유준상 국기함 프로젝트 펀딩 동참…155만원 쾌척",연예,11,2019,08,19,15:03,16,16,0,0,0,0,0,0,0,0,0,https://news.naver.com/main/read.nhn?mode=LSD&mid=sec&sid1=106&oid=421&aid=0004151613
유준상,‘같이 펀딩’ 열정맨 유준상의 궁금증 폭발시킨 국기법의 비밀은?,연예,11,2019,08,24,13:57,3,3,0,0,0,0,0,0,0,0,0,https://news.naver.com/main/read.nhn?mode=LSD&mid=sec&sid1=106&oid=408&aid=0000077082
유준상,"'같이 펀딩' 유준상, 주민센터 깜짝 방문해 노뜬금 '유퀴즈' 타임",연예,11,2019,08,24,9:09,2,1,0,1,0,0,0,0,0,0,0,https://news.naver.com/main/read.nhn?mode=LSD&mid=sec&sid1=106&oid=112&aid=0003203994
유준상,"‘같이 펀딩’ 유준상, 문구점→주민센터...국기함 제작 준비로 ‘동분서주’",연예,11,2019,08,24,10:20,5,5,0,0,0,0,0,0,0,0,0,https://news.naver.com/main/read.nhn?mode=LSD&mid=sec&sid1=106&oid=312&aid=0000405982
유준상,"‘같이 펀딩’ 유준상 태극기함, 뜨거운 성원에 25일 ‘2차 펀딩’ 전격 오픈",연예,11,2019,08,23,10:09,8,8,0,0,0,0,0,0,0,0,0,https://news.naver.com/main/read.nhn?mode=LSD&mid=sec&sid1=106&oid=144&aid=0000627598
유준상,‘같이 펀딩’ 유준상 태극기함 2차펀딩 진행 결정,연예,11,2019,08,22,8:48,13,13,0,0,0,0,0,0,0,0,0,https://news.naver.com/main/read.nhn?mode=LSD&mid=sec&sid1=106&oid=312&aid=0000405552
유준상,"'같이펀딩' 유준상 태극기함, 시청자 성원에 응답…25일 2차 펀딩 오픈",연예,11,2019,08,22,8:46,18,18,0,0,0,0,0,0,0,0,0,https://news.naver.com/main/read.nhn?mode=LSD&mid=sec&sid1=106&oid=241&aid=0002950487
유준상,"'같이펀딩' 측 ""유준상 태극기함 2차 펀딩..관심 감사""",연예,11,2019,08,22,10:05,1,1,0,0,0,0,0,0,0,0,0,https://news.naver.com/main/read.nhn?mode=LSD&mid=sec&sid1=106&oid=018&aid=0004450617
유준상,"‘같이펀딩’ 유준상 태극기함, 뜨거운 성원에 오는 25일 ‘2차 펀딩’ 확정",연예,11,2019,08,22,8:21,2,2,0,0,0,0,0,0,0,0,0,https://news.naver.com/main/read.nhn?mode=LSD&mid=sec&sid1=106&oid=213&aid=0001126266
유준상,"""달성률 4110%""...'같이 펀딩' 유준상 국기함에 담은 진심 통했다",연예,11,2019,08,19,11:30,15,15,0,0,0,0,0,0,0,0,0,https://news.naver.com/main/read.nhn?mode=LSD&mid=sec&sid1=106&oid=052&aid=0001332462
유준상,"[리뷰IS] '같이펀딩' 첫방, 유준상의 진심 시청자와 맞닿은 순간",연예,11,2019,08,19,7:14,5,5,0,0,0,0,0,0,0,0,0,https://news.naver.com/main/read.nhn?mode=LSD&mid=sec&sid1=106&oid=241&aid=0002949183
유준상,"'같이 펀딩' 유준상, 태극기함이 쏘아 올린 같이의 힘…10분만 목표 달성",연예,11,2019,08,19,10:17,2,2,0,0,0,0,0,0,0,0,0,https://news.naver.com/main/read.nhn?mode=LSD&mid=sec&sid1=106&oid=241&aid=0002949223
유준상,‘같이 펀딩’ 유준상 태극기함 펀딩 프로젝트 관심,연예,11,2019,08,19,14:03,5,5,0,0,0,0,0,0,0,0,0,https://news.naver.com/main/read.nhn?mode=LSD&mid=sec&sid1=106&oid=016&aid=0001569811
유준상,[투데이 연예톡톡] '같이 펀딩' 유준상 태극기함 관심 폭발,연예,11,2019,08,19,6:58,10,10,0,0,0,0,0,0,0,0,0,https://news.naver.com/main/read.nhn?mode=LSD&mid=sec&sid1=106&oid=214&aid=0000972979
유준상,"'같이 펀딩' 유준상의 진정성, 시청자를 사로잡다",연예,11,2019,08,19,11:54,3,3,0,0,0,0,0,0,0,0,0,https://news.naver.com/main/read.nhn?mode=LSD&mid=sec&sid1=106&oid=076&aid=0003456696
유준상,"'같이 펀딩' 유준상의 진정성, 시청자 사로잡았다…태극기함 관심↑",연예,11,2019,08,19,11:55,9,9,0,0,0,0,0,0,0,0,0,https://news.naver.com/main/read.nhn?mode=LSD&mid=sec&sid1=106&oid=015&aid=0004194450
유준상,"'같이 펀딩' 유준상, 개념 배우의 열정과 진심 通했다",연예,11,2019,08,19,24:10,5,5,0,0,0,0,0,0,0,0,0,https://news.naver.com/main/read.nhn?mode=LSD&mid=sec&sid1=106&oid=112&aid=0003201769
유준상,"'같이 펀딩' 유준상, 못 말리는 열정 MAX→공익 광고 '노개런티' 약속",연예,12,2019,08,31,10:12,2,2,0,0,0,0,0,0,0,0,0,https://news.naver.com/main/read.nhn?mode=LSD&mid=sec&sid1=106&oid=076&aid=0003462519
유준상,"'같이 펀딩' 유준상, 태극기함 만들려 동분서주 '열정부자'",연예,12,2019,08,26,14:56,22,22,0,0,0,0,0,0,0,0,0,https://news.naver.com/main/read.nhn?mode=LSD&mid=sec&sid1=106&oid=015&aid=0004198462
유준상,'같이펀딩' 유준상 태극기함 2차펀딩 8173% 달성 '1가구1태극기' 운동,연예,12,2019,08,26,14:28,17,17,0,0,0,0,0,0,0,0,0,https://news.naver.com/main/read.nhn?mode=LSD&mid=sec&sid1=106&oid=241&aid=0002951879
유준상,"'같이 펀딩' 유준상, 태극기함 2차 펀딩 오늘 (25일) 시작",연예,12,2019,08,25,15:22,6,5,0,1,0,0,0,0,0,0,0,https://news.naver.com/main/read.nhn?mode=LSD&mid=sec&sid1=106&oid=312&aid=0000406145
유준상,"'같이 펀딩' 유준상, 9집 가수의 완창 욕심…정해인과 듀엣 결성",연예,12,2019,08,25,13:07,125,125,0,0,0,0,0,0,0,0,0,https://news.naver.com/main/read.nhn?mode=LSD&mid=sec&sid1=106&oid=468&aid=0000553043
유준상,"'같이펀딩' 유준상, 이석우 디자이너와 만남성사…""국기함 함께""",연예,12,2019,08,25,18:46,28,28,0,0,0,0,0,0,0,0,0,https://news.naver.com/main/read.nhn?mode=LSD&mid=sec&sid1=106&oid=241&aid=0002951722
유준상,[N초점] '같이펀딩'·'놀면뭐하니?' 김태호 PD가 잇는 사람들,연예,12,2019,08,31,7:00,27,27,0,0,0,0,0,0,0,0,0,https://news.naver.com/main/read.nhn?mode=LSD&mid=sec&sid1=106&oid=421&aid=0004172665
유준상,"'같이 펀딩' 유준상 '태극기함' 1차 펀딩, 오픈 10분 만에 815만원 달성",연예,12,2019,08,25,12:01,99,97,0,2,0,0,0,0,0,0,0,https://news.naver.com/main/read.nhn?mode=LSD&mid=sec&sid1=106&oid=031&aid=0000506348
유준상,"""태극기 어디있어?""... '같이 펀딩' 유준상, 007 작전 뺨치는 긴급 점검 현장",연예,12,2019,08,31,20:26,12,12,0,0,0,0,0,0,0,0,0,https://news.naver.com/main/read.nhn?mode=LSD&mid=sec&sid1=106&oid=312&aid=0000407317
유준상,"유준상 전액기부 “태극기함 펀딩, 오픈 10분 만에 목표액 달성”",연예,12,2019,08,26,9:56,6,6,0,0,0,0,0,0,0,0,0,https://news.naver.com/main/read.nhn?mode=LSD&mid=sec&sid1=106&oid=081&aid=0003024104
유준상,유준상 `같이펀딩` 만나 더 빛난 열정&진정성,연예,12,2019,08,26,11:55,18,18,0,0,0,0,0,0,0,0,0,https://news.naver.com/main/read.nhn?mode=LSD&mid=sec&sid1=106&oid=009&aid=0004416051
유준상,"'같이 펀딩' 유준상, 예능서도 빛난 열정…시청자와 통한 '진정성'",연예,12,2019,08,26,24:33,46,45,0,1,0,0,0,0,0,0,0,https://news.naver.com/main/read.nhn?mode=LSD&mid=sec&sid1=106&oid=076&aid=0003460132
유준상,'같이펀딩' 유준상의 진정성 通했다! 그가 선보일 태극기함 기대 UP,연예,12,2019,08,26,14:56,14,14,0,0,0,0,0,0,0,0,0,https://news.naver.com/main/read.nhn?mode=LSD&mid=sec&sid1=106&oid=408&aid=0000077183
유준상,‘같이 펀딩’ 태극기 집착남 유준상 “태극기함 펀딩으로 떼돈 벌고 싶다” [간밤TV],연예,12,2019,08,26,7:40,22,22,0,0,0,0,0,0,0,0,0,https://news.naver.com/main/read.nhn?mode=LSD&mid=sec&sid1=106&oid=144&aid=0000627988
유준상,"'같이 펀딩' 유준상, 태극기함 2차 펀딩 오픈..1, 2차 폭발적 반응 확인",연예,12,2019,08,26,10:39,15,15,0,0,0,0,0,0,0,0,0,https://news.naver.com/main/read.nhn?mode=LSD&mid=sec&sid1=106&oid=011&aid=0003608529
유준상,'같이 펀딩' 태극기함 2차 펀딩까지 8173% 목표 달성…유준상 바람 이뤄질까,연예,12,2019,08,26,10:58,63,63,0,0,0,0,0,0,0,0,0,https://news.naver.com/main/read.nhn?mode=LSD&mid=sec&sid1=106&oid=076&aid=0003460059
유준상,"'같이펀딩' 유준상, 평창올림픽 메달 디자이너 만남…태극기함 의뢰",연예,12,2019,08,25,18:49,3,3,0,0,0,0,0,0,0,0,0,https://news.naver.com/main/read.nhn?mode=LSD&mid=sec&sid1=106&oid=421&aid=0004161943
유준상,"‘같이펀딩’ 유준상, 태극기 집착남+열정까지 100% 완충",연예,12,2019,08,25,15:30,5,5,0,0,0,0,0,0,0,0,0,https://news.naver.com/main/read.nhn?mode=LSD&mid=sec&sid1=106&oid=213&aid=0001126997
유준상,"'같이 펀딩' 유준상 ""1월 1일에 태극기 달까요""…'태극기 집착남' 등극",연예,12,2019,08,25,15:51,61,60,0,1,0,0,0,0,0,0,0,https://news.naver.com/main/read.nhn?mode=LSD&mid=sec&sid1=106&oid=076&aid=0003459748
유준상,"‘같이 펀딩’ 9집 가수 유준상, 완창 욕심 폭발! 정해인과 듀엣 결성하자마자 물거품?",연예,12,2019,08,25,14:01,19,19,0,0,0,0,0,0,0,0,0,https://news.naver.com/main/read.nhn?mode=LSD&mid=sec&sid1=106&oid=408&aid=0000077143
유준상,"'같이 펀딩' 유준상, 완창 욕심 폭발…정해인과 선후배 듀엣 포착",연예,12,2019,08,25,13:09,13,13,0,0,0,0,0,0,0,0,0,https://news.naver.com/main/read.nhn?mode=LSD&mid=sec&sid1=106&oid=015&aid=0004197895
유준상,"""함께해 좋아""…엄기준X유준상X민영기X김법래, 콘서트 연습ing",연예,13,2019,09,06,10:31,3,3,0,0,0,0,0,0,0,0,0,https://news.naver.com/main/read.nhn?mode=LSD&mid=sec&sid1=106&oid=112&aid=0003209234
유준상,"홍은희♥유준상, 감탄만 나오는 방부제 외모 ‘훈훈 부부’[SNS★컷]",연예,13,2019,09,05,17:07,1,1,0,0,0,0,0,0,0,0,0,https://news.naver.com/main/read.nhn?mode=LSD&mid=sec&sid1=106&oid=609&aid=0000166557
유준상,'같이 펀딩' 유준상 '태극기함 프로젝트' 샘플 디자인 공개,연예,13,2019,09,01,13:51,5,5,0,0,0,0,0,0,0,0,0,https://news.naver.com/main/read.nhn?mode=LSD&mid=sec&sid1=106&oid=079&aid=0003265271
유준상,"'같이 펀딩' 유준상 X 노홍철, 가치 실현은 현실이 된다..'재미+의미+변화'",연예,13,2019,09,02,11:46,20,20,0,0,0,0,0,0,0,0,0,https://news.naver.com/main/read.nhn?mode=LSD&mid=sec&sid1=106&oid=011&aid=0003612385
유준상,"유준상♥홍은희, 보고도 안 믿기는 동안부부",연예,13,2019,09,06,12:58,17,17,0,0,0,0,0,0,0,0,0,https://news.naver.com/main/read.nhn?mode=LSD&mid=sec&sid1=106&oid=213&aid=0001129364
유준상,"엄기준·유준상·민영기·김법래, 2019 엄유민법 콘서트 개최",연예,13,2019,09,03,16:06,10,10,0,0,0,0,0,0,0,0,0,https://news.naver.com/main/read.nhn?mode=LSD&mid=sec&sid1=106&oid=241&aid=0002954606
유준상,"‘구해줘 홈즈’ 홍은희, 집 둘러보다 유준상 발견한 사연 ‘깜짝’",연예,13,2019,09,06,14:08,3,3,0,0,0,0,0,0,0,0,0,https://news.naver.com/main/read.nhn?mode=LSD&mid=sec&sid1=106&oid=609&aid=0000167131
유준상,"유준상♥홍은희, 진정한 비주얼 부부의 투샷..애정 넘치네",연예,13,2019,09,05,15:13,34,33,0,1,0,0,0,0,0,0,0,https://news.naver.com/main/read.nhn?mode=LSD&mid=sec&sid1=106&oid=112&aid=0003208887
유준상,"홍은희♥유준상, 세월 역행하는 동안 부부 (ft. 나무엑터스) [★해시태그]",연예,13,2019,09,05,17:36,7,7,0,0,0,0,0,0,0,0,0,https://news.naver.com/main/read.nhn?mode=LSD&mid=sec&sid1=106&oid=311&aid=0001042377
유준상,"'같이펀딩' 유준상, 태극기함 프로젝트→반전의 반전 '당혹'(종합)",연예,13,2019,09,01,19:53,62,62,0,0,0,0,0,0,0,0,0,https://news.naver.com/main/read.nhn?mode=LSD&mid=sec&sid1=106&oid=468&aid=0000556598
유준상,"'같이 펀딩' 유준상, 태극기함 프로젝트 샘플 디자인 공개",연예,13,2019,09,01,16:40,31,31,0,0,0,0,0,0,0,0,0,https://news.naver.com/main/read.nhn?mode=LSD&mid=sec&sid1=106&oid=241&aid=0002954079
유준상,"'같이 펀딩', 나라를 사랑하는 유준상의 눈물",연예,13,2019,09,01,20:03,24,24,0,0,0,0,0,0,0,0,0,https://news.naver.com/main/read.nhn?mode=LSD&mid=sec&sid1=106&oid=312&aid=0000407403
유준상,"‘같이 펀딩' 유준상, 007 작전 뺨치는 긴급 점검 현장 포착",연예,13,2019,09,01,2:01,5,5,0,0,0,0,0,0,0,0,0,https://news.naver.com/main/read.nhn?mode=LSD&mid=sec&sid1=106&oid=011&aid=0003611921
유준상,"'같이펀딩' 유준상 태극기함X노홍철 소모임, 외면하고 있던 '가치'의 실현",연예,13,2019,09,02,9:56,11,11,0,0,0,0,0,0,0,0,0,https://news.naver.com/main/read.nhn?mode=LSD&mid=sec&sid1=106&oid=408&aid=0000077445
유준상,"""소중함 깨달아""…'같이펀딩' 유준상, 태극기 향한 진정성→감동 [SS리뷰]",연예,13,2019,09,02,6:50,6,6,0,0,0,0,0,0,0,0,0,https://news.naver.com/main/read.nhn?mode=LSD&mid=sec&sid1=106&oid=468&aid=0000556763
유준상,"엄기준X유준상X민영기X김법래, 2019 엄유민법 콘서트 개최",연예,13,2019,09,03,10:48,2,2,0,0,0,0,0,0,0,0,0,https://news.naver.com/main/read.nhn?mode=LSD&mid=sec&sid1=106&oid=382&aid=0000758896
유준상,"'같이 펀딩' 유준상 태극기함, 5개월 만에 최종 디자인 공개",연예,14,2019,09,14,8:28,1,1,0,0,0,0,0,0,0,0,0,https://news.naver.com/main/read.nhn?mode=LSD&mid=sec&sid1=106&oid=468&aid=0000561470
유준상,"'같이 펀딩' 유준상, 데프콘X개코X비와이와 '태극동지회' 결성",연예,14,2019,09,14,11:42,1,1,0,0,0,0,0,0,0,0,0,https://news.naver.com/main/read.nhn?mode=LSD&mid=sec&sid1=106&oid=076&aid=0003467714
유준상,"유준상, 소상공인 응원 광고 '노개런티' 참여",연예,14,2019,09,12,14:56,8,8,0,0,0,0,0,0,0,0,0,https://news.naver.com/main/read.nhn?mode=LSD&mid=sec&sid1=106&oid=241&aid=0002957021
유준상,"‘해투4’ 조윤희 “김상호보다 나이 많은 유준상은 오빠, 김상호는 선배님”",연예,14,2019,09,12,14:56,6,6,0,0,0,0,0,0,0,0,0,https://news.naver.com/main/read.nhn?mode=LSD&mid=sec&sid1=106&oid=382&aid=0000760864
유준상,"배우 유준상, 중소벤처기업부와 함께하는 소상공인 응원 광고 노개런티 출연.. 진정성 넘치는 기부",연예,14,2019,09,13,3:06,16,16,0,0,0,0,0,0,0,0,0,https://news.naver.com/main/read.nhn?mode=LSD&mid=sec&sid1=106&oid=011&aid=0003618185
유준상,"유준상·홍은희 부부, 아파트 모델로 선정",경제,14,2019,09,10,9:20,1,1,0,0,0,0,0,0,0,0,0,https://news.naver.com/main/read.nhn?mode=LSD&mid=sec&sid1=101&oid=015&aid=0004206828
유준상,RM·인순이·유준상·천우희 등 찾은 야수파展…막판까지 인기,생활,14,2019,09,12,8:30,9,8,1,0,0,0,0,0,0,0,0,https://news.naver.com/main/read.nhn?mode=LSD&mid=sec&sid1=103&oid=001&aid=0011078864
유준상,"유준상, 오늘(11일) 뮤지컬 배우 최서연과 협업곡 '내가 맞이하는 너' 발표",연예,14,2019,09,11,10:03,2,2,0,0,0,0,0,0,0,0,0,https://news.naver.com/main/read.nhn?mode=LSD&mid=sec&sid1=106&oid=312&aid=0000409029
유준상,"'해피투게더4' 김상호, 노안 굴욕? ""이서진과 동갑, 유준상보다 한 살 적어"" [핫TV]",연예,14,2019,09,13,7:31,5,3,0,2,0,0,0,0,0,0,0,https://news.naver.com/main/read.nhn?mode=LSD&mid=sec&sid1=106&oid=109&aid=0004084326
유준상,"'같이펀딩' 유준상 태극기함, 최종 디자인 베일 벗는다…15일 3차 펀딩",연예,14,2019,09,14,10:02,18,18,0,0,0,0,0,0,0,0,0,https://news.naver.com/main/read.nhn?mode=LSD&mid=sec&sid1=106&oid=241&aid=0002957145
유준상,"'같이 펀딩' 유준상 태극기함, 최종 디자인 베일 벗는다…15일 3차 펀딩 오픈",연예,14,2019,09,14,8:16,2,2,0,0,0,0,0,0,0,0,0,https://news.naver.com/main/read.nhn?mode=LSD&mid=sec&sid1=106&oid=015&aid=0004208360
유준상,"'같이 펀딩' 유준상-데프콘-개코-비와이,‘태극동지회’ 결성 '낯선 조합-신선 케미'",연예,14,2019,09,14,13:20,8,8,0,0,0,0,0,0,0,0,0,https://news.naver.com/main/read.nhn?mode=LSD&mid=sec&sid1=106&oid=408&aid=0000077913
유준상,유준상 노개런티로 '소상공인 응원' CF 참여,연예,14,2019,09,12,19:12,10,10,0,0,0,0,0,0,0,0,0,https://news.naver.com/main/read.nhn?mode=LSD&mid=sec&sid1=106&oid=082&aid=0000940929
유준상,"유준상, 소상공인 응원 광고 노개런티 출연...개념 배우 행보",연예,14,2019,09,12,14:27,10,10,0,0,0,0,0,0,0,0,0,https://news.naver.com/main/read.nhn?mode=LSD&mid=sec&sid1=106&oid=312&aid=0000409240
유준상,"유준상, 소상공인 응원 광고 노개런티 출연…진정한 개념 배우",연예,14,2019,09,12,14:04,2,2,0,0,0,0,0,0,0,0,0,https://news.naver.com/main/read.nhn?mode=LSD&mid=sec&sid1=106&oid=468&aid=0000561281
유준상,"유준상, ‘같이 펀딩’→재능기부로 이어진 ‘뜨거운 진심’ 화제",연예,14,2019,09,12,15:25,7,7,0,0,0,0,0,0,0,0,0,https://news.naver.com/main/read.nhn?mode=LSD&mid=sec&sid1=106&oid=408&aid=0000077836
유준상,"'해투4' 조윤희 ""김상호는 선배님, 더 나이 많은 유준상은 오빠""",연예,14,2019,09,12,14:03,2,2,0,0,0,0,0,0,0,0,0,https://news.naver.com/main/read.nhn?mode=LSD&mid=sec&sid1=106&oid=112&aid=0003211351
유준상,"조윤희 “유준상 오빠, 김상호 선배님 호칭해서 죄송”",연예,14,2019,09,12,14:44,8,6,0,2,0,0,0,0,0,0,0,https://news.naver.com/main/read.nhn?mode=LSD&mid=sec&sid1=106&oid=213&aid=0001130332
유준상,"'해투4' 조윤희 ""김상호는 선배님, 나이 많은 유준상은 오빠""",연예,14,2019,09,12,15:24,4,4,0,0,0,0,0,0,0,0,0,https://news.naver.com/main/read.nhn?mode=LSD&mid=sec&sid1=106&oid=076&aid=0003467410
유준상,"'해투4' 조윤희 ""김상호 '선배님', 유준상 '오빠'라 불렀는데…나이 알고 죄송""",연예,14,2019,09,12,14:07,7,7,0,0,0,0,0,0,0,0,0,https://news.naver.com/main/read.nhn?mode=LSD&mid=sec&sid1=106&oid=468&aid=0000561283
유준상,"한국토지신탁, 유준상·홍은희 부부 광고모델로 선정",경제,14,2019,09,10,15:34,1,1,0,0,0,0,0,0,0,0,0,https://news.naver.com/main/read.nhn?mode=LSD&mid=sec&sid1=101&oid=029&aid=0002552286
유준상,"한국토지신탁, 유준상·홍은희 부부 모델로 선정…기업·브랜드 이미지 강화",경제,14,2019,09,10,14:59,3,3,0,0,0,0,0,0,0,0,0,https://news.naver.com/main/read.nhn?mode=LSD&mid=sec&sid1=101&oid=277&aid=0004534662
유준상,"유준상, 뮤지컬 배우 최서연과 디지털 싱글 '내가 맞이하는 너' 음원 발매",연예,14,2019,09,11,10:01,2,2,0,0,0,0,0,0,0,0,0,https://news.naver.com/main/read.nhn?mode=LSD&mid=sec&sid1=106&oid=117&aid=0003272390
유준상,"조윤희 “유준상은 오빠, 1살 어린 김상호에겐 선배님이라 불러”",연예,14,2019,09,13,12:06,14,13,0,1,0,0,0,0,0,0,0,https://news.naver.com/main/read.nhn?mode=LSD&mid=sec&sid1=106&oid=609&aid=0000170085
유준상,"유준상, 소산 박대성 화백의 그림을 음악으로 만든 앨범 발매",연예,14,2019,09,09,14:27,1,1,0,0,0,0,0,0,0,0,0,https://news.naver.com/main/read.nhn?mode=LSD&mid=sec&sid1=106&oid=011&aid=0003616367
유준상,"'같이 펀딩' 유준상, 태극기함 안고 소산 박대성 화백 찾은 이유는",연예,15,2019,09,15,24:46,10,10,0,0,0,0,0,0,0,0,0,https://news.naver.com/main/read.nhn?mode=LSD&mid=sec&sid1=106&oid=076&aid=0003467892
유준상,"'같이 펀딩' 유준상 태극기함, 9억원 돌파 '진심 통했다'",연예,15,2019,09,17,12:01,83,83,0,0,0,0,0,0,0,0,0,https://news.naver.com/main/read.nhn?mode=LSD&mid=sec&sid1=106&oid=015&aid=0004209524
유준상,"'같이 펀딩' 유희열-유준상, 을지로 추억행 타임머신 탑승…80년대 추억 몽글몽글",연예,15,2019,09,21,10:14,2,2,0,0,0,0,0,0,0,0,0,https://news.naver.com/main/read.nhn?mode=LSD&mid=sec&sid1=106&oid=076&aid=0003470892
유준상,"'같이 펀딩' 유희열-유준상, 을지로 추억행 타임머신 탑승 '잇몸 미소 만개'",연예,15,2019,09,21,17:12,1,1,0,0,0,0,0,0,0,0,0,https://news.naver.com/main/read.nhn?mode=LSD&mid=sec&sid1=106&oid=408&aid=0000078222
유준상,"‘같이펀딩’ 유희열·유준상, 을지로 추억여행 ‘잇몸미소’",연예,15,2019,09,21,24:05,1,1,0,0,0,0,0,0,0,0,0,https://news.naver.com/main/read.nhn?mode=LSD&mid=sec&sid1=106&oid=213&aid=0001131718
유준상,"‘같이 펀딩’ 유희열X유준상, 을지로 추억行 타임머신…80년대 추억 몽글몽글",연예,15,2019,09,21,23:48,3,3,0,0,0,0,0,0,0,0,0,https://news.naver.com/main/read.nhn?mode=LSD&mid=sec&sid1=106&oid=469&aid=0000424163
유준상,'같이 펀딩' 유준상의 진심이 불러온 나비효과…3차 펀딩도 '순삭',연예,15,2019,09,16,9:00,12,12,0,0,0,0,0,0,0,0,0,https://news.naver.com/main/read.nhn?mode=LSD&mid=sec&sid1=106&oid=468&aid=0000562029
유준상,"'같이 펀딩' 유준상, 새로운 태극기함 완성X몰랐던 이야기 재조명",연예,15,2019,09,16,11:06,5,5,0,0,0,0,0,0,0,0,0,https://news.naver.com/main/read.nhn?mode=LSD&mid=sec&sid1=106&oid=011&aid=0003618905
유준상,"'같이펀딩' 유준상, 진심이 불러온 나비효과 수치로 입증 #12209% #9억",연예,15,2019,09,16,10:17,2,2,0,0,0,0,0,0,0,0,0,https://news.naver.com/main/read.nhn?mode=LSD&mid=sec&sid1=106&oid=241&aid=0002957399
유준상,"`같이 펀딩` 유준상, 삼각대형 태극기함 최종 결정",연예,15,2019,09,15,18:45,35,35,0,0,0,0,0,0,0,0,0,https://news.naver.com/main/read.nhn?mode=LSD&mid=sec&sid1=106&oid=009&aid=0004427304
유준상,"'같이펀딩' 유준상, '삼각대형 태극기함' 선택 ""실내 문화, 제조 합리성""",연예,15,2019,09,15,18:49,2,2,0,0,0,0,0,0,0,0,0,https://news.naver.com/main/read.nhn?mode=LSD&mid=sec&sid1=106&oid=076&aid=0003468025
유준상,"‘같이펀딩’ 유준상, 태극기함 안고 소산 박대성 화백 찾은 이유는?",연예,15,2019,09,15,17:31,3,3,0,0,0,0,0,0,0,0,0,https://news.naver.com/main/read.nhn?mode=LSD&mid=sec&sid1=106&oid=382&aid=0000761081
유준상,"'같이 펀딩' 유준상, 박 화백과의 첫 협업 성사···태극기함 완성",연예,15,2019,09,15,20:11,5,5,0,0,0,0,0,0,0,0,0,https://news.naver.com/main/read.nhn?mode=LSD&mid=sec&sid1=106&oid=312&aid=0000409525
유준상,"[종합]'같이펀딩' 유준상, '삼각대형' 태극기함 선택→완창산업X박대성 화백",연예,15,2019,09,15,19:51,535,532,0,3,0,0,0,0,0,0,0,https://news.naver.com/main/read.nhn?mode=LSD&mid=sec&sid1=106&oid=076&aid=0003468042
유준상,"[피플IS] 유준상, '같이펀딩' 단연 일등공신",연예,15,2019,09,17,8:00,28,28,0,0,0,0,0,0,0,0,0,https://news.naver.com/main/read.nhn?mode=LSD&mid=sec&sid1=106&oid=241&aid=0002957855
유준상,"배우 유준상, 한국화단 거장 박대성 화백 헌정앨범 제작",생활,16,2019,09,26,17:57,2,2,0,0,0,0,0,0,0,0,0,https://news.naver.com/main/read.nhn?mode=LSD&mid=sec&sid1=103&oid=001&aid=0011105792
유준상,"'연예가중계' 유준상 ""이장우 2kg만 더 빼면 장국영 닮아"" 농담 '폭소'(종합)",연예,16,2019,09,27,21:40,4,4,0,0,0,0,0,0,0,0,0,https://news.naver.com/main/read.nhn?mode=LSD&mid=sec&sid1=106&oid=112&aid=0003216947
유준상,"'같이펀딩' 노홍철, 힙지로 핫스팟 대공개 '침샘자극'→유준상 군침",연예,16,2019,09,22,11:17,2,1,0,1,0,0,0,0,0,0,0,https://news.naver.com/main/read.nhn?mode=LSD&mid=sec&sid1=106&oid=076&aid=0003471123
유준상,"뮤지컬 '영웅본색' 유준상-이장우-최대철, '연예가중계'서 케미 돋는 인터뷰로 '폭소 만발'",연예,16,2019,09,27,23:23,2,2,0,0,0,0,0,0,0,0,0,https://news.naver.com/main/read.nhn?mode=LSD&mid=sec&sid1=106&oid=015&aid=0004215566
유준상,"뮤지컬 ‘영웅본색’ 3인방, 유준상-이장우-최대철...‘연예가중계’서 특급 케미",연예,16,2019,09,27,10:00,6,6,0,0,0,0,0,0,0,0,0,https://news.naver.com/main/read.nhn?mode=LSD&mid=sec&sid1=106&oid=011&aid=0003625674
유준상,"유준상·이장우·최대철 '영웅본색' 3인방, '연예가중계' 출연",연예,16,2019,09,27,15:42,3,3,0,0,0,0,0,0,0,0,0,https://news.naver.com/main/read.nhn?mode=LSD&mid=sec&sid1=106&oid=311&aid=0001051876
유준상,"뮤지컬 '영웅본색', 유준상·이장우·최대철 등 호화 캐스팅",생활,16,2019,09,25,9:43,2,2,0,0,0,0,0,0,0,0,0,https://news.naver.com/main/read.nhn?mode=LSD&mid=sec&sid1=103&oid=076&aid=0003472468
유준상,영화 '영웅본색'이 뮤지컬로 깨어난다…유준상·이장우 주연,연예,16,2019,09,25,9:58,3,3,0,0,0,0,0,0,0,0,0,https://news.naver.com/main/read.nhn?mode=LSD&mid=sec&sid1=106&oid=001&aid=0011101177
유준상,주윤발·장국영의 ‘영웅본색’ 뮤지컬로… 유준상·이장우 주연,연예,16,2019,09,25,11:28,12,12,0,0,0,0,0,0,0,0,0,https://news.naver.com/main/read.nhn?mode=LSD&mid=sec&sid1=106&oid=005&aid=0001242695
유준상,추억의 ‘영웅본색’ 뮤지컬로 재탄생한다,생활,16,2019,09,26,4:08,2,2,0,0,0,0,0,0,0,0,0,https://news.naver.com/main/read.nhn?mode=LSD&mid=sec&sid1=103&oid=005&aid=0001243023
유준상,"유준상 대한요트협회 협회장 취임식 ""도쿄올림픽 메달 위해 노력""",스포츠,16,2019,09,22,14:53,1,0,0,0,1,0,0,0,0,0,0,http://sports.news.naver.com/general/news/read.nhn?oid=468&aid=0000565500
유준상,'같이펀딩'X유준상 태극기함 홈쇼핑 생방송 중 1만개 완판,연예,17,2019,10,01,10:14,47,47,0,0,0,0,0,0,0,0,0,https://news.naver.com/main/read.nhn?mode=LSD&mid=sec&sid1=106&oid=052&aid=0001348800
유준상,"공영쇼핑, '유준상 태극기함' 판매...MBC '같이펀딩'과 협업",경제,17,2019,09,30,10:37,8,5,3,0,0,0,0,0,0,0,0,https://news.naver.com/main/read.nhn?mode=LSD&mid=sec&sid1=101&oid=030&aid=0002843218
유준상,민영기-유준상-엄기준-김법래 '국군의날' 무대서 노래,생활,17,2019,10,01,14:45,4,4,0,0,0,0,0,0,0,0,0,https://news.naver.com/main/read.nhn?mode=LSD&mid=sec&sid1=103&oid=468&aid=0000570091
유준상,"유준상 요트협회장 ""한강에 요트가 가득차도록 하겠다""",스포츠,17,2019,10,05,21:40,2,0,0,1,1,0,0,0,0,0,0,http://sports.news.naver.com/general/news/read.nhn?oid=445&aid=0000016835
유준상,"유준상, 홈쇼핑 생방송 출연해 태극기함 1만개 매진",연예,17,2019,10,01,8:28,55,54,0,1,0,0,0,0,0,0,0,https://news.naver.com/main/read.nhn?mode=LSD&mid=sec&sid1=106&oid=082&aid=0000945569
유준상,"‘같이 펀딩’ 유준상, 홈쇼핑서 태극기함 판매 ‘1만개 완판’",연예,17,2019,10,01,10:35,21,21,0,0,0,0,0,0,0,0,0,https://news.naver.com/main/read.nhn?mode=LSD&mid=sec&sid1=106&oid=312&aid=0000412444
유준상,"유준상 태극기함 완판, 홈쇼핑에 유희열→유인나도 함께 등장",연예,17,2019,10,01,8:33,9,9,0,0,0,0,0,0,0,0,0,https://news.naver.com/main/read.nhn?mode=LSD&mid=sec&sid1=106&oid=410&aid=0000628627
유준상,"‘같이 펀딩’ 유준상, 홈쇼핑서 태극기함 판매…30분여 만에 매진",연예,17,2019,10,01,8:33,40,40,0,0,0,0,0,0,0,0,0,https://news.naver.com/main/read.nhn?mode=LSD&mid=sec&sid1=106&oid=016&aid=0001585135
유준상,"'같이펀딩' 유준상, 10月 1가구1태극기 위해 오늘(30일) 홈쇼핑 출격",연예,17,2019,09,30,14:57,4,4,0,0,0,0,0,0,0,0,0,https://news.naver.com/main/read.nhn?mode=LSD&mid=sec&sid1=106&oid=241&aid=0002962488
유준상,"공영쇼핑,'MBC같이펀딩Ⅹ유준상 태극기함'…30일 생방송 판매",경제,17,2019,09,30,10:06,3,3,0,0,0,0,0,0,0,0,0,https://news.naver.com/main/read.nhn?mode=LSD&mid=sec&sid1=101&oid=421&aid=0004222173
유준상,"'같이 펀딩' 유준상, 오늘(30일) 홈쇼핑서 태극기함 판매...""1가구 1태극기""",연예,17,2019,09,30,13:26,17,17,0,0,0,0,0,0,0,0,0,https://news.naver.com/main/read.nhn?mode=LSD&mid=sec&sid1=106&oid=076&aid=0003474789
유준상,"공영쇼핑, 배우 유준상과 '특별한 태극기' 판매",경제,17,2019,09,30,20:14,1,1,0,0,0,0,0,0,0,0,0,https://news.naver.com/main/read.nhn?mode=LSD&mid=sec&sid1=101&oid=018&aid=0004480090
유준상,"엄기준·유준상·민영기·김법래, 국군의 날 기념식서 군가 제창",연예,17,2019,10,01,14:33,17,17,0,0,0,0,0,0,0,0,0,https://news.naver.com/main/read.nhn?mode=LSD&mid=sec&sid1=106&oid=117&aid=0003280723
유준상,"""뜻깊은 시간"" 엄유민법, 오늘(1일) 국군의날 행사 참석 '군가 제창'",연예,17,2019,10,01,20:30,16,16,0,0,0,0,0,0,0,0,0,https://news.naver.com/main/read.nhn?mode=LSD&mid=sec&sid1=106&oid=241&aid=0002963065
유준상,"'열정의 아이콘' 유준상, 무대로 돌아온다",연예,18,2019,10,12,14:41,1,1,0,0,0,0,0,0,0,0,0,https://news.naver.com/main/read.nhn?mode=LSD&mid=sec&sid1=106&oid=119&aid=0002357385
유준상,"MBC '같이 펀딩' 유준상, 홈쇼핑서 태극기함 완판",연예,18,2019,10,06,13:29,33,33,0,0,0,0,0,0,0,0,0,https://news.naver.com/main/read.nhn?mode=LSD&mid=sec&sid1=106&oid=003&aid=0009490383
유준상,"'같이 펀딩' 유준상 태극기함, 홈쇼핑 최초 판매→1만개 매진 신화",연예,18,2019,10,07,8:54,12,11,0,1,0,0,0,0,0,0,0,https://news.naver.com/main/read.nhn?mode=LSD&mid=sec&sid1=106&oid=076&aid=0003477775
유준상,"[리뷰IS] '같이펀딩' 유준상, 홈쇼핑도 완판…국기함 100만개 꿈 이뤄질까",연예,18,2019,10,07,7:40,11,11,0,0,0,0,0,0,0,0,0,https://news.naver.com/main/read.nhn?mode=LSD&mid=sec&sid1=106&oid=241&aid=0002964681
유준상,"‘열일’ 유준상, 뮤지컬 ‘영웅본색’으로 2019 연말 장식",연예,18,2019,10,12,14:26,5,5,0,0,0,0,0,0,0,0,0,https://news.naver.com/main/read.nhn?mode=LSD&mid=sec&sid1=106&oid=213&aid=0001135260
유준상,"'같이펀딩' 유준상, 홈쇼핑 데뷔 앞두고 긴장",연예,18,2019,10,06,19:21,6,6,0,0,0,0,0,0,0,0,0,https://news.naver.com/main/read.nhn?mode=LSD&mid=sec&sid1=106&oid=241&aid=0002964651
유준상,"'같이 펀딩' 유준상, 홈쇼핑 역사 최초 태극기함 판매X완판 도전",연예,18,2019,10,06,8:23,3,3,0,0,0,0,0,0,0,0,0,https://news.naver.com/main/read.nhn?mode=LSD&mid=sec&sid1=106&oid=015&aid=0004219230
유준상,"'같이 펀딩' 유준상, 홈쇼핑 최초 태극기함 판매→완판 신화 달성",연예,18,2019,10,06,9:55,14,14,0,0,0,0,0,0,0,0,0,https://news.naver.com/main/read.nhn?mode=LSD&mid=sec&sid1=106&oid=312&aid=0000413334
유준상,"'같이 펀딩' 유준상, 홈쇼핑 10,000개 매진 신화..'같이의 기적'",연예,18,2019,10,07,13:07,5,5,0,0,0,0,0,0,0,0,0,https://news.naver.com/main/read.nhn?mode=LSD&mid=sec&sid1=106&oid=011&aid=0003630362
유준상,"'같이펀딩' 유준상, 국군의 날 행사서 문 대통령에 태극기함 전달",연예,19,2019,10,13,19:01,86,84,0,2,0,0,0,0,0,0,0,https://news.naver.com/main/read.nhn?mode=LSD&mid=sec&sid1=106&oid=421&aid=0004246169
유준상,"요트협회, 보성군수배 전국요트대회 18일 개최",스포츠,19,2019,10,18,11:50,1,1,0,0,0,0,0,0,0,0,0,http://sports.news.naver.com/general/news/read.nhn?oid=382&aid=0000769676
유준상,`비디오스타` 엄유민법의 견고한 우정…맏형 유준상의 무게 [종합],연예,19,2019,10,15,21:49,5,5,0,0,0,0,0,0,0,0,0,https://news.naver.com/main/read.nhn?mode=LSD&mid=sec&sid1=106&oid=009&aid=0004445009
유준상,"""뮤지컬계 워너원""'비스' 유준상·엄기준·민영기·김법래, '엄유민법' 특집 (ft.사랑꾼) [종합]",연예,19,2019,10,15,21:59,27,27,0,0,0,0,0,0,0,0,0,https://news.naver.com/main/read.nhn?mode=LSD&mid=sec&sid1=106&oid=076&aid=0003481886
유준상,"'비스' 유준상 ""아이돌보다 스케줄 맞추기 어려워""",연예,19,2019,10,15,20:44,7,7,0,0,0,0,0,0,0,0,0,https://news.naver.com/main/read.nhn?mode=LSD&mid=sec&sid1=106&oid=108&aid=0002817208
유준상,"[리뷰IS] '같이펀딩' 유준상, 문재인 대통령 앞에서도 남다른 태극기♥",연예,19,2019,10,14,7:28,13,13,0,0,0,0,0,0,0,0,0,https://news.naver.com/main/read.nhn?mode=LSD&mid=sec&sid1=106&oid=241&aid=0002967343
유준상,"'같이 펀딩' 유준상 '태극기함'→장도연 '같이 사과'까지, 장르불문 대공감 프로젝트",연예,19,2019,10,14,9:36,12,12,0,0,0,0,0,0,0,0,0,https://news.naver.com/main/read.nhn?mode=LSD&mid=sec&sid1=106&oid=468&aid=0000575827
유준상,"'같이펀딩' 유준상 '태극기함'→장도연 '같이 사과', 재미로 꽉채운 80분!",연예,19,2019,10,14,11:00,1,1,0,0,0,0,0,0,0,0,0,https://news.naver.com/main/read.nhn?mode=LSD&mid=sec&sid1=106&oid=408&aid=0000079412
유준상,"'같이펀딩' 유준상, 맞춤 필수품 국기함 메고 국군의 날 행사 참석",연예,19,2019,10,13,24:45,16,16,0,0,0,0,0,0,0,0,0,https://news.naver.com/main/read.nhn?mode=LSD&mid=sec&sid1=106&oid=241&aid=0002967168
유준상,‘같이 펀딩’ 유준상 애국심 인증? 국군의 날 행사 참석 비하인드 공개,연예,19,2019,10,13,24:07,5,5,0,0,0,0,0,0,0,0,0,https://news.naver.com/main/read.nhn?mode=LSD&mid=sec&sid1=106&oid=382&aid=0000768183
유준상,"'비스' 유준상 ""엄유민법 서열 1위는 엄기준… 눈치 많이 본다""",연예,19,2019,10,15,21:15,1,0,0,1,0,0,0,0,0,0,0,https://news.naver.com/main/read.nhn?mode=LSD&mid=sec&sid1=106&oid=311&aid=0001059937
유준상,"'비디오스타' 완전체 출연한 엄유민법, 완전체로 맥주CF 노려",연예,19,2019,10,15,20:59,1,1,0,0,0,0,0,0,0,0,0,https://news.naver.com/main/read.nhn?mode=LSD&mid=sec&sid1=106&oid=015&aid=0004224297
유준상,"‘같이 펀딩’ 유준상, 상하이 대한민국임시정부를 가다",연예,20,2019,10,26,10:02,6,6,0,0,0,0,0,0,0,0,0,https://news.naver.com/main/read.nhn?mode=LSD&mid=sec&sid1=106&oid=312&aid=0000416970
유준상,"'같이 펀딩' 측 ""11월17일 종영...2020년 시즌2 컴백"" (공식)",연예,20,2019,10,25,15:17,6,2,0,4,0,0,0,0,0,0,0,https://news.naver.com/main/read.nhn?mode=LSD&mid=sec&sid1=106&oid=052&aid=0001358123
유준상,"'같이 펀딩' 11월 17일 시즌1 종료, 2020년 상반기 시즌2로 컴백",연예,20,2019,10,26,12:42,11,11,0,0,0,0,0,0,0,0,0,https://news.naver.com/main/read.nhn?mode=LSD&mid=sec&sid1=106&oid=011&aid=0003640805
유준상,"""작은 힘이 모여 변화를""…'같이펀딩', 이전에 없던 참여 예능의 품격",연예,20,2019,10,21,16:49,8,8,0,0,0,0,0,0,0,0,0,https://news.naver.com/main/read.nhn?mode=LSD&mid=sec&sid1=106&oid=468&aid=0000579696
유준상,"'같이펀딩' 유준상, 태극기함 프로젝트 종착지로 대한민국 임시정부 가다",연예,20,2019,10,26,14:39,17,16,0,1,0,0,0,0,0,0,0,https://news.naver.com/main/read.nhn?mode=LSD&mid=sec&sid1=106&oid=241&aid=0002973125
유준상,"'태극기함 품은' 유준상, 17년 만 상하이 재방문…'데프콘과 함께'",연예,20,2019,10,26,14:15,12,12,0,0,0,0,0,0,0,0,0,https://news.naver.com/main/read.nhn?mode=LSD&mid=sec&sid1=106&oid=213&aid=0001137806
유준상,"[공식]'같이 펀딩' 측 ""11월17일 시즌1 종영…2020년 시즌2로 컴백""",연예,20,2019,10,25,15:24,3,2,0,1,0,0,0,0,0,0,0,https://news.naver.com/main/read.nhn?mode=LSD&mid=sec&sid1=106&oid=076&aid=0003486895
유준상,"[공식입장] '같이펀딩' 11월17일 시즌1 마무리 ""내년 상반기 시즌2 방송""",연예,20,2019,10,25,15:09,3,3,0,0,0,0,0,0,0,0,0,https://news.naver.com/main/read.nhn?mode=LSD&mid=sec&sid1=106&oid=421&aid=0004269727
유준상,'같이펀딩' 11월 17일 시즌1 종료…2020년 상반기 시즌2로 컴백[공식],연예,20,2019,10,25,15:28,1,1,0,0,0,0,0,0,0,0,0,https://news.naver.com/main/read.nhn?mode=LSD&mid=sec&sid1=106&oid=241&aid=0002972703
유준상,[TV톡] '같이 펀딩' 이토록 가치 있는 웃음이라니,연예,20,2019,10,20,8:02,186,185,0,1,0,0,0,0,0,0,0,https://news.naver.com/main/read.nhn?mode=LSD&mid=sec&sid1=106&oid=408&aid=0000079650
유준상,"'같이펀딩', 시청자 움직이게 만든 '가치'의 힘! #재발견 #참여 #선한 영향력",연예,20,2019,10,21,13:52,14,14,0,0,0,0,0,0,0,0,0,https://news.naver.com/main/read.nhn?mode=LSD&mid=sec&sid1=106&oid=408&aid=0000079757
유준상,"""참여 예능의 품격""..'같이 펀딩'이 전한 공감의 힘 #재발견 #참여 #선한영향력",연예,20,2019,10,21,13:15,4,4,0,0,0,0,0,0,0,0,0,https://news.naver.com/main/read.nhn?mode=LSD&mid=sec&sid1=106&oid=112&aid=0003225542
유준상,"‘같이 펀딩’ 이전에 없던 참여 예능의 품격, 시청자를 움직이는 힘",연예,20,2019,10,21,13:09,33,33,0,0,0,0,0,0,0,0,0,https://news.naver.com/main/read.nhn?mode=LSD&mid=sec&sid1=106&oid=609&aid=0000190800
유준상,"녹차수도 보성, 오색 요트로 가을바다 물들인다...2019보성군수배 비봉마리나 전국요트대회",스포츠,20,2019,10,20,09:54,1,1,0,0,0,0,0,0,0,0,0,http://sports.news.naver.com/general/news/read.nhn?oid=468&aid=0000578938
유준상,"'같이 펀딩' 유준상-데프콘, 감동 X 역사지식 X 뭉클함 선물",연예,21,2019,10,28,8:28,2,2,0,0,0,0,0,0,0,0,0,https://news.naver.com/main/read.nhn?mode=LSD&mid=sec&sid1=106&oid=076&aid=0003488153
유준상,"'같이펀딩' 유준상, 중국 상하이에서 전한 진심 깊은 감동",연예,21,2019,10,28,13:41,4,4,0,0,0,0,0,0,0,0,0,https://news.naver.com/main/read.nhn?mode=LSD&mid=sec&sid1=106&oid=241&aid=0002973737
유준상,"'같이 펀딩' 유준상, 중국 상하이에서 전한 깊은 감동..'연일 화제'",연예,21,2019,10,29,12:20,7,7,0,0,0,0,0,0,0,0,0,https://news.naver.com/main/read.nhn?mode=LSD&mid=sec&sid1=106&oid=011&aid=0003641914
유준상,"'같이 펀딩' 유준상, 말하는 대로...태극기함 종착지 가다",연예,21,2019,10,27,2:15,6,6,0,0,0,0,0,0,0,0,0,https://news.naver.com/main/read.nhn?mode=LSD&mid=sec&sid1=106&oid=011&aid=0003640961
유준상,"‘같이 펀딩’ 유준상→노홍철, 홈쇼핑 완판 공약 이행…스카이다이빙 도전",연예,21,2019,11,02,11:11,1,1,0,0,0,0,0,0,0,0,0,https://news.naver.com/main/read.nhn?mode=LSD&mid=sec&sid1=106&oid=410&aid=0000639975
유준상,"'같이 펀딩' 유준상→장도연, 홈쇼핑 완판 공약 이행..63빌딩 12배 높이서 스카이다이빙",연예,21,2019,11,02,14:40,5,5,0,0,0,0,0,0,0,0,0,https://news.naver.com/main/read.nhn?mode=LSD&mid=sec&sid1=106&oid=112&aid=0003230572
유준상,"'같이펀딩' 유준상→장도연, 태극기함 공약 위해 스카이다이빙 도전",연예,21,2019,11,02,17:24,2,2,0,0,0,0,0,0,0,0,0,https://news.naver.com/main/read.nhn?mode=LSD&mid=sec&sid1=106&oid=213&aid=0001139013
유준상,"‘같이 펀딩’ 유준상X데프콘, 역사지식에 감동까지 선물한 ‘임정로드’",연예,21,2019,10,28,9:28,1,1,0,0,0,0,0,0,0,0,0,https://news.naver.com/main/read.nhn?mode=LSD&mid=sec&sid1=106&oid=312&aid=0000417189
유준상,'같이 펀딩' 유준상-데프콘의 '임정로드' 호평 봇물… 최고시청률 5.9%,연예,21,2019,10,28,9:37,18,17,0,1,0,0,0,0,0,0,0,https://news.naver.com/main/read.nhn?mode=LSD&mid=sec&sid1=106&oid=408&aid=0000080154
유준상,"‘같이 펀딩’ 유준상, 상하이서 오열 “태극기함 넘어선 진정성”",연예,21,2019,10,28,14:01,1,1,0,0,0,0,0,0,0,0,0,https://news.naver.com/main/read.nhn?mode=LSD&mid=sec&sid1=106&oid=081&aid=0003039074
유준상,'같이 펀딩' 유준상의 끝없는 진심…상하이서 전한 '깊은 감동',연예,21,2019,10,28,13:26,2,2,0,0,0,0,0,0,0,0,0,https://news.naver.com/main/read.nhn?mode=LSD&mid=sec&sid1=106&oid=076&aid=0003488305
유준상,신혼여행 이어 '같이 펀딩' 위해 임시정부 떠난 유준상…애국심에 '뜨거운 눈물',생활,21,2019,10,28,14:10,2,2,0,0,0,0,0,0,0,0,0,https://news.naver.com/main/read.nhn?mode=LSD&mid=sec&sid1=103&oid=015&aid=0004231219
유준상,"‘같이 펀딩’ 유준상, 윤봉길 의사와 꿈 같은 만남…태극기함 바쳤다",연예,21,2019,10,27,8:23,18,17,0,1,0,0,0,0,0,0,0,https://news.naver.com/main/read.nhn?mode=LSD&mid=sec&sid1=106&oid=009&aid=0004451966
유준상,"'같이 펀딩' 유준상, 윤봉길 의사와 꿈 같은 만남…눈물 왈칵 [포인트:신]",연예,21,2019,10,27,15:19,8,8,0,0,0,0,0,0,0,0,0,https://news.naver.com/main/read.nhn?mode=LSD&mid=sec&sid1=106&oid=311&aid=0001066118
유준상,‘같이펀딩’ ‘울컥’ 윤봉길 기념관에서 눈물 터진 유준상!,연예,21,2019,10,27,21:58,13,13,0,0,0,0,0,0,0,0,0,https://news.naver.com/main/read.nhn?mode=LSD&mid=sec&sid1=106&oid=408&aid=0000080142
유준상,"'같이 펀딩' 유준상X데프콘, 임정 100주년에 찾아낸 역사 흔적에 '뭉클'",연예,22,2019,11,03,8:22,2,2,0,0,0,0,0,0,0,0,0,https://news.naver.com/main/read.nhn?mode=LSD&mid=sec&sid1=106&oid=015&aid=0004234860
유준상,"유준상, 예능에 콘서트까지 '진정한 재능 부자'",연예,22,2019,11,05,10:25,4,4,0,0,0,0,0,0,0,0,0,https://news.naver.com/main/read.nhn?mode=LSD&mid=sec&sid1=106&oid=119&aid=0002362210
유준상,"“화려함 속 서글픔” ‘같이펀딩’ 유준상, 상하이에서 역사 기행→스카이다이빙 도전(종합)",연예,22,2019,11,03,19:49,2,1,0,1,0,0,0,0,0,0,0,https://news.naver.com/main/read.nhn?mode=LSD&mid=sec&sid1=106&oid=112&aid=0003230843
유준상,"유준상, 엄유민법 콘서트 비하인드 공개…2019년 꽉 채운 열정",연예,22,2019,11,04,14:57,1,1,0,0,0,0,0,0,0,0,0,https://news.naver.com/main/read.nhn?mode=LSD&mid=sec&sid1=106&oid=311&aid=0001069608
유준상,"'같이 펀딩' 유준상, 예능 감동이 된다…임정로드 2탄→스카이다이빙",연예,22,2019,11,04,9:27,9,9,0,0,0,0,0,0,0,0,0,https://news.naver.com/main/read.nhn?mode=LSD&mid=sec&sid1=106&oid=076&aid=0003491245
유준상,"‘같이 펀딩’ 유준상 “상하이 와이탄, 관광지 이상의 피 끓는 장소”",연예,22,2019,11,03,19:13,1,1,0,0,0,0,0,0,0,0,0,https://news.naver.com/main/read.nhn?mode=LSD&mid=sec&sid1=106&oid=410&aid=0000640264
유준상,"'같이펀딩' 상하이行 유준상, 17년만 리마인드 신혼여행 사진",연예,22,2019,11,03,8:15,2,2,0,0,0,0,0,0,0,0,0,https://news.naver.com/main/read.nhn?mode=LSD&mid=sec&sid1=106&oid=241&aid=0002975847
유준상,"'같이 펀딩' 노홍철, 장도연에게 깜짝 고백 ""나랑 사귀자""",연예,22,2019,11,03,10:38,9,8,0,1,0,0,0,0,0,0,0,https://news.naver.com/main/read.nhn?mode=LSD&mid=sec&sid1=106&oid=468&aid=0000586100
유준상,"""도연아 나랑 사귀자""…'같이펀딩' 노홍철, 스카이다이빙 고백",연예,22,2019,11,03,10:47,10,10,0,0,0,0,0,0,0,0,0,https://news.naver.com/main/read.nhn?mode=LSD&mid=sec&sid1=106&oid=241&aid=0002975916
유준상,"'같이펀딩' 노홍철, 장도연에 ""나랑 사귀자"" 고백…실제 상황?",연예,22,2019,11,03,21:35,20,19,0,0,0,0,1,0,0,0,0,https://news.naver.com/main/read.nhn?mode=LSD&mid=sec&sid1=106&oid=076&aid=0003491150
유준상,"전혜빈, 유준상 커피차 선물에 무한 감동 ""제일 존경하는 오라버니""",연예,23,2019,11,12,11:05,7,7,0,0,0,0,0,0,0,0,0,https://news.naver.com/main/read.nhn?mode=LSD&mid=sec&sid1=106&oid=241&aid=0002978824
유준상,"""최고의배우"" 전혜빈, 홍은희 질투할 유준상과 투샷 '커피차 인증' [★SHOT!]",연예,23,2019,11,11,19:46,5,5,0,0,0,0,0,0,0,0,0,https://news.naver.com/main/read.nhn?mode=LSD&mid=sec&sid1=106&oid=109&aid=0004118686
유준상,[연예수첩] “둘이 친구였어?” 뜻밖의 동갑내기 스타들,연예,23,2019,11,12,8:49,3,3,0,0,0,0,0,0,0,0,0,https://news.naver.com/main/read.nhn?mode=LSD&mid=sec&sid1=106&oid=056&aid=0010762810
유준상,"전혜빈, 유준상 커피차에 ""제일 존경하고 좋아하는 준상오라버니""",연예,23,2019,11,12,9:07,2,2,0,0,0,0,0,0,0,0,0,https://news.naver.com/main/read.nhn?mode=LSD&mid=sec&sid1=106&oid=112&aid=0003234159
유준상,"전혜빈 “풍상씨 유준상 최고 성품, 제일 존경해”[SNS★컷]",연예,23,2019,11,11,19:06,18,18,0,0,0,0,0,0,0,0,0,https://news.naver.com/main/read.nhn?mode=LSD&mid=sec&sid1=106&oid=609&aid=0000201614
유준상,제12회 2019 독도수호마라톤대회 뚝섬지구 수변무대에서 개최,경제,23,2019,11,11,3:02,1,1,0,0,0,0,0,0,0,0,0,https://news.naver.com/main/read.nhn?mode=LSD&mid=sec&sid1=101&oid=022&aid=0003413029
유준상,"'같이 펀딩' 유준상, 애국심X진정성 넘치는 '열정 부자'",연예,24,2019,11,18,16:01,1,1,0,0,0,0,0,0,0,0,0,https://news.naver.com/main/read.nhn?mode=LSD&mid=sec&sid1=106&oid=076&aid=0003498513
유준상,"""25억 기부""…'같이펀딩' 유준상→유희열, 같이의 가치를 알리다 [종영]",연예,24,2019,11,18,9:32,12,12,0,0,0,0,0,0,0,0,0,https://news.naver.com/main/read.nhn?mode=LSD&mid=sec&sid1=106&oid=311&aid=0001076081
유준상,‘같이펀딩’ 유준상의 ‘태극기 사랑’ “어디서나 태극기 나부끼길”,연예,24,2019,11,17,21:12,18,15,0,3,0,0,0,0,0,0,0,https://news.naver.com/main/read.nhn?mode=LSD&mid=sec&sid1=106&oid=408&aid=0000081488
유준상,의미·재미·신선함까지 다 잡은 김태호의 실험,연예,24,2019,11,21,10:29,16,16,0,0,0,0,0,0,0,0,0,https://news.naver.com/main/read.nhn?mode=LSD&mid=sec&sid1=106&oid=047&aid=0002247449
유준상,"`같이 펀딩` 유준상, 직접 제작 한 태극기 함 홍보 위해 소상공인 방송 출연",연예,24,2019,11,17,19:13,3,3,0,0,0,0,0,0,0,0,0,https://news.naver.com/main/read.nhn?mode=LSD&mid=sec&sid1=106&oid=009&aid=0004465334
유준상,"“총 25억 펀딩” 유준상→유인나,같이펀딩 시즌2 기대해[어제TV]",연예,24,2019,11,18,6:01,2,2,0,0,0,0,0,0,0,0,0,https://news.naver.com/main/read.nhn?mode=LSD&mid=sec&sid1=106&oid=609&aid=0000204699
유준상,"김태호 실험작 '같이 펀딩', 25억 모으며 시즌 종영",생활,24,2019,11,18,9:14,3,3,0,0,0,0,0,0,0,0,0,https://news.naver.com/main/read.nhn?mode=LSD&mid=sec&sid1=103&oid=001&aid=0011218580
유준상,'같이 펀딩' 태극기→환경 보호 프로젝트…예능의 매력 확장한 울림 포인트3,연예,24,2019,11,18,11:38,3,3,0,0,0,0,0,0,0,0,0,https://news.naver.com/main/read.nhn?mode=LSD&mid=sec&sid1=106&oid=015&aid=0004243173
유준상,'같이펀딩' 시즌1 종영…태극기함→환경 보호까지 '예능의 매력 확장',연예,24,2019,11,18,24:34,2,2,0,0,0,0,0,0,0,0,0,https://news.naver.com/main/read.nhn?mode=LSD&mid=sec&sid1=106&oid=076&aid=0003498424
유준상,'같이펀딩' 펀딩총액 26억원…'같이의 가치' 증명,연예,24,2019,11,18,9:39,2,2,0,0,0,0,0,0,0,0,0,https://news.naver.com/main/read.nhn?mode=LSD&mid=sec&sid1=106&oid=215&aid=0000824844
유준상,"'같이 펀딩', 마무리까지 따뜻했다…펀딩 총액 26억원 달성",연예,24,2019,11,18,9:05,2,2,0,0,0,0,0,0,0,0,0,https://news.naver.com/main/read.nhn?mode=LSD&mid=sec&sid1=106&oid=468&aid=0000593215
유준상,같이펀딩 펀딩총액 26억원…선한 영향력 증명,연예,24,2019,11,18,9:19,5,5,0,0,0,0,0,0,0,0,0,https://news.naver.com/main/read.nhn?mode=LSD&mid=sec&sid1=106&oid=382&aid=0000777320
유준상,"""펀딩 총결산 26억원""…'같이 펀딩' 힐링+감동 시즌1 종료→시즌2 기대↑",연예,24,2019,11,18,9:20,63,62,0,1,0,0,0,0,0,0,0,https://news.naver.com/main/read.nhn?mode=LSD&mid=sec&sid1=106&oid=076&aid=0003498270
유준상,`같이펀딩` 유준상 태극기함→유인나X강하늘 오디오북 녹음 현장,연예,24,2019,11,17,16:21,12,12,0,0,0,0,0,0,0,0,0,https://news.naver.com/main/read.nhn?mode=LSD&mid=sec&sid1=106&oid=009&aid=0004465237
유준상,"'같이펀딩', 유준상 태극기함→'바다 같이' 비하인드 공개한다",연예,24,2019,11,17,8:41,3,3,0,0,0,0,0,0,0,0,0,https://news.naver.com/main/read.nhn?mode=LSD&mid=sec&sid1=106&oid=213&aid=0001141035
유준상,'같이 펀딩' 유준상 태극기함→'바다같이' 에코백까지…시즌 1 여정 마무리 결산,연예,24,2019,11,17,8:20,5,5,0,0,0,0,0,0,0,0,0,https://news.naver.com/main/read.nhn?mode=LSD&mid=sec&sid1=106&oid=015&aid=0004242661
유준상,"[인터뷰②] 차서원 ""父같은 유준상 선배..설날에 찾아뵐게요""",연예,25,2019,11,29,8:10,3,3,0,0,0,0,0,0,0,0,0,https://news.naver.com/main/read.nhn?mode=LSD&mid=sec&sid1=106&oid=076&aid=0003502948
유준상,"뮤지컬 ‘영웅본색’ 유준상-임태경-민우혁, 2차 컨셉 사진 공개",연예,25,2019,11,27,8:41,2,2,0,0,0,0,0,0,0,0,0,https://news.naver.com/main/read.nhn?mode=LSD&mid=sec&sid1=106&oid=011&aid=0003657662
유준상,차세대 정보보안 인재를 위한 축제 성황리 개최,경제,25,2019,11,30,3:07,2,1,0,0,1,0,0,0,0,0,0,https://news.naver.com/main/read.nhn?mode=LSD&mid=sec&sid1=101&oid=022&aid=0003418306
유준상,"유준상VS김해숙VS공효진, 미리보는 KBS 연기대상 3파전 [배틀VS]",연예,25,2019,11,26,17:48,59,59,0,0,0,0,0,0,0,0,0,https://news.naver.com/main/read.nhn?mode=LSD&mid=sec&sid1=106&oid=213&aid=0001142231
유준상,영화·드라마·연극·뮤지컬 종횡무진…'멀티 배우'들이 뛴다,생활,25,2019,11,27,17:48,6,4,1,0,0,1,0,0,0,0,0,https://news.naver.com/main/read.nhn?mode=LSD&mid=sec&sid1=103&oid=015&aid=0004248585
유준상,"'동백꽃 필 무렵', 드라마는 만개했지만",연예,25,2019,11,30,7:36,10,3,0,7,0,0,0,0,0,0,0,https://news.naver.com/main/read.nhn?mode=LSD&mid=sec&sid1=106&oid=079&aid=0003297202
유준상,뮤지컬 '영웅본색' 자걸 역 한지상 박영수 이장우 캐릭터 사진 눈길,생활,25,2019,11,26,9:27,1,1,0,0,0,0,0,0,0,0,0,https://news.naver.com/main/read.nhn?mode=LSD&mid=sec&sid1=103&oid=468&aid=0000596746
유준상,"[인터뷰①] 차서원 ""'청일전자 미쓰리'는 공감의 힘을 준 작품""",연예,25,2019,11,29,8:10,5,5,0,0,0,0,0,0,0,0,0,https://news.naver.com/main/read.nhn?mode=LSD&mid=sec&sid1=106&oid=076&aid=0003502947
유준상,"[인터뷰③] 차서원 ""친구 양세종·김성철과 브로맨스 연기하고파""",연예,25,2019,11,29,8:10,18,18,0,0,0,0,0,0,0,0,0,https://news.naver.com/main/read.nhn?mode=LSD&mid=sec&sid1=106&oid=076&aid=0003502949
유준상,뮤지컬 '영웅본색' 자호 역 유준상·임태경·민우혁 컨셉 사진 공개,생활,25,2019,11,27,11:44,1,1,0,0,0,0,0,0,0,0,0,https://news.naver.com/main/read.nhn?mode=LSD&mid=sec&sid1=103&oid=079&aid=0003296057
유준상,"‘영웅본색’ 유준상·임태경·민우혁, 전례없는 누아르 감성 폭발",연예,25,2019,11,27,10:29,2,2,0,0,0,0,0,0,0,0,0,https://news.naver.com/main/read.nhn?mode=LSD&mid=sec&sid1=106&oid=382&aid=0000779571
유준상,"'영웅본색' 유준상·임태경·민우혁, 역동적인 2차 콘셉트 사진 공개",연예,25,2019,11,27,8:56,3,3,0,0,0,0,0,0,0,0,0,https://news.naver.com/main/read.nhn?mode=LSD&mid=sec&sid1=106&oid=312&aid=0000422823
유준상,올 겨울 가장 매력적인 뮤지컬…‘영웅본색’ 12월 17일 개막,생활,25,2019,11,26,24:08,3,3,0,0,0,0,0,0,0,0,0,https://news.naver.com/main/read.nhn?mode=LSD&mid=sec&sid1=103&oid=015&aid=0004247592
유준상,"‘영웅본색’ 한지상x박영수x이장우, 궁금증 자아내는 자걸 역 콘셉트 사진",연예,25,2019,11,26,11:23,1,1,0,0,0,0,0,0,0,0,0,https://news.naver.com/main/read.nhn?mode=LSD&mid=sec&sid1=106&oid=382&aid=0000779354
유준상,"[예능 재발견★②] '같이 펀딩' 유준상 ""태극기 잊혀지는 것 안타까웠다""",연예,26,2019,12,07,11:58,15,15,0,0,0,0,0,0,0,0,0,https://news.naver.com/main/read.nhn?mode=LSD&mid=sec&sid1=106&oid=427&aid=0000035056
유준상,"박서준→김희애→유준상·송윤아→손현주, JTBC 2020년 드라마 라인업 공개",연예,26,2019,12,05,17:09,5,5,0,0,0,0,0,0,0,0,0,https://news.naver.com/main/read.nhn?mode=LSD&mid=sec&sid1=106&oid=117&aid=0003308804
유준상,"[예능 재발견★①] 성훈, '나 혼자 산다' 통해 예능계 블루칩 등극",연예,26,2019,12,07,11:58,52,52,0,0,0,0,0,0,0,0,0,https://news.naver.com/main/read.nhn?mode=LSD&mid=sec&sid1=106&oid=427&aid=0000035055
유준상,"이시영, 유준상에게 커피차 선물 받아..""풍상 오빠 고마워요""",연예,26,2019,12,02,17:04,8,8,0,0,0,0,0,0,0,0,0,https://news.naver.com/main/read.nhn?mode=LSD&mid=sec&sid1=106&oid=108&aid=0002827569
유준상,"'유준상♥' 홍은희, 머리핀 꽂으니 풋풋한 여대생 포스..세월역행 동안 비주얼",연예,26,2019,12,02,22:08,7,7,0,0,0,0,0,0,0,0,0,https://news.naver.com/main/read.nhn?mode=LSD&mid=sec&sid1=106&oid=112&aid=0003242354
유준상,"JTBC, 손현주 수사극 '모범형사' 등 내년 라인업 공개",생활,26,2019,12,05,10:57,6,5,1,0,0,0,0,0,0,0,0,https://news.naver.com/main/read.nhn?mode=LSD&mid=sec&sid1=103&oid=001&aid=0011257277
유준상,"JTBC, 2020년 상반기 드라마 라인업 공개",연예,26,2019,12,05,11:37,9,9,0,0,0,0,0,0,0,0,0,https://news.naver.com/main/read.nhn?mode=LSD&mid=sec&sid1=106&oid=312&aid=0000424355
유준상,"'본격연예 한밤' 유준상, 유쾌만발 화기애애 인터뷰 화제..'여전한 열정만수르'",연예,27,2019,12,11,9:14,3,3,0,0,0,0,0,0,0,0,0,https://news.naver.com/main/read.nhn?mode=LSD&mid=sec&sid1=106&oid=011&aid=0003664567
유준상,"'한밤' 유준상, ""유노윤호 손잡는 순간 열정 느껴져…지칠 수 없다""",연예,27,2019,12,10,22:35,57,57,0,0,0,0,0,0,0,0,0,https://news.naver.com/main/read.nhn?mode=LSD&mid=sec&sid1=106&oid=416&aid=0000252434
유준상,"[POP초점]""시청률 보증수표"" 공효진VS김해숙VS유준상, 역대급 KBS 연기대상",연예,27,2019,12,12,14:54,37,37,0,0,0,0,0,0,0,0,0,https://news.naver.com/main/read.nhn?mode=LSD&mid=sec&sid1=106&oid=112&aid=0003245856
유준상,"'한밤' 김남길X유준상, 자선 팬미팅→뮤지컬 '영웅본색' 근황‥훈훈 인터뷰(종합)",연예,27,2019,12,10,21:56,51,51,0,0,0,0,0,0,0,0,0,https://news.naver.com/main/read.nhn?mode=LSD&mid=sec&sid1=106&oid=112&aid=0003245158
유준상,< Interview 도전 >주현미 “유튜브서 노래 초라하다고? 한없이 자유로워”,연예,27,2019,12,13,11:41,36,36,0,0,0,0,0,0,0,0,0,https://news.naver.com/main/read.nhn?mode=LSD&mid=sec&sid1=106&oid=021&aid=0002411035
유준상,"‘한밤’ 유준상 ‘영웅본색’ 연습현장 공개, 느와르 느낌 물씬",연예,27,2019,12,11,8:51,1,1,0,0,0,0,0,0,0,0,0,https://news.naver.com/main/read.nhn?mode=LSD&mid=sec&sid1=106&oid=609&aid=0000216743
유준상,부익부 KBS·빈익빈 MBC·각 나온 SBS…미리보는 연기대상,연예,28,2019,12,19,6:01,142,141,0,1,0,0,0,0,0,0,0,https://news.naver.com/main/read.nhn?mode=LSD&mid=sec&sid1=106&oid=018&aid=0004539879
유준상,"장동건·유준상·김남길·공효진→이승기, 안방극장 '흥행 꽃길'①[방송결산]",연예,28,2019,12,16,13:00,157,157,0,0,0,0,0,0,0,0,0,https://news.naver.com/main/read.nhn?mode=LSD&mid=sec&sid1=106&oid=108&aid=0002830398
유준상,"뮤지컬 ‘영웅본색’, 실제 무대 방불케 하는 열정 가득 연습실 현장 공개",생활,28,2019,12,16,18:52,5,4,0,0,1,0,0,0,0,0,0,https://news.naver.com/main/read.nhn?mode=LSD&mid=sec&sid1=103&oid=015&aid=0004258446
유준상,"김해숙 유준상 공효진, 박터지는 연기대상 후보들[2019 KBS 결산③]",연예,28,2019,12,17,6:02,32,32,0,0,0,0,0,0,0,0,0,https://news.naver.com/main/read.nhn?mode=LSD&mid=sec&sid1=106&oid=609&aid=0000219453
유준상,"""시간이 너무 빨라요""..'유준상♥' 홍은희, 언니만 나이 안 먹나봐",연예,28,2019,12,15,10:09,19,18,0,1,0,0,0,0,0,0,0,https://news.naver.com/main/read.nhn?mode=LSD&mid=sec&sid1=106&oid=112&aid=0003246619
유준상,"엄기준, 4년 만 단독 팬미팅 개최…무대 위 엄기준은 진리",연예,28,2019,12,16,14:21,15,15,0,0,0,0,0,0,0,0,0,https://news.naver.com/main/read.nhn?mode=LSD&mid=sec&sid1=106&oid=468&aid=0000604642
유준상,"엄기준, 4년 만의 단독 팬미팅 ‘the story’ 성료…솔직함부터 다양한 매력까지",연예,28,2019,12,16,14:13,3,3,0,0,0,0,0,0,0,0,0,https://news.naver.com/main/read.nhn?mode=LSD&mid=sec&sid1=106&oid=215&aid=0000831752
유준상,"엄기준, 팬미팅 뜻깊게 마무리 “4년 만에 팬과 함께”",연예,28,2019,12,16,17:37,3,3,0,0,0,0,0,0,0,0,0,https://news.naver.com/main/read.nhn?mode=LSD&mid=sec&sid1=106&oid=213&aid=0001145373
유준상,"엄기준, 4년 만에 팬미팅 성료...3시간 꽉 채운 '팬 사랑'",연예,28,2019,12,16,14:38,4,4,0,0,0,0,0,0,0,0,0,https://news.naver.com/main/read.nhn?mode=LSD&mid=sec&sid1=106&oid=109&aid=0004136312
유준상,"뮤지컬 ‘영웅본색’, ‘열정X카리스마’ 연습실 현장 스케치 공개",연예,28,2019,12,16,16:13,6,6,0,0,0,0,0,0,0,0,0,https://news.naver.com/main/read.nhn?mode=LSD&mid=sec&sid1=106&oid=144&aid=0000647399
유준상,"홍은희, 40살 안 믿긴 청순美 ‘♥유준상 또 반하겠네’[SNS★컷]",연예,28,2019,12,15,9:49,5,3,0,2,0,0,0,0,0,0,0,https://news.naver.com/main/read.nhn?mode=LSD&mid=sec&sid1=106&oid=609&aid=0000218689
유준상,"김해숙·공효진·유준상, `KBS 연기대상`은 누구 품에?[MK이슈]",연예,29,2019,12,27,10:33,36,36,0,0,0,0,0,0,0,0,0,https://news.naver.com/main/read.nhn?mode=LSD&mid=sec&sid1=106&oid=009&aid=0004489894
유준상,"홍은희, 남편 유준상 뮤지컬 적극 홍보 “新내조의 여왕”",연예,29,2019,12,25,21:01,7,7,0,0,0,0,0,0,0,0,0,https://news.naver.com/main/read.nhn?mode=LSD&mid=sec&sid1=106&oid=213&aid=0001146651
유준상,"""멋짐 폭발""…홍은희, '♥유준상' 홍보 요정 변신 [★SHOT!]",연예,29,2019,12,25,17:34,23,23,0,0,0,0,0,0,0,0,0,https://news.naver.com/main/read.nhn?mode=LSD&mid=sec&sid1=106&oid=109&aid=0004140619
유준상,"“멋짐 폭발” 홍은희, ♥유준상 뮤지컬 홍보 요정 변신[SNS★컷]",연예,29,2019,12,25,17:25,8,8,0,0,0,0,0,0,0,0,0,https://news.naver.com/main/read.nhn?mode=LSD&mid=sec&sid1=106&oid=609&aid=0000223419
유준상,"뮤지컬 반백 아이돌 '엄유민법', 첫 정규 앨범 발매",연예,29,2019,12,24,10:13,3,3,0,0,0,0,0,0,0,0,0,https://news.naver.com/main/read.nhn?mode=LSD&mid=sec&sid1=106&oid=001&aid=0011294976
유준상,[공연소식] 뮤지컬 '영웅본색' 커튼콜 데이 外,생활,29,2019,12,23,9:02,3,3,0,0,0,0,0,0,0,0,0,https://news.naver.com/main/read.nhn?mode=LSD&mid=sec&sid1=103&oid=001&aid=0011292368
유준상,"[TF프리즘] 3사 연기대상, ""감이 와"" or ""안갯속""",연예,29,2019,12,26,5:01,68,68,0,0,0,0,0,0,0,0,0,https://news.naver.com/main/read.nhn?mode=LSD&mid=sec&sid1=106&oid=629&aid=0000008011
유준상,"'미우새' 유준상 ""아이돌 제작 도전했다 본전도 못 찾아""",연예,30,2020,01,03,16:37,6,5,0,1,0,0,0,0,0,0,0,https://news.naver.com/main/read.nhn?mode=LSD&mid=sec&sid1=106&oid=421&aid=0004390880
유준상,"유준상 흑역사 고백 ""`반백살 아이돌 제작` 나섰다가…""(미우새)",연예,30,2020,01,04,18:19,11,11,0,0,0,0,0,0,0,0,0,https://news.naver.com/main/read.nhn?mode=LSD&mid=sec&sid1=106&oid=009&aid=0004494486
유준상,"유준상 ""'영웅본색' 65세까지 하고 싶어…그만큼 좋은 작품""",생활,30,2020,01,02,18:28,10,8,0,0,1,1,0,0,0,0,0,https://news.naver.com/main/read.nhn?mode=LSD&mid=sec&sid1=103&oid=079&aid=0003307719
유준상,"[IN컬처] 유준상 “‘영웅본색’, 혁신적 창작뮤지컬…배우·스태프 라이브로 편집”",생활,30,2020,01,03,13:11,4,4,0,0,0,0,0,0,0,0,0,https://news.naver.com/main/read.nhn?mode=LSD&mid=sec&sid1=103&oid=031&aid=0000520557
유준상,유준상 ‘미우새’ 본색으로 방송에서 웃음 선사,연예,30,2020,01,03,23:37,3,3,0,0,0,0,0,0,0,0,0,https://news.naver.com/main/read.nhn?mode=LSD&mid=sec&sid1=106&oid=144&aid=0000650083
유준상,'국민 남편' 유준상의 '미우새' 본색…母벤져스마저 고개 절레절레,연예,30,2020,01,03,17:30,3,2,0,1,0,0,0,0,0,0,0,https://news.naver.com/main/read.nhn?mode=LSD&mid=sec&sid1=106&oid=416&aid=0000253518
유준상,‘미운우리새끼’ 유준상 '아이돌 제작 도전기→축구 열정' 반전 에피소드 방출,연예,30,2020,01,03,16:09,1,1,0,0,0,0,0,0,0,0,0,https://news.naver.com/main/read.nhn?mode=LSD&mid=sec&sid1=106&oid=076&aid=0003515866
유준상,"유준상, ‘미우새’ 스페셜 MC 출격…뮤지컬 ‘영웅본색’ 에피소드 공개",연예,30,2020,01,03,14:04,1,1,0,0,0,0,0,0,0,0,0,https://news.naver.com/main/read.nhn?mode=LSD&mid=sec&sid1=106&oid=009&aid=0004494001
유준상,"'미우새' 유준상 ""'반백살 아이돌 제작'에 나섰었다"" 고백",연예,30,2020,01,04,16:12,1,1,0,0,0,0,0,0,0,0,0,https://news.naver.com/main/read.nhn?mode=LSD&mid=sec&sid1=106&oid=015&aid=0004268113
유준상,"'미우새' 유준상, 아이돌 제작 도전기→축구 열정까지 반전 에피소드 방출",연예,30,2020,01,04,1:01,4,4,0,0,0,0,0,0,0,0,0,https://news.naver.com/main/read.nhn?mode=LSD&mid=sec&sid1=106&oid=011&aid=0003675459
유준상,"'미우새' 유준상, '국민 남편감'의 반전 매력 공개",연예,30,2020,01,04,16:34,4,4,0,0,0,0,0,0,0,0,0,https://news.naver.com/main/read.nhn?mode=LSD&mid=sec&sid1=106&oid=629&aid=0000009052
유준상,"[MD포토] 유준상, '폭발하는 연기'",연예,30,2020,01,02,15:16,1,1,0,0,0,0,0,0,0,0,0,https://news.naver.com/main/read.nhn?mode=LSD&mid=sec&sid1=106&oid=117&aid=0003318804
유준상,"유준상·민우혁→이장우 출격 ‘영웅본색’, 무대에서 되살아난 홍콩 느와르(종합)",연예,30,2020,01,02,16:32,5,5,0,0,0,0,0,0,0,0,0,https://news.naver.com/main/read.nhn?mode=LSD&mid=sec&sid1=106&oid=609&aid=0000227364
유준상,"""65세까지"" 유준상X""첫 도전"" 이장우...뮤지컬 된 '영웅본색' [종합]",연예,30,2020,01,02,16:51,6,6,0,0,0,0,0,0,0,0,0,https://news.naver.com/main/read.nhn?mode=LSD&mid=sec&sid1=106&oid=213&aid=0001148109
유준상,[종합] ‘영웅본색’ 유준상→민우혁· 한지상...홍콩 느와르 감성 제대로 담았다,연예,30,2020,01,02,17:41,2,2,0,0,0,0,0,0,0,0,0,https://news.naver.com/main/read.nhn?mode=LSD&mid=sec&sid1=106&oid=011&aid=0003674892
유준상,"'한끼줍쇼' 유준상·이장우, 새해 첫 한끼 성공 '맹활약'",연예,31,2020,01,09,8:35,5,5,0,0,0,0,0,0,0,0,0,https://news.naver.com/main/read.nhn?mode=LSD&mid=sec&sid1=106&oid=312&aid=0000429978
유준상,유준상 직접 제작한 걸그룹 '타우린'…누구?,연예,31,2020,01,06,9:19,7,7,0,0,0,0,0,0,0,0,0,https://news.naver.com/main/read.nhn?mode=LSD&mid=sec&sid1=106&oid=015&aid=0004268640
유준상,"'한끼줍쇼' 유준상X이장우, 새해 첫날 아현뉴타운서 '한끼 성공'[종합]",연예,31,2020,01,09,12:28,8,8,0,0,0,0,0,0,0,0,0,https://news.naver.com/main/read.nhn?mode=LSD&mid=sec&sid1=106&oid=076&aid=0003517881
유준상,뮤지컬 '영웅본색' 유준상-이장우 '한끼 줍쇼' 동반출연,생활,31,2020,01,08,13:42,3,3,0,0,0,0,0,0,0,0,0,https://news.naver.com/main/read.nhn?mode=LSD&mid=sec&sid1=103&oid=468&aid=0000612949
유준상,"'한끼줍쇼' 유준상X이장우, 신년맞이 밥동무로 활약..열정 가득 뮤지컬 홍보",연예,31,2020,01,09,10:02,4,4,0,0,0,0,0,0,0,0,0,https://news.naver.com/main/read.nhn?mode=LSD&mid=sec&sid1=106&oid=011&aid=0003677997
유준상,"[TV북마크] ‘한끼줍쇼’ 유준상x이장우, 신년맞이 밥동무로 활약 ‘열정 가득’",연예,31,2020,01,09,8:33,5,5,0,0,0,0,0,0,0,0,0,https://news.naver.com/main/read.nhn?mode=LSD&mid=sec&sid1=106&oid=382&aid=0000789788
유준상,"'영웅본색' 유준상X이장우, '한끼줍쇼' 꽉 채운 뮤지컬 '열정 부자'들",연예,31,2020,01,09,8:11,4,4,0,0,0,0,0,0,0,0,0,https://news.naver.com/main/read.nhn?mode=LSD&mid=sec&sid1=106&oid=109&aid=0004147488
유준상,"""열정만수르+국민사위""..'한끼줍쇼' 유준상X이장우, '영웅본색'의 형제愛[어저께TV]",연예,31,2020,01,09,6:52,8,8,0,0,0,0,0,0,0,0,0,https://news.naver.com/main/read.nhn?mode=LSD&mid=sec&sid1=106&oid=109&aid=0004147437
유준상,"유준상 ""뮤지컬 배우로 구성 '타우린'"" 걸그룹 제작 사연 공개",연예,31,2020,01,06,7:13,1,1,0,0,0,0,0,0,0,0,0,https://news.naver.com/main/read.nhn?mode=LSD&mid=sec&sid1=106&oid=277&aid=0004600293
유준상,"[리뷰IS] '한끼줍쇼' 유준상X이장우, 유쾌함이 매력인 열정 만수르",연예,31,2020,01,09,8:13,10,9,0,1,0,0,0,0,0,0,0,https://news.naver.com/main/read.nhn?mode=LSD&mid=sec&sid1=106&oid=241&aid=0002995479
유준상,"유준상 이장우, 운동-요리-육아까지‥한끼줍쇼 꽉 잡은 열정 만수르[어제TV]",연예,31,2020,01,09,6:01,2,2,0,0,0,0,0,0,0,0,0,https://news.naver.com/main/read.nhn?mode=LSD&mid=sec&sid1=106&oid=609&aid=0000230678
유준상,"[종합] '한끼줍쇼' 이경규X이장우X강호동X유준상, 새해 첫날 식사 성공",연예,31,2020,01,09,12:07,6,6,0,0,0,0,0,0,0,0,0,https://news.naver.com/main/read.nhn?mode=LSD&mid=sec&sid1=106&oid=112&aid=0003255156
유준상,"'한끼' 유준상X이장우, 아현 뉴타운서 열정 가득 한 끼 '성공' [종합]",연예,31,2020,01,09,12:25,2,2,0,0,0,0,0,0,0,0,0,https://news.naver.com/main/read.nhn?mode=LSD&mid=sec&sid1=106&oid=311&aid=0001097198
유준상,"'한끼줍쇼' 유준상 ""한 끼 할 집에 태극기 함 선물할 것""",연예,31,2020,01,08,23:21,10,10,0,0,0,0,0,0,0,0,0,https://news.naver.com/main/read.nhn?mode=LSD&mid=sec&sid1=106&oid=311&aid=0001097192
유준상,"뮤지컬 ‘영웅본색’ 유준상X이장우, ‘한끼 줍쇼’서 특급 밥동무 활약",연예,31,2020,01,08,17:28,3,3,0,0,0,0,0,0,0,0,0,https://news.naver.com/main/read.nhn?mode=LSD&mid=sec&sid1=106&oid=144&aid=0000650760
유준상,"뮤지컬 ‘영웅본색’ 유준상X이장우, ‘한끼 줍쇼’출연! 친형제 같은 최강 케미 ‘눈길’",연예,31,2020,01,08,17:42,2,2,0,0,0,0,0,0,0,0,0,https://news.naver.com/main/read.nhn?mode=LSD&mid=sec&sid1=106&oid=015&aid=0004270562
유준상,"[단독] '우아한 친구들' 유준상x송윤아→김성오x한다감, 6월 금토극 첫방 (종합)",연예,32,2020,01,18,15:04,7,7,0,0,0,0,0,0,0,0,0,https://news.naver.com/main/read.nhn?mode=LSD&mid=sec&sid1=106&oid=109&aid=0004152300
유준상,"'미우새' 유준상 ""17년전 아내 홍은희와 첫만남 명확히 기억""",연예,32,2020,01,12,21:32,13,13,0,0,0,0,0,0,0,0,0,https://news.naver.com/main/read.nhn?mode=LSD&mid=sec&sid1=106&oid=241&aid=0002996355
유준상,"'미우새' 유준상, 홍은희와 첫만남 회상…""성의없이 인사했었다""",연예,32,2020,01,13,7:00,3,3,0,0,0,0,0,0,0,0,0,https://news.naver.com/main/read.nhn?mode=LSD&mid=sec&sid1=106&oid=117&aid=0003322379
유준상,"[로열로더스] 유리멘탈 '재앙' 유준상 ""오늘 경기력은 8점…더 보완하겠다""",스포츠,32,2020,01,12,17:20,4,4,0,0,0,0,0,0,0,0,0,http://sports.news.naver.com/esports/news/read.nhn?oid=347&aid=0000139216
유준상,"홍은희, '♥유준상'이 반한 비주얼…여대생 부럽지 않은 청초美",연예,32,2020,01,12,17:29,36,35,0,1,0,0,0,0,0,0,0,https://news.naver.com/main/read.nhn?mode=LSD&mid=sec&sid1=106&oid=112&aid=0003256408
유준상,의리의 사나이들이 돌아왔다,생활,32,2020,01,14,22:02,1,1,0,0,0,0,0,0,0,0,0,https://news.naver.com/main/read.nhn?mode=LSD&mid=sec&sid1=103&oid=022&aid=0003430370
유준상,"[단독] '우아한 친구들', JTBC 6월 금토극 편성..제2의 'SKY캐슬' 예고",연예,32,2020,01,18,11:17,21,21,0,0,0,0,0,0,0,0,0,https://news.naver.com/main/read.nhn?mode=LSD&mid=sec&sid1=106&oid=109&aid=0004152250
유준상,"'미우새' 유준상 ""홍은희, 결혼전과 지금 얼굴 다르지 않아"" 아내 사랑",연예,32,2020,01,12,21:31,3,3,0,0,0,0,0,0,0,0,0,https://news.naver.com/main/read.nhn?mode=LSD&mid=sec&sid1=106&oid=421&aid=0004404543
유준상,"'미우새' 유준상, 홍은희 첫 만남 회상 ""항공사 광고 보고""…단막극 동반출연 후 결혼",연예,32,2020,01,12,21:45,4,4,0,0,0,0,0,0,0,0,0,https://news.naver.com/main/read.nhn?mode=LSD&mid=sec&sid1=106&oid=416&aid=0000253910
유준상,"'미우새' 유준상 ""홍은희와 단막극서 만나..몇달 뒤 결혼""",연예,32,2020,01,12,21:29,2,2,0,0,0,0,0,0,0,0,0,https://news.naver.com/main/read.nhn?mode=LSD&mid=sec&sid1=106&oid=108&aid=0002835910
유준상,"'미우새'유준상, ""이 여자랑 꼭 결혼해야겠다""→항공사 모델 은희, 단막극서 재회",연예,32,2020,01,12,21:35,2,2,0,0,0,0,0,0,0,0,0,https://news.naver.com/main/read.nhn?mode=LSD&mid=sec&sid1=106&oid=112&aid=0003256441
유준상,"[인터뷰]'영웅본색' 연출 왕용범 ""유준상,창작뮤지컬계 큰 형님""",생활,33,2020,01,24,9:48,3,3,0,0,0,0,0,0,0,0,0,https://news.naver.com/main/read.nhn?mode=LSD&mid=sec&sid1=103&oid=003&aid=0009669292
유준상,"송윤아, 유준상 뮤지컬 관람 후 극찬 ""모든 게 완벽했던 공연""",연예,33,2020,01,23,14:06,6,6,0,0,0,0,0,0,0,0,0,https://news.naver.com/main/read.nhn?mode=LSD&mid=sec&sid1=106&oid=241&aid=0002999012
유준상,‘유준상♥’ 홍은희 “행복 충만 2020년 되길” 손편지로 설 인사[SNS★컷],연예,33,2020,01,24,14:41,2,2,0,0,0,0,0,0,0,0,0,https://news.naver.com/main/read.nhn?mode=LSD&mid=sec&sid1=106&oid=609&aid=0000238415
유준상,"'영웅본색' 유준상 ""왕용범 연출과 동시대에 살아 행복""(인터뷰)",연예,33,2020,01,20,16:17,2,2,0,0,0,0,0,0,0,0,0,https://news.naver.com/main/read.nhn?mode=LSD&mid=sec&sid1=106&oid=311&aid=0001101933
유준상,"'영웅본색' 유준상 ""무대에서 영화 찍는 느낌, 여성 관객도 열광"" [인터뷰 종합]",연예,33,2020,01,20,16:22,2,2,0,0,0,0,0,0,0,0,0,https://news.naver.com/main/read.nhn?mode=LSD&mid=sec&sid1=106&oid=311&aid=0001101939
유준상,"'설경구♥'송윤아, 유준상과 다정 투샷 ""모든게 완벽했던 무대 '영웅본색'""",연예,33,2020,01,22,22:50,38,38,0,0,0,0,0,0,0,0,0,https://news.naver.com/main/read.nhn?mode=LSD&mid=sec&sid1=106&oid=112&aid=0003260305
유준상,"유준상 “아들 같은 배우들과 연기, 지친 티 내면 안돼”[EN:인터뷰③]",연예,33,2020,01,20,15:05,7,7,0,0,0,0,0,0,0,0,0,https://news.naver.com/main/read.nhn?mode=LSD&mid=sec&sid1=106&oid=609&aid=0000236584
유준상,"이열음, 나무엑터스와 전속계약...유준상·지성과 한솥밥",연예,33,2020,01,22,11:43,3,3,0,0,0,0,0,0,0,0,0,https://news.naver.com/main/read.nhn?mode=LSD&mid=sec&sid1=106&oid=003&aid=0009666286
유준상,"이열음, 나무엑터스와 전속계약 체결…지성X유준상 한솥밥",연예,33,2020,01,22,18:35,3,3,0,0,0,0,0,0,0,0,0,https://news.naver.com/main/read.nhn?mode=LSD&mid=sec&sid1=106&oid=468&aid=0000618464
유준상,"이열음, 나무엑터스와 전속계약",연예,33,2020,01,22,14:39,7,7,0,0,0,0,0,0,0,0,0,https://news.naver.com/main/read.nhn?mode=LSD&mid=sec&sid1=106&oid=144&aid=0000652825
유준상,"이열음, 나무엑터스 전속계약 체결..이준기와 한솥밥",연예,33,2020,01,22,11:22,3,3,0,0,0,0,0,0,0,0,0,https://news.naver.com/main/read.nhn?mode=LSD&mid=sec&sid1=106&oid=108&aid=0002837978
유준상,"송윤아, 유준상 뮤지컬 ‘영웅본색’ 관람 인증...“모든 게 완벽”",연예,33,2020,01,23,13:47,2,2,0,0,0,0,0,0,0,0,0,https://news.naver.com/main/read.nhn?mode=LSD&mid=sec&sid1=106&oid=009&aid=0004505728
유준상,"송윤아, 드라마 남편 유준상 응원차 뮤지컬 관람[SNS★컷]",연예,33,2020,01,23,6:19,1,1,0,0,0,0,0,0,0,0,0,https://news.naver.com/main/read.nhn?mode=LSD&mid=sec&sid1=106&oid=609&aid=0000237856
유준상,‘영웅본색’ 왕용범X유준상의 시너지 “함께라면 두려울 것 없어”[EN:인터뷰②],연예,33,2020,01,20,14:40,1,1,0,0,0,0,0,0,0,0,0,https://news.naver.com/main/read.nhn?mode=LSD&mid=sec&sid1=106&oid=609&aid=0000236574
유준상,"'영웅본색' 왕용범 연출 ""라스베이거스 상설공연이 목표""",,33,2020,01,20,17:47,1,1,0,0,0,0,0,0,0,0,0,https://news.naver.com/main/read.nhn?mode=LSD&mid=sec&sid1=004&oid=001&aid=0011347489
유준상,"'영웅본색' 유준상 ""아들 딸뻘 되는 배우들에 꼰대 안 되려 노력"" (인터뷰)",연예,33,2020,01,20,16:20,5,5,0,0,0,0,0,0,0,0,0,https://news.naver.com/main/read.nhn?mode=LSD&mid=sec&sid1=106&oid=311&aid=0001101938
유준상,"유준상 “뮤지컬 ‘영웅본색’ 영화 같다 호평, 라스베이거스 무대 목표” [인터뷰]",연예,34,2020,01,31,13:48,1,1,0,0,0,0,0,0,0,0,0,https://news.naver.com/main/read.nhn?mode=LSD&mid=sec&sid1=106&oid=144&aid=0000654114
유준상,"최대철 ""뮤지컬 '영웅본색' 내 인생의 터닝포인트""",생활,34,2020,02,01,8:01,1,1,0,0,0,0,0,0,0,0,0,https://news.naver.com/main/read.nhn?mode=LSD&mid=sec&sid1=103&oid=079&aid=0003317729
유준상,"'영웅본색' 왕용범 연출 ""유준상, 후배들이 가장 싫어하는 배우""…왜? [엑's 인터뷰②]",연예,34,2020,01,30,18:04,2,2,0,0,0,0,0,0,0,0,0,https://news.naver.com/main/read.nhn?mode=LSD&mid=sec&sid1=106&oid=311&aid=0001105685
유준상,'영웅본색' 왕용범·유준상 콤비가 그리는 창작 뮤지컬의 꿈,생활,34,2020,01,26,9:01,3,3,0,0,0,0,0,0,0,0,0,https://news.naver.com/main/read.nhn?mode=LSD&mid=sec&sid1=103&oid=079&aid=0003315418
유준상,"[TEN 인터뷰] '영웅본색'으로 뭉친 두 남자, 유준상·왕용범…""라스베이거스 가야죠!""",연예,34,2020,01,29,18:29,4,4,0,0,0,0,0,0,0,0,0,https://news.naver.com/main/read.nhn?mode=LSD&mid=sec&sid1=106&oid=312&aid=0000433236
유준상,"‘맛있는 녀석들’ 유민상, 차승원과 깜짝 전화연결 “맛집 물어보고 끝?” 폭소",연예,34,2020,02,01,11:07,1,1,0,0,0,0,0,0,0,0,0,https://news.naver.com/main/read.nhn?mode=LSD&mid=sec&sid1=106&oid=410&aid=0000665562
유준상,"""모두가 의심하던 뮤지컬 '영웅본색', 10년 꿈 이뤘죠""",생활,34,2020,01,30,12:36,6,5,0,0,1,0,0,0,0,0,0,https://news.naver.com/main/read.nhn?mode=LSD&mid=sec&sid1=103&oid=018&aid=0004564596
유준상,"'영웅본색' 유준상·왕용범 연출 ""1,000개의 LED, 영화 같은 뮤지컬이죠"" [엑's 인터뷰①]",연예,34,2020,01,30,18:04,7,7,0,0,0,0,0,0,0,0,0,https://news.naver.com/main/read.nhn?mode=LSD&mid=sec&sid1=106&oid=311&aid=0001105683
유준상,"'영웅본색' 유준상·왕용범 연출 ""80살에 1인극 '노인과 바다' 공연이 목표"" [엑's 인터뷰③]",연예,34,2020,01,30,18:04,5,5,0,0,0,0,0,0,0,0,0,https://news.naver.com/main/read.nhn?mode=LSD&mid=sec&sid1=106&oid=311&aid=0001105686
유준상,"'맛녀석' 차승원, 유민상에 ""맛집만 물어보고 끝? 이용만 해 먹는거야?"" 폭소",연예,34,2020,02,01,9:34,24,24,0,0,0,0,0,0,0,0,0,https://news.naver.com/main/read.nhn?mode=LSD&mid=sec&sid1=106&oid=109&aid=0004158338
유준상,"유민상, 허영만·차승원과 전화 통화에 120도 폴더 인사 연발 [M+TV인사이드]",연예,34,2020,02,01,10:17,11,11,0,0,0,0,0,0,0,0,0,https://news.naver.com/main/read.nhn?mode=LSD&mid=sec&sid1=106&oid=057&aid=0001416771
유준상,"'맛있는 녀석들' 유민상, 허영만 작가 통화 연결에 120도 폴더 인사!",연예,34,2020,02,01,11:29,9,9,0,0,0,0,0,0,0,0,0,https://news.naver.com/main/read.nhn?mode=LSD&mid=sec&sid1=106&oid=117&aid=0003328973
유준상,[인터뷰] ‘영웅본색’ 왕용범·유준상 “관객과 함께 세계시장 개척”,생활,35,2020,02,07,1:02,6,6,0,0,0,0,0,0,0,0,0,https://news.naver.com/main/read.nhn?mode=LSD&mid=sec&sid1=103&oid=031&aid=0000524539
유준상,"[팝인터뷰②]왕용범 연출X유준상 ""신뢰로 지금까지..앞으로도 함께 하고파""",연예,35,2020,02,07,18:31,2,2,0,0,0,0,0,0,0,0,0,https://news.naver.com/main/read.nhn?mode=LSD&mid=sec&sid1=106&oid=112&aid=0003265637
유준상,"[인터뷰] ‘영웅본색’ 최대철 “8년만의 뮤지컬 복귀, 첫 무대 후 눈물”",연예,35,2020,02,08,7:02,1,1,0,0,0,0,0,0,0,0,0,https://news.naver.com/main/read.nhn?mode=LSD&mid=sec&sid1=106&oid=009&aid=0004514059
유준상,[연예수첩] 뮤지컬로 재탄생한 추억의 명작들,생활,35,2020,02,05,8:44,5,1,1,0,3,0,0,0,0,0,0,https://news.naver.com/main/read.nhn?mode=LSD&mid=sec&sid1=103&oid=056&aid=0010789027
유준상,[황승경의 1막1장] 뮤지컬로 돌아온 홍콩 느와르 <영웅본색>,,35,2020,02,05,15:58,3,3,0,0,0,0,0,0,0,0,0,https://news.naver.com/main/read.nhn?mode=LSD&mid=sec&sid1=004&oid=009&aid=0004512344
유준상,"유준상, 2020년에도 열일…뮤지컬로 산뜻한 출발",연예,35,2020,02,07,14:00,2,2,0,0,0,0,0,0,0,0,0,https://news.naver.com/main/read.nhn?mode=LSD&mid=sec&sid1=106&oid=119&aid=0002381528
유준상,"유준상, 2020년에도 열일은 계속된다…'영웅본색'으로 활약ing",연예,35,2020,02,07,15:45,1,1,0,0,0,0,0,0,0,0,0,https://news.naver.com/main/read.nhn?mode=LSD&mid=sec&sid1=106&oid=311&aid=0001109218
유준상,"유준상 “엄유민법 부정돌 엄기준, 부정적인데 열심히 한다”",연예,36,2020,02,10,20:59,8,8,0,0,0,0,0,0,0,0,0,https://news.naver.com/main/read.nhn?mode=LSD&mid=sec&sid1=106&oid=609&aid=0000245734
유준상,"유준상 “연기할 때 제일 멋있는 이준, 배우로 대성할 것 같다”",연예,36,2020,02,10,21:17,33,33,0,0,0,0,0,0,0,0,0,https://news.naver.com/main/read.nhn?mode=LSD&mid=sec&sid1=106&oid=609&aid=0000245737
유준상,"'민노당당원 봉준호, B급' 낙인 찍고, 이젠 이용하겠다고?",연예,36,2020,02,14,13:54,7,7,0,0,0,0,0,0,0,0,0,https://news.naver.com/main/read.nhn?mode=LSD&mid=sec&sid1=106&oid=047&aid=0002256764
유준상,"[인터뷰①]`영웅본색` 왕용범 연출 “BTS·봉준호 감독처럼, 韓뮤지컬 인정받길”",연예,36,2020,02,15,7:31,31,31,0,0,0,0,0,0,0,0,0,https://news.naver.com/main/read.nhn?mode=LSD&mid=sec&sid1=106&oid=009&aid=0004518137
유준상,김지영 ‘굿 캐스팅’ 이어 ‘우아한 친구들’ 합류(공식입장),연예,36,2020,02,14,24:07,6,6,0,0,0,0,0,0,0,0,0,https://news.naver.com/main/read.nhn?mode=LSD&mid=sec&sid1=106&oid=609&aid=0000247511
유준상,"유준상 “반백의 아이돌 엄유민법, 29일 ‘음악중심’ 출연”",연예,36,2020,02,10,20:40,26,26,0,0,0,0,0,0,0,0,0,https://news.naver.com/main/read.nhn?mode=LSD&mid=sec&sid1=106&oid=609&aid=0000245731
유준상,"'영웅본색' 측 ""신종 코로나로 11일부터 공연 중단""(공식)",연예,36,2020,02,10,14:12,5,1,0,4,0,0,0,0,0,0,0,https://news.naver.com/main/read.nhn?mode=LSD&mid=sec&sid1=106&oid=052&aid=0001399149
유준상,[단독] 뮤지컬 '영웅본색' 11일부터 공연 취소…신종 코로나바이러스 피해 방지,연예,36,2020,02,10,24:56,2,2,0,0,0,0,0,0,0,0,0,https://news.naver.com/main/read.nhn?mode=LSD&mid=sec&sid1=106&oid=311&aid=0001109916
유준상,"뮤지컬 '영웅본색', '신종 코로나' 여파에 공연 중단",생활,36,2020,02,10,18:52,3,0,0,0,3,0,0,0,0,0,0,https://news.naver.com/main/read.nhn?mode=LSD&mid=sec&sid1=103&oid=079&aid=0003321174
유준상,"'같이펀딩' 유준상 태극기함, 온·오프라인 앙코르 팝업스토어",연예,37,2020,02,17,10:10,11,11,0,0,0,0,0,0,0,0,0,https://news.naver.com/main/read.nhn?mode=LSD&mid=sec&sid1=106&oid=241&aid=0003004723
유준상,"한국정보기술연구원, 제60회 정기이사회 개최",경제,37,2020,02,22,3:04,2,2,0,0,0,0,0,0,0,0,0,https://news.naver.com/main/read.nhn?mode=LSD&mid=sec&sid1=101&oid=022&aid=0003440823
유준상,"[클릭 e종목]“NEW, 영화·드라마·스포츠의 고른 이익 기여”",경제,37,2020,02,19,8:11,9,7,2,0,0,0,0,0,0,0,0,https://news.naver.com/main/read.nhn?mode=LSD&mid=sec&sid1=101&oid=277&aid=0004626865
유준상,"[단독] 뮤지컬 '위윌락유' '영웅본색', 공연 취소 논란..코로나 아닌 출연료 문제",연예,37,2020,02,18,10:08,1,1,0,0,0,0,0,0,0,0,0,https://news.naver.com/main/read.nhn?mode=LSD&mid=sec&sid1=106&oid=109&aid=0004167839
유준상,"'같이펀딩' 측, 삼일절 맞아 유준상 태극기함 앙코르..수익금 독립유공자 기부 [공식]",연예,37,2020,02,17,10:17,1,1,0,0,0,0,0,0,0,0,0,https://news.naver.com/main/read.nhn?mode=LSD&mid=sec&sid1=106&oid=109&aid=0004167334
유준상,‘같이펀딩’ 유준상 태극기함 온-오프라인 팝업 스토어 오픈,연예,37,2020,02,17,10:03,5,5,0,0,0,0,0,0,0,0,0,https://news.naver.com/main/read.nhn?mode=LSD&mid=sec&sid1=106&oid=382&aid=0000798960
유준상,"`같이 펀딩` 유준상 태극기함, 삼일절 맞이 앙코르 팝업스토어 오픈",연예,37,2020,02,17,11:58,14,14,0,0,0,0,0,0,0,0,0,https://news.naver.com/main/read.nhn?mode=LSD&mid=sec&sid1=106&oid=009&aid=0004518897
유준상,"엄유민법 유준상, 나이 잊은 명품 비주얼…팬심 저격",연예,38,2020,02,29,17:59,1,1,0,0,0,0,0,0,0,0,0,https://news.naver.com/main/read.nhn?mode=LSD&mid=sec&sid1=106&oid=117&aid=0003338409
유준상,"엄기준X유준상X민영기X김법래, '음악중심' 출격 ""반백의 아이돌""",연예,38,2020,02,29,15:03,12,12,0,0,0,0,0,0,0,0,0,https://news.naver.com/main/read.nhn?mode=LSD&mid=sec&sid1=106&oid=112&aid=0003273273
유준상,엄기준X유준상X민영기X김법래 완전체 “나만 하트” [SNS★컷],연예,38,2020,02,27,17:16,5,5,0,0,0,0,0,0,0,0,0,https://news.naver.com/main/read.nhn?mode=LSD&mid=sec&sid1=106&oid=609&aid=0000252751
유준상,"[투데이 연예톡톡] '같이 펀딩' 유준상 태극기함, 다시 오픈",연예,38,2020,02,27,6:58,8,8,0,0,0,0,0,0,0,0,0,https://news.naver.com/main/read.nhn?mode=LSD&mid=sec&sid1=106&oid=214&aid=0001017761
유준상,[베테랑 토크②] 민영기 “11년된 ‘엄유민법’ 속내 다 꺼내놓을 수 있는 친구”,연예,38,2020,02,28,14:57,12,12,0,0,0,0,0,0,0,0,0,https://news.naver.com/main/read.nhn?mode=LSD&mid=sec&sid1=106&oid=382&aid=0000801870
유준상,"'음악중심' 방탄소년단, 출연없이 1위x2관왕..라비 컴백→엄유민법 데뷔 [종합]",연예,38,2020,02,29,16:47,"1,842","1,840",0,2,0,0,0,0,0,0,0,https://news.naver.com/main/read.nhn?mode=LSD&mid=sec&sid1=106&oid=109&aid=0004174058
유준상,"'뮤지컬 반백 아이돌' 엄유민법, 29일 '음악중심' 뜬다…음악방송 첫 출연",연예,38,2020,02,28,17:48,20,20,0,0,0,0,0,0,0,0,0,https://news.naver.com/main/read.nhn?mode=LSD&mid=sec&sid1=106&oid=477&aid=0000234314
유준상,"방탄소년단 ‘쇼 음악중심’ 1위...엄유민법, 귀 사로잡는 데뷔 무대",연예,38,2020,02,29,16:57,200,200,0,0,0,0,0,0,0,0,0,https://news.naver.com/main/read.nhn?mode=LSD&mid=sec&sid1=106&oid=009&aid=0004527300
유준상,"'엄유민법' 유준상, '음악중심' 대기실서 빛나는 최강동안 ""핫데뷔""",연예,38,2020,02,29,17:10,11,11,0,0,0,0,0,0,0,0,0,https://news.naver.com/main/read.nhn?mode=LSD&mid=sec&sid1=106&oid=112&aid=0003273317
유준상,"유준상, '엄유민법' 음악방송 핫데뷔···대기실서 '엄지 척'",연예,38,2020,02,29,18:07,9,9,0,0,0,0,0,0,0,0,0,https://news.naver.com/main/read.nhn?mode=LSD&mid=sec&sid1=106&oid=241&aid=0003007404
유준상,"‘반백살 아이돌’ 유준상, 엄유민법으로 음악방송 핫데뷔[SNS★컷]",연예,38,2020,02,29,17:34,8,8,0,0,0,0,0,0,0,0,0,https://news.naver.com/main/read.nhn?mode=LSD&mid=sec&sid1=106&oid=609&aid=0000253413
유준상,엄유민법 누구? 유준상→엄기준 뭉친 ‘반백 아이돌’,연예,38,2020,02,29,17:40,14,14,0,0,0,0,0,0,0,0,0,https://news.naver.com/main/read.nhn?mode=LSD&mid=sec&sid1=106&oid=009&aid=0004527308
유준상,"엄기준, '엄유민법'과 함께...""나만 하트"" [★해시태그]",연예,38,2020,02,27,18:08,18,18,0,0,0,0,0,0,0,0,0,https://news.naver.com/main/read.nhn?mode=LSD&mid=sec&sid1=106&oid=311&aid=0001117555
유준상,"엄기준, 유준상X민영기X김법래와 완전체 회동 ""나만 하트..형들은 브이""",연예,38,2020,02,27,15:46,7,7,0,0,0,0,0,0,0,0,0,https://news.naver.com/main/read.nhn?mode=LSD&mid=sec&sid1=106&oid=112&aid=0003272601
유준상,"'음악중심' 방탄소년단, 불참에도 1위 위엄…엄유민법·MCND 핫데뷔 [종합]",연예,38,2020,02,29,16:47,84,83,0,1,0,0,0,0,0,0,0,https://news.naver.com/main/read.nhn?mode=LSD&mid=sec&sid1=106&oid=311&aid=0001118162
유준상,'음악중심' 방탄소년단 출연 없이 1위..엄유민법·MCND 데뷔[★밤TView],연예,38,2020,02,29,17:03,76,76,0,0,0,0,0,0,0,0,0,https://news.naver.com/main/read.nhn?mode=LSD&mid=sec&sid1=106&oid=108&aid=0002846275
유준상,"‘음악중심’ 방탄소년단, 출연없이 1위‥라비 컴백·엄유민법 데뷔(종합)",연예,38,2020,02,29,16:51,39,39,0,0,0,0,0,0,0,0,0,https://news.naver.com/main/read.nhn?mode=LSD&mid=sec&sid1=106&oid=609&aid=0000253404
유준상,"""이병헌·유재석이 신천지?"" FNC→BH 소속사들 뿔났다 ""허위루머 법적대응""[종합]",연예,39,2020,03,04,16:23,2,2,0,0,0,0,0,0,0,0,0,https://news.naver.com/main/read.nhn?mode=LSD&mid=sec&sid1=106&oid=076&aid=0003538268
유준상,"나무엑터스 ""특정 종교 루머 사실무근...심각한 명예훼손"" (공식입장)",연예,39,2020,03,04,13:26,9,8,0,0,0,0,1,0,0,0,0,https://news.naver.com/main/read.nhn?mode=LSD&mid=sec&sid1=106&oid=052&aid=0001409754
유준상,"이병헌·유재석 등 연예계, 신천지 지라시에 일제히 '분노+경고'(종합)",연예,39,2020,03,04,15:13,19,17,0,2,0,0,0,0,0,0,0,https://news.naver.com/main/read.nhn?mode=LSD&mid=sec&sid1=106&oid=421&aid=0004501864
유준상,"코로나 직격탄 천안 자영업자들, ""손 놓고 있을 수 없어""",사회,39,2020,03,04,18:27,4,0,0,1,3,0,0,0,0,0,0,https://news.naver.com/main/read.nhn?mode=LSD&mid=sec&sid1=102&oid=002&aid=0002124932
유준상,"'신세경·문채원 소속사' 나무엑터스, 신천지 지라시에 ""낭설…심각한 명예훼손""",연예,39,2020,03,04,24:05,8,6,0,1,0,0,1,0,0,0,0,https://news.naver.com/main/read.nhn?mode=LSD&mid=sec&sid1=106&oid=421&aid=0004501042
유준상,"나무엑터스, 소속 연기자 신천지 루머에 ""명예훼손""[공식]",연예,39,2020,03,04,13:28,1,1,0,0,0,0,0,0,0,0,0,https://news.naver.com/main/read.nhn?mode=LSD&mid=sec&sid1=106&oid=108&aid=0002847013
유준상,제21회 전주국제영화제 '한국단편경쟁' 본선 25편 선정,사회,40,2020,03,13,10:35,1,1,0,0,0,0,0,0,0,0,0,https://news.naver.com/main/read.nhn?mode=LSD&mid=sec&sid1=102&oid=003&aid=0009754956
유준상,"[2020 총선 더비] 고민정은 투명, 오세훈은 분홍…마스크에 담긴 광진을 유세전략",정치,41,2020,03,17,5:02,"2,034",80,2,2,"1,936",14,0,0,0,0,0,https://news.naver.com/main/read.nhn?mode=LSD&mid=sec&sid1=100&oid=025&aid=0002984630
유준상,"'설경구♥' 송윤아, 엄마 없이 수술한 11살배기 아들에 미안…""얼마나 불안했을까""",연예,42,2020,03,23,17:48,239,102,0,137,0,0,0,0,0,0,0,https://news.naver.com/main/read.nhn?mode=LSD&mid=sec&sid1=106&oid=477&aid=0000237221
유준상,"KITRI, 코로나19 속 사업 추진 위한 긴급회의 실시",IT,43,2020,04,03,17:09,2,2,0,0,0,0,0,0,0,0,0,https://news.naver.com/main/read.nhn?mode=LSD&mid=sec&sid1=105&oid=030&aid=0002876318
유준상,"[SE★이슈] 결혼하면 은퇴는 옛말, 지금 안방극장은 '유부녀 전성시대'",연예,44,2020,04,10,15:36,8,8,0,0,0,0,0,0,0,0,0,https://news.naver.com/main/read.nhn?mode=LSD&mid=sec&sid1=106&oid=011&aid=0003722933
유준상,유쾌한 시너지 효과 위기 속-선한 영향력이 지닌 힘,생활,44,2020,04,09,9:57,14,12,2,0,0,0,0,0,0,0,0,https://news.naver.com/main/read.nhn?mode=LSD&mid=sec&sid1=103&oid=009&aid=0004553710
유준상,'주 52시간 촬영' 배우들은? '역할 따라 이해 엇갈려',연예,45,2020,04,15,8:50,5,0,0,5,0,0,0,0,0,0,0,https://news.naver.com/main/read.nhn?mode=LSD&mid=sec&sid1=106&oid=018&aid=0004620365
유준상,"JTBC, 코로나 사태 장기화로 드라마 편성 조정",생활,45,2020,04,16,11:17,3,3,0,0,0,0,0,0,0,0,0,https://news.naver.com/main/read.nhn?mode=LSD&mid=sec&sid1=103&oid=001&aid=0011553541
유준상,JTBC ‘부부의 세계’ 종영 후 원작 ‘닥터 포스터’ 편성,연예,45,2020,04,16,17:11,12,12,0,0,0,0,0,0,0,0,0,https://news.naver.com/main/read.nhn?mode=LSD&mid=sec&sid1=106&oid=081&aid=0003083062
유준상,"‘부부의 세계’→‘닥터 포스터’ 편성, JTBC 신의 한 수될까",연예,45,2020,04,18,8:33,11,11,0,0,0,0,0,0,0,0,0,https://news.naver.com/main/read.nhn?mode=LSD&mid=sec&sid1=106&oid=119&aid=0002396922
유준상,중국판 유튜브에 `한드` 부활…콘텐츠株 볕들까,경제,45,2020,04,16,17:46,21,7,0,0,9,5,0,0,0,0,0,https://news.naver.com/main/read.nhn?mode=LSD&mid=sec&sid1=101&oid=009&aid=0004558416
유준상,"JTBC, 코로나19 장기화 여파 드라마 편성 일부 조정",연예,45,2020,04,16,24:05,3,3,0,0,0,0,0,0,0,0,0,https://news.naver.com/main/read.nhn?mode=LSD&mid=sec&sid1=106&oid=079&aid=0003350192
유준상,"모범형사·우아한 친구들, 첫 방 7월로 연기...코로나 여파",연예,45,2020,04,16,14:10,5,0,0,4,0,0,0,1,0,0,0,https://news.naver.com/main/read.nhn?mode=LSD&mid=sec&sid1=106&oid=003&aid=0009820421
유준상,JTBC “코로나19 탓 일부 편성 연기…‘부부의세계’ 종영 후 원작 편성”(공식),연예,45,2020,04,16,11:50,5,5,0,0,0,0,0,0,0,0,0,https://news.naver.com/main/read.nhn?mode=LSD&mid=sec&sid1=106&oid=410&aid=0000685090
유준상,"JTBC, '부부의 세계' 끝나면 원작 '닥터 포스터' 내보낸다",연예,45,2020,04,16,13:59,22,22,0,0,0,0,0,0,0,0,0,https://news.naver.com/main/read.nhn?mode=LSD&mid=sec&sid1=106&oid=025&aid=0002993418
유준상,"JTBC, ‘부부의 세계’ 종영 후 원작 영드 ‘닥터 포스터’ 방송",생활,45,2020,04,16,11:55,92,74,3,1,7,7,0,0,0,0,0,https://news.naver.com/main/read.nhn?mode=LSD&mid=sec&sid1=103&oid=469&aid=0000488047
유준상,소상공인 살리기 '착한 선결제 대국민 캠페인'에 안성기·유준상 참여,경제,46,2020,04,22,14:44,1,0,0,0,1,0,0,0,0,0,0,https://news.naver.com/main/read.nhn?mode=LSD&mid=sec&sid1=101&oid=366&aid=0000513938
유준상,‘포스트 부부의 세계’ 뭘까?…하반기 드라마 라인업 [스경TV연구소],연예,46,2020,04,23,7:00,64,64,0,0,0,0,0,0,0,0,0,https://news.naver.com/main/read.nhn?mode=LSD&mid=sec&sid1=106&oid=144&aid=0000668244
유준상,"민관 함께 '착한 선결제' 참여해요…중기부, 대국민 캠페인",경제,46,2020,04,22,24:00,4,3,0,0,1,0,0,0,0,0,0,https://news.naver.com/main/read.nhn?mode=LSD&mid=sec&sid1=101&oid=001&aid=0011564349
유준상,소상공인·자영업 돕는 ‘착한 선결제 캠페인’,IT,46,2020,04,22,16:56,2,2,0,0,0,0,0,0,0,0,0,https://news.naver.com/main/read.nhn?mode=LSD&mid=sec&sid1=105&oid=029&aid=0002594858
유준상,"'안성기·유준상도 참여' 정부, 식당 836곳에 2억5천여만원 선결제",경제,47,2020,04,29,6:00,5,5,0,0,0,0,0,0,0,0,0,https://news.naver.com/main/read.nhn?mode=LSD&mid=sec&sid1=101&oid=421&aid=0004612443
유준상,‘가뭄의 단비’될까…오늘부터 한 달 ‘착한 선결제’,경제,47,2020,04,27,19:15,4,0,1,0,3,0,0,0,0,0,0,https://news.naver.com/main/read.nhn?mode=LSD&mid=sec&sid1=101&oid=056&aid=0010826033
유준상,"홍상수 감독 '당신 자신과 당신의 것', 6월 미국 공개",연예,47,2020,04,28,10:22,3,0,0,3,0,0,0,0,0,0,0,https://news.naver.com/main/read.nhn?mode=LSD&mid=sec&sid1=106&oid=003&aid=0009837424
유준상,‘가뭄의 단비’될까…오늘부터 한 달 ‘착한 선결제’,경제,47,2020,04,27,18:12,3,0,0,0,2,1,0,0,0,0,0,https://news.naver.com/main/read.nhn?mode=LSD&mid=sec&sid1=101&oid=056&aid=0010826000
유준상,"홍상수 감독 '당신 자신과 당신의 것', 美서 디지털 공개",연예,47,2020,04,28,9:40,1,1,0,0,0,0,0,0,0,0,0,https://news.naver.com/main/read.nhn?mode=LSD&mid=sec&sid1=106&oid=108&aid=0002859168
유준상,"유준상 아내 홍은희, 반가운 근황 공개 사진..여전한 청순 비주얼",연예,48,2020,05,07,6:56,2,2,0,0,0,0,0,0,0,0,0,https://news.naver.com/main/read.nhn?mode=LSD&mid=sec&sid1=106&oid=112&aid=0003295718
유준상,"""코로나 극복 힘 보태고파""",정치,48,2020,05,05,19:35,1,1,0,0,0,0,0,0,0,0,0,https://news.naver.com/main/read.nhn?mode=LSD&mid=sec&sid1=100&oid=029&aid=0002596360
유준상,정총리도 '착한 선결제'…동네 설렁탕집 찾아 밥값 미리 계산,정치,48,2020,05,04,16:05,5,0,0,0,5,0,0,0,0,0,0,https://news.naver.com/main/read.nhn?mode=LSD&mid=sec&sid1=100&oid=001&aid=0011587279
유준상,"한국정보기술연구원, 차세대 보안리더 양성 프로그램(BoB) 9기 모집",IT,48,2020,05,06,14:11,1,0,1,0,0,0,0,0,0,0,0,https://news.naver.com/main/read.nhn?mode=LSD&mid=sec&sid1=105&oid=030&aid=0002881223
유준상,정 총리 ‘착한 선결제’ 동참…동네 설렁탕집 찾아 밥값 미리 계산,정치,48,2020,05,04,16:23,2,0,0,0,2,0,0,0,0,0,0,https://news.naver.com/main/read.nhn?mode=LSD&mid=sec&sid1=100&oid=056&aid=0010829565
유준상,"정총리, 단골식당 찾아 '착한 선결제' 참여…내수진작 솔선수범",정치,48,2020,05,04,14:49,4,0,0,0,4,0,0,0,0,0,0,https://news.naver.com/main/read.nhn?mode=LSD&mid=sec&sid1=100&oid=421&aid=0004619534
유준상,"정 총리,코로나19發 피해 소상공인 위한 착한 선결제 동참",정치,48,2020,05,04,15:51,3,1,0,0,2,0,0,0,0,0,0,https://news.naver.com/main/read.nhn?mode=LSD&mid=sec&sid1=100&oid=016&aid=0001669412
유준상,"2주차 무료 독립영화, '집 이야기' 등 4편 공개",연예,49,2020,05,11,17:46,5,5,0,0,0,0,0,0,0,0,0,https://news.naver.com/main/read.nhn?mode=LSD&mid=sec&sid1=106&oid=003&aid=0009856591
유준상,"대한요트협회-한국컴포짓 업무협약, 유준상 회장 ""요트 관심과 즐기는 기회""",스포츠,50,2020,05,18,11:38,1,1,0,0,0,0,0,0,0,0,0,http://sports.news.naver.com/general/news/read.nhn?oid=468&aid=0000659636
유준상,"여균동 신작·이동은 단편…제21회 전주국제영화제, 코리안시네마 초청작 공개",연예,50,2020,05,22,14:40,3,2,0,0,0,0,1,0,0,0,0,https://news.naver.com/main/read.nhn?mode=LSD&mid=sec&sid1=106&oid=311&aid=0001150381
유준상,[5월의 히든 픽처스] 무비 살롱으로 오세요,연예,50,2020,05,22,16:16,6,5,0,0,0,0,0,0,1,0,0,https://news.naver.com/main/read.nhn?mode=LSD&mid=sec&sid1=106&oid=140&aid=0000042334
유준상,"대한요트협회, 한국컴포짓과 업무협약",스포츠,50,2020,05,18,17:55,2,2,0,0,0,0,0,0,0,0,0,http://sports.news.naver.com/general/news/read.nhn?oid=477&aid=0000243511
유준상,"“여균동 복귀작→신예들 신작” 전주국제영화제, 코리안시네마 초청작 발표",연예,50,2020,05,22,17:51,2,2,0,0,0,0,0,0,0,0,0,https://news.naver.com/main/read.nhn?mode=LSD&mid=sec&sid1=106&oid=609&aid=0000280366
유준상,"#힘내라 한국화...김달진 관장, '한국화 100년 특별전'",생활,50,2020,05,18,16:19,4,4,0,0,0,0,0,0,0,0,0,https://news.naver.com/main/read.nhn?mode=LSD&mid=sec&sid1=103&oid=003&aid=0009867876
유준상,"김달진미술자료박물관, '한국화 100년 특별전'",생활,50,2020,05,18,16:58,1,1,0,0,0,0,0,0,0,0,0,https://news.naver.com/main/read.nhn?mode=LSD&mid=sec&sid1=103&oid=001&aid=0011616699
유준상,"'우아한 친구들' 유준상X송윤아, 미스터리 티저 포스터 공개",연예,51,2020,05,26,9:20,22,13,0,0,0,0,1,0,2,6,0,https://news.naver.com/main/read.nhn?mode=LSD&mid=sec&sid1=106&oid=076&aid=0003573640
유준상,"이인혜, ‘우아한 친구들’ 출연…유준상·송윤아와 호흡 [공식]",연예,51,2020,05,28,14:01,2,2,0,0,0,0,0,0,0,0,0,https://news.naver.com/main/read.nhn?mode=LSD&mid=sec&sid1=106&oid=382&aid=0000824475
유준상,"김원해, JTBC '우아한 친구들' 출연 확정..유준상x송윤아와 호흡 [공식]",연예,51,2020,05,27,8:41,2,0,0,0,0,0,0,0,0,2,0,https://news.naver.com/main/read.nhn?mode=LSD&mid=sec&sid1=106&oid=109&aid=0004213356
유준상,"이주영 국회부의장·(사)21세기경제사회연구원, 사전투표 제도의 문제점과 개선방안 정책세미나 개최",정치,51,2020,05,30,3:07,4,3,0,0,1,0,0,0,0,0,0,https://news.naver.com/main/read.nhn?mode=LSD&mid=sec&sid1=100&oid=022&aid=0003470070
유준상,유준상·송윤아·배수빈·한다감 '우아한 친구들' 티저 포스터,연예,51,2020,05,26,10:17,6,5,0,0,0,0,0,0,1,0,0,https://news.naver.com/main/read.nhn?mode=LSD&mid=sec&sid1=106&oid=003&aid=0009880837
유준상,"'우아한 친구들' 유준상→송윤아, 단체 티저포스터 공개",연예,51,2020,05,26,10:04,11,4,0,0,0,0,1,0,3,3,0,https://news.naver.com/main/read.nhn?mode=LSD&mid=sec&sid1=106&oid=421&aid=0004657963
유준상,"유준상X송윤아 '우아한 친구들', 비밀 가득한 티저 포스터 공개",연예,51,2020,05,26,9:09,9,7,0,0,0,0,1,0,0,1,0,https://news.naver.com/main/read.nhn?mode=LSD&mid=sec&sid1=106&oid=076&aid=0003573631
유준상,"유준상x송윤아 '우아한 친구들', '부부의 세계' 잇는 기대작",연예,51,2020,05,26,9:18,9,5,0,0,0,0,0,0,0,4,0,https://news.naver.com/main/read.nhn?mode=LSD&mid=sec&sid1=106&oid=109&aid=0004212708
유준상,"이인혜, '우아한 친구들' 출연 확정 [공식]",연예,51,2020,05,28,17:59,3,0,0,1,0,0,2,0,0,0,0,https://news.naver.com/main/read.nhn?mode=LSD&mid=sec&sid1=106&oid=015&aid=0004349591
유준상,"이인혜, '부부의 세계' 후속 '우아한 친구들' 캐스팅",연예,51,2020,05,28,14:20,9,4,0,0,0,0,2,1,0,2,0,https://news.naver.com/main/read.nhn?mode=LSD&mid=sec&sid1=106&oid=312&aid=0000447449
유준상,"이인혜, JTBC ‘부부의 세계’ 후속극 ‘우아한 친구들’ 캐스팅",연예,51,2020,05,28,13:42,7,2,0,0,0,0,3,0,0,2,0,https://news.naver.com/main/read.nhn?mode=LSD&mid=sec&sid1=106&oid=215&aid=0000874163
유준상,김원해 ‘우아한 친구들’ 출연 “유준상 송윤아와 호흡”(공식),연예,51,2020,05,27,8:04,1,0,0,0,0,0,0,0,0,1,0,https://news.naver.com/main/read.nhn?mode=LSD&mid=sec&sid1=106&oid=609&aid=0000281988
유준상,"김원해, JTBC '우아한 친구들' 출연..신스틸러 활약",연예,51,2020,05,27,10:56,11,7,0,0,0,0,3,0,0,1,0,https://news.naver.com/main/read.nhn?mode=LSD&mid=sec&sid1=106&oid=241&aid=0003026202
유준상,"김원해, JTBC '우아한 친구들' 출연…신스틸러 활약 기대",연예,51,2020,05,27,8:14,2,1,0,0,0,0,0,0,0,1,0,https://news.naver.com/main/read.nhn?mode=LSD&mid=sec&sid1=106&oid=468&aid=0000662887
