이준기,"美·멕시코, 첫 '관세협상' 일단 결렬…타결 기대감은 커져(종합)",세계,0,2019,06,06,15:18,10,2,2,0,6,0,0,0,0,0,0,https://news.naver.com/main/read.nhn?mode=LSD&mid=sec&sid1=104&oid=018&aid=0004395984
이준기,"신현수, 심쿵해~ (인터뷰 포토)",연예,0,2019,06,08,21:47,5,5,0,0,0,0,0,0,0,0,0,https://news.naver.com/main/read.nhn?mode=LSD&mid=sec&sid1=106&oid=011&aid=0003566934
이준기,"美·멕시코, '관세협상' 돌입…강경했던 트럼프도 '낙관론' 무게",세계,0,2019,06,06,4:50,5,3,1,0,0,1,0,0,0,0,0,https://news.naver.com/main/read.nhn?mode=LSD&mid=sec&sid1=104&oid=018&aid=0004395765
이준기,"신현수, 빛나는 매력 (인터뷰 포토)",연예,0,2019,06,08,21:51,2,2,0,0,0,0,0,0,0,0,0,https://news.naver.com/main/read.nhn?mode=LSD&mid=sec&sid1=106&oid=011&aid=0003566936
이준기,"신현수, 섹시한 눈빛 (인터뷰 포토)",연예,0,2019,06,08,22:05,3,3,0,0,0,0,0,0,0,0,0,https://news.naver.com/main/read.nhn?mode=LSD&mid=sec&sid1=106&oid=011&aid=0003566946
이준기,"신현수, 미소 가득 (인터뷰 포토)",연예,0,2019,06,08,21:51,1,1,0,0,0,0,0,0,0,0,0,https://news.naver.com/main/read.nhn?mode=LSD&mid=sec&sid1=106&oid=011&aid=0003566937
이준기,"신현수, 심쿵 '매너남' (인터뷰 포토)",연예,0,2019,06,08,22:23,3,3,0,0,0,0,0,0,0,0,0,https://news.naver.com/main/read.nhn?mode=LSD&mid=sec&sid1=106&oid=011&aid=0003566953
이준기,[포토] 이준기 '강렬한 눈빛 인사',연예,1,2019,06,13,11:20,21,21,0,0,0,0,0,0,0,0,0,https://news.naver.com/main/read.nhn?mode=LSD&mid=sec&sid1=106&oid=076&aid=0003428628
이준기,"[포토]이준기, 훈훈함이 엄지척",연예,1,2019,06,13,11:13,24,24,0,0,0,0,0,0,0,0,0,https://news.naver.com/main/read.nhn?mode=LSD&mid=sec&sid1=106&oid=112&aid=0003175403
이준기,"[사진]이준기, '윙크와 함께 손하트'",연예,1,2019,06,13,11:13,12,12,0,0,0,0,0,0,0,0,0,https://news.naver.com/main/read.nhn?mode=LSD&mid=sec&sid1=106&oid=109&aid=0004028367
이준기,"이준기(Lee Joon Gi), 우주 최고 하트 장인 (김포공항) [SS쇼캠]",연예,1,2019,06,13,24:01,28,28,0,0,0,0,0,0,0,0,0,https://news.naver.com/main/read.nhn?mode=LSD&mid=sec&sid1=106&oid=468&aid=0000519970
이준기,[MD포토] 이준기 '팬 향한 특급 하트',연예,1,2019,06,13,11:15,14,14,0,0,0,0,0,0,0,0,0,https://news.naver.com/main/read.nhn?mode=LSD&mid=sec&sid1=106&oid=117&aid=0003229864
이준기,"[포토] 이준기, 반짝이는 피부",연예,1,2019,06,13,11:23,8,8,0,0,0,0,0,0,0,0,0,https://news.naver.com/main/read.nhn?mode=LSD&mid=sec&sid1=106&oid=408&aid=0000074009
이준기,[포토] 이준기 '팬들 향한 하트 뿅 뿅',연예,1,2019,06,13,11:18,8,8,0,0,0,0,0,0,0,0,0,https://news.naver.com/main/read.nhn?mode=LSD&mid=sec&sid1=106&oid=076&aid=0003428621
이준기,[포토] 이준기 '조각 미남 인증하는 날렵한 콧날',연예,1,2019,06,13,11:18,9,9,0,0,0,0,0,0,0,0,0,https://news.naver.com/main/read.nhn?mode=LSD&mid=sec&sid1=106&oid=076&aid=0003428619
이준기,[사진]빛나는 이준기,연예,1,2019,06,13,11:32,20,20,0,0,0,0,0,0,0,0,0,https://news.naver.com/main/read.nhn?mode=LSD&mid=sec&sid1=106&oid=109&aid=0004028397
이준기,"[포토]이준기, 마지막까지 다정하게 인사",연예,1,2019,06,13,11:33,24,24,0,0,0,0,0,0,0,0,0,https://news.naver.com/main/read.nhn?mode=LSD&mid=sec&sid1=106&oid=112&aid=0003175423
이준기,[포토] 이준기 '심쿵 눈맞춤 인사',연예,1,2019,06,13,11:14,18,18,0,0,0,0,0,0,0,0,0,https://news.naver.com/main/read.nhn?mode=LSD&mid=sec&sid1=106&oid=076&aid=0003428616
이준기,[포토] 이준기 '세월에 변함 없는 동안 외모',연예,1,2019,06,13,11:20,15,15,0,0,0,0,0,0,0,0,0,https://news.naver.com/main/read.nhn?mode=LSD&mid=sec&sid1=106&oid=076&aid=0003428630
이준기,[MD포토] 엄지척 이준기 '팬들의 배웅에 감동',연예,1,2019,06,13,14:00,6,6,0,0,0,0,0,0,0,0,0,https://news.naver.com/main/read.nhn?mode=LSD&mid=sec&sid1=106&oid=117&aid=0003229996
이준기,[포토] 이준기 '자신감 넘치는 엄지 척!',연예,1,2019,06,13,11:20,8,8,0,0,0,0,0,0,0,0,0,https://news.naver.com/main/read.nhn?mode=LSD&mid=sec&sid1=106&oid=076&aid=0003428629
이준기,[포토] 이준기 '팬들 향해 엄지 척!',연예,1,2019,06,13,11:12,30,30,0,0,0,0,0,0,0,0,0,https://news.naver.com/main/read.nhn?mode=LSD&mid=sec&sid1=106&oid=076&aid=0003428614
이준기,"[포토] 이준기, 아이돌보다 아이돌같은 윙크와 하트",연예,1,2019,06,13,11:32,12,12,0,0,0,0,0,0,0,0,0,https://news.naver.com/main/read.nhn?mode=LSD&mid=sec&sid1=106&oid=408&aid=0000074012
이준기,[포토] 이준기 '심쿵 유발! 달콤한 윙크',연예,1,2019,06,13,11:18,16,16,0,0,0,0,0,0,0,0,0,https://news.naver.com/main/read.nhn?mode=LSD&mid=sec&sid1=106&oid=076&aid=0003428620
이준기,"[포토]이준기, 달콤한 윙크하트",연예,1,2019,06,13,11:23,28,28,0,0,0,0,0,0,0,0,0,https://news.naver.com/main/read.nhn?mode=LSD&mid=sec&sid1=106&oid=112&aid=0003175413
이준기,이준기 ‘옆선이 따봉!’[포토엔HD],연예,1,2019,06,13,17:03,11,11,0,0,0,0,0,0,0,0,0,https://news.naver.com/main/read.nhn?mode=LSD&mid=sec&sid1=106&oid=609&aid=0000123318
이준기,이준기 ‘파워풀한 손인사’[포토엔HD],연예,1,2019,06,13,17:15,2,2,0,0,0,0,0,0,0,0,0,https://news.naver.com/main/read.nhn?mode=LSD&mid=sec&sid1=106&oid=609&aid=0000123329
이준기,이준기 ‘잘생김이 엄지척’[포토엔HD],연예,1,2019,06,13,11:22,3,3,0,0,0,0,0,0,0,0,0,https://news.naver.com/main/read.nhn?mode=LSD&mid=sec&sid1=106&oid=609&aid=0000123033
이준기,"[사진]이준기, '손가락 하트'",연예,1,2019,06,13,11:31,8,8,0,0,0,0,0,0,0,0,0,https://news.naver.com/main/read.nhn?mode=LSD&mid=sec&sid1=106&oid=109&aid=0004028394
이준기,"[포토]이준기, 하트에 심쿵",연예,1,2019,06,13,11:17,110,108,0,2,0,0,0,0,0,0,0,https://news.naver.com/main/read.nhn?mode=LSD&mid=sec&sid1=106&oid=112&aid=0003175406
이준기,"[사진]이준기,'살인미소와 하트'",연예,1,2019,06,13,11:32,6,6,0,0,0,0,0,0,0,0,0,https://news.naver.com/main/read.nhn?mode=LSD&mid=sec&sid1=106&oid=109&aid=0004028399
이준기,"[사진]이준기,'미소와 함께 하트'",연예,1,2019,06,13,11:32,7,7,0,0,0,0,0,0,0,0,0,https://news.naver.com/main/read.nhn?mode=LSD&mid=sec&sid1=106&oid=109&aid=0004028396
이준기,[MD포토] 이준기 '팬들에게 인사',연예,1,2019,06,13,11:32,13,13,0,0,0,0,0,0,0,0,0,https://news.naver.com/main/read.nhn?mode=LSD&mid=sec&sid1=106&oid=117&aid=0003229884
이준기,[MD포토] 이준기 '우리 팬들 최고!',연예,1,2019,06,13,11:22,133,131,0,2,0,0,0,0,0,0,0,https://news.naver.com/main/read.nhn?mode=LSD&mid=sec&sid1=106&oid=117&aid=0003229875
이준기,"[포토]이준기, 옆모습에도 심쿵해",연예,1,2019,06,13,11:27,16,16,0,0,0,0,0,0,0,0,0,https://news.naver.com/main/read.nhn?mode=LSD&mid=sec&sid1=106&oid=112&aid=0003175418
이준기,"[포토] 이준기, 처음부터 끝까지 완벽한 팬서비스",연예,1,2019,06,13,11:26,17,17,0,0,0,0,0,0,0,0,0,https://news.naver.com/main/read.nhn?mode=LSD&mid=sec&sid1=106&oid=408&aid=0000074010
이준기,간접흡연도 혈관에 독…지속 노출되면 혈압 상승,생활,2,2019,06,17,6:56,25,0,1,0,23,1,0,0,0,0,0,https://news.naver.com/main/read.nhn?mode=LSD&mid=sec&sid1=103&oid=056&aid=0010712310
이준기,"""美 요구는 中 국가 시스템 바꾸라는 것…시진핑이 수용하겠나""",세계,2,2019,06,17,6:02,22,12,2,0,5,3,0,0,0,0,0,https://news.naver.com/main/read.nhn?mode=LSD&mid=sec&sid1=104&oid=018&aid=0004404422
이준기,"""美연준 금리인하는 9월 이후에나..한차례로 끝나지 않을 것""",세계,2,2019,06,17,6:02,1,1,0,0,0,0,0,0,0,0,0,https://news.naver.com/main/read.nhn?mode=LSD&mid=sec&sid1=104&oid=018&aid=0004404418
이준기,"나무엑터스 ""소속 배우에 대한 악의적 비방, 선처 없다""",연예,2,2019,06,20,17:33,34,34,0,0,0,0,0,0,0,0,0,https://news.naver.com/main/read.nhn?mode=LSD&mid=sec&sid1=106&oid=079&aid=0003240478
이준기,[DT현장] `기생충`이 한국경제에 주는 교훈,오피니언,2,2019,06,17,18:32,11,9,0,0,2,0,0,0,0,0,0,https://news.naver.com/main/read.nhn?mode=LSD&mid=sec&sid1=110&oid=029&aid=0002534030
이준기,간접흡연도 혈관에 독…지속 노출되면 혈압 상승,생활,2,2019,06,17,10:00,3,1,0,0,2,0,0,0,0,0,0,https://news.naver.com/main/read.nhn?mode=LSD&mid=sec&sid1=103&oid=056&aid=0010712382
이준기,"나무엑터스 측 ""악성 네티즌 범법행위, 법적 대응…선처 없다""[공식입장]",연예,2,2019,06,20,24:50,61,60,0,1,0,0,0,0,0,0,0,https://news.naver.com/main/read.nhn?mode=LSD&mid=sec&sid1=106&oid=213&aid=0001113177
이준기,"나무엑터스 법적대응, 악플러에 칼 뽑았다!",연예,2,2019,06,20,14:10,23,23,0,0,0,0,0,0,0,0,0,https://news.naver.com/main/read.nhn?mode=LSD&mid=sec&sid1=106&oid=417&aid=0000421113
이준기,나무엑터스 “소속 배우에 관한 비방·허위사실 유포에 강력 대응” [공식],연예,2,2019,06,20,14:33,37,37,0,0,0,0,0,0,0,0,0,https://news.naver.com/main/read.nhn?mode=LSD&mid=sec&sid1=106&oid=144&aid=0000616796
이준기,"美이민국장 대행 ""이민자 父女 익사 비극, 아빠 잘못""",세계,3,2019,06,29,5:58,4,2,0,1,0,1,0,0,0,0,0,https://news.naver.com/main/read.nhn?mode=LSD&mid=sec&sid1=104&oid=018&aid=0004414486
이준기,中 '화웨이 제재' 철폐·美 '강경' 나바로 투입…암운 드리운 'G20담판',세계,3,2019,06,28,6:02,128,114,3,0,6,5,0,0,0,0,0,https://news.naver.com/main/read.nhn?mode=LSD&mid=sec&sid1=104&oid=018&aid=0004413397
이준기,"트럼프 ""내년 美대선 개입말라"" 농담…푸틴 '미소'",세계,3,2019,06,29,5:29,20,15,0,1,4,0,0,0,0,0,0,https://news.naver.com/main/read.nhn?mode=LSD&mid=sec&sid1=104&oid=018&aid=0004414482
이준기,"트럼프 ""G20 순방 기간 김정은 안 만나…다른 방식 소통은 가능""",세계,3,2019,06,27,6:06,6,5,0,0,0,1,0,0,0,0,0,https://news.naver.com/main/read.nhn?mode=LSD&mid=sec&sid1=104&oid=018&aid=0004412422
이준기,"美, 베네수엘라 정권 핵심 겨냥…마두로 아들 '제재'",세계,3,2019,06,29,6:08,2,2,0,0,0,0,0,0,0,0,0,https://news.naver.com/main/read.nhn?mode=LSD&mid=sec&sid1=104&oid=018&aid=0004414497
이준기,"도지원, 후배 이준기 커피차 선물에 미소 ""깜짝 이벤트 고마워""",연예,4,2019,07,04,17:10,59,59,0,0,0,0,0,0,0,0,0,https://news.naver.com/main/read.nhn?mode=LSD&mid=sec&sid1=106&oid=241&aid=0002933200
이준기,"이준기, 네컷에 못 담을 잔망 셀카..돋보이는 꿀피부+꽃미모",연예,4,2019,07,03,15:26,45,45,0,0,0,0,0,0,0,0,0,https://news.naver.com/main/read.nhn?mode=LSD&mid=sec&sid1=106&oid=112&aid=0003183617
이준기,"이준기, 배려美 뿜뿜..""무더위에 지치지말고 힘내세요""",연예,4,2019,07,01,20:31,76,76,0,0,0,0,0,0,0,0,0,https://news.naver.com/main/read.nhn?mode=LSD&mid=sec&sid1=106&oid=108&aid=0002794021
이준기,"이준기, 선배 도지원 드라마 촬영장에 커피차 응원 '소속사 의리'",연예,4,2019,07,04,22:13,36,35,0,1,0,0,0,0,0,0,0,https://news.naver.com/main/read.nhn?mode=LSD&mid=sec&sid1=106&oid=109&aid=0004043732
이준기,"도지원, 이준기 커피차 인증…여전한 동안 비주얼로 자랑 中",연예,4,2019,07,04,15:59,48,48,0,0,0,0,0,0,0,0,0,https://news.naver.com/main/read.nhn?mode=LSD&mid=sec&sid1=106&oid=112&aid=0003184087
이준기,"도지원, 이준기와 남다른 친분 ""덕분에 고마워""[M+★SNS]",연예,4,2019,07,04,16:33,24,24,0,0,0,0,0,0,0,0,0,https://news.naver.com/main/read.nhn?mode=LSD&mid=sec&sid1=106&oid=057&aid=0001364735
이준기,"""고마워""…도지원, 이준기가 보낸 커피차 인증샷 [★해시태그]",연예,4,2019,07,04,20:08,50,50,0,0,0,0,0,0,0,0,0,https://news.naver.com/main/read.nhn?mode=LSD&mid=sec&sid1=106&oid=311&aid=0001013957
이준기,"이준기, 이지은 인연으로 '호텔 델루나' 카메오",연예,6,2019,07,20,17:26,152,152,0,0,0,0,0,0,0,0,0,https://news.naver.com/main/read.nhn?mode=LSD&mid=sec&sid1=106&oid=241&aid=0002939873
이준기,"'호텔델루나' 이준기, 깜짝 등장…지배인 후보 1순위",연예,6,2019,07,20,22:19,116,116,0,0,0,0,0,0,0,0,0,https://news.naver.com/main/read.nhn?mode=LSD&mid=sec&sid1=106&oid=076&aid=0003444698
이준기,"이준기, 아이유 지원사격 “‘호텔 델루나’ 특별출연, 촬영 완료”",연예,6,2019,07,18,17:21,259,259,0,0,0,0,0,0,0,0,0,https://news.naver.com/main/read.nhn?mode=LSD&mid=sec&sid1=106&oid=081&aid=0003015160
이준기,"'호텔델루나' 이준기, 카메오 등장...지배인 1순위 후보 퇴마사",연예,6,2019,07,20,21:49,122,121,0,1,0,0,0,0,0,0,0,https://news.naver.com/main/read.nhn?mode=LSD&mid=sec&sid1=106&oid=112&aid=0003190705
이준기,"'오늘의 운세' 관상학 전문가, 전효성 연애 상대로 박재범·이준기 지목",연예,6,2019,07,18,13:46,1,1,0,0,0,0,0,0,0,0,0,https://news.naver.com/main/read.nhn?mode=LSD&mid=sec&sid1=106&oid=312&aid=0000399313
이준기,"'저스티스' 손현주 ""이준기 추천해준 '인스타' 요즘 푹 빠졌다""",연예,6,2019,07,17,14:57,8,8,0,0,0,0,0,0,0,0,0,https://news.naver.com/main/read.nhn?mode=LSD&mid=sec&sid1=106&oid=076&aid=0003443263
이준기,"'결혼' 선우선, 이준기x송재림 축하 속 11살 연하 이수민의 아내로 [종합]",연예,6,2019,07,15,9:26,7,7,0,0,0,0,0,0,0,0,0,https://news.naver.com/main/read.nhn?mode=LSD&mid=sec&sid1=106&oid=109&aid=0004050098
이준기,"'호텔 델루나'이준기, 이지은(아이유)이 섭외한 특급 카메오",연예,6,2019,07,20,9:45,118,118,0,0,0,0,0,0,0,0,0,https://news.naver.com/main/read.nhn?mode=LSD&mid=sec&sid1=106&oid=468&aid=0000537224
이준기,"'호텔 델루나' 이준기, 신부로 깜짝 출연…절친 이지은 지원사격",연예,6,2019,07,20,13:56,109,109,0,0,0,0,0,0,0,0,0,https://news.naver.com/main/read.nhn?mode=LSD&mid=sec&sid1=106&oid=015&aid=0004179061
이준기,"'호텔 델루나' 측 ""이준기, 아이유 연락에 단번에 특별출연 수락""",연예,6,2019,07,20,11:34,166,165,0,0,0,0,0,0,0,1,0,https://news.naver.com/main/read.nhn?mode=LSD&mid=sec&sid1=106&oid=052&aid=0001321129
이준기,"‘호텔델루나’ 이준기·이시언, 특별출연…여진구 전 지배인 후보군",연예,6,2019,07,20,21:55,87,87,0,0,0,0,0,0,0,0,0,https://news.naver.com/main/read.nhn?mode=LSD&mid=sec&sid1=106&oid=382&aid=0000748260
이준기,"이준기·이시언, 델루나 지배인 후보로 등장…이지은과 극강 케미(호텔델루나)",연예,6,2019,07,20,22:32,50,50,0,0,0,0,0,0,0,0,0,https://news.naver.com/main/read.nhn?mode=LSD&mid=sec&sid1=106&oid=057&aid=0001369138
이준기,"'호텔델루나' 이지은 섭외 1순위였던 이준기, 구마 사제로 등장",연예,6,2019,07,20,21:53,88,87,0,1,0,0,0,0,0,0,0,https://news.naver.com/main/read.nhn?mode=LSD&mid=sec&sid1=106&oid=311&aid=0001021282
이준기,"'호텔 델루나' 이준기, 악령 박일도 잡는 구마 사제로 '강렬 등장'",연예,6,2019,07,20,21:54,273,273,0,0,0,0,0,0,0,0,0,https://news.naver.com/main/read.nhn?mode=LSD&mid=sec&sid1=106&oid=109&aid=0004053574
이준기,"이준기, 아이유 지원사격…‘호텔 델루나’ 특별출연 [공식입장]",연예,6,2019,07,18,9:39,157,157,0,0,0,0,0,0,0,0,0,https://news.naver.com/main/read.nhn?mode=LSD&mid=sec&sid1=106&oid=382&aid=0000747581
이준기,"이준기, 아이유와 끈끈한 의리 이어간다…'호텔 델루나' 특별출연 [공식입장]",연예,6,2019,07,18,14:40,96,95,0,1,0,0,0,0,0,0,0,https://news.naver.com/main/read.nhn?mode=LSD&mid=sec&sid1=106&oid=015&aid=0004177989
이준기,"이준기, '호텔 델루나' 3회 특별출연…아이유와 의리",연예,6,2019,07,18,10:42,143,143,0,0,0,0,0,0,0,0,0,https://news.naver.com/main/read.nhn?mode=LSD&mid=sec&sid1=106&oid=468&aid=0000536318
이준기,"손현주 ""이준기가 만들어 준 SNS로 '저스티스' 열심히 홍보""",연예,6,2019,07,17,15:23,18,18,0,0,0,0,0,0,0,0,0,https://news.naver.com/main/read.nhn?mode=LSD&mid=sec&sid1=106&oid=241&aid=0002938413
이준기,"선우선♥이수민, 부부 된 날…안성기·이준기·최강희 ☆참석 웨딩 본식 [화보]",연예,6,2019,07,15,16:01,21,21,0,0,0,0,0,0,0,0,0,https://news.naver.com/main/read.nhn?mode=LSD&mid=sec&sid1=106&oid=213&aid=0001119103
이준기,"선우선♥이수민, 웨딩 본식 공개‥안성기·이준기·최강희 참석",연예,6,2019,07,15,17:52,11,10,0,1,0,0,0,0,0,0,0,https://news.naver.com/main/read.nhn?mode=LSD&mid=sec&sid1=106&oid=057&aid=0001367620
이준기,"[N샷] ""감사한 4황자님"" 아이유, 이준기 커피차 선물 인증",연예,7,2019,07,27,16:53,98,98,0,0,0,0,0,0,0,0,0,https://news.naver.com/main/read.nhn?mode=LSD&mid=sec&sid1=106&oid=421&aid=0004117281
이준기,"이준기, 주짓수 매력에 푹 ""멋진 모습으로 다시 만나요""",연예,7,2019,07,25,18:04,91,91,0,0,0,0,0,0,0,0,0,https://news.naver.com/main/read.nhn?mode=LSD&mid=sec&sid1=106&oid=241&aid=0002941957
이준기,"이준기, 강렬한 임팩트 남긴 역대급 특별 출연 화제!",연예,7,2019,07,21,7:37,105,105,0,0,0,0,0,0,0,0,0,https://news.naver.com/main/read.nhn?mode=LSD&mid=sec&sid1=106&oid=015&aid=0004179134
이준기,"'호텔 델루나' 여진구, 이지은에 움튼 관심…이준기·이시언 '카메오'[SS리뷰]",연예,7,2019,07,21,6:50,27,27,0,0,0,0,0,0,0,0,0,https://news.naver.com/main/read.nhn?mode=LSD&mid=sec&sid1=106&oid=468&aid=0000537365
이준기,"아이유, 이준기 '호텔 델루나' 특별출연에 ""4황자님 감동이어요""",연예,7,2019,07,22,9:25,34,34,0,0,0,0,0,0,0,0,0,https://news.naver.com/main/read.nhn?mode=LSD&mid=sec&sid1=106&oid=108&aid=0002798674
이준기,"‘호텔 델루나’ 이준기, 강렬한 임팩트 남긴 역대급 특별 출연 화제",연예,7,2019,07,22,14:33,73,73,0,0,0,0,0,0,0,0,0,https://news.naver.com/main/read.nhn?mode=LSD&mid=sec&sid1=106&oid=015&aid=0004179710
이준기,"아이유, 카메오→커피차 선물한 이준기에 감동 ""또 감사한 4황자님""",연예,7,2019,07,27,19:54,946,938,0,8,0,0,0,0,0,0,0,https://news.naver.com/main/read.nhn?mode=LSD&mid=sec&sid1=106&oid=241&aid=0002942629
이준기,"""감사한 4황자님""…아이유, 이준기 '힘이 델루나?' 간식차 선물 인증샷",연예,7,2019,07,27,16:43,36,36,0,0,0,0,0,0,0,0,0,https://news.naver.com/main/read.nhn?mode=LSD&mid=sec&sid1=106&oid=076&aid=0003447176
이준기,"""또 감사한 4황자님""...아이유, 이준기 카메오→커피차 선물 '감격'",연예,7,2019,07,27,20:16,95,94,0,1,0,0,0,0,0,0,0,https://news.naver.com/main/read.nhn?mode=LSD&mid=sec&sid1=106&oid=312&aid=0000400922
이준기,"이준기, 아이유 위해 `호텔 델루나` 카메오→커피차 선물 `훈훈`",연예,7,2019,07,27,19:18,46,46,0,0,0,0,0,0,0,0,0,https://news.naver.com/main/read.nhn?mode=LSD&mid=sec&sid1=106&oid=009&aid=0004399778
이준기,"이준기, 주짓수 中 ""멋진 모습으로 다시 만나요"" [★해시태그]",연예,7,2019,07,25,16:37,61,61,0,0,0,0,0,0,0,0,0,https://news.naver.com/main/read.nhn?mode=LSD&mid=sec&sid1=106&oid=311&aid=0001023724
이준기,"이준기, 주짓수 삼매경 “멋진 모습으로 다시 만나요”[SNS★컷]",연예,7,2019,07,25,17:05,67,67,0,0,0,0,0,0,0,0,0,https://news.naver.com/main/read.nhn?mode=LSD&mid=sec&sid1=106&oid=609&aid=0000145166
이준기,"'호텔 델루나' 이준기, 강렬한 임팩트 남긴 역대급 특별 출연",연예,7,2019,07,21,8:14,46,46,0,0,0,0,0,0,0,0,0,https://news.naver.com/main/read.nhn?mode=LSD&mid=sec&sid1=106&oid=011&aid=0003589676
이준기,"‘호텔 델루나’ 이준기, ‘짧은 등장 강렬한 존재감’",연예,7,2019,07,21,9:33,54,54,0,0,0,0,0,0,0,0,0,https://news.naver.com/main/read.nhn?mode=LSD&mid=sec&sid1=106&oid=144&aid=0000622020
이준기,"'호텔 델루나' 이준기, 짧았지만 강렬했던 카메오 출연",연예,7,2019,07,21,10:41,43,43,0,0,0,0,0,0,0,0,0,https://news.naver.com/main/read.nhn?mode=LSD&mid=sec&sid1=106&oid=015&aid=0004179184
이준기,"'호텔 델루나' 이준기, 퇴마 신부로 특별 출연 ""이지은과의 친분으로""",연예,7,2019,07,21,8:10,28,28,0,0,0,0,0,0,0,0,0,https://news.naver.com/main/read.nhn?mode=LSD&mid=sec&sid1=106&oid=312&aid=0000399806
이준기,"아이유, 이준기에 감사함 표현…“4황자님 감동이어요”[M+★SNS]",연예,7,2019,07,22,24:01,211,211,0,0,0,0,0,0,0,0,0,https://news.naver.com/main/read.nhn?mode=LSD&mid=sec&sid1=106&oid=057&aid=0001369378
이준기,"'호텔 델루나' 이지은, 특별출연 이준기에 ""4황자님 감동이어요""",연예,7,2019,07,22,13:15,46,46,0,0,0,0,0,0,0,0,0,https://news.naver.com/main/read.nhn?mode=LSD&mid=sec&sid1=106&oid=241&aid=0002940511
이준기,"아이유, 이준기 '호텔 델루나' 특별출연 인증샷 ""감동이이어요""[★SNS]",연예,7,2019,07,21,10:38,64,64,0,0,0,0,0,0,0,0,0,https://news.naver.com/main/read.nhn?mode=LSD&mid=sec&sid1=106&oid=468&aid=0000537402
이준기,'호텔' 아이유 살린 카메오 이준기x이시언 [종합],연예,7,2019,07,21,11:17,176,175,0,1,0,0,0,0,0,0,0,https://news.naver.com/main/read.nhn?mode=LSD&mid=sec&sid1=106&oid=109&aid=0004053723
이준기,"아이유, '호텔 델루나' 이준기 특별출연에 무한 감사 ""라틴어 기도문 암기 감동""[★SNS]",연예,7,2019,07,21,11:17,98,98,0,0,0,0,0,0,0,0,0,https://news.naver.com/main/read.nhn?mode=LSD&mid=sec&sid1=106&oid=404&aid=0000248668
이준기,"""감동이어요"" 아이유, 이준기 특별출연에 감사 인사 [★SHOT!]",연예,7,2019,07,21,8:21,51,51,0,0,0,0,0,0,0,0,0,https://news.naver.com/main/read.nhn?mode=LSD&mid=sec&sid1=106&oid=109&aid=0004053641
이준기,"이준기, 자체발광 꽃미모‥새하얀 아이돌 비주얼",연예,8,2019,08,03,15:15,139,139,0,0,0,0,0,0,0,0,0,https://news.naver.com/main/read.nhn?mode=LSD&mid=sec&sid1=106&oid=112&aid=0003195953
이준기,"설리, 아이유 친분으로 ‘호텔 델루나’ 특별출연…이준기 이어 지원사격",연예,8,2019,07,30,15:30,9,9,0,0,0,0,0,0,0,0,0,https://news.naver.com/main/read.nhn?mode=LSD&mid=sec&sid1=106&oid=029&aid=0002543286
이준기,"'호텔 델루나', 이준기 이어 오늘(28일) 김준현·이이경 특별출연",연예,8,2019,07,28,15:59,25,25,0,0,0,0,0,0,0,0,0,https://news.naver.com/main/read.nhn?mode=LSD&mid=sec&sid1=106&oid=117&aid=0003252176
이준기,"[POP이슈]'호텔 델루나' 이준기→설리, 지원사격 특별출연 ★들로 매회 기대감↑",연예,8,2019,07,30,18:14,76,76,0,0,0,0,0,0,0,0,0,https://news.naver.com/main/read.nhn?mode=LSD&mid=sec&sid1=106&oid=112&aid=0003194343
이준기,"설리 측 ""아이유와 친분으로 '호텔 델루나' 10회 특별출연""",연예,8,2019,07,30,15:07,44,44,0,0,0,0,0,0,0,0,0,https://news.naver.com/main/read.nhn?mode=LSD&mid=sec&sid1=106&oid=421&aid=0004121321
이준기,"설리 '호텔 델루나' 특별출연... ""'절친' 아이유 지원사격"" (공식)",연예,8,2019,07,30,17:53,38,34,0,4,0,0,0,0,0,0,0,https://news.naver.com/main/read.nhn?mode=LSD&mid=sec&sid1=106&oid=312&aid=0000401387
이준기,"설리, 절친 아이유 지원사격…“‘호텔 델루나’ 특별출연” [공식입장]",연예,8,2019,07,30,14:33,20,20,0,0,0,0,0,0,0,0,0,https://news.naver.com/main/read.nhn?mode=LSD&mid=sec&sid1=106&oid=382&aid=0000750574
이준기,"김준현X이이경, '호텔 델루나' 특별 출연…시선 강탈 예고",연예,8,2019,07,28,15:13,88,88,0,0,0,0,0,0,0,0,0,https://news.naver.com/main/read.nhn?mode=LSD&mid=sec&sid1=106&oid=468&aid=0000540639
이준기,'호텔델루나. 오늘(28일) 더 특별한 특별출연! 김준현&이이경 출격,연예,8,2019,07,28,15:15,62,62,0,0,0,0,0,0,0,0,0,https://news.naver.com/main/read.nhn?mode=LSD&mid=sec&sid1=106&oid=468&aid=0000540640
이준기,"[포토]이준기,빛이나는 잘생김",연예,9,2019,08,10,20:15,42,42,0,0,0,0,0,0,0,0,0,https://news.naver.com/main/read.nhn?mode=LSD&mid=sec&sid1=106&oid=241&aid=0002946784
이준기,"[포토]이준기, 심쿵하트",연예,9,2019,08,10,19:59,253,252,0,1,0,0,0,0,0,0,0,https://news.naver.com/main/read.nhn?mode=LSD&mid=sec&sid1=106&oid=112&aid=0003198588
이준기,이준기 '잘생긴 비주얼'[엑's HD포토],연예,9,2019,08,10,20:02,26,26,0,0,0,0,0,0,0,0,0,https://news.naver.com/main/read.nhn?mode=LSD&mid=sec&sid1=106&oid=311&aid=0001031058
이준기,"[포토]이준기,눈이부신 수트패션",연예,9,2019,08,10,20:18,16,16,0,0,0,0,0,0,0,0,0,https://news.naver.com/main/read.nhn?mode=LSD&mid=sec&sid1=106&oid=241&aid=0002946786
이준기,"[포토]이준기,눈부신 매력에 심쿵",연예,9,2019,08,10,20:09,12,12,0,0,0,0,0,0,0,0,0,https://news.naver.com/main/read.nhn?mode=LSD&mid=sec&sid1=106&oid=241&aid=0002946779
이준기,"[포토]이준기,촉촉한 눈동자",연예,9,2019,08,10,20:09,28,28,0,0,0,0,0,0,0,0,0,https://news.naver.com/main/read.nhn?mode=LSD&mid=sec&sid1=106&oid=241&aid=0002946777
이준기,"[포토]이준기,멋진 남자의 미소",연예,9,2019,08,10,20:12,41,41,0,0,0,0,0,0,0,0,0,https://news.naver.com/main/read.nhn?mode=LSD&mid=sec&sid1=106&oid=241&aid=0002946782
이준기,"[포토]이준기, 무더위날리는 하트",연예,9,2019,08,10,20:01,55,55,0,0,0,0,0,0,0,0,0,https://news.naver.com/main/read.nhn?mode=LSD&mid=sec&sid1=106&oid=112&aid=0003198590
이준기,"[포토]이준기, 짜릿한 윙크하트",연예,9,2019,08,10,20:01,19,19,0,0,0,0,0,0,0,0,0,https://news.naver.com/main/read.nhn?mode=LSD&mid=sec&sid1=106&oid=112&aid=0003198591
이준기,이준기 '여러분 반가워요~'[엑's HD포토],연예,9,2019,08,10,20:05,21,21,0,0,0,0,0,0,0,0,0,https://news.naver.com/main/read.nhn?mode=LSD&mid=sec&sid1=106&oid=311&aid=0001031060
이준기,이준기 '치명적인 윙크와 하트'[엑's HD포토],연예,9,2019,08,10,20:01,10,10,0,0,0,0,0,0,0,0,0,https://news.naver.com/main/read.nhn?mode=LSD&mid=sec&sid1=106&oid=311&aid=0001031056
이준기,이준기 '손인사에 두근두근'[엑's HD포토],연예,9,2019,08,10,20:00,14,14,0,0,0,0,0,0,0,0,0,https://news.naver.com/main/read.nhn?mode=LSD&mid=sec&sid1=106&oid=311&aid=0001031055
이준기,이준기 '팬들의 환호를 받으며'[엑's HD포토],연예,9,2019,08,10,20:04,12,12,0,0,0,0,0,0,0,0,0,https://news.naver.com/main/read.nhn?mode=LSD&mid=sec&sid1=106&oid=311&aid=0001031059
이준기,"천우희, 이준기 커피차 선물에 발랄 인증샷 ""서포트 고마워요 짱짱맨""",연예,10,2019,08,13,9:18,27,27,0,0,0,0,0,0,0,0,0,https://news.naver.com/main/read.nhn?mode=LSD&mid=sec&sid1=106&oid=241&aid=0002947369
이준기,“직접 섭외까지” ‘호텔 델루나’ 이준기→설리 특별출연..아이유 절친의 특별한 의리[종합],연예,10,2019,08,11,15:50,175,175,0,0,0,0,0,0,0,0,0,https://news.naver.com/main/read.nhn?mode=LSD&mid=sec&sid1=106&oid=109&aid=0004066086
이준기,"이준기, 천우희 위해 커피차 선물 “이준기 짱짱맨” [M+★SNS]",연예,10,2019,08,13,11:28,23,23,0,0,0,0,0,0,0,0,0,https://news.naver.com/main/read.nhn?mode=LSD&mid=sec&sid1=106&oid=057&aid=0001374741
이준기,"이준기, 천우희 위해 OOO 선물… 무슨 사이?",연예,10,2019,08,13,11:13,5,5,0,0,0,0,0,0,0,0,0,https://news.naver.com/main/read.nhn?mode=LSD&mid=sec&sid1=106&oid=417&aid=0000438283
이준기,"이준기, 천우희 커피차 선물…“연기가 체질인 우희 멜로 기대” [똑똑SNS]",연예,10,2019,08,13,7:58,16,16,0,0,0,0,0,0,0,0,0,https://news.naver.com/main/read.nhn?mode=LSD&mid=sec&sid1=106&oid=410&aid=0000613687
이준기,송혜교·이준기…아이유에게 달려가는 ‘별들의 밥차’,연예,11,2019,08,20,10:21,204,202,0,2,0,0,0,0,0,0,0,https://news.naver.com/main/read.nhn?mode=LSD&mid=sec&sid1=106&oid=021&aid=0002400299
이준기,"'호텔델루나' 이준기→설리, 임팩트甲 카메오..또 누가 남았나",연예,11,2019,08,18,8:00,27,27,0,0,0,0,0,0,0,0,0,https://news.naver.com/main/read.nhn?mode=LSD&mid=sec&sid1=106&oid=108&aid=0002804584
이준기,"美, 지소미아 종료에 ""강한 실망""…韓日 중재 메시지 없었다(종합)",세계,11,2019,08,23,5:43,183,14,0,3,165,1,0,0,0,0,0,https://news.naver.com/main/read.nhn?mode=LSD&mid=sec&sid1=104&oid=018&aid=0004451770
이준기,[글로벌pick]트럼프는 왜 삼성을 탓하나,세계,11,2019,08,22,16:03,50,1,0,1,47,1,0,0,0,0,0,https://news.naver.com/main/read.nhn?mode=LSD&mid=sec&sid1=104&oid=018&aid=0004451188
이준기,"美, 韓의 지소미아 종료 결정에…""강한 우려·실망""",세계,11,2019,08,23,3:38,7,1,0,2,3,1,0,0,0,0,0,https://news.naver.com/main/read.nhn?mode=LSD&mid=sec&sid1=104&oid=018&aid=0004451753
이준기,"이준기→설리→김수현..'호텔 델루나', 아이유★초호화 카메오※",연예,12,2019,08,29,18:15,164,162,0,2,0,0,0,0,0,0,0,https://news.naver.com/main/read.nhn?mode=LSD&mid=sec&sid1=106&oid=404&aid=0000251305
이준기,"국내 배우들의 취미, 특기를 알아보자!",연예,12,2019,08,28,4:15,10,9,0,1,0,0,0,0,0,0,0,https://news.naver.com/main/read.nhn?mode=LSD&mid=sec&sid1=106&oid=140&aid=0000040733
이준기,장만월 SNS 운영→카메오 섭외 ‘호텔델루나’ 살린 일당백 요정 아이유[TV와치],연예,12,2019,08,28,13:00,168,167,0,1,0,0,0,0,0,0,0,https://news.naver.com/main/read.nhn?mode=LSD&mid=sec&sid1=106&oid=609&aid=0000162107
이준기,"안갯속 北美관계…美, 北 '불법환적' 도운 조력자들 '엄단'",세계,12,2019,08,31,4:37,99,90,1,1,6,1,0,0,0,0,0,https://news.naver.com/main/read.nhn?mode=LSD&mid=sec&sid1=104&oid=018&aid=0004458749
이준기,"트럼프 ""일부 기업 경영난 관세 탓 아냐…美연준이 문제""",세계,12,2019,08,31,5:11,3,2,0,0,1,0,0,0,0,0,0,https://news.naver.com/main/read.nhn?mode=LSD&mid=sec&sid1=104&oid=018&aid=0004458752
이준기,"김수현, ‘호텔 델루나’ 특별 출연…황금 라인업 정점 [공식입장]",연예,12,2019,08,29,9:37,21,21,0,0,0,0,0,0,0,0,0,https://news.naver.com/main/read.nhn?mode=LSD&mid=sec&sid1=106&oid=382&aid=0000757752
이준기,"'호텔 델루나' 측 ""김수현 특별출연 맞아..역할은 방송으로 확인 부탁""[공식]",연예,12,2019,08,29,10:11,29,29,0,0,0,0,0,0,0,0,0,https://news.naver.com/main/read.nhn?mode=LSD&mid=sec&sid1=106&oid=112&aid=0003206016
이준기,김수현 특급우정 '호텔 델루나' 피날레..아이유와 친구들 줄줄이[SS드라마],연예,12,2019,08,29,17:03,128,128,0,0,0,0,0,0,0,0,0,https://news.naver.com/main/read.nhn?mode=LSD&mid=sec&sid1=106&oid=468&aid=0000555488
이준기,"`호텔델루나` 김수현 특별출연…누리꾼 기대↑ “아이유와 케미, 빨리 보고파”",연예,12,2019,08,29,11:56,31,31,0,0,0,0,0,0,0,0,0,https://news.naver.com/main/read.nhn?mode=LSD&mid=sec&sid1=106&oid=009&aid=0004418469
이준기,"'호텔 델루나' 이준기·설리→'호텔 블루문' 김수현, '카메오 맛집' 등극 [Oh!쎈 탐구]",연예,13,2019,09,02,16:38,234,229,0,5,0,0,0,0,0,0,0,https://news.naver.com/main/read.nhn?mode=LSD&mid=sec&sid1=106&oid=109&aid=0004079254
이준기,"""즐거운 시간""…이준기, 반려견과 함께한 여유로운 일상",연예,13,2019,09,01,16:17,69,69,0,0,0,0,0,0,0,0,0,https://news.naver.com/main/read.nhn?mode=LSD&mid=sec&sid1=106&oid=112&aid=0003207218
이준기,"'호텔델루나' 오지호·이준기→설리→김수현, 종영까지 '카메오 맛집'",연예,13,2019,09,01,13:01,85,84,0,1,0,0,0,0,0,0,0,https://news.naver.com/main/read.nhn?mode=LSD&mid=sec&sid1=106&oid=213&aid=0001128399
이준기,"이준기, 가족들과 마트 나들이..김치 들고 윙크 '찡긋' [★SHOT!]",연예,13,2019,09,01,8:43,100,100,0,0,0,0,0,0,0,0,0,https://news.naver.com/main/read.nhn?mode=LSD&mid=sec&sid1=106&oid=109&aid=0004078416
이준기,이준기부터 김수현까지…‘호텔 델루나’ 빛낸 카메오 8인,연예,13,2019,09,02,10:58,13,13,0,0,0,0,0,0,0,0,0,https://news.naver.com/main/read.nhn?mode=LSD&mid=sec&sid1=106&oid=022&aid=0003394091
이준기,"[팝업★]'호텔 델루나' 김수현, 아이유 잇는 신임 사장으로 등장 '강렬 존재감'",연예,13,2019,09,02,10:17,3,3,0,0,0,0,0,0,0,0,0,https://news.naver.com/main/read.nhn?mode=LSD&mid=sec&sid1=106&oid=112&aid=0003207438
이준기,"이준기, 팬들 설레게 하는 꽃미소",연예,14,2019,09,11,16:11,51,51,0,0,0,0,0,0,0,0,0,https://news.naver.com/main/read.nhn?mode=LSD&mid=sec&sid1=106&oid=241&aid=0002956752
이준기,"이정하 ""이준기, 조진웅 선배님이 롤모델이에요"" [한복인터뷰②]",연예,14,2019,09,13,9:00,50,50,0,0,0,0,0,0,0,0,0,https://news.naver.com/main/read.nhn?mode=LSD&mid=sec&sid1=106&oid=117&aid=0003272950
이준기,"이준기, 클로즈업해도 잘생김이 뚝뚝 ‘베일 듯 칼날 턱선’[SNS★컷]",연예,14,2019,09,11,13:03,41,41,0,0,0,0,0,0,0,0,0,https://news.naver.com/main/read.nhn?mode=LSD&mid=sec&sid1=106&oid=609&aid=0000169515
이준기,"美, '北 휘하' 해킹그룹 3곳 제재…실무협상 앞두고 '파장'",세계,14,2019,09,14,2:37,2,2,0,0,0,0,0,0,0,0,0,https://news.naver.com/main/read.nhn?mode=LSD&mid=sec&sid1=104&oid=018&aid=0004467880
이준기,"美하원 '탄핵 움직임'에…트럼프 ""가장 위대한 경제 만들었는데…""",세계,14,2019,09,14,4:45,8,6,0,0,2,0,0,0,0,0,0,https://news.naver.com/main/read.nhn?mode=LSD&mid=sec&sid1=104&oid=018&aid=0004467883
이준기,"中, 美에 '대두·돈육 추가관세 면제' 선물…힘 받는 '스몰딜'",세계,14,2019,09,14,4:22,1,1,0,0,0,0,0,0,0,0,0,https://news.naver.com/main/read.nhn?mode=LSD&mid=sec&sid1=104&oid=018&aid=0004467882
이준기,"트럼프 ""볼턴 '리비아식 해법'은 잘못…김정은, 엮이기 싫어했다""",세계,14,2019,09,12,6:17,9,4,0,0,5,0,0,0,0,0,0,https://news.naver.com/main/read.nhn?mode=LSD&mid=sec&sid1=104&oid=018&aid=0004467546
이준기,"'트윗 경질' 볼턴 ""적절한 때 발언""…'트럼프 저격수' 되나",세계,14,2019,09,11,7:37,4,2,0,0,0,2,0,0,0,0,0,https://news.naver.com/main/read.nhn?mode=LSD&mid=sec&sid1=104&oid=018&aid=0004466944
이준기,해임이냐 사임이냐…'슈퍼매파' 美볼턴 퇴장 두고 '뒷말' 무성,세계,14,2019,09,11,6:12,4,0,0,0,4,0,0,0,0,0,0,https://news.naver.com/main/read.nhn?mode=LSD&mid=sec&sid1=104&oid=018&aid=0004466916
이준기,"트럼프 ""김정은과의 좋은 관계, 美에 가장 좋은 일""",세계,15,2019,09,21,5:25,1,1,0,0,0,0,0,0,0,0,0,https://news.naver.com/main/read.nhn?mode=LSD&mid=sec&sid1=104&oid=018&aid=0004472673
이준기,"美, '돈줄' 이란 국영은행 '제재'…군사행동 선 긋기",세계,15,2019,09,21,5:01,9,3,0,0,6,0,0,0,0,0,0,https://news.naver.com/main/read.nhn?mode=LSD&mid=sec&sid1=104&oid=018&aid=0004472672
이준기,"""전쟁행위""→""평화적 해결""…확 바뀐 폼페이오 '對이란 메시지'",세계,15,2019,09,20,4:25,6,1,0,0,3,2,0,0,0,0,0,https://news.naver.com/main/read.nhn?mode=LSD&mid=sec&sid1=104&oid=018&aid=0004471655
이준기,"'경질' 열흘도 안 됐는데…트럼프·볼턴, 美외교정책 놓고 '설전'",세계,15,2019,09,20,7:26,11,9,0,0,2,0,0,0,0,0,0,https://news.naver.com/main/read.nhn?mode=LSD&mid=sec&sid1=104&oid=018&aid=0004471713
이준기,"美中, '실무급' 무역협상 돌입…핵심 의제는 '농업'",세계,15,2019,09,20,5:11,1,1,0,0,0,0,0,0,0,0,0,https://news.naver.com/main/read.nhn?mode=LSD&mid=sec&sid1=104&oid=018&aid=0004471660
이준기,"""아직 갈 길 남았다""…트럼프, 北美 '평양 핵담판說' 일축",세계,15,2019,09,17,6:05,11,9,0,0,1,1,0,0,0,0,0,https://news.naver.com/main/read.nhn?mode=LSD&mid=sec&sid1=104&oid=018&aid=0004469085
이준기,"추가 금리인하에 거리 둔 파월…트럼프 ""배짱 없다"" 맹비난(종합)",세계,15,2019,09,19,5:39,5,0,1,0,4,0,0,0,0,0,0,https://news.naver.com/main/read.nhn?mode=LSD&mid=sec&sid1=104&oid=018&aid=0004470577
이준기,볼턴 후임은 무명(無名)의 오브라이언…'폼페이오 독주체제',세계,15,2019,09,20,12:00,5,1,0,0,3,1,0,0,0,0,0,https://news.naver.com/main/read.nhn?mode=LSD&mid=sec&sid1=104&oid=018&aid=0004471647
이준기,"""오랜만"" 이준기, 3년만 '보보경심 려' 왕소로 변신‥가면 뚫는 잘생김",연예,16,2019,09,28,16:07,102,101,0,1,0,0,0,0,0,0,0,https://news.naver.com/main/read.nhn?mode=LSD&mid=sec&sid1=106&oid=112&aid=0003217124
이준기,"강경화 ""수주 내 北美실무협상 재개 예상""",세계,16,2019,09,28,6:45,12,4,0,0,8,0,0,0,0,0,0,https://news.naver.com/main/read.nhn?mode=LSD&mid=sec&sid1=104&oid=018&aid=0004478299
이준기,'탄핵정국'에 빠진 트럼프…北美·美中협상 뒷전으로 밀리나,세계,16,2019,09,25,21:30,94,80,1,1,9,3,0,0,0,0,0,https://news.naver.com/main/read.nhn?mode=LSD&mid=sec&sid1=104&oid=018&aid=0004476232
이준기,"美의 '車관세' 압박 속…日, 美에 '농산물 시장' 개방",세계,16,2019,09,26,7:14,25,21,0,2,2,0,0,0,0,0,0,https://news.naver.com/main/read.nhn?mode=LSD&mid=sec&sid1=104&oid=018&aid=0004476307
이준기,"""對中금융투자 전면차단 추진""…압박 끌어올리는 美",세계,16,2019,09,28,7:18,30,22,3,0,5,0,0,0,0,0,0,https://news.naver.com/main/read.nhn?mode=LSD&mid=sec&sid1=104&oid=018&aid=0004478310
이준기,"이준기, 여전한 소년美···밝은 근황",연예,17,2019,10,05,24:05,45,45,0,0,0,0,0,0,0,0,0,https://news.naver.com/main/read.nhn?mode=LSD&mid=sec&sid1=106&oid=241&aid=0002964317
이준기,"문근영, 이준기 깜짝 커피차 선물에 감동..'커피를 잡았근영'",연예,17,2019,10,04,10:35,67,67,0,0,0,0,0,0,0,0,0,https://news.naver.com/main/read.nhn?mode=LSD&mid=sec&sid1=106&oid=112&aid=0003219242
이준기,"""한솥밥 의리""..문근영, 이준기 커피차 선물에 감격",연예,17,2019,10,05,24:16,26,26,0,0,0,0,0,0,0,0,0,https://news.naver.com/main/read.nhn?mode=LSD&mid=sec&sid1=106&oid=241&aid=0002964325
이준기,"이준기, 여전히 '청춘 소년미'..동안 과시",연예,17,2019,10,04,21:49,58,58,0,0,0,0,0,0,0,0,0,https://news.naver.com/main/read.nhn?mode=LSD&mid=sec&sid1=106&oid=108&aid=0002814977
이준기,"이준기, 청량한 미소로 인사 ""안녕하세요?"" [★해시태그]",연예,17,2019,10,04,18:53,47,47,0,0,0,0,0,0,0,0,0,https://news.naver.com/main/read.nhn?mode=LSD&mid=sec&sid1=106&oid=311&aid=0001055218
이준기,"이준기, 휴식기에도 비주얼은 열일중 ‘비수기 없는 잘생김’[SNS★컷]",연예,17,2019,10,04,16:03,37,37,0,0,0,0,0,0,0,0,0,https://news.naver.com/main/read.nhn?mode=LSD&mid=sec&sid1=106&oid=609&aid=0000182472
이준기,"“저 세상 비주얼”..이준기→장동윤, 여자보다 더 예쁜 ‘여장남자5’[Oh!쎈 탐구]",연예,17,2019,10,02,11:23,90,90,0,0,0,0,0,0,0,0,0,https://news.naver.com/main/read.nhn?mode=LSD&mid=sec&sid1=106&oid=109&aid=0004094281
이준기,트럼프 ‘우크라이나 스캔들’ 고발한 CIA요원…가시밭길 예고,세계,17,2019,09,30,12:00,9,3,0,1,5,0,0,0,0,0,0,https://news.naver.com/main/read.nhn?mode=LSD&mid=sec&sid1=104&oid=018&aid=0004479310
이준기,"이준기, 문근영 `유령을 잡아라` 커피차 응원",연예,17,2019,10,04,14:18,10,10,0,0,0,0,0,0,0,0,0,https://news.naver.com/main/read.nhn?mode=LSD&mid=sec&sid1=106&oid=029&aid=0002557347
이준기,"문근영, 이준기 커피차 선물 인증샷 “완벽하게 고마워”",연예,17,2019,10,04,14:32,33,33,0,0,0,0,0,0,0,0,0,https://news.naver.com/main/read.nhn?mode=LSD&mid=sec&sid1=106&oid=382&aid=0000766294
이준기,"이준기, 문근영 ‘유령’에 커피차 선물...준기가 보냈근영! ‘감동’",연예,17,2019,10,04,14:41,24,24,0,0,0,0,0,0,0,0,0,https://news.naver.com/main/read.nhn?mode=LSD&mid=sec&sid1=106&oid=011&aid=0003629381
이준기,"문근영, 이준기 커피차 선물에 감동♥ ""너무 완벽한 응원""",연예,17,2019,10,04,22:15,40,40,0,0,0,0,0,0,0,0,0,https://news.naver.com/main/read.nhn?mode=LSD&mid=sec&sid1=106&oid=082&aid=0000946762
이준기,"이준기, 빙구 윙크도 그저 잘생겼네 ‘비주얼이 다 했다’[SNS★컷]",연예,17,2019,10,02,14:23,61,61,0,0,0,0,0,0,0,0,0,https://news.naver.com/main/read.nhn?mode=LSD&mid=sec&sid1=106&oid=609&aid=0000180957
이준기,"이준기, 주짓수에 빠진 섹시남..여자보다 예쁜 과거는 없다 [★SHOT!]",연예,18,2019,10,09,16:12,56,56,0,0,0,0,0,0,0,0,0,https://news.naver.com/main/read.nhn?mode=LSD&mid=sec&sid1=106&oid=109&aid=0004098716
이준기,"이준기, 반려견과 함께한 행복한 휴가 [★해시태그]",연예,18,2019,10,07,17:54,54,54,0,0,0,0,0,0,0,0,0,https://news.naver.com/main/read.nhn?mode=LSD&mid=sec&sid1=106&oid=311&aid=0001056245
이준기,"이준기, 굴욕無 증명사진 공개…엄지척 부르는 날렵 브이라인",연예,18,2019,10,07,14:03,55,55,0,0,0,0,0,0,0,0,0,https://news.naver.com/main/read.nhn?mode=LSD&mid=sec&sid1=106&oid=112&aid=0003220330
이준기,"이준기 근황, 반려견과 함께 “여전히 상큼”",연예,18,2019,10,06,17:34,56,56,0,0,0,0,0,0,0,0,0,https://news.naver.com/main/read.nhn?mode=LSD&mid=sec&sid1=106&oid=213&aid=0001134405
이준기,"이준기, 애교 가득한 손하트♥..여심저격 꽃미소",연예,18,2019,10,06,14:43,66,66,0,0,0,0,0,0,0,0,0,https://news.naver.com/main/read.nhn?mode=LSD&mid=sec&sid1=106&oid=112&aid=0003220015
이준기,"트럼프 ""내달 APEC 때까지 美中 '미니딜' 서명""",세계,19,2019,10,19,7:15,4,2,0,0,0,2,0,0,0,0,0,https://news.naver.com/main/read.nhn?mode=LSD&mid=sec&sid1=104&oid=018&aid=0004495293
이준기,트럼프의 내로남불…'G7 정상회의 트럼프 리조트' 개최 논란,세계,19,2019,10,18,6:26,7,0,0,0,6,1,0,0,0,0,0,https://news.naver.com/main/read.nhn?mode=LSD&mid=sec&sid1=104&oid=018&aid=0004494244
이준기,[줌인]영원하지 못했던 '포에버21'의 성공신화,세계,19,2019,10,18,1:00,27,0,0,20,6,1,0,0,0,0,0,https://news.naver.com/main/read.nhn?mode=LSD&mid=sec&sid1=104&oid=018&aid=0004494210
이준기,"트럼프 ""시진핑과 담판 전 무역합의 없다""…왜?",세계,19,2019,10,17,4:08,2,1,0,0,1,0,0,0,0,0,0,https://news.naver.com/main/read.nhn?mode=LSD&mid=sec&sid1=104&oid=018&aid=0004492963
이준기,"터키, '120시간 휴전'…조건은 쿠르드의 '안전지대 철수'",세계,19,2019,10,18,5:22,7,4,0,0,2,1,0,0,0,0,0,https://news.naver.com/main/read.nhn?mode=LSD&mid=sec&sid1=104&oid=018&aid=0004494218
이준기,"홍남기 ""韓日 물밑접촉중…기업 위해 연내 갈등 해소돼야""",세계,19,2019,10,17,9:01,9,3,0,0,5,1,0,0,0,0,0,https://news.naver.com/main/read.nhn?mode=LSD&mid=sec&sid1=104&oid=018&aid=0004493113
이준기,"EU, 새 브렉시트案 승인…이제 공은 '골칫덩이' 英의회로",세계,19,2019,10,18,4:31,5,2,0,0,3,0,0,0,0,0,0,https://news.naver.com/main/read.nhn?mode=LSD&mid=sec&sid1=104&oid=018&aid=0004494214
이준기,"떠나는 조태열의 충언…""외교·안보만큼은 국론 통일돼야""",세계,19,2019,10,18,11:40,1,1,0,0,0,0,0,0,0,0,0,https://news.naver.com/main/read.nhn?mode=LSD&mid=sec&sid1=104&oid=018&aid=0004494480
이준기,"트럼프의 역공…""내부고발자 의회증언+신원확인 해야""",세계,19,2019,10,15,6:05,7,2,0,0,5,0,0,0,0,0,0,https://news.naver.com/main/read.nhn?mode=LSD&mid=sec&sid1=104&oid=018&aid=0004491145
이준기,"이준기, 이 비주얼 실화냐…갈수록 잘생겨지는 꽃미모",연예,20,2019,10,26,17:06,50,50,0,0,0,0,0,0,0,0,0,https://news.naver.com/main/read.nhn?mode=LSD&mid=sec&sid1=106&oid=112&aid=0003227768
이준기,"이준기, 청춘 영화같은 심쿵 비주얼...""빈틈 없는 잘생김""",연예,20,2019,10,24,14:19,78,78,0,0,0,0,0,0,0,0,0,https://news.naver.com/main/read.nhn?mode=LSD&mid=sec&sid1=106&oid=112&aid=0003226937
이준기,"스틸웰 美차관보, 韓日 연쇄방문…'지소미아' 논의 주목",세계,20,2019,10,25,4:17,3,0,0,0,3,0,0,0,0,0,0,https://news.naver.com/main/read.nhn?mode=LSD&mid=sec&sid1=104&oid=018&aid=0004499954
이준기,"美 공식발표…""美中, 1단계 합의 일부 마무리 단계""",세계,20,2019,10,26,4:10,1,1,0,0,0,0,0,0,0,0,0,https://news.naver.com/main/read.nhn?mode=LSD&mid=sec&sid1=104&oid=018&aid=0004500932
이준기,"이해충돌 논란에…트럼프 일가, '워싱턴호텔' 매각 결정",세계,20,2019,10,26,6:08,3,0,0,0,1,2,0,0,0,0,0,https://news.naver.com/main/read.nhn?mode=LSD&mid=sec&sid1=104&oid=018&aid=0004500954
이준기,"""김정일, 김정은에 '절대로 무기 포기 말라' 했다""",세계,20,2019,10,24,5:19,28,1,1,0,26,0,0,0,0,0,0,https://news.naver.com/main/read.nhn?mode=LSD&mid=sec&sid1=104&oid=018&aid=0004498815
이준기,"골드만삭스의 예견…""美금리인하, 3차례로 끝""",세계,20,2019,10,25,3:32,2,2,0,0,0,0,0,0,0,0,0,https://news.naver.com/main/read.nhn?mode=LSD&mid=sec&sid1=104&oid=018&aid=0004499951
이준기,엇갈린 기업 실적…다우↓ S&P·나스닥↑,경제,20,2019,10,25,6:25,1,1,0,0,0,0,0,0,0,0,0,https://news.naver.com/main/read.nhn?mode=LSD&mid=sec&sid1=101&oid=018&aid=0004499985
이준기,"[방송소식] 이준기, 신세계조선호텔 모델 발탁 外",생활,21,2019,11,01,9:22,64,62,2,0,0,0,0,0,0,0,0,https://news.naver.com/main/read.nhn?mode=LSD&mid=sec&sid1=103&oid=001&aid=0011183174
이준기,"이준기, 갈수록 잘생겨져…비주얼이 하트",연예,21,2019,10,28,15:45,60,60,0,0,0,0,0,0,0,0,0,https://news.naver.com/main/read.nhn?mode=LSD&mid=sec&sid1=106&oid=112&aid=0003228327
이준기,"""글로벌 마케팅↑"" 이준기, 신세계조선호텔 홍보모델 발탁[공식]",연예,21,2019,11,01,10:10,96,96,0,0,0,0,0,0,0,0,0,https://news.naver.com/main/read.nhn?mode=LSD&mid=sec&sid1=106&oid=241&aid=0002975339
이준기,"이준기, 호텔 홍보모델 발탁 ‘원조 한류스타 위엄’",연예,21,2019,11,01,9:05,109,109,0,0,0,0,0,0,0,0,0,https://news.naver.com/main/read.nhn?mode=LSD&mid=sec&sid1=106&oid=609&aid=0000196571
이준기,"지성, 김남길, 유승호, 이준기, 장동윤, 이이경! 꽃보다 예쁜 ‘여장’ 남자 [스타@스캔]",연예,22,2019,11,06,9:46,161,161,0,0,0,0,0,0,0,0,0,https://news.naver.com/main/read.nhn?mode=LSD&mid=sec&sid1=106&oid=415&aid=0000003221
이준기,"""中과 관세철폐 합의 안했다""…트럼프 흔든 美강경파(종합)",세계,22,2019,11,09,7:31,6,0,0,0,5,1,0,0,0,0,0,https://news.naver.com/main/read.nhn?mode=LSD&mid=sec&sid1=104&oid=018&aid=0004512498
이준기,中 공식발표에도 조용했던 美…배경에 강경파 '반발' 있었다,세계,22,2019,11,08,6:42,31,3,0,1,25,2,0,0,0,0,0,https://news.naver.com/main/read.nhn?mode=LSD&mid=sec&sid1=104&oid=018&aid=0004511507
이준기,"""韓美 연합공중훈련, 축소될 것""…美합참, 공식화",세계,22,2019,11,08,5:31,98,7,0,1,89,1,0,0,0,0,0,https://news.naver.com/main/read.nhn?mode=LSD&mid=sec&sid1=104&oid=018&aid=0004511487
이준기,美의 '지소미아' 전방위 압박…이번엔 美국방수장 訪韓,세계,22,2019,11,08,6:04,100,53,0,0,46,1,0,0,0,0,0,https://news.naver.com/main/read.nhn?mode=LSD&mid=sec&sid1=104&oid=018&aid=0004511500
이준기,"美전문가들, 내년 '경기침체' 가능성 확 줄인 이유는",세계,22,2019,11,08,4:48,1,1,0,0,0,0,0,0,0,0,0,https://news.naver.com/main/read.nhn?mode=LSD&mid=sec&sid1=104&oid=018&aid=0004511480
이준기,"트럼프, 가상 '표결'서 野후보에 완패…""선거인단에 기대야""",세계,22,2019,11,06,6:34,14,9,0,0,5,0,0,0,0,0,0,https://news.naver.com/main/read.nhn?mode=LSD&mid=sec&sid1=104&oid=018&aid=0004509792
이준기,"강하늘, '동백꽃 필 무렵'으로 흥행배우 굳히기 돌입 [성적표]",연예,22,2019,11,06,18:04,19,19,0,0,0,0,0,0,0,0,0,https://news.naver.com/main/read.nhn?mode=LSD&mid=sec&sid1=106&oid=213&aid=0001139634
이준기,中은 '관세 철폐'·美는 '트럼프 재선'…무역협상 청신호,세계,22,2019,11,06,18:27,17,3,1,0,11,2,0,0,0,0,0,https://news.naver.com/main/read.nhn?mode=LSD&mid=sec&sid1=104&oid=018&aid=0004510591
이준기,"美강경파의 힘…트럼프 ""中과 관세철회 합의 안했다"" 부인",세계,22,2019,11,09,4:36,53,43,1,0,8,1,0,0,0,0,0,https://news.naver.com/main/read.nhn?mode=LSD&mid=sec&sid1=104&oid=018&aid=0004512461
이준기,美中 '관세철폐' 기대에 또 신고가…다우 0.66% UP,경제,22,2019,11,08,7:03,1,0,0,0,0,1,0,0,0,0,0,https://news.naver.com/main/read.nhn?mode=LSD&mid=sec&sid1=101&oid=018&aid=0004511509
이준기,"""美中, 관세폭탄 일부 철폐 검토""…임박한 '1단계 무역합의'",세계,22,2019,11,06,4:38,3,3,0,0,0,0,0,0,0,0,0,https://news.naver.com/main/read.nhn?mode=LSD&mid=sec&sid1=104&oid=018&aid=0004509744
이준기,"美中 '무역합의 낙관론'에 환호…다우, 2만8000고지 밟다",경제,23,2019,11,16,7:33,3,2,0,1,0,0,0,0,0,0,0,https://news.naver.com/main/read.nhn?mode=LSD&mid=sec&sid1=101&oid=018&aid=0004517864
이준기,"트럼프 핵심참모 ""美中 1단계 합의, 장관급이 서명할 수도""",세계,23,2019,11,16,6:31,1,0,0,0,1,0,0,0,0,0,0,https://news.naver.com/main/read.nhn?mode=LSD&mid=sec&sid1=104&oid=018&aid=0004517850
이준기,"北김성 ""北美-南北 교착, 미국과 한국 탓""",세계,23,2019,11,12,5:57,9,0,0,0,9,0,0,0,0,0,0,https://news.naver.com/main/read.nhn?mode=LSD&mid=sec&sid1=104&oid=018&aid=0004514413
이준기,"대서양 무역戰 확전?…트럼프 ""수입車 고율관세 곧 결정""",세계,23,2019,11,14,5:08,1,0,0,1,0,0,0,0,0,0,0,https://news.naver.com/main/read.nhn?mode=LSD&mid=sec&sid1=104&oid=018&aid=0004516125
이준기,"美, 韓의 지소미아 '조건부 연기'에…""갱신 환영""",세계,24,2019,11,23,3:47,13,5,1,0,7,0,0,0,0,0,0,https://news.naver.com/main/read.nhn?mode=LSD&mid=sec&sid1=104&oid=018&aid=0004522820
이준기,"트럼프, 애플 CEO에 '美 5G 구축' 요청…中화웨이 견제",세계,24,2019,11,22,5:49,11,5,1,0,3,2,0,0,0,0,0,https://news.naver.com/main/read.nhn?mode=LSD&mid=sec&sid1=104&oid=018&aid=0004522156
이준기,"""내가 홍콩 살렸다""는 트럼프, '갈등의 핵' 인권법엔 '침묵'",세계,24,2019,11,23,5:35,7,2,0,2,2,1,0,0,0,0,0,https://news.naver.com/main/read.nhn?mode=LSD&mid=sec&sid1=104&oid=018&aid=0004522825
이준기,볼턴의 '트윗' 컴백…'우크라 스캔들' 트럼프 저격수 자처하나,세계,24,2019,11,23,7:17,8,7,0,0,1,0,0,0,0,0,0,https://news.naver.com/main/read.nhn?mode=LSD&mid=sec&sid1=104&oid=018&aid=0004522855
이준기,"""비건, 韓美동맹, 재정립 필요…방위비 '힘든 협상'될 것""",세계,24,2019,11,22,6:36,3,0,0,0,3,0,0,0,0,0,0,https://news.naver.com/main/read.nhn?mode=LSD&mid=sec&sid1=104&oid=018&aid=0004522177
이준기,"트럼프 ""하원 탄핵안 가결?…상원 재판받길 원해""",세계,24,2019,11,23,4:30,1,1,0,0,0,0,0,0,0,0,0,https://news.naver.com/main/read.nhn?mode=LSD&mid=sec&sid1=104&oid=018&aid=0004522822
이준기,"美국방, 韓日에 '리더십' 촉구…방위비 증액 '합리적'",세계,24,2019,11,22,7:10,2,0,0,0,2,0,0,0,0,0,0,https://news.naver.com/main/read.nhn?mode=LSD&mid=sec&sid1=104&oid=018&aid=0004522184
이준기,"측근 외교관 ""대가성 맞다"" 폭탄 발언…궁지 몰리는 트럼프",세계,24,2019,11,21,8:03,22,20,0,0,1,1,0,0,0,0,0,https://news.naver.com/main/read.nhn?mode=LSD&mid=sec&sid1=104&oid=018&aid=0004521317
이준기,더 커지는 美의 '방위비' 압박…비건도 韓향해 '무임승차' 언급,세계,24,2019,11,21,4:54,4,3,0,0,1,0,0,0,0,0,0,https://news.naver.com/main/read.nhn?mode=LSD&mid=sec&sid1=104&oid=018&aid=0004521247
이준기,'록키'의 몸을 빌린 트럼프…'건강이상설' 불식 행보,세계,25,2019,11,28,6:18,13,1,1,0,10,1,0,0,0,0,0,https://news.naver.com/main/read.nhn?mode=LSD&mid=sec&sid1=104&oid=018&aid=0004526372
이준기,"美 3Q 성장률, 1.9%→2.1% 상향",경제,25,2019,11,28,5:03,2,1,0,0,0,1,0,0,0,0,0,https://news.naver.com/main/read.nhn?mode=LSD&mid=sec&sid1=101&oid=018&aid=0004526341
이준기,"볼턴의 '입'에 겁먹었나…트럼프 뜬금없이 ""볼턴은 애국자""",세계,25,2019,11,27,5:02,10,7,0,0,3,0,0,0,0,0,0,https://news.naver.com/main/read.nhn?mode=LSD&mid=sec&sid1=104&oid=018&aid=0004525400
이준기,"""난 세계 대통령 아냐""…트럼프, 또 '美우선주의' 강조",세계,25,2019,11,28,4:42,4,1,0,0,3,0,0,0,0,0,0,https://news.naver.com/main/read.nhn?mode=LSD&mid=sec&sid1=104&oid=018&aid=0004526336
이준기,중국發 낙관론…뉴욕증시 다시 '최고치' 찍다,경제,25,2019,11,26,7:11,3,3,0,0,0,0,0,0,0,0,0,https://news.naver.com/main/read.nhn?mode=LSD&mid=sec&sid1=101&oid=018&aid=0004524523
이준기,"이제 백악관 직원들도 경계?…트럼프, 집무실 대신 '관저' 정치",세계,25,2019,11,26,5:41,1,1,0,0,0,0,0,0,0,0,0,https://news.naver.com/main/read.nhn?mode=LSD&mid=sec&sid1=104&oid=018&aid=0004524497
이준기,"'美FAA 암초' 만난 보잉 '737 맥스', 내년 1월 운항 무산?",세계,25,2019,11,28,5:43,1,1,0,0,0,0,0,0,0,0,0,https://news.naver.com/main/read.nhn?mode=LSD&mid=sec&sid1=104&oid=018&aid=0004526344
이준기,매년 9월7일은 유엔 지정 '푸른 하늘의 날'…文제안 현실화,세계,25,2019,11,27,4:31,1,0,0,0,1,0,0,0,0,0,0,https://news.naver.com/main/read.nhn?mode=LSD&mid=sec&sid1=104&oid=018&aid=0004525379
이준기,"'탄핵 수싸움' 돌입한 트럼프·펠로시…""소추안 작성"" Vs ""할테면 해라""",세계,26,2019,12,06,4:39,2,1,0,0,1,0,0,0,0,0,0,https://news.naver.com/main/read.nhn?mode=LSD&mid=sec&sid1=104&oid=018&aid=0004531978
이준기,"정은보 ""韓美 입장 변화없어""…방위비협상 '연내 타결' 무산되나",세계,26,2019,12,06,5:33,3,0,0,0,2,1,0,0,0,0,0,https://news.naver.com/main/read.nhn?mode=LSD&mid=sec&sid1=104&oid=018&aid=0004531988
이준기,트럼프 사위가 '개입'했다…되살아난 美中무역합의 '낙관론',세계,26,2019,12,05,4:48,4,0,0,0,2,2,0,0,0,0,0,https://news.naver.com/main/read.nhn?mode=LSD&mid=sec&sid1=104&oid=018&aid=0004531161
이준기,故백남준의 역작 'M200' 맨해튼 상륙,세계,26,2019,12,06,6:11,1,1,0,0,0,0,0,0,0,0,0,https://news.naver.com/main/read.nhn?mode=LSD&mid=sec&sid1=104&oid=018&aid=0004532000
이준기,"단비 같았던 美고용지표…트럼프, '정적' 클린턴 구호까지 빌려 환호",세계,26,2019,12,07,7:26,2,2,0,0,0,0,0,0,0,0,0,https://news.naver.com/main/read.nhn?mode=LSD&mid=sec&sid1=104&oid=018&aid=0004532587
이준기,"이준기, 공백기에도 비주얼은 열일 ‘턱선에 베이겠네’[SNS★컷]",연예,27,2019,12,10,24:17,51,51,0,0,0,0,0,0,0,0,0,https://news.naver.com/main/read.nhn?mode=LSD&mid=sec&sid1=106&oid=609&aid=0000216365
이준기,"'관세 전면전' 피한 美中, 아직 곳곳 '지뢰밭'",세계,27,2019,12,14,5:16,1,1,0,0,0,0,0,0,0,0,0,https://news.naver.com/main/read.nhn?mode=LSD&mid=sec&sid1=104&oid=018&aid=0004536843
이준기,"트럼프의 자신감…美민주 '탄핵표결' 본격화에 ""신경 안 써""",세계,27,2019,12,14,6:21,3,2,0,0,1,0,0,0,0,0,0,https://news.naver.com/main/read.nhn?mode=LSD&mid=sec&sid1=104&oid=018&aid=0004536849
이준기,"美국방 ""北 최악의 선택 대비""",세계,27,2019,12,13,5:08,1,0,0,0,0,1,0,0,0,0,0,https://news.naver.com/main/read.nhn?mode=LSD&mid=sec&sid1=104&oid=018&aid=0004536260
이준기,"""트럼프, 美中 '1단계 무역합의안'에 서명""",세계,27,2019,12,13,7:34,9,7,0,0,2,0,0,0,0,0,0,https://news.naver.com/main/read.nhn?mode=LSD&mid=sec&sid1=104&oid=018&aid=0004536302
이준기,"'주한미군 규모 유지' 못박은 美국방수권법…트럼프 ""즉각 서명""",세계,27,2019,12,12,5:10,36,32,0,0,3,1,0,0,0,0,0,https://news.naver.com/main/read.nhn?mode=LSD&mid=sec&sid1=104&oid=018&aid=0004535467
이준기,"美, 中에 관세 양보했다…'1단계 무역합의' 초읽기(종합)",세계,27,2019,12,13,6:56,2,1,0,0,1,0,0,0,0,0,0,https://news.naver.com/main/read.nhn?mode=LSD&mid=sec&sid1=104&oid=018&aid=0004536291
이준기,"美中, 사실상 '무역협상' 타결…공식 발표 임박",세계,27,2019,12,13,5:34,3,2,0,0,1,0,0,0,0,0,0,https://news.naver.com/main/read.nhn?mode=LSD&mid=sec&sid1=104&oid=018&aid=0004536267
이준기,"美中 '1단계 무역합의' 임박…트럼프 ""빅딜에 매우 가까워져""",세계,27,2019,12,13,2:23,3,3,0,0,0,0,0,0,0,0,0,https://news.naver.com/main/read.nhn?mode=LSD&mid=sec&sid1=104&oid=018&aid=0004536247
이준기,"이준기, 아시아 사로잡은 독보적 매력…역시 화보장인",연예,28,2019,12,17,15:13,61,61,0,0,0,0,0,0,0,0,0,https://news.naver.com/main/read.nhn?mode=LSD&mid=sec&sid1=106&oid=468&aid=0000605214
이준기,"이준기, 조각 미남이란 이런 것…축복받은 비주얼",연예,28,2019,12,17,14:40,58,58,0,0,0,0,0,0,0,0,0,https://news.naver.com/main/read.nhn?mode=LSD&mid=sec&sid1=106&oid=112&aid=0003247434
이준기,[이준기의 미국in]오바마의 추억…하얗게 바뀐 美민주,세계,28,2019,12,19,12:01,5,3,0,1,1,0,0,0,0,0,0,https://news.naver.com/main/read.nhn?mode=LSD&mid=sec&sid1=104&oid=018&aid=0004539846
이준기,"美민주, 탄핵 당일 트럼프에 ""對北정책 실패""",세계,28,2019,12,20,6:23,2,1,0,1,0,0,0,0,0,0,0,https://news.naver.com/main/read.nhn?mode=LSD&mid=sec&sid1=104&oid=018&aid=0004540759
이준기,美 3Q 성장률 2.1% 확정,세계,28,2019,12,21,2:23,1,1,0,0,0,0,0,0,0,0,0,https://news.naver.com/main/read.nhn?mode=LSD&mid=sec&sid1=104&oid=018&aid=0004541300
이준기,"비건 '빈손' 귀국길에…트럼프, 시진핑과 北문제 '직접 대화'",세계,28,2019,12,21,2:09,6,5,0,0,0,1,0,0,0,0,0,https://news.naver.com/main/read.nhn?mode=LSD&mid=sec&sid1=104&oid=018&aid=0004541299
이준기,"유엔, '김정은 처벌' 北인권결의 15년째 채택…발 뺀 韓·반발한 北",세계,28,2019,12,19,5:25,21,13,0,0,6,2,0,0,0,0,0,https://news.naver.com/main/read.nhn?mode=LSD&mid=sec&sid1=104&oid=018&aid=0004539870
이준기,순풍이냐 역풍이냐…'탄핵정국' 수싸움 돌입한 트럼프·민주당,세계,28,2019,12,19,23:26,15,10,0,0,4,1,0,0,0,0,0,https://news.naver.com/main/read.nhn?mode=LSD&mid=sec&sid1=104&oid=018&aid=0004540712
이준기,'탄핵소추안' 상원 이관 놓고…트럼프·펠로시 또 '힘 겨루기',세계,28,2019,12,20,7:07,10,7,3,0,0,0,0,0,0,0,0,https://news.naver.com/main/read.nhn?mode=LSD&mid=sec&sid1=104&oid=018&aid=0004540769
이준기,"對北제재 해제 놓고…美-中, 다시 '파열음' 조짐",세계,28,2019,12,19,6:47,6,1,0,0,4,1,0,0,0,0,0,https://news.naver.com/main/read.nhn?mode=LSD&mid=sec&sid1=104&oid=018&aid=0004539897
이준기,[DAY컷] 이준기 화보 비하인드…치명적 수트핏,연예,28,2019,12,17,14:15,44,44,0,0,0,0,0,0,0,0,0,https://news.naver.com/main/read.nhn?mode=LSD&mid=sec&sid1=106&oid=382&aid=0000784210
이준기,"이준기, 여심 홀리는 화보 비하인드 컷",연예,28,2019,12,17,14:27,46,46,0,0,0,0,0,0,0,0,0,https://news.naver.com/main/read.nhn?mode=LSD&mid=sec&sid1=106&oid=009&aid=0004483882
이준기,"마치 영화 속 한 장면 같은, 이준기",연예,28,2019,12,17,20:29,45,45,0,0,0,0,0,0,0,0,0,https://news.naver.com/main/read.nhn?mode=LSD&mid=sec&sid1=106&oid=213&aid=0001145546
이준기,"시진핑, 트럼프에 ""북미, 서로 양보해야""…북핵 해법 놓고 '불협화음'?(종합)",세계,28,2019,12,21,6:34,18,3,0,0,12,3,0,0,0,0,0,https://news.naver.com/main/read.nhn?mode=LSD&mid=sec&sid1=104&oid=018&aid=0004541315
이준기,"이준기 루돌프 변신 ""매일 매일이 리즈""",연예,29,2019,12,24,20:04,77,77,0,0,0,0,0,0,0,0,0,https://news.naver.com/main/read.nhn?mode=LSD&mid=sec&sid1=106&oid=082&aid=0000969050
이준기,페네그린 전속모델 배우 이준기 ‘2019 연말 팬사인회’ 가져,생활,29,2019,12,24,17:49,61,61,0,0,0,0,0,0,0,0,0,https://news.naver.com/main/read.nhn?mode=LSD&mid=sec&sid1=103&oid=468&aid=0000607923
이준기,"""나스닥 첫 9000고지 돌파""…'산타랠리' 내려앉은 美증시",경제,29,2019,12,27,6:56,3,3,0,0,0,0,0,0,0,0,0,https://news.naver.com/main/read.nhn?mode=LSD&mid=sec&sid1=101&oid=018&aid=0004544187
이준기,美쇼핑시즌 또 '대박'…그 배경엔 '아마존'의 힘,세계,29,2019,12,27,5:20,2,2,0,0,0,0,0,0,0,0,0,https://news.naver.com/main/read.nhn?mode=LSD&mid=sec&sid1=104&oid=018&aid=0004544157
이준기,"""최고의 순간은 오지 않았다""…트럼프, '증시랠리' 호언장담",세계,29,2019,12,28,6:28,2,1,0,0,0,1,0,0,0,0,0,https://news.naver.com/main/read.nhn?mode=LSD&mid=sec&sid1=104&oid=018&aid=0004544747
이준기,"트럼프의 경고…""러·시리아·이란, 민간인 대학살 중단하라""",세계,29,2019,12,27,6:37,4,1,0,1,2,0,0,0,0,0,0,https://news.naver.com/main/read.nhn?mode=LSD&mid=sec&sid1=104&oid=018&aid=0004544184
이준기,"이준기, 꽃미남 루돌프 변신 ""메리 크리스마스""",연예,29,2019,12,24,17:23,72,72,0,0,0,0,0,0,0,0,0,https://news.naver.com/main/read.nhn?mode=LSD&mid=sec&sid1=106&oid=009&aid=0004488436
이준기,"이준기, 심쿵 부르는 루돌프 자태 ""메리 크리스마스""",연예,29,2019,12,24,17:13,46,46,0,0,0,0,0,0,0,0,0,https://news.naver.com/main/read.nhn?mode=LSD&mid=sec&sid1=106&oid=112&aid=0003249842
이준기,"이준기, 루돌프로 변신 '귀여움 뿜뿜' [★해시태그]",연예,29,2019,12,24,17:12,54,54,0,0,0,0,0,0,0,0,0,https://news.naver.com/main/read.nhn?mode=LSD&mid=sec&sid1=106&oid=311&aid=0001090847
이준기,이준기의 크리스마스 인사 “사랑하는 사람들과 함께하길”,연예,29,2019,12,24,21:17,61,61,0,0,0,0,0,0,0,0,0,https://news.naver.com/main/read.nhn?mode=LSD&mid=sec&sid1=106&oid=213&aid=0001146514
이준기,"페네그린 전속모델 배우 이준기,롯데백화점 분당점에서 ‘2019 연말 팬사인회’ 진행",경제,29,2019,12,24,17:29,47,43,2,0,2,0,0,0,0,0,0,https://news.naver.com/main/read.nhn?mode=LSD&mid=sec&sid1=101&oid=011&aid=0003670963
이준기,"[이준기의 미국in]트럼프, 재선해도 낙선해도 '새역사'…14년 법칙 깨지나?",세계,30,2020,01,04,8:01,3,1,1,0,0,1,0,0,0,0,0,https://news.naver.com/main/read.nhn?mode=LSD&mid=sec&sid1=104&oid=018&aid=0004548734
이준기,"이준기, 2020년 활짝 여는 응원의 메시지 ""감사의 마음을 전합니다"" [★해시태그]",연예,30,2020,01,01,12:20,67,67,0,0,0,0,0,0,0,0,0,https://news.naver.com/main/read.nhn?mode=LSD&mid=sec&sid1=106&oid=311&aid=0001093942
이준기,[이준기의 미국in]바이든 가족사진에서 아들이 사라졌다?,세계,30,2019,12,29,9:11,1,0,0,0,0,1,0,0,0,0,0,https://news.naver.com/main/read.nhn?mode=LSD&mid=sec&sid1=104&oid=018&aid=0004544914
이준기,"美, 전자담배 규제책 발표…담배향·박하향 허용",세계,30,2020,01,03,6:48,1,0,0,0,1,0,0,0,0,0,0,https://news.naver.com/main/read.nhn?mode=LSD&mid=sec&sid1=104&oid=018&aid=0004548047
이준기,"이준기, 한결같은 방부제 ‘꽃미모’ [똑똑SNS]",연예,31,2020,01,09,13:00,60,60,0,0,0,0,0,0,0,0,0,https://news.naver.com/main/read.nhn?mode=LSD&mid=sec&sid1=106&oid=410&aid=0000659655
이준기,"이준기, 소신 강한 이목구비 뽐내며..마카오 왕자 등극 [★SHOT!]",연예,31,2020,01,09,15:20,55,54,0,0,0,0,1,0,0,0,0,https://news.naver.com/main/read.nhn?mode=LSD&mid=sec&sid1=106&oid=109&aid=0004147763
이준기,"이준기, 한 겨울 추위 녹이는 미소..여전한 오빠美 뿜뿜",연예,31,2020,01,08,9:49,70,70,0,0,0,0,0,0,0,0,0,https://news.naver.com/main/read.nhn?mode=LSD&mid=sec&sid1=106&oid=112&aid=0003254830
이준기,"美, 對이란 추가제재 단행…""안보조직 심장부 겨눠""",세계,31,2020,01,11,5:57,16,12,0,0,1,3,0,0,0,0,0,https://news.naver.com/main/read.nhn?mode=LSD&mid=sec&sid1=104&oid=018&aid=0004553029
이준기,"이준기, 한결같은 방부제 비주얼‥원조 예쁜남자의 미소",연예,31,2020,01,09,10:44,58,58,0,0,0,0,0,0,0,0,0,https://news.naver.com/main/read.nhn?mode=LSD&mid=sec&sid1=106&oid=112&aid=0003255255
이준기,"이준기, 마카오 빛낸 조각 비주얼 ‘잘생김 한도 초과’[SNS★컷]",연예,31,2020,01,09,24:26,53,52,0,0,0,0,1,0,0,0,0,https://news.naver.com/main/read.nhn?mode=LSD&mid=sec&sid1=106&oid=609&aid=0000230874
이준기,"이준기-문채원, tvN '악의 꽃'에서 호흡",생활,32,2020,01,14,11:27,184,171,10,0,2,1,0,0,0,0,0,https://news.naver.com/main/read.nhn?mode=LSD&mid=sec&sid1=103&oid=001&aid=0011333751
이준기,"[공식] 이준기, tvN 신작 '악의 꽃' 주인공 캐스팅..2년 만에 안방 복귀",연예,32,2020,01,15,13:44,110,108,0,1,0,0,0,0,1,0,0,https://news.naver.com/main/read.nhn?mode=LSD&mid=sec&sid1=106&oid=011&aid=0003681029
이준기,"이준기·문채원, tvN '악의 꽃'에서 부부로 호흡(공식)",연예,32,2020,01,14,13:47,119,116,0,2,0,0,1,0,0,0,0,https://news.naver.com/main/read.nhn?mode=LSD&mid=sec&sid1=106&oid=052&aid=0001388242
이준기,"페네그린, 전속모델 배우 이준기와 함께한 광고 공개",생활,32,2020,01,13,10:05,87,85,0,0,0,2,0,0,0,0,0,https://news.naver.com/main/read.nhn?mode=LSD&mid=sec&sid1=103&oid=468&aid=0000614625
이준기,"[줌인]뉴요커 잡은 '비비고' 만두…손님도 건물주도 ""상설화해달라""",세계,32,2020,01,14,11:06,1,0,1,0,0,0,0,0,0,0,0,https://news.naver.com/main/read.nhn?mode=LSD&mid=sec&sid1=104&oid=018&aid=0004554610
이준기,"[단독]이준기·문채원, tvN 드라마 '악의 꽃' 주인공",연예,32,2020,01,14,10:28,303,301,0,1,0,0,1,0,0,0,0,https://news.naver.com/main/read.nhn?mode=LSD&mid=sec&sid1=106&oid=241&aid=0002996761
이준기,"이준기-문채원, tvN ‘악의 꽃’ 남녀 주인공…부부로 호흡",연예,32,2020,01,14,24:01,68,66,0,1,0,0,1,0,0,0,0,https://news.naver.com/main/read.nhn?mode=LSD&mid=sec&sid1=106&oid=021&aid=0002413885
이준기,이준기·문채원 부부로 첫 호흡 '악의 꽃'에서 연기 변신 '기대',연예,32,2020,01,14,23:29,36,36,0,0,0,0,0,0,0,0,0,https://news.naver.com/main/read.nhn?mode=LSD&mid=sec&sid1=106&oid=015&aid=0004273851
이준기,"이준기X문채원, ‘악의 꽃’ 출연 확정...부부 서스펜스 멜로",연예,32,2020,01,14,11:20,39,38,0,0,0,0,1,0,0,0,0,https://news.naver.com/main/read.nhn?mode=LSD&mid=sec&sid1=106&oid=312&aid=0000430913
이준기,"이준기, tvN ‘악의 꽃’ 캐스팅 “심리묘사 多…문채원과 호흡 기대”",연예,32,2020,01,15,13:42,101,101,0,0,0,0,0,0,0,0,0,https://news.naver.com/main/read.nhn?mode=LSD&mid=sec&sid1=106&oid=382&aid=0000791273
이준기,이준기-문채원 ‘악의 꽃’ “흥미진진 부부 서스펜스 멜로”,연예,32,2020,01,15,18:01,89,88,0,0,0,0,1,0,0,0,0,https://news.naver.com/main/read.nhn?mode=LSD&mid=sec&sid1=106&oid=438&aid=0000027354
이준기,"이준기, ‘악의 꽃’으로 안방 복귀…이중적 부부생활 그려낼 명풍연기 기대",연예,32,2020,01,15,19:17,181,181,0,0,0,0,0,0,0,0,0,https://news.naver.com/main/read.nhn?mode=LSD&mid=sec&sid1=106&oid=015&aid=0004274420
이준기,"이준기, '악의 꽃'으로 2년만에 안방복귀 ""새로운 도전, 설레고 즐겁다""",연예,32,2020,01,15,13:39,108,108,0,0,0,0,0,0,0,0,0,https://news.naver.com/main/read.nhn?mode=LSD&mid=sec&sid1=106&oid=117&aid=0003323432
이준기,"이준기-문채원, tvN 신작 '악의 꽃' 출연 확정",연예,32,2020,01,14,24:18,56,56,0,0,0,0,0,0,0,0,0,https://news.naver.com/main/read.nhn?mode=LSD&mid=sec&sid1=106&oid=079&aid=0003311369
이준기,금속공예가 이준기·강력계 형사 문채원···'악의 꽃',연예,32,2020,01,14,11:47,44,44,0,0,0,0,0,0,0,0,0,https://news.naver.com/main/read.nhn?mode=LSD&mid=sec&sid1=106&oid=003&aid=0009653104
이준기,[공식] 이준기X문채원 '악의꽃'으로 재회..부부 호흡,연예,32,2020,01,14,13:45,111,111,0,0,0,0,0,0,0,0,0,https://news.naver.com/main/read.nhn?mode=LSD&mid=sec&sid1=106&oid=076&aid=0003519828
이준기,"tvN '악의 꽃', 이준기·문채원 출연 확정",연예,32,2020,01,14,11:36,43,43,0,0,0,0,0,0,0,0,0,https://news.naver.com/main/read.nhn?mode=LSD&mid=sec&sid1=106&oid=018&aid=0004554657
이준기,"페네그린, 전속모델 이준기와 함께한 새 광고 영상 공개",경제,32,2020,01,13,14:19,29,29,0,0,0,0,0,0,0,0,0,https://news.naver.com/main/read.nhn?mode=LSD&mid=sec&sid1=101&oid=311&aid=0001098969
이준기,"이준기, 만찢남의 '심쿵' 하트",연예,33,2020,01,23,19:31,52,52,0,0,0,0,0,0,0,0,0,https://news.naver.com/main/read.nhn?mode=LSD&mid=sec&sid1=106&oid=108&aid=0002838254
이준기,"""축복 가득한 한 해 되길""..이준기, 새해 인사→'악의 꽃' 홍보 [★SHOT!]",연예,33,2020,01,24,15:03,101,101,0,0,0,0,0,0,0,0,0,https://news.naver.com/main/read.nhn?mode=LSD&mid=sec&sid1=106&oid=109&aid=0004155089
이준기,"이열음, 나무엑터스와 전속계약…이준기·박민영과 한솥밥 [공식입장]",연예,33,2020,01,22,11:08,4,4,0,0,0,0,0,0,0,0,0,https://news.naver.com/main/read.nhn?mode=LSD&mid=sec&sid1=106&oid=382&aid=0000792887
이준기,[이준기의 미국in]트럼프 탄핵심판에…美민주당 잠룡들 '희비',세계,33,2020,01,24,2:25,3,2,0,0,0,1,0,0,0,0,0,https://news.naver.com/main/read.nhn?mode=LSD&mid=sec&sid1=104&oid=018&aid=0004561548
이준기,[이준기의 미국in]빨라지는 트럼프 탄핵심판…관전포인트 넷,세계,33,2020,01,19,8:01,7,6,1,0,0,0,0,0,0,0,0,https://news.naver.com/main/read.nhn?mode=LSD&mid=sec&sid1=104&oid=018&aid=0004557783
이준기,유럽도 뚫렸다…프랑스서 中우한폐렴 2명 확진 판정,세계,33,2020,01,25,5:42,475,14,5,10,434,12,0,0,0,0,0,https://news.naver.com/main/read.nhn?mode=LSD&mid=sec&sid1=104&oid=018&aid=0004561890
이준기,"트럼프 ""애플 관세 면제, '넘버원 경쟁자' 삼성 때문""",세계,33,2020,01,23,6:06,25,3,0,2,20,0,0,0,0,0,0,https://news.naver.com/main/read.nhn?mode=LSD&mid=sec&sid1=104&oid=018&aid=0004560900
이준기,"WHO ""中우한폐렴 비상사태 아냐""에 안도…S&P·나스닥↑",경제,33,2020,01,24,8:23,2,0,0,0,0,2,0,0,0,0,0,https://news.naver.com/main/read.nhn?mode=LSD&mid=sec&sid1=101&oid=018&aid=0004561623
이준기,"[유럽증시]WHO ""우한폐렴 비상사태 아냐"" 영향…반등",경제,33,2020,01,25,4:00,12,2,1,1,7,1,0,0,0,0,0,https://news.naver.com/main/read.nhn?mode=LSD&mid=sec&sid1=101&oid=018&aid=0004561888
이준기,"이준기, 날렵한 턱선에 베일 듯..시크한 손가락하트에 심쿵",연예,33,2020,01,23,16:01,67,67,0,0,0,0,0,0,0,0,0,https://news.naver.com/main/read.nhn?mode=LSD&mid=sec&sid1=106&oid=112&aid=0003260489
이준기,"이준기, 조각 같은 비주얼로 전하는 안부…""감기 조심"" [★해시태그]",연예,33,2020,01,23,17:20,66,66,0,0,0,0,0,0,0,0,0,https://news.naver.com/main/read.nhn?mode=LSD&mid=sec&sid1=106&oid=311&aid=0001103377
이준기,"이열음, 나무엑터스와 전속계약 체결 ""이준기·천우희와 한솥밥"" [공식]",연예,33,2020,01,22,11:37,6,6,0,0,0,0,0,0,0,0,0,https://news.naver.com/main/read.nhn?mode=LSD&mid=sec&sid1=106&oid=241&aid=0002998666
이준기,"이열음, 나무엑터스와 전속 계약 체결…지성·이준기와 한솥밥",연예,33,2020,01,22,11:21,2,2,0,0,0,0,0,0,0,0,0,https://news.naver.com/main/read.nhn?mode=LSD&mid=sec&sid1=106&oid=312&aid=0000432255
이준기,"이열음, 나무엑터스와 전속계약 체결…이준기·신세경과 한솥밥(공식)",연예,33,2020,01,22,11:22,2,2,0,0,0,0,0,0,0,0,0,https://news.naver.com/main/read.nhn?mode=LSD&mid=sec&sid1=106&oid=410&aid=0000662973
이준기,"이열음, 나무엑터스와 전속 계약…지성·이준기·신세경·박민영과 한솥밥",연예,33,2020,01,22,14:21,9,8,0,1,0,0,0,0,0,0,0,https://news.naver.com/main/read.nhn?mode=LSD&mid=sec&sid1=106&oid=144&aid=0000652820
이준기,中우한폐렴 전 세계 확산일로…다우 0.58%↓,경제,33,2020,01,25,9:20,1,0,0,0,0,1,0,0,0,0,0,https://news.naver.com/main/read.nhn?mode=LSD&mid=sec&sid1=101&oid=018&aid=0004562039
이준기,"WHO ""우한폐렴, 비상사태 선포 수준 아냐""…中후베이성 밖 첫 사망",세계,33,2020,01,24,6:11,73,2,0,0,70,1,0,0,0,0,0,https://news.naver.com/main/read.nhn?mode=LSD&mid=sec&sid1=104&oid=018&aid=0004561565
이준기,WHO '中우한폐렴' 비상사태 선포…'여행·교역 제한' 없다,세계,34,2020,01,31,6:30,199,0,0,3,194,2,0,0,0,0,0,https://news.naver.com/main/read.nhn?mode=LSD&mid=sec&sid1=104&oid=018&aid=0004565661
이준기,美-中 하늘길 막힌다,세계,34,2020,02,01,5:45,45,39,4,0,2,0,0,0,0,0,0,https://news.naver.com/main/read.nhn?mode=LSD&mid=sec&sid1=104&oid=018&aid=0004566437
이준기,"2주새 '中 여행' 외국인, 美입국 잠정 금지된다",세계,34,2020,02,01,7:10,6,5,0,0,1,0,0,0,0,0,0,https://news.naver.com/main/read.nhn?mode=LSD&mid=sec&sid1=104&oid=018&aid=0004566458
이준기,"美연준 '금리동결' 유지했지만…파월 ""'우한폐렴' 예의주시""(종합)",세계,34,2020,01,30,6:16,19,10,0,0,8,1,0,0,0,0,0,https://news.naver.com/main/read.nhn?mode=LSD&mid=sec&sid1=104&oid=018&aid=0004564636
이준기,[줌인]트럼프의 '볼턴 뭉개기'…약될까 독될까,세계,34,2020,01,31,12:01,3,2,0,0,0,1,0,0,0,0,0,https://news.naver.com/main/read.nhn?mode=LSD&mid=sec&sid1=104&oid=018&aid=0004565610
이준기,[글로벌pick]볼턴發 폭탄발언 변수…태풍? 미풍?,세계,34,2020,01,28,6:23,13,9,1,1,1,1,0,0,0,0,0,https://news.naver.com/main/read.nhn?mode=LSD&mid=sec&sid1=104&oid=018&aid=0004562998
이준기,더 팽배해진 中우한폐렴 공포…다우 '2%대' 폭락,경제,34,2020,02,01,7:27,1,0,0,0,1,0,0,0,0,0,0,https://news.naver.com/main/read.nhn?mode=LSD&mid=sec&sid1=101&oid=018&aid=0004566460
이준기,[이준기의 미국in]트럼프에 일격 날린 43세 女상원의원,세계,35,2020,02,02,4:54,48,30,1,3,13,1,0,0,0,0,0,https://news.naver.com/main/read.nhn?mode=LSD&mid=sec&sid1=104&oid=018&aid=0004566671
이준기,'절독'했다는 WP 들어보이며…트럼프의 '탄핵무죄' 자축연,세계,35,2020,02,07,7:23,7,3,0,0,3,1,0,0,0,0,0,https://news.naver.com/main/read.nhn?mode=LSD&mid=sec&sid1=104&oid=018&aid=0004570732
이준기,中의 '對美 관세인하'…3大 지수 '사상 최고치',경제,35,2020,02,07,7:19,3,0,0,0,3,0,0,0,0,0,0,https://news.naver.com/main/read.nhn?mode=LSD&mid=sec&sid1=101&oid=018&aid=0004570726
이준기,"트럼프, 시진핑과 통화 후 ""中, 신종코로나 성공적 대응""",세계,35,2020,02,08,6:12,8,1,0,0,7,0,0,0,0,0,0,https://news.naver.com/main/read.nhn?mode=LSD&mid=sec&sid1=104&oid=018&aid=0004571439
이준기,트럼프 '탄핵 굴레' 벗었다…탄핵안 2건 모두 부결(상보),세계,35,2020,02,06,7:03,21,17,1,0,3,0,0,0,0,0,0,https://news.naver.com/main/read.nhn?mode=LSD&mid=sec&sid1=104&oid=018&aid=0004569746
이준기,"아이오와 97% 개표…'막판 추격' 샌더스, 부티지지와 '초박빙'",세계,35,2020,02,07,5:19,1,0,0,0,0,1,0,0,0,0,0,https://news.naver.com/main/read.nhn?mode=LSD&mid=sec&sid1=104&oid=018&aid=0004570698
이준기,"美므누신, 中의 '1단계 무역합의' 이행 지연설에 '제동'",세계,35,2020,02,07,4:01,1,1,0,0,0,0,0,0,0,0,0,https://news.naver.com/main/read.nhn?mode=LSD&mid=sec&sid1=104&oid=018&aid=0004570687
이준기,[유럽증시]中의 '對美 관세인하' 영향…상승,경제,35,2020,02,07,4:08,7,4,1,0,2,0,0,0,0,0,0,https://news.naver.com/main/read.nhn?mode=LSD&mid=sec&sid1=101&oid=018&aid=0004570688
이준기,'연설문 찢기' 후폭풍…트럼프·펠로시 왜 정적이 됐나,세계,35,2020,02,06,5:43,19,5,0,0,10,4,0,0,0,0,0,https://news.naver.com/main/read.nhn?mode=LSD&mid=sec&sid1=104&oid=018&aid=0004569708
이준기,[이준기의 미래를 묻다] 절판 책값 260억원…너무 부지런했던 인공지능의 참사,오피니언,36,2020,02,10,12:12,5,2,0,0,1,2,0,0,0,0,0,https://news.naver.com/main/read.nhn?mode=LSD&mid=sec&sid1=110&oid=025&aid=0002974129
이준기,"중국과 맞설때는 한편…펠로시, 국제무대서 '反화웨이 전선' 촉구",세계,36,2020,02,15,7:16,3,1,0,0,0,2,0,0,0,0,0,https://news.naver.com/main/read.nhn?mode=LSD&mid=sec&sid1=104&oid=018&aid=0004576159
이준기,트럼프 '추가 감세안' 9월 공개…美중산층 '표심' 정조준,세계,36,2020,02,15,6:46,3,2,0,0,0,1,0,0,0,0,0,https://news.naver.com/main/read.nhn?mode=LSD&mid=sec&sid1=104&oid=018&aid=0004576152
이준기,[유럽증시]코로나19 확산 불확실성 지속…하락,경제,36,2020,02,15,6:24,6,2,0,1,3,0,0,0,0,0,0,https://news.naver.com/main/read.nhn?mode=LSD&mid=sec&sid1=101&oid=018&aid=0004576150
이준기,"美서 15번째 '코로나19' 확진자…보건당국 ""또 나올 수도""",세계,36,2020,02,14,4:12,1,0,0,0,1,0,0,0,0,0,0,https://news.naver.com/main/read.nhn?mode=LSD&mid=sec&sid1=104&oid=018&aid=0004575517
이준기,코로나19 여파…'모바일 올림픽' MWC 결국 취소,경제,36,2020,02,13,6:19,3,2,0,1,0,0,0,0,0,0,0,https://news.naver.com/main/read.nhn?mode=LSD&mid=sec&sid1=101&oid=018&aid=0004574658
이준기,'샌더스' 띄우고 '블룸버그' 누르고…트럼프 '진짜' 견제 나섰나,세계,36,2020,02,14,5:35,1,0,0,0,0,1,0,0,0,0,0,https://news.naver.com/main/read.nhn?mode=LSD&mid=sec&sid1=104&oid=018&aid=0004575526
이준기,"유엔 ""北, '1969년 KAL납치사건' 억류자 11명 송환"" 촉구",세계,36,2020,02,14,4:41,6,5,0,0,1,0,0,0,0,0,0,https://news.naver.com/main/read.nhn?mode=LSD&mid=sec&sid1=104&oid=018&aid=0004575519
이준기,"""트럼프, 대선前 김정은 만남 원치 않아""…美당국자 ""협상 죽었다""",세계,36,2020,02,11,5:13,23,21,0,0,0,2,0,0,0,0,0,https://news.naver.com/main/read.nhn?mode=LSD&mid=sec&sid1=104&oid=018&aid=0004572862
이준기,"[이준기의 미국in]""블룸버그 본선行 티켓? 트럼프에 박살 날 것""",세계,37,2020,02,21,7:15,7,2,0,0,2,3,0,0,0,0,0,https://news.naver.com/main/read.nhn?mode=LSD&mid=sec&sid1=104&oid=018&aid=0004580368
이준기,"[단독] 이준기x문채원, tvN '악의 꽃' 21일 대본리딩..본격 호흡",연예,37,2020,02,20,16:51,258,258,0,0,0,0,0,0,0,0,0,https://news.naver.com/main/read.nhn?mode=LSD&mid=sec&sid1=106&oid=109&aid=0004169471
이준기,"이준기, 변함없는 잘생김에 따뜻 인사..""겨울 마지막까지 감기 조심해요""",연예,37,2020,02,19,10:36,73,73,0,0,0,0,0,0,0,0,0,https://news.naver.com/main/read.nhn?mode=LSD&mid=sec&sid1=106&oid=112&aid=0003269530
이준기,[이준기의 미국in]트럼프에 '반기'..제2의 존 켈리가 나오기 어려운 이유,세계,37,2020,02,16,4:17,3,0,0,0,0,3,0,0,0,0,0,https://news.naver.com/main/read.nhn?mode=LSD&mid=sec&sid1=104&oid=018&aid=0004576324
이준기,"WHO ""코로나19 확산…韓정부와 긴밀 협력中""",세계,37,2020,02,22,5:49,38,0,0,0,38,0,0,0,0,0,0,https://news.naver.com/main/read.nhn?mode=LSD&mid=sec&sid1=104&oid=018&aid=0004581039
이준기,"美, 4월초 '反화웨이 전선' 5G회의 추진…삼성도 초청",세계,37,2020,02,22,6:44,5,5,0,0,0,0,0,0,0,0,0,https://news.naver.com/main/read.nhn?mode=LSD&mid=sec&sid1=104&oid=018&aid=0004581045
이준기,[유럽증시]확산하는 코로나19 우려…하락,경제,37,2020,02,22,5:09,11,1,0,2,8,0,0,0,0,0,0,https://news.naver.com/main/read.nhn?mode=LSD&mid=sec&sid1=101&oid=018&aid=0004581037
이준기,"WHO ""韓, 코로나19 관리 가능""",세계,37,2020,02,21,5:58,18,0,0,0,18,0,0,0,0,0,0,https://news.naver.com/main/read.nhn?mode=LSD&mid=sec&sid1=104&oid=018&aid=0004580341
이준기,"美 ""신화통신, 언론 아닌 中기관""…中 ""WSJ 기자 3명 추방""",세계,37,2020,02,20,4:54,30,23,0,0,6,1,0,0,0,0,0,https://news.naver.com/main/read.nhn?mode=LSD&mid=sec&sid1=104&oid=018&aid=0004579363
이준기,"[이준기의 미국in]샌더스, 뭉치면 산다",세계,38,2020,02,28,10:01,4,2,0,0,1,1,0,0,0,0,0,https://news.naver.com/main/read.nhn?mode=LSD&mid=sec&sid1=104&oid=018&aid=0004585930
이준기,"[단독] 이준기·문채원·장희진·서현우, tvN '악의 꽃' 믿보 라인업 확정 (종합)",연예,38,2020,02,27,16:05,246,244,0,1,0,0,1,0,0,0,0,https://news.naver.com/main/read.nhn?mode=LSD&mid=sec&sid1=106&oid=109&aid=0004173113
이준기,"WHO, 코로나19 위험도 '매우 높음' 격상",세계,38,2020,02,29,3:59,30,1,0,0,28,1,0,0,0,0,0,https://news.naver.com/main/read.nhn?mode=LSD&mid=sec&sid1=104&oid=018&aid=0004586579
이준기,"韓 전방위 설득에도…美, 입국금지 조치 '가닥'",세계,38,2020,02,28,4:06,18,0,0,2,16,0,0,0,0,0,0,https://news.naver.com/main/read.nhn?mode=LSD&mid=sec&sid1=104&oid=018&aid=0004585738
이준기,"백악관 ""美언론 '코로나19' 공포 부추겨…TV 꺼라""",세계,38,2020,02,29,4:26,4,1,1,0,2,0,0,0,0,0,0,https://news.naver.com/main/read.nhn?mode=LSD&mid=sec&sid1=104&oid=018&aid=0004586580
이준기,"파월의 개입, 이번 주 '3번째 1000P 폭락장' 막았지만…",경제,38,2020,02,29,7:41,25,8,0,0,15,2,0,0,0,0,0,https://news.naver.com/main/read.nhn?mode=LSD&mid=sec&sid1=101&oid=018&aid=0004586604
이준기,美서 첫 '지역감염' 확진자…더 커진 '코로나19' 공포,세계,38,2020,02,28,6:30,38,14,1,6,16,1,0,0,0,0,0,https://news.naver.com/main/read.nhn?mode=LSD&mid=sec&sid1=104&oid=018&aid=0004585763
이준기,"WHO ""코로나19 결정적 시점""…각국에 '팬데믹' 준비태세 주문",세계,38,2020,02,28,1:28,4,0,0,0,4,0,0,0,0,0,0,https://news.naver.com/main/read.nhn?mode=LSD&mid=sec&sid1=104&oid=018&aid=0004585732
이준기,"[단독] 장희진, '악의꽃' 이준기 누나 役 캐스팅..'밤선비' 이후 5년만에 호흡",연예,38,2020,02,27,15:03,52,52,0,0,0,0,0,0,0,0,0,https://news.naver.com/main/read.nhn?mode=LSD&mid=sec&sid1=106&oid=109&aid=0004173079
이준기,"증시 폭락에…드디어 등판한 美파월 ""적절히 행동할 것""",경제,38,2020,02,29,6:51,30,21,0,0,8,1,0,0,0,0,0,https://news.naver.com/main/read.nhn?mode=LSD&mid=sec&sid1=101&oid=018&aid=0004586590
이준기,"[이준기의 미국in]워런 표, 샌더스의 전유물 아니다",세계,39,2020,03,07,8:02,4,2,0,0,2,0,0,0,0,0,0,https://news.naver.com/main/read.nhn?mode=LSD&mid=sec&sid1=104&oid=018&aid=0004592131
이준기,"'이불쓰고 정주행', 죽어야 사는 김남길 VS 죽여야 사는 이준기 특집",연예,39,2020,03,03,19:04,68,68,0,0,0,0,0,0,0,0,0,https://news.naver.com/main/read.nhn?mode=LSD&mid=sec&sid1=106&oid=015&aid=0004300670
이준기,"[인터뷰③] '미스터트롯' 김중연 ""들어본 연예인 닮은꼴? 눈매가 이준기""",연예,39,2020,03,05,14:19,188,187,0,0,0,0,1,0,0,0,0,https://news.naver.com/main/read.nhn?mode=LSD&mid=sec&sid1=106&oid=241&aid=0003008598
이준기,"WHO의 일침…""韓日, 지금이 정치 싸움할 때인가""",세계,39,2020,03,07,4:12,381,28,0,2,349,2,0,0,0,0,0,https://news.naver.com/main/read.nhn?mode=LSD&mid=sec&sid1=104&oid=018&aid=0004592089
이준기,"'돈'으로 못사는 美대통령직…블룸버그, 사퇴 후 바이든 '지지'",세계,39,2020,03,05,1:11,8,6,1,0,0,1,0,0,0,0,0,https://news.naver.com/main/read.nhn?mode=LSD&mid=sec&sid1=104&oid=018&aid=0004590362
이준기,"워런, 美대선레이스 하차…샌더스? 바이든? 누구 지지할지 '촉각'",세계,39,2020,03,06,2:40,3,1,0,0,0,2,0,0,0,0,0,https://news.naver.com/main/read.nhn?mode=LSD&mid=sec&sid1=104&oid=018&aid=0004591307
이준기,"트럼프, '10조원' 코로나19 예산 서명…美보건당국 방문",세계,39,2020,03,07,3:29,1,0,0,0,0,1,0,0,0,0,0,https://news.naver.com/main/read.nhn?mode=LSD&mid=sec&sid1=104&oid=018&aid=0004592088
이준기,'이불쓰고 정주행' 죽어야 사는 남자 김남길 vs 죽여야 사는 남자 이준기,연예,39,2020,03,03,14:13,42,42,0,0,0,0,0,0,0,0,0,https://news.naver.com/main/read.nhn?mode=LSD&mid=sec&sid1=106&oid=404&aid=0000262230
이준기,"‘이불쓰고 정주행’ 김남길 VS 이준기, 극적인 만남 정주행 [M+TV컷]",연예,39,2020,03,03,20:40,32,32,0,0,0,0,0,0,0,0,0,https://news.naver.com/main/read.nhn?mode=LSD&mid=sec&sid1=106&oid=057&aid=0001427844
이준기,"'이불쓰고 정주행' 명불허전 김남길X무법 변호사 이준기, 극적 만남",연예,39,2020,03,03,17:48,34,34,0,0,0,0,0,0,0,0,0,https://news.naver.com/main/read.nhn?mode=LSD&mid=sec&sid1=106&oid=311&aid=0001119267
이준기,"WHO ""이제 코로나19 진원지는 유럽""…공개리 언급",세계,40,2020,03,14,4:25,12,1,0,1,10,0,0,0,0,0,0,https://news.naver.com/main/read.nhn?mode=LSD&mid=sec&sid1=104&oid=018&aid=0004597127
이준기,"트럼프 ""전략비축유 최대한 매입""…국제유가 '폭등'",세계,40,2020,03,14,6:14,2,1,1,0,0,0,0,0,0,0,0,https://news.naver.com/main/read.nhn?mode=LSD&mid=sec&sid1=104&oid=018&aid=0004597139
이준기,"국제유가, 사흘 만에 반등…WTI 0.7%↑",경제,40,2020,03,14,5:12,2,1,0,0,1,0,0,0,0,0,0,https://news.naver.com/main/read.nhn?mode=LSD&mid=sec&sid1=101&oid=018&aid=0004597131
이준기,"WHO ""코로나19, 팬데믹"" 선언…""깊이 우려""(상보)",세계,40,2020,03,12,2:47,80,2,0,5,72,1,0,0,0,0,0,https://news.naver.com/main/read.nhn?mode=LSD&mid=sec&sid1=104&oid=018&aid=0004595501
이준기,트럼프 ”도쿄올림픽 '1년 연기' 나을 듯…무관중 상상 못해“,세계,40,2020,03,13,3:10,32,21,5,0,6,0,0,0,0,0,0,https://news.naver.com/main/read.nhn?mode=LSD&mid=sec&sid1=104&oid=018&aid=0004596446
이준기,[유럽증시]반발 매수…일제히 반등,경제,40,2020,03,14,3:10,40,26,5,2,5,2,0,0,0,0,0,https://news.naver.com/main/read.nhn?mode=LSD&mid=sec&sid1=101&oid=018&aid=0004597125
이준기,"뉴욕증시, 개장 후 5분 만에 7% 폭락…또 서킷브레이커 발동",경제,40,2020,03,12,22:59,61,5,2,4,46,4,0,0,0,0,0,https://news.naver.com/main/read.nhn?mode=LSD&mid=sec&sid1=101&oid=018&aid=0004596425
이준기,[유럽증시]역사상 최악의 하루…10%대 추락,경제,40,2020,03,13,3:23,51,11,5,4,29,2,0,0,0,0,0,https://news.naver.com/main/read.nhn?mode=LSD&mid=sec&sid1=101&oid=018&aid=0004596448
이준기,"확진자 12만명 넘자…WHO ""코로나19, 팬데믹"" 늑장선언(종합)",세계,40,2020,03,12,3:04,117,2,1,3,110,1,0,0,0,0,0,https://news.naver.com/main/read.nhn?mode=LSD&mid=sec&sid1=104&oid=018&aid=0004595502
이준기,"""눈웃음 심쿵"" 이준기, 흑백사진도 뚫고 나오는 '잘생김' [★해시태그]",연예,41,2020,03,15,18:19,167,167,0,0,0,0,0,0,0,0,0,https://news.naver.com/main/read.nhn?mode=LSD&mid=sec&sid1=106&oid=311&aid=0001123321
이준기,"美, 캐나다·멕시코 국경 봉쇄…뉴욕, 사실상 '자택대피령' 발동",세계,41,2020,03,21,5:27,15,14,0,0,1,0,0,0,0,0,0,https://news.naver.com/main/read.nhn?mode=LSD&mid=sec&sid1=104&oid=018&aid=0004602301
이준기,국제유가 하루 만에 또 '폭락'…WTI 10%↓,경제,41,2020,03,21,4:54,3,2,0,0,0,1,0,0,0,0,0,https://news.naver.com/main/read.nhn?mode=LSD&mid=sec&sid1=101&oid=018&aid=0004602300
이준기,美의 초강수…미국인에 사실상 '출국금지'(종합),세계,41,2020,03,20,5:18,13,10,0,0,2,1,0,0,0,0,0,https://news.naver.com/main/read.nhn?mode=LSD&mid=sec&sid1=104&oid=018&aid=0004601552
이준기,美 '유가전쟁' 개입…WTI '사상 최대' 24% 폭등,경제,41,2020,03,20,5:57,1,1,0,0,0,0,0,0,0,0,0,https://news.naver.com/main/read.nhn?mode=LSD&mid=sec&sid1=101&oid=018&aid=0004601556
이준기,"1위 굳힌 바이든…""뭉쳐야 이긴다"" 통합 호소",세계,41,2020,03,18,14:02,16,11,0,2,3,0,0,0,0,0,0,https://news.naver.com/main/read.nhn?mode=LSD&mid=sec&sid1=104&oid=018&aid=0004600120
이준기,9개국 통화스와프 체결소식에…뉴욕증시 '반등' 안간힘(종합),경제,41,2020,03,20,12:19,56,46,1,2,5,2,0,0,0,0,0,https://news.naver.com/main/read.nhn?mode=LSD&mid=sec&sid1=101&oid=018&aid=0004601524
이준기,"골드만 ""美 2분기 24% 역성장"" 경고…다우 4.55% 급락",경제,41,2020,03,21,6:37,9,1,1,4,3,0,0,0,0,0,0,https://news.naver.com/main/read.nhn?mode=LSD&mid=sec&sid1=101&oid=018&aid=0004602319
이준기,"트럼프, 슈퍼부양책 서명…美전역에 2700조 풀린다(종합)",세계,42,2020,03,28,6:16,39,26,1,0,8,4,0,0,0,0,0,https://news.naver.com/main/read.nhn?mode=LSD&mid=sec&sid1=104&oid=018&aid=0004607657
이준기,"국제유가, 이틀째 폭락…WTI 4.8%↓",경제,42,2020,03,28,5:39,6,2,0,2,1,1,0,0,0,0,0,https://news.naver.com/main/read.nhn?mode=LSD&mid=sec&sid1=101&oid=018&aid=0004607652
이준기,뉴욕증시 나흘 만에 급락세…다우 장중 4%↓,경제,42,2020,03,27,23:28,36,6,2,19,3,6,0,0,0,0,0,https://news.naver.com/main/read.nhn?mode=LSD&mid=sec&sid1=101&oid=018&aid=0004607625
이준기,"""코로나19發 충격 덜자""…G20 정상들, 전세계에 '5조弗' 투입",세계,42,2020,03,27,5:26,12,3,1,1,7,0,0,0,0,0,0,https://news.naver.com/main/read.nhn?mode=LSD&mid=sec&sid1=104&oid=018&aid=0004606932
이준기,"'2.2조弗' 美슈퍼부양책, 하원 통과…트럼프 서명만 남았다",세계,42,2020,03,28,3:02,1,1,0,0,0,0,0,0,0,0,0,https://news.naver.com/main/read.nhn?mode=LSD&mid=sec&sid1=104&oid=018&aid=0004607650
이준기,사흘간의 상승장 마감…다우 4% 뚝,경제,42,2020,03,28,6:37,24,8,2,2,7,5,0,0,0,0,0,https://news.naver.com/main/read.nhn?mode=LSD&mid=sec&sid1=101&oid=018&aid=0004607661
이준기,[유럽증시]부양책 기대감 지속…상승,경제,42,2020,03,27,4:41,3,2,0,0,0,1,0,0,0,0,0,https://news.naver.com/main/read.nhn?mode=LSD&mid=sec&sid1=101&oid=018&aid=0004606920
이준기,“이준기+강동원 닮은꼴” 편애중계 전원 극찬한 서울대생 비주얼[결정적장면],연예,42,2020,03,28,6:00,7,6,0,1,0,0,0,0,0,0,0,https://news.naver.com/main/read.nhn?mode=LSD&mid=sec&sid1=106&oid=609&aid=0000261755
이준기,[이준기의 미국in]쇼핑이 두려운 美…미국판 새벽배송 확산,세계,43,2020,04,04,24:47,22,4,1,2,11,4,0,0,0,0,0,https://news.naver.com/main/read.nhn?mode=LSD&mid=sec&sid1=104&oid=018&aid=0004612871
이준기,"이준기, 오똑 콧날+날렵 턱선…여심 사로잡는 꽃비주얼",연예,43,2020,04,01,17:29,119,119,0,0,0,0,0,0,0,0,0,https://news.naver.com/main/read.nhn?mode=LSD&mid=sec&sid1=106&oid=112&aid=0003284283
이준기,"이준기, 모자 뒤집어써도 잘생겼네 ‘조각 비주얼’[SNS★컷]",연예,43,2020,04,01,16:22,70,70,0,0,0,0,0,0,0,0,0,https://news.naver.com/main/read.nhn?mode=LSD&mid=sec&sid1=106&oid=609&aid=0000262964
이준기,[이준기의 미국in]英총리도 못 피한 코로나19…美 대선후보들은?,세계,43,2020,03,29,6:01,4,0,0,2,1,1,0,0,0,0,0,https://news.naver.com/main/read.nhn?mode=LSD&mid=sec&sid1=104&oid=018&aid=0004607870
이준기,"이준기, 마스크 뚫고 나오는 조각 비주얼..""좋은 기운 듬~뿍"" [★SHOT!]",연예,43,2020,03,29,24:06,129,128,0,1,0,0,0,0,0,0,0,https://news.naver.com/main/read.nhn?mode=LSD&mid=sec&sid1=106&oid=109&aid=0004185599
이준기,"트럼프 ""면마스크 쓰라"" 불필요 입장 번복…""난 안 쓸것""",세계,43,2020,04,04,24:33,226,24,2,9,186,5,0,0,0,0,0,https://news.naver.com/main/read.nhn?mode=LSD&mid=sec&sid1=104&oid=018&aid=0004612870
이준기,"처참한 뉴욕…코로나19 누적 사망자, 9·11테러 수준 육박",세계,43,2020,04,04,6:20,49,4,1,30,10,4,0,0,0,0,0,https://news.naver.com/main/read.nhn?mode=LSD&mid=sec&sid1=104&oid=018&aid=0004612740
이준기,"푸틴도 ""1000만배럴 감산"" 언급…WTI 12% 껑충",경제,43,2020,04,04,4:58,6,6,0,0,0,0,0,0,0,0,0,https://news.naver.com/main/read.nhn?mode=LSD&mid=sec&sid1=101&oid=018&aid=0004612734
이준기,"이준기, 날렵 콧대+턱선…각도 무시하는 훈훈 비주얼 [★해시태그]",연예,43,2020,04,01,17:34,71,71,0,0,0,0,0,0,0,0,0,https://news.naver.com/main/read.nhn?mode=LSD&mid=sec&sid1=106&oid=311&aid=0001130030
이준기,"이준기, 더 어려진 근황…빛이나는 꽃미모 [in스타]",연예,44,2020,04,10,8:36,127,126,0,0,0,0,1,0,0,0,0,https://news.naver.com/main/read.nhn?mode=LSD&mid=sec&sid1=106&oid=311&aid=0001133074
이준기,"이준기, 사람 홀리는 美친 비주얼..동안 미모 눈길",연예,44,2020,04,10,9:20,66,66,0,0,0,0,0,0,0,0,0,https://news.naver.com/main/read.nhn?mode=LSD&mid=sec&sid1=106&oid=108&aid=0002855037
이준기,"'미소년 모습 그대로'…이준기, 세월 비껴간 방부제 미모",연예,44,2020,04,10,9:34,125,124,0,1,0,0,0,0,0,0,0,https://news.naver.com/main/read.nhn?mode=LSD&mid=sec&sid1=106&oid=117&aid=0003351240
이준기,"이준기, 만찢남이 따로 없네…업그레이드된 시크美",연예,44,2020,04,09,22:06,136,135,0,1,0,0,0,0,0,0,0,https://news.naver.com/main/read.nhn?mode=LSD&mid=sec&sid1=106&oid=112&aid=0003286863
이준기,"""한국의 '방위비 13% 인상안', 트럼프가 퇴짜놨다""",세계,44,2020,04,11,5:34,101,6,1,0,90,4,0,0,0,0,0,https://news.naver.com/main/read.nhn?mode=LSD&mid=sec&sid1=104&oid=018&aid=0004617879
이준기,사우디·러시아 '1천만배럴 감산' 합의에 실망…WTI 9% 급락,경제,44,2020,04,10,5:26,8,4,0,0,3,1,0,0,0,0,0,https://news.naver.com/main/read.nhn?mode=LSD&mid=sec&sid1=101&oid=018&aid=0004617118
이준기,"다급한 美, 멕시코 할당 일부 떠안기로…역대급 원유감산 눈 앞",경제,44,2020,04,11,5:09,16,12,1,0,2,1,0,0,0,0,0,https://news.naver.com/main/read.nhn?mode=LSD&mid=sec&sid1=101&oid=018&aid=0004617877
이준기,"이준기, 생일 축하에 `심쿵 윙크 셀카`로 화답",연예,45,2020,04,17,14:45,47,47,0,0,0,0,0,0,0,0,0,https://news.naver.com/main/read.nhn?mode=LSD&mid=sec&sid1=106&oid=009&aid=0004558936
이준기,구미시 관광기념품 공모전에서 대상 이준기씨 ‘구미시 감성여행 & 레일체험’,사회,45,2020,04,15,18:25,1,1,0,0,0,0,0,0,0,0,0,https://news.naver.com/main/read.nhn?mode=LSD&mid=sec&sid1=102&oid=088&aid=0000643497
이준기,[이준기의 미래를 묻다] 신통방통 구글 신은 어디로 갔나,오피니언,45,2020,04,13,12:33,12,9,0,1,0,2,0,0,0,0,0,https://news.naver.com/main/read.nhn?mode=LSD&mid=sec&sid1=110&oid=025&aid=0002992283
이준기,[이준기의 미국in]가보지 않은 길 걷는 파월…'시장 구원 Vs 나쁜 선례',경제,45,2020,04,13,12:01,9,4,0,0,1,4,0,0,0,0,0,https://news.naver.com/main/read.nhn?mode=LSD&mid=sec&sid1=101&oid=018&aid=0004618440
이준기,"美 ""G7, WHO 개혁 요구""…獨 ""WHO 전폭 지지""",세계,45,2020,04,17,6:13,33,10,0,1,19,3,0,0,0,0,0,https://news.naver.com/main/read.nhn?mode=LSD&mid=sec&sid1=104&oid=018&aid=0004621827
이준기,美 경기선행지수 6.7%↓…60년來 최대 낙폭,경제,45,2020,04,18,4:19,1,0,0,1,0,0,0,0,0,0,0,https://news.naver.com/main/read.nhn?mode=LSD&mid=sec&sid1=101&oid=018&aid=0004622440
이준기,"국제유가, 한 주 새 20% 빠졌다",경제,45,2020,04,18,6:35,1,0,0,0,1,0,0,0,0,0,0,https://news.naver.com/main/read.nhn?mode=LSD&mid=sec&sid1=101&oid=018&aid=0004622456
이준기,[유럽증시]치료제 개발 기대감…3% 안팎 상승,경제,45,2020,04,18,4:03,17,11,0,0,2,4,0,0,0,0,0,https://news.naver.com/main/read.nhn?mode=LSD&mid=sec&sid1=101&oid=018&aid=0004622439
이준기,"이준기, 생일 축하해주는 팬들 ♥에 화답 ""너무 고맙고 감사…함께 행복하게 살아요""",연예,45,2020,04,17,14:02,101,101,0,0,0,0,0,0,0,0,0,https://news.naver.com/main/read.nhn?mode=LSD&mid=sec&sid1=106&oid=076&aid=0003555650
이준기,"이준기, 팬들 생일 축하에 윙크로 화답 ""너무 너무 고마워요"" [★해시태그]",연예,45,2020,04,17,15:21,55,55,0,0,0,0,0,0,0,0,0,https://news.naver.com/main/read.nhn?mode=LSD&mid=sec&sid1=106&oid=311&aid=0001135749
이준기,"이준기, 생일 축하 감사 “너무 고맙고 행복해요”(ft.윙크) [M+★SNS]",연예,45,2020,04,17,15:43,41,40,0,1,0,0,0,0,0,0,0,https://news.naver.com/main/read.nhn?mode=LSD&mid=sec&sid1=106&oid=057&aid=0001445251
이준기,"이준기, 숨 멎게 하는 치명적인 비주얼..눈빛에 심쿵",연예,45,2020,04,17,13:49,42,42,0,0,0,0,0,0,0,0,0,https://news.naver.com/main/read.nhn?mode=LSD&mid=sec&sid1=106&oid=112&aid=0003289408
이준기,"이준기, 가수 뺨치네..감동 주르륵 '팬송' 영상 [★SHOT!]",연예,46,2020,04,22,11:11,98,98,0,0,0,0,0,0,0,0,0,https://news.naver.com/main/read.nhn?mode=LSD&mid=sec&sid1=106&oid=109&aid=0004195236
이준기,[이준기의 미국in]위기탈출의 귀재 트럼프…코로나마저 기회로?,세계,46,2020,04,20,12:01,4,2,0,0,2,0,0,0,0,0,0,https://news.naver.com/main/read.nhn?mode=LSD&mid=sec&sid1=104&oid=018&aid=0004622973
이준기,"트럼프, '살균제 인체주입' 발언 논란에…""비꼰 것일 뿐""",세계,46,2020,04,25,5:20,7,0,0,0,7,0,0,0,0,0,0,https://news.naver.com/main/read.nhn?mode=LSD&mid=sec&sid1=104&oid=018&aid=0004627411
이준기,"신중한 美…합참도 ""金, 여전히 북한군 통제""",세계,46,2020,04,23,2:40,11,2,0,1,7,1,0,0,0,0,0,https://news.naver.com/main/read.nhn?mode=LSD&mid=sec&sid1=104&oid=018&aid=0004625812
이준기,렘데시비르 美임상시험 지켜보자…다우 1.11%↑,경제,46,2020,04,25,6:59,7,4,0,0,1,2,0,0,0,0,0,https://news.naver.com/main/read.nhn?mode=LSD&mid=sec&sid1=101&oid=018&aid=0004627427
이준기,"""렘데시비르, 코로나 치료 효과 없다…임상시험 실패""",세계,46,2020,04,24,4:48,3,1,0,0,2,0,0,0,0,0,0,https://news.naver.com/main/read.nhn?mode=LSD&mid=sec&sid1=104&oid=018&aid=0004626705
이준기,[유럽증시]코로나19 치료제 난항…하락,경제,46,2020,04,25,4:14,9,3,1,0,4,1,0,0,0,0,0,https://news.naver.com/main/read.nhn?mode=LSD&mid=sec&sid1=101&oid=018&aid=0004627407
이준기,"트럼프 ""팀 쿡 애플 CEO, 'V자 경기반등 믿는다' 해""",세계,46,2020,04,25,5:36,6,2,0,0,3,1,0,0,0,0,0,https://news.naver.com/main/read.nhn?mode=LSD&mid=sec&sid1=104&oid=018&aid=0004627413
이준기,스타들 송도 찍고 청라로…`왕의 남자` 이준기도 둥지,경제,47,2020,04,30,13:44,"1,587",596,16,17,921,37,0,0,0,0,0,https://news.naver.com/main/read.nhn?mode=LSD&mid=sec&sid1=101&oid=009&aid=0004566975
이준기,"이준기, 오똑 콧날+날렵 턱선..조각 방불케하는 훈훈 비주얼",연예,47,2020,04,28,17:06,76,76,0,0,0,0,0,0,0,0,0,https://news.naver.com/main/read.nhn?mode=LSD&mid=sec&sid1=106&oid=112&aid=0003293188
이준기,"이준기, 각도를 무시하는 남신美…초특급 동안 비주얼 [★해시태그]",연예,47,2020,04,28,17:30,62,62,0,0,0,0,0,0,0,0,0,https://news.naver.com/main/read.nhn?mode=LSD&mid=sec&sid1=106&oid=311&aid=0001140166
이준기,"[이준기의 미국in]""흑인여성을 러닝메이트로""…바이든의 선택은?",세계,47,2020,04,26,7:01,8,1,0,0,3,4,0,0,0,0,0,https://news.naver.com/main/read.nhn?mode=LSD&mid=sec&sid1=104&oid=018&aid=0004627662
이준기,"이준기, 날렵한 턱선+강렬한 눈빛 공개 “베이겠어” [SNS★컷]",연예,47,2020,04,28,16:39,51,49,0,0,0,0,1,0,1,0,0,https://news.naver.com/main/read.nhn?mode=LSD&mid=sec&sid1=106&oid=609&aid=0000271780
이준기,"美 다우·S&P의 4월, 33년만에 '최고의 한달'",경제,47,2020,05,01,6:53,9,1,1,1,5,1,0,0,0,0,0,https://news.naver.com/main/read.nhn?mode=LSD&mid=sec&sid1=101&oid=018&aid=0004631546
이준기,"美FDA, 코로나19 치료제로 '렘데시비르' 긴급사용 승인",세계,47,2020,05,02,7:39,15,14,0,0,0,1,0,0,0,0,0,https://news.naver.com/main/read.nhn?mode=LSD&mid=sec&sid1=104&oid=018&aid=0004631913
이준기,산유국들 '감산' 시작…WTI 5% 급등,경제,47,2020,05,02,7:09,6,4,0,0,2,0,0,0,0,0,0,https://news.naver.com/main/read.nhn?mode=LSD&mid=sec&sid1=101&oid=018&aid=0004631904
이준기,"이준기, 궁 배경으로 멋짐뿜뿜…베일 것 같은 완벽 옆태",연예,48,2020,05,03,22:21,174,173,0,1,0,0,0,0,0,0,0,https://news.naver.com/main/read.nhn?mode=LSD&mid=sec&sid1=106&oid=112&aid=0003294629
이준기,[이준기의 미국in]최악 경제지표에도 뉴욕증시는 고공행진 왜?,세계,48,2020,05,03,10:01,16,2,1,0,12,1,0,0,0,0,0,https://news.naver.com/main/read.nhn?mode=LSD&mid=sec&sid1=104&oid=018&aid=0004632162
이준기,"유가, 이번 주 25% 급등…2주 연속 '랠리'",경제,48,2020,05,09,6:29,2,1,0,0,0,1,0,0,0,0,0,https://news.naver.com/main/read.nhn?mode=LSD&mid=sec&sid1=101&oid=018&aid=0004636126
이준기,대공황 이후 최악…美 4월 실업률 15% 육박(종합),경제,48,2020,05,08,23:14,10,4,2,0,4,0,0,0,0,0,0,https://news.naver.com/main/read.nhn?mode=LSD&mid=sec&sid1=101&oid=018&aid=0004636091
이준기,[유럽증시]美中 대화 주시 속…상승,경제,48,2020,05,09,6:22,15,11,2,0,2,0,0,0,0,0,0,https://news.naver.com/main/read.nhn?mode=LSD&mid=sec&sid1=101&oid=018&aid=0004636125
이준기,"또 기정사실화 '전법'…트럼프 ""韓, 상당한 돈 내기로"" 압박",세계,48,2020,05,08,7:03,16,0,0,1,15,0,0,0,0,0,0,https://news.naver.com/main/read.nhn?mode=LSD&mid=sec&sid1=104&oid=018&aid=0004635459
이준기,"[이준기의 미국in]美경제 바닥 쳤나…""나이키형 회복"" Vs ""L자형 침체""",경제,49,2020,05,10,20:22,24,2,1,2,15,4,0,0,0,0,0,https://news.naver.com/main/read.nhn?mode=LSD&mid=sec&sid1=101&oid=018&aid=0004636757
이준기,美 소비 살아나나 …다우 0.25% UP,경제,49,2020,05,16,7:40,3,2,0,0,0,1,0,0,0,0,0,https://news.naver.com/main/read.nhn?mode=LSD&mid=sec&sid1=101&oid=018&aid=0004641522
이준기,中 산업생산 증가세…WTI 6.8% 급등,경제,49,2020,05,16,7:20,2,1,0,0,0,1,0,0,0,0,0,https://news.naver.com/main/read.nhn?mode=LSD&mid=sec&sid1=101&oid=018&aid=0004641516
이준기,美中갈등 '기술패권' 전쟁으로 비화…뚜렷해진 '新냉전',세계,49,2020,05,16,2:33,95,75,6,1,12,1,0,0,0,0,0,https://news.naver.com/main/read.nhn?mode=LSD&mid=sec&sid1=104&oid=018&aid=0004641492
이준기,美中갈등 격화 속…WTO사무총장 조기 사임,세계,49,2020,05,15,3:09,1,0,0,0,1,0,0,0,0,0,0,https://news.naver.com/main/read.nhn?mode=LSD&mid=sec&sid1=104&oid=018&aid=0004640629
이준기,"트럼프, '화웨이 봉쇄' 행정명령 연장…對中 파상공세",세계,49,2020,05,14,4:28,11,9,1,0,0,1,0,0,0,0,0,https://news.naver.com/main/read.nhn?mode=LSD&mid=sec&sid1=104&oid=018&aid=0004639571
이준기,산유국 '감산' 가속화…WTI 6.8% 급등,경제,49,2020,05,13,6:12,2,1,0,1,0,0,0,0,0,0,0,https://news.naver.com/main/read.nhn?mode=LSD&mid=sec&sid1=101&oid=018&aid=0004638603
이준기,"WTO사무총장 조기 사임…트럼프 ""WTO 끔찍"" 되풀이(종합)",세계,49,2020,05,15,5:40,22,18,1,1,2,0,0,0,0,0,0,https://news.naver.com/main/read.nhn?mode=LSD&mid=sec&sid1=104&oid=018&aid=0004640644
이준기,"조경숙, '악의 꽃' 출연 확정...문채원-이준기와 호흡",연예,50,2020,05,21,18:42,26,15,0,2,0,0,6,1,2,0,0,https://news.naver.com/main/read.nhn?mode=LSD&mid=sec&sid1=106&oid=015&aid=0004345352
이준기,"이준기, 궁 3D 홍보모델 발탁…여전한 한류 위상",연예,50,2020,05,22,12:32,61,57,0,0,0,0,3,0,1,0,0,https://news.naver.com/main/read.nhn?mode=LSD&mid=sec&sid1=106&oid=241&aid=0003025064
이준기,"김지훈, ‘악의 꽃’ 합류…이준기X문채원과 호흡 [공식]",연예,50,2020,05,22,13:42,16,9,0,0,0,0,6,0,1,0,0,https://news.naver.com/main/read.nhn?mode=LSD&mid=sec&sid1=106&oid=469&aid=0000498761
이준기,"'악의 꽃' 이준기·문채원 부부로 변신 ""남편이 연쇄살인마라면?""",연예,50,2020,05,18,9:23,217,190,0,1,0,0,17,0,7,2,0,https://news.naver.com/main/read.nhn?mode=LSD&mid=sec&sid1=106&oid=052&aid=0001441244
이준기,"최병모, tvN ’악의 꽃’ 출연…이준기와의 특급 만남",연예,50,2020,05,20,9:20,21,19,0,0,0,0,2,0,0,0,0,https://news.naver.com/main/read.nhn?mode=LSD&mid=sec&sid1=106&oid=215&aid=0000872100
이준기,"임나영, 이준기X문채원 '악의 꽃' 출연",연예,50,2020,05,19,20:30,39,25,0,1,0,0,10,0,0,3,0,https://news.naver.com/main/read.nhn?mode=LSD&mid=sec&sid1=106&oid=241&aid=0003024345
이준기,"서현우, ‘악의 꽃’ 주연 합류…이준기와 호흡",연예,50,2020,05,19,10:37,20,15,0,0,0,0,3,0,1,1,0,https://news.naver.com/main/read.nhn?mode=LSD&mid=sec&sid1=106&oid=144&aid=0000672181
이준기,"[공식] 배우 김수오, '악의 꽃' 합류…문채원의 '든든한 파트너' 활약 예고",연예,50,2020,05,20,8:35,16,13,0,0,0,0,1,0,1,1,0,https://news.naver.com/main/read.nhn?mode=LSD&mid=sec&sid1=106&oid=076&aid=0003570310
이준기,[이준기의 미국in]미국이 코로나19 대응에 실패한 이유,세계,50,2020,05,17,24:04,19,6,0,0,8,5,0,0,0,0,0,https://news.naver.com/main/read.nhn?mode=LSD&mid=sec&sid1=104&oid=018&aid=0004642294
이준기,"조경숙, '악의 꽃' 출연 확정…이준기·문채원과 호흡 [공식입장]",연예,50,2020,05,21,16:33,12,8,0,0,0,0,3,0,0,1,0,https://news.naver.com/main/read.nhn?mode=LSD&mid=sec&sid1=106&oid=311&aid=0001149860
이준기,"이준기, '궁 3D' 홍보 모델 발탁…광고 이어 '악의 꽃'까지 열일 행보",연예,50,2020,05,21,15:29,27,26,0,0,0,0,1,0,0,0,0,https://news.naver.com/main/read.nhn?mode=LSD&mid=sec&sid1=106&oid=311&aid=0001149806
이준기,"모바일 궁중 RPG, 궁 3D '배우 이준기' 전속 모델 선정",스포츠,50,2020,05,21,11:20,85,73,0,0,0,0,0,0,0,0,12,http://sports.news.naver.com/esports/news/read.nhn?oid=442&aid=0000117629
이준기,"‘악의 꽃’ 이준기 문채원 장희진 서현우, 기대만발 라인업 완성",연예,50,2020,05,18,9:08,72,62,0,0,0,0,6,1,3,0,0,https://news.naver.com/main/read.nhn?mode=LSD&mid=sec&sid1=106&oid=014&aid=0004426035
이준기,"‘악의 꽃’ 이준기·문채원·장희진·서현우, 대본리딩 현장",연예,50,2020,05,18,9:35,95,86,0,1,0,0,7,0,1,0,0,https://news.naver.com/main/read.nhn?mode=LSD&mid=sec&sid1=106&oid=005&aid=0001322174
이준기,"이준기·문채원·장희진·서현우, '악의 꽃' 멜로·스릴러 오간 리딩",연예,50,2020,05,18,9:10,102,79,0,0,0,0,11,0,11,1,0,https://news.naver.com/main/read.nhn?mode=LSD&mid=sec&sid1=106&oid=421&aid=0004642609
이준기,"'악의꽃' 이준기·문채원, 긴장감 오간 대본리딩 현장 공개",연예,50,2020,05,18,9:12,59,46,0,0,0,0,5,0,1,7,0,https://news.naver.com/main/read.nhn?mode=LSD&mid=sec&sid1=106&oid=011&aid=0003738634
이준기,"최병모, '악의꽃' 합류…이준기와 특급 만남",연예,50,2020,05,20,10:19,16,13,0,0,0,0,1,0,2,0,0,https://news.naver.com/main/read.nhn?mode=LSD&mid=sec&sid1=106&oid=003&aid=0009871098
이준기,"최병모, '악의 꽃' 합류..""키포인트役, 이준기와 호흡""[공식]",연예,50,2020,05,20,10:24,16,15,0,0,0,0,1,0,0,0,0,https://news.naver.com/main/read.nhn?mode=LSD&mid=sec&sid1=106&oid=404&aid=0000266415
이준기,"믿고보는 최병모, '악의꽃' 출연 확정..이준기와 만난다 [공식입장]",연예,50,2020,05,20,11:00,12,10,0,0,0,0,1,0,1,0,0,https://news.naver.com/main/read.nhn?mode=LSD&mid=sec&sid1=106&oid=109&aid=0004209522
이준기,"서현우, ‘악의 꽃’ 주연 합류…이준기와 찰진 호흡 예고(공식)",연예,50,2020,05,19,11:49,4,2,0,0,0,0,2,0,0,0,0,https://news.naver.com/main/read.nhn?mode=LSD&mid=sec&sid1=106&oid=410&aid=0000694804
이준기,"서현우, ‘악의 꽃’ 주연 합류…이준기와 찰진 호흡 기대",연예,50,2020,05,19,10:58,5,4,0,0,0,0,1,0,0,0,0,https://news.naver.com/main/read.nhn?mode=LSD&mid=sec&sid1=106&oid=009&aid=0004577671
이준기,"‘남산의 부장들’ 서현우, 이준기X문채원 만난다…‘악의 꽃’ 합류 [공식]",연예,50,2020,05,19,17:18,7,6,0,0,0,0,1,0,0,0,0,https://news.naver.com/main/read.nhn?mode=LSD&mid=sec&sid1=106&oid=213&aid=0001163309
이준기,"서현우, tvN 수목극 '악의 꽃' 합류…이준기와 찰진 호흡 예고 [공식입장]",연예,50,2020,05,19,11:57,8,5,0,0,0,0,2,0,0,1,0,https://news.naver.com/main/read.nhn?mode=LSD&mid=sec&sid1=106&oid=311&aid=0001148388
이준기,"김수오, '악의 꽃' 캐스팅..문채원의 든든한 파트너 형사役[공식]",연예,50,2020,05,20,7:36,9,7,0,0,0,0,2,0,0,0,0,https://news.naver.com/main/read.nhn?mode=LSD&mid=sec&sid1=106&oid=112&aid=0003299878
이준기,"김수오, tvN ‘악의 꽃’ 캐스팅…선배 형사 문채원의 든든한 파트너 활약 예고",연예,50,2020,05,20,7:44,4,3,0,0,0,0,1,0,0,0,0,https://news.naver.com/main/read.nhn?mode=LSD&mid=sec&sid1=106&oid=215&aid=0000872050
이준기,"신예 김수오, `악의꽃` 캐스팅…문채원 파트너로 활약 예고",연예,50,2020,05,20,9:07,4,3,0,0,0,0,0,0,1,0,0,https://news.naver.com/main/read.nhn?mode=LSD&mid=sec&sid1=106&oid=009&aid=0004578386
이준기,"""서스펜스 외양 쓴 멜로""..이준기X문채원 '악의 꽃' 제작기",연예,51,2020,05,29,18:50,80,69,0,0,0,0,9,0,1,1,0,https://news.naver.com/main/read.nhn?mode=LSD&mid=sec&sid1=106&oid=404&aid=0000266756
이준기,[이준기의 미국in]회복하는 美경제…트럼프·바이든 누구 손들어줄까,세계,51,2020,05,27,19:01,5,3,0,0,1,1,0,0,0,0,0,https://news.naver.com/main/read.nhn?mode=LSD&mid=sec&sid1=104&oid=018&aid=0004649995
이준기,"손종학, ‘악의 꽃’ 출연…이준기-문채원과 연기 호흡",연예,51,2020,05,25,8:11,31,28,0,1,0,0,0,0,2,0,0,https://news.naver.com/main/read.nhn?mode=LSD&mid=sec&sid1=106&oid=215&aid=0000873066
이준기,"이준기, 셀카 찍을 맛 나겠다…미소년 비주얼에 심쿵",연예,51,2020,05,25,11:11,140,129,0,0,0,0,9,1,1,0,0,https://news.naver.com/main/read.nhn?mode=LSD&mid=sec&sid1=106&oid=112&aid=0003301590
이준기,"美, 홍콩 특별지위 박탈절차 '시작'…中과 '무역전쟁'엔 선긋기",세계,51,2020,05,30,6:51,39,27,3,0,7,2,0,0,0,0,0,https://news.naver.com/main/read.nhn?mode=LSD&mid=sec&sid1=104&oid=018&aid=0004652165
이준기,"트럼프 ""홍콩 특별지위 박탈 절차 착수""(상보)",세계,51,2020,05,30,4:51,19,16,3,0,0,0,0,0,0,0,0,https://news.naver.com/main/read.nhn?mode=LSD&mid=sec&sid1=104&oid=018&aid=0004652148
이준기,트럼프 '美中무역합의' 안 깼다…S&P 0.48%,경제,51,2020,05,30,7:07,38,22,3,2,6,5,0,0,0,0,0,https://news.naver.com/main/read.nhn?mode=LSD&mid=sec&sid1=101&oid=018&aid=0004652167
이준기,WTI 5.3%↑…5월 한 달간 '역대 최대' 88% 급등,경제,51,2020,05,30,5:27,2,1,0,0,1,0,0,0,0,0,0,https://news.naver.com/main/read.nhn?mode=LSD&mid=sec&sid1=101&oid=018&aid=0004652152
이준기,"파월 ""연준, 많은 레드라인 넘어…中企대출 수일 내 가동""",경제,51,2020,05,30,3:02,2,1,0,0,0,1,0,0,0,0,0,https://news.naver.com/main/read.nhn?mode=LSD&mid=sec&sid1=101&oid=018&aid=0004652144
이준기,"백악관, 올여름 '최신 美경제전망' 공개 않기로…왜?",세계,51,2020,05,29,1:57,2,0,0,0,2,0,0,0,0,0,0,https://news.naver.com/main/read.nhn?mode=LSD&mid=sec&sid1=104&oid=018&aid=0004651201
이준기,‘악의 꽃’ 이준기 “멜로의 다양한 면 보여드리지 않을까”,연예,51,2020,05,29,14:55,161,143,0,2,0,0,9,0,4,3,0,https://news.naver.com/main/read.nhn?mode=LSD&mid=sec&sid1=106&oid=382&aid=0000824850
이준기,"‘악의꽃’ 이준기·문채원, 제작기 영상 최초 공개",연예,51,2020,05,29,14:38,97,90,0,0,0,0,4,1,2,0,0,https://news.naver.com/main/read.nhn?mode=LSD&mid=sec&sid1=106&oid=009&aid=0004585041
이준기,"'악의꽃' 이준기X문채원, 제작기 영상 최초 공개…애틋 멜로 예고",연예,51,2020,05,29,14:38,55,48,0,0,0,0,4,0,2,1,0,https://news.naver.com/main/read.nhn?mode=LSD&mid=sec&sid1=106&oid=311&aid=0001153623
이준기,"손종학, ‘악의 꽃’ 출연’…이준기·문채원과 연기 호흡",연예,51,2020,05,25,9:36,4,4,0,0,0,0,0,0,0,0,0,https://news.naver.com/main/read.nhn?mode=LSD&mid=sec&sid1=106&oid=311&aid=0001151275
이준기,손종학 ‘악의 꽃’ 출연…‘꼰대인턴’과는 또 다른 캐릭터로 반전 매력,연예,51,2020,05,25,13:32,7,7,0,0,0,0,0,0,0,0,0,https://news.naver.com/main/read.nhn?mode=LSD&mid=sec&sid1=106&oid=382&aid=0000823366
