전여빈,"‘천문→해치지않아→낙원의 밤’ 전여빈, 충무로 샛별다운 활약",연예,0,2019,06,04,24:02,15,15,0,0,0,0,0,0,0,0,0,https://news.naver.com/main/read.nhn?mode=LSD&mid=sec&sid1=106&oid=609&aid=0000118645
전여빈,"엄태구 전여빈, 박훈정 신작 `낙원의 밤` 출연 확정",연예,0,2019,06,03,11:46,20,20,0,0,0,0,0,0,0,0,0,https://news.naver.com/main/read.nhn?mode=LSD&mid=sec&sid1=106&oid=009&aid=0004367316
전여빈,"[단독]엄태구·전여빈, 박훈정 감독 신작 '낙원의 밤'으로 호흡",연예,0,2019,06,03,8:45,26,26,0,0,0,0,0,0,0,0,0,https://news.naver.com/main/read.nhn?mode=LSD&mid=sec&sid1=106&oid=108&aid=0002787660
전여빈,"[위클리무비] 정우성·곽도원, '강철비2'로 재회 外",연예,0,2019,06,08,9:00,10,10,0,0,0,0,0,0,0,0,0,https://news.naver.com/main/read.nhn?mode=LSD&mid=sec&sid1=106&oid=108&aid=0002788772
전여빈,머니투데이 오프라인 헤드라인-4일자,경제,0,2019,06,04,5:00,2,0,0,0,2,0,0,0,0,0,0,https://news.naver.com/main/read.nhn?mode=LSD&mid=sec&sid1=101&oid=008&aid=0004228107
전여빈,"천우희, 엄정화 커피차 선물에 행복... 여배우들의 우정",연예,2,2019,06,19,22:38,3,3,0,0,0,0,0,0,0,0,0,https://news.naver.com/main/read.nhn?mode=LSD&mid=sec&sid1=106&oid=213&aid=0001113080
전여빈,"'마녀' 히로인 김다미, '마녀2' 앞서 '이태원클라쓰' 가나",연예,2,2019,06,17,18:06,13,13,0,0,0,0,0,0,0,0,0,https://news.naver.com/main/read.nhn?mode=LSD&mid=sec&sid1=106&oid=015&aid=0004160780
전여빈,"'멜로가 체질' 천우희X전여빈X한지은, 뻔한 멜로 드라마는 끝났다",연예,3,2019,06,28,10:06,1,1,0,0,0,0,0,0,0,0,0,https://news.naver.com/main/read.nhn?mode=LSD&mid=sec&sid1=106&oid=076&aid=0003435102
전여빈,"'멜로가 체질' 천우희·전여빈·한지은, 3인 3색 개성 강한 캐릭터..첫 티저 공개",연예,3,2019,06,29,12:50,1,1,0,0,0,0,0,0,0,0,0,https://news.naver.com/main/read.nhn?mode=LSD&mid=sec&sid1=106&oid=011&aid=0003577980
전여빈,"전여빈, 고혹적인 분위기 [화보]",연예,3,2019,06,26,10:24,13,13,0,0,0,0,0,0,0,0,0,https://news.naver.com/main/read.nhn?mode=LSD&mid=sec&sid1=106&oid=382&aid=0000741716
전여빈,"'멜로가 체질' 천우희-전여빈-한지은-안재홍-공명, 유쾌한 대본 리딩 현장",연예,3,2019,06,27,13:58,3,3,0,0,0,0,0,0,0,0,0,https://news.naver.com/main/read.nhn?mode=LSD&mid=sec&sid1=106&oid=312&aid=0000395428
전여빈,"'드라마 덕후' 환장각, 7월 드라마 라인업 [김유림의 연예담]",연예,3,2019,06,27,7:13,20,20,0,0,0,0,0,0,0,0,0,https://news.naver.com/main/read.nhn?mode=LSD&mid=sec&sid1=106&oid=417&aid=0000423141
전여빈,"""'응팔' 우정""..박보검, 안재홍 '멜로가 체질' 촬영장에 커피차 선물 '훈훈'[★SHOT!]",연예,3,2019,06,26,16:08,199,198,0,1,0,0,0,0,0,0,0,https://news.naver.com/main/read.nhn?mode=LSD&mid=sec&sid1=106&oid=109&aid=0004037441
전여빈,'멜로가 체질' 천우희X전여빈X한지은 첫 티저 영상 공개!,연예,3,2019,06,28,11:40,1,1,0,0,0,0,0,0,0,0,0,https://news.naver.com/main/read.nhn?mode=LSD&mid=sec&sid1=106&oid=437&aid=0000213715
전여빈,"“뻔한 멜로드라마 끝”, ‘멜로가 체질’ 천우희·전여빈·한지은 첫 티저",연예,3,2019,06,28,10:07,7,7,0,0,0,0,0,0,0,0,0,https://news.naver.com/main/read.nhn?mode=LSD&mid=sec&sid1=106&oid=382&aid=0000742373
전여빈,"‘멜로가 체질’ 천우희ㆍ전여빈ㆍ한지은, 티저 영상 공개…뻔한 멜로는 끝났다",연예,3,2019,06,28,16:04,2,2,0,0,0,0,0,0,0,0,0,https://news.naver.com/main/read.nhn?mode=LSD&mid=sec&sid1=106&oid=015&aid=0004167298
전여빈,"'멜로가 체질' 전여빈 ""천우희와 함께 연기하게 돼 기뻐""[화보]",연예,3,2019,06,26,10:45,2,2,0,0,0,0,0,0,0,0,0,https://news.naver.com/main/read.nhn?mode=LSD&mid=sec&sid1=106&oid=112&aid=0003180570
전여빈,‘멜로가 체질’ 천우희X전여빈X안재홍X공명 케미 폭발 “첫 만남인데 빈틈 無”,연예,3,2019,06,27,13:38,2,2,0,0,0,0,0,0,0,0,0,https://news.naver.com/main/read.nhn?mode=LSD&mid=sec&sid1=106&oid=609&aid=0000130234
전여빈,"'멜로가 체질' 천우희·안재홍→공명, '싱크로율 100%' 대본 연습 공개",연예,3,2019,06,27,13:34,3,3,0,0,0,0,0,0,0,0,0,https://news.naver.com/main/read.nhn?mode=LSD&mid=sec&sid1=106&oid=076&aid=0003434575
전여빈,"'멜로가 체질' 천우희·전여빈·한지은, '똘끼'와 웃음폭탄..포스터 공개",연예,4,2019,07,05,1:20,6,6,0,0,0,0,0,0,0,0,0,https://news.naver.com/main/read.nhn?mode=LSD&mid=sec&sid1=106&oid=011&aid=0003581287
전여빈,"'멜로가 체질' 천우희X전여빈X한지은, 저세상 텐션 '서른살 세친구'",연예,4,2019,07,04,11:08,5,5,0,0,0,0,0,0,0,0,0,https://news.naver.com/main/read.nhn?mode=LSD&mid=sec&sid1=106&oid=241&aid=0002932939
전여빈,"'멜로가 체질' 천우희X전여빈, 웃음 수다 폭격 티저 영상 공개..흥미 유발",연예,4,2019,07,06,12:30,3,3,0,0,0,0,0,0,0,0,0,https://news.naver.com/main/read.nhn?mode=LSD&mid=sec&sid1=106&oid=011&aid=0003581809
전여빈,"""그녀들의 낮과 밤?!""…'멜로가 체질' 천우희X전여빈X한지은, 첫 스틸컷 공개",연예,4,2019,07,02,24:04,2,2,0,0,0,0,0,0,0,0,0,https://news.naver.com/main/read.nhn?mode=LSD&mid=sec&sid1=106&oid=468&aid=0000528320
전여빈,"'멜로가 체질' 천우희·전여빈·한지은, 여태껏 본 적 없는 '현실 친구' 케미",연예,4,2019,07,03,12:04,4,4,0,0,0,0,0,0,0,0,0,https://news.naver.com/main/read.nhn?mode=LSD&mid=sec&sid1=106&oid=011&aid=0003579974
전여빈,"천우희, '멜로가 체질'이었나",연예,4,2019,06,30,15:30,11,10,0,1,0,0,0,0,0,0,0,https://news.naver.com/main/read.nhn?mode=LSD&mid=sec&sid1=106&oid=119&aid=0002337862
전여빈,"""웃음 수다 폭격""..'멜로가 체질' 천우희X전여빈, 캐릭터 티키타카",연예,4,2019,07,05,15:11,2,2,0,0,0,0,0,0,0,0,0,https://news.naver.com/main/read.nhn?mode=LSD&mid=sec&sid1=106&oid=404&aid=0000247642
전여빈,"‘멜로가 체질’ 천우희ㆍ전여빈, 웃음 수다 폭격 캐릭터 티저 영상 공개",연예,4,2019,07,05,18:33,3,3,0,0,0,0,0,0,0,0,0,https://news.naver.com/main/read.nhn?mode=LSD&mid=sec&sid1=106&oid=015&aid=0004171274
전여빈,"'멜로가체질' 천우희X전여빈, 웃음 폭격 캐릭터 티저 공개",연예,4,2019,07,05,10:05,1,1,0,0,0,0,0,0,0,0,0,https://news.naver.com/main/read.nhn?mode=LSD&mid=sec&sid1=106&oid=112&aid=0003184425
전여빈,"'멜로가 체질' 천우희X전여빈X한지은, 저 세상 텐션 세 친구 포스터",연예,4,2019,07,04,10:02,4,4,0,0,0,0,0,0,0,0,0,https://news.naver.com/main/read.nhn?mode=LSD&mid=sec&sid1=106&oid=112&aid=0003183894
전여빈,"[DAY컷] ‘멜로가체질’ 천우희·전여빈·한지은, 지금까지 이런 케미는 없었다",연예,4,2019,07,02,11:09,2,2,0,0,0,0,0,0,0,0,0,https://news.naver.com/main/read.nhn?mode=LSD&mid=sec&sid1=106&oid=382&aid=0000743241
전여빈,"'멜로가 체질' 천우희X전여빈X한지은, 그녀들의 낮과 밤?! 스틸컷 공개",연예,4,2019,07,02,11:20,1,1,0,0,0,0,0,0,0,0,0,https://news.naver.com/main/read.nhn?mode=LSD&mid=sec&sid1=106&oid=437&aid=0000213998
전여빈,"'멜로가 체질' 천우희X전여빈X한지은, 그녀들의 낮과 밤?!…첫 스틸컷 공개",연예,4,2019,07,02,24:59,5,5,0,0,0,0,0,0,0,0,0,https://news.naver.com/main/read.nhn?mode=LSD&mid=sec&sid1=106&oid=015&aid=0004169004
전여빈,"""좋다, 함께해서""..천우희, 전여빈X한지은 향한 애정",연예,5,2019,07,11,13:59,2,2,0,0,0,0,0,0,0,0,0,https://news.naver.com/main/read.nhn?mode=LSD&mid=sec&sid1=106&oid=241&aid=0002935913
전여빈,'멜로가 체질' 천우희·전여빈·한지은·안재홍..수다 포스터 공개,연예,5,2019,07,12,7:51,1,1,0,0,0,0,0,0,0,0,0,https://news.naver.com/main/read.nhn?mode=LSD&mid=sec&sid1=106&oid=011&aid=0003585093
전여빈,"천우희X전여빈X한지은, '멜로가 체질' 3인방의 화보 현장..""좋다, 함께 해서""",연예,5,2019,07,11,24:44,2,2,0,0,0,0,0,0,0,0,0,https://news.naver.com/main/read.nhn?mode=LSD&mid=sec&sid1=106&oid=112&aid=0003186906
전여빈,"""고혹적 세련美"" 이미지 변신 천우희 '멜로가체질' 비하인드",연예,5,2019,07,11,20:12,1,1,0,0,0,0,0,0,0,0,0,https://news.naver.com/main/read.nhn?mode=LSD&mid=sec&sid1=106&oid=241&aid=0002936205
전여빈,'멜로가 체질' 벌써부터 기대되는 '천우희'표 로맨틱 코미디,연예,5,2019,07,11,16:23,1,1,0,0,0,0,0,0,0,0,0,https://news.naver.com/main/read.nhn?mode=LSD&mid=sec&sid1=106&oid=076&aid=0003440822
전여빈,"'멜로가 체질' 천우희→공명, 5人5色 매력 엑기스 수다 포스터 공개",연예,5,2019,07,11,10:07,4,4,0,0,0,0,0,0,0,0,0,https://news.naver.com/main/read.nhn?mode=LSD&mid=sec&sid1=106&oid=076&aid=0003440529
전여빈,"""캐릭터 200% 몰입""..'멜로가 체질', 천우희→공명 5人5色 절친 케미",연예,5,2019,07,11,11:19,2,2,0,0,0,0,0,0,0,0,0,https://news.naver.com/main/read.nhn?mode=LSD&mid=sec&sid1=106&oid=404&aid=0000248017
전여빈,"전여빈, 충무로 샛별",연예,6,2019,07,18,17:59,2,2,0,0,0,0,0,0,0,0,0,https://news.naver.com/main/read.nhn?mode=LSD&mid=sec&sid1=106&oid=421&aid=0004101612
전여빈,"[제24회 춘사영화제] 전여빈·진기주, 신인여우상 수상",연예,6,2019,07,18,19:16,4,4,0,0,0,0,0,0,0,0,0,https://news.naver.com/main/read.nhn?mode=LSD&mid=sec&sid1=106&oid=312&aid=0000399409
전여빈,"[24th 춘사영화제] 공명·진기주·전여빈, 생애 한번 뿐인 신인상 주인공",연예,6,2019,07,18,19:10,16,16,0,0,0,0,0,0,0,0,0,https://news.naver.com/main/read.nhn?mode=LSD&mid=sec&sid1=106&oid=241&aid=0002939116
전여빈,"'멜로가 체질' 충무로 샛별 전여빈, 첫 드라마 주연 도전",연예,6,2019,07,18,5:50,3,3,0,0,0,0,0,0,0,0,0,https://news.naver.com/main/read.nhn?mode=LSD&mid=sec&sid1=106&oid=011&aid=0003588184
전여빈,전여빈-진기주 '춘사영화제 신인여우상의 주인공'[엑's HD화보],연예,6,2019,07,19,7:01,7,7,0,0,0,0,0,0,0,0,0,https://news.naver.com/main/read.nhn?mode=LSD&mid=sec&sid1=106&oid=311&aid=0001020667
전여빈,"조여정·주지훈, 女男 주연상 쾌거…봉준호 감독상 등 '기생충' 4관왕 [24th 춘사영화제](종합)",연예,6,2019,07,18,20:57,152,151,0,1,0,0,0,0,0,0,0,https://news.naver.com/main/read.nhn?mode=LSD&mid=sec&sid1=106&oid=117&aid=0003248235
전여빈,"[사진]전여빈,'아름다운 미소'",연예,6,2019,07,18,19:13,1,1,0,0,0,0,0,0,0,0,0,https://news.naver.com/main/read.nhn?mode=LSD&mid=sec&sid1=106&oid=109&aid=0004052549
전여빈,진기주X전여빈 '24th 춘사영화제' 신인 여우상 수상 '영예',연예,6,2019,07,18,19:05,7,7,0,0,0,0,0,0,0,0,0,https://news.naver.com/main/read.nhn?mode=LSD&mid=sec&sid1=106&oid=108&aid=0002798063
전여빈,"'죄 많은 소녀' 전여빈·'리틀 포레스트' 진기주, 신인여우상 공동 수상 [24th 춘사영화제]",연예,6,2019,07,18,19:05,8,8,0,0,0,0,0,0,0,0,0,https://news.naver.com/main/read.nhn?mode=LSD&mid=sec&sid1=106&oid=117&aid=0003248162
전여빈,[★포토]전여빈-진기주 '신인여우상 너무 기뻐!',연예,6,2019,07,18,19:07,7,7,0,0,0,0,0,0,0,0,0,https://news.naver.com/main/read.nhn?mode=LSD&mid=sec&sid1=106&oid=108&aid=0002798065
전여빈,전여빈 진기주 신인여우상..진기주 “힘들고 두려울 때..”[춘사영화제],연예,6,2019,07,18,19:03,7,7,0,0,0,0,0,0,0,0,0,https://news.naver.com/main/read.nhn?mode=LSD&mid=sec&sid1=106&oid=609&aid=0000141761
전여빈,"`춘사영화제` 공명 진기주 전여빈, 신인상 수상",연예,6,2019,07,18,19:19,2,2,0,0,0,0,0,0,0,0,0,https://news.naver.com/main/read.nhn?mode=LSD&mid=sec&sid1=106&oid=009&aid=0004394786
전여빈,"[24th춘사영화제]공명·전여빈＆진기주, 남녀신인상 수상 '뭉클'",연예,6,2019,07,18,19:22,14,14,0,0,0,0,0,0,0,0,0,https://news.naver.com/main/read.nhn?mode=LSD&mid=sec&sid1=106&oid=112&aid=0003189986
전여빈,[포토] 전여빈 '여성미 가득한 미소',연예,6,2019,07,18,18:42,1,1,0,0,0,0,0,0,0,0,0,https://news.naver.com/main/read.nhn?mode=LSD&mid=sec&sid1=106&oid=076&aid=0003443971
전여빈,"'기생충' 봉준호, 국내 첫 수상 ""트로피 좋은 곳에 두겠다""",연예,6,2019,07,19,9:50,2,2,0,0,0,0,0,0,0,0,0,https://news.naver.com/main/read.nhn?mode=LSD&mid=sec&sid1=106&oid=047&aid=0002234042
전여빈,"'기생충', 춘사영화제서 4관왕 달성...주지훈X조여정 남녀주연상",연예,6,2019,07,19,9:43,8,8,0,0,0,0,0,0,0,0,0,https://news.naver.com/main/read.nhn?mode=LSD&mid=sec&sid1=106&oid=052&aid=0001320672
전여빈,"기생충, 춘사영화제에서 4관왕에 올라",연예,6,2019,07,19,14:32,3,3,0,0,0,0,0,0,0,0,0,https://news.naver.com/main/read.nhn?mode=LSD&mid=sec&sid1=106&oid=011&aid=0003589212
전여빈,"'멜로가 체질' 전여빈, 첫 드라마 주연 도전…흥행벼락 다큐 감독 변신",연예,6,2019,07,17,10:04,3,3,0,0,0,0,0,0,0,0,0,https://news.naver.com/main/read.nhn?mode=LSD&mid=sec&sid1=106&oid=076&aid=0003443097
전여빈,"'멜로가 체질' 전여빈, ""첫 드라마 도전..떨리고 영광스러운 마음""",연예,6,2019,07,17,11:35,3,3,0,0,0,0,0,0,0,0,0,https://news.naver.com/main/read.nhn?mode=LSD&mid=sec&sid1=106&oid=404&aid=0000248398
전여빈,"[제24회 춘사영화제] 주지훈·조여정, 男女 주연상 '영예'... '기생충' 4관왕 (종합)",연예,6,2019,07,18,21:53,85,84,0,1,0,0,0,0,0,0,0,https://news.naver.com/main/read.nhn?mode=LSD&mid=sec&sid1=106&oid=312&aid=0000399464
전여빈,"[현장IS] '기생충', 춘사 휩쓸었다 '4관왕'…주지훈·조여정 주연상[종합]",연예,6,2019,07,18,20:49,3,3,0,0,0,0,0,0,0,0,0,https://news.naver.com/main/read.nhn?mode=LSD&mid=sec&sid1=106&oid=241&aid=0002939202
전여빈,"'멜로가 체질' 천우희-전여빈-한지은-안재홍-공명, 시청자 사로잡을 5색 매력",연예,7,2019,07,26,13:18,1,1,0,0,0,0,0,0,0,0,0,https://news.naver.com/main/read.nhn?mode=LSD&mid=sec&sid1=106&oid=076&aid=0003446844
전여빈,“함께해 즐거운 3人”…‘멜로가 체질’ 이끌 천우희·전여빈·한지은 [화보],,7,2019,07,22,16:14,1,1,0,0,0,0,0,0,0,0,0,https://news.naver.com/main/read.nhn?mode=LSD&mid=sec&sid1=004&oid=029&aid=0002541586
전여빈,"‘연기파’ 미녀 삼총사 금새록-이설-전여빈, 신인 맞아?",연예,7,2019,07,24,6:57,5,5,0,0,0,0,0,0,0,0,0,https://news.naver.com/main/read.nhn?mode=LSD&mid=sec&sid1=106&oid=382&aid=0000749104
전여빈,'멜로가 체질' 스페셜 티저로 알아보는 개성 만렙 5인방,연예,7,2019,07,27,10:47,2,2,0,0,0,0,0,0,0,0,0,https://news.naver.com/main/read.nhn?mode=LSD&mid=sec&sid1=106&oid=011&aid=0003593761
전여빈,"[SC초점]코믹맛집→멜로맛집…'멜로가체질' 이병헌 감독 안방行, 흥행가능성은",연예,7,2019,07,23,11:23,2,2,0,0,0,0,0,0,0,0,0,https://news.naver.com/main/read.nhn?mode=LSD&mid=sec&sid1=106&oid=076&aid=0003445623
전여빈,"'멜로가 체질' 0회 편성..""서른 되면 괜찮아요!?""",연예,7,2019,07,27,9:41,1,1,0,0,0,0,0,0,0,0,0,https://news.naver.com/main/read.nhn?mode=LSD&mid=sec&sid1=106&oid=468&aid=0000540408
전여빈,"천우희·전여빈·한지은·안재홍·공명, '멜로가 체질' 개성만점 5인방",연예,7,2019,07,26,13:51,2,2,0,0,0,0,0,0,0,0,0,https://news.naver.com/main/read.nhn?mode=LSD&mid=sec&sid1=106&oid=311&aid=0001024145
전여빈,"‘멜로가 체질’ 천우희X전여빈X한지은X안재홍X공명, 치명적 매력둥이들",연예,7,2019,07,26,13:15,1,1,0,0,0,0,0,0,0,0,0,https://news.naver.com/main/read.nhn?mode=LSD&mid=sec&sid1=106&oid=609&aid=0000145596
전여빈,"이병헌 감독·천우희 '멜로가 체질', 벌써 꿀잼각인 이유[게기자의 뭐볼래]",연예,7,2019,07,25,11:00,3,3,0,0,0,0,0,0,0,0,0,https://news.naver.com/main/read.nhn?mode=LSD&mid=sec&sid1=106&oid=468&aid=0000539594
전여빈,"'멜로가 체질' 천우희→안재홍, 핑크빛 투쟁 중?…메인 포스터 전격 공개",연예,7,2019,07,25,24:45,4,4,0,0,0,0,0,0,0,0,0,https://news.naver.com/main/read.nhn?mode=LSD&mid=sec&sid1=106&oid=015&aid=0004181622
전여빈,"‘멜로가 체질’ 포스터 공개, 천우희 전여빈 한지은 안재홍 공명 핑크빛 투쟁중",연예,7,2019,07,25,11:05,1,1,0,0,0,0,0,0,0,0,0,https://news.naver.com/main/read.nhn?mode=LSD&mid=sec&sid1=106&oid=609&aid=0000144897
전여빈,"전여빈, 신인여우상 수상 (제24회 춘사영화제)",연예,7,2019,07,21,3:20,1,1,0,0,0,0,0,0,0,0,0,https://news.naver.com/main/read.nhn?mode=LSD&mid=sec&sid1=106&oid=011&aid=0003589643
전여빈,"전여빈, 충무로 대세 배우 (제24회 춘사영화제)",연예,7,2019,07,21,3:18,1,1,0,0,0,0,0,0,0,0,0,https://news.naver.com/main/read.nhn?mode=LSD&mid=sec&sid1=106&oid=011&aid=0003589642
전여빈,"'멜로가 체질' 천우희X전여빈X한지은, 뻔하지 않은 사랑스러움[화보]",연예,7,2019,07,22,10:10,2,2,0,0,0,0,0,0,0,0,0,https://news.naver.com/main/read.nhn?mode=LSD&mid=sec&sid1=106&oid=112&aid=0003190999
전여빈,"'멜로가체질' 천우희X전여빈X한지은 ""함께 있는 것만으로도 큰 의지"" [화보]",연예,7,2019,07,22,10:33,3,3,0,0,0,0,0,0,0,0,0,https://news.naver.com/main/read.nhn?mode=LSD&mid=sec&sid1=106&oid=117&aid=0003249547
전여빈,"'멜로가 체질' 천우희·전여빈·한지은 ""함께 촬영하는 것만으로도 의지돼""(화보)",연예,7,2019,07,22,10:32,1,1,0,0,0,0,0,0,0,0,0,https://news.naver.com/main/read.nhn?mode=LSD&mid=sec&sid1=106&oid=468&aid=0000537887
전여빈,"""첫방 전초전""…'멜로가체질' 내달 2일 스페셜 방송 특별편성",연예,7,2019,07,27,16:33,1,1,0,0,0,0,0,0,0,0,0,https://news.naver.com/main/read.nhn?mode=LSD&mid=sec&sid1=106&oid=241&aid=0002942607
전여빈,'멜로가 체질' 서른 되면 괜찮아요?…배우들 텐션 폭발,연예,7,2019,07,27,17:18,2,2,0,0,0,0,0,0,0,0,0,https://news.naver.com/main/read.nhn?mode=LSD&mid=sec&sid1=106&oid=437&aid=0000215997
전여빈,'멜로가 체질' 첫 방송 앞두고 특별 편성…멜로 5인방의 실제 케미 검증,연예,7,2019,07,27,9:43,1,1,0,0,0,0,0,0,0,0,0,https://news.naver.com/main/read.nhn?mode=LSD&mid=sec&sid1=106&oid=076&aid=0003447091
전여빈,'멜로가 체질' 일주일 먼저 만난다... '서른되면 괜찮아요?' 8월 2일 편성,연예,7,2019,07,27,9:58,1,1,0,0,0,0,0,0,0,0,0,https://news.naver.com/main/read.nhn?mode=LSD&mid=sec&sid1=106&oid=312&aid=0000400866
전여빈,"‘멜로가 체질’ 천우희X전여빈X한지은X안재홍X공명, 환상 케미 예고…드디어 출격 준비 완료",연예,8,2019,08,03,8:45,1,1,0,0,0,0,0,0,0,0,0,https://news.naver.com/main/read.nhn?mode=LSD&mid=sec&sid1=106&oid=469&aid=0000410617
전여빈,"'멜로가 체질' 천우희·안재홍·전여빈 ""좋은 분위기X유쾌 매력"" 기대감↑ [종합]",연예,8,2019,08,02,23:52,1,1,0,0,0,0,0,0,0,0,0,https://news.naver.com/main/read.nhn?mode=LSD&mid=sec&sid1=106&oid=311&aid=0001027781
전여빈,"'멜로가 체질' 천우희-전여빈-한지은-안재홍-공명 ""이병헌 감독 홀릭""",연예,8,2019,08,01,10:07,1,1,0,0,0,0,0,0,0,0,0,https://news.naver.com/main/read.nhn?mode=LSD&mid=sec&sid1=106&oid=076&aid=0003448804
전여빈,"'멜로가 체질' 안재홍X천우희, 연기스타일 잘맞아...기대 Up(종합)",연예,8,2019,08,03,12:02,2,2,0,0,0,0,0,0,0,0,0,https://news.naver.com/main/read.nhn?mode=LSD&mid=sec&sid1=106&oid=112&aid=0003195829
전여빈,멜로가체질 왜 봐야해? #극한직업 이병헌감독 #천우희X안재홍 #격정 키스[어제TV],연예,8,2019,08,03,6:00,3,3,0,0,0,0,0,0,0,0,0,https://news.naver.com/main/read.nhn?mode=LSD&mid=sec&sid1=106&oid=609&aid=0000149389
전여빈,"출격 준비 마친 '멜로가 체질', 시청자에 응답했다",연예,8,2019,08,03,10:21,3,3,0,0,0,0,0,0,0,0,0,https://news.naver.com/main/read.nhn?mode=LSD&mid=sec&sid1=106&oid=241&aid=0002944406
전여빈,"'멜로가 체질', 출격 준비 완료…시청자 기다림에 제대로 응답",연예,8,2019,08,03,9:34,3,3,0,0,0,0,0,0,0,0,0,https://news.naver.com/main/read.nhn?mode=LSD&mid=sec&sid1=106&oid=468&aid=0000543724
전여빈,"'멜로가 체질' 천우희X안재홍, 시청자 기다림에 제대로 응답했다",연예,8,2019,08,03,8:48,1,1,0,0,0,0,0,0,0,0,0,https://news.naver.com/main/read.nhn?mode=LSD&mid=sec&sid1=106&oid=015&aid=0004186391
전여빈,"천우희-전여빈-한지은-안재홍-공명은, '멜로가 체질'인 배우 5인방",연예,8,2019,08,01,10:24,2,2,0,0,0,0,0,0,0,0,0,https://news.naver.com/main/read.nhn?mode=LSD&mid=sec&sid1=106&oid=112&aid=0003194948
전여빈,'멜로가 체질' 천우희x전여빈x한지은x안재홍x공명은 이병헌 감독 홀릭!,연예,8,2019,08,01,17:26,2,2,0,0,0,0,0,0,0,0,0,https://news.naver.com/main/read.nhn?mode=LSD&mid=sec&sid1=106&oid=117&aid=0003254155
전여빈,이병헌PDx천우희 '멜로가 체질' 기대 높이는 촬영장,연예,8,2019,08,01,11:04,2,2,0,0,0,0,0,0,0,0,0,https://news.naver.com/main/read.nhn?mode=LSD&mid=sec&sid1=106&oid=119&aid=0002343925
전여빈,"전여빈, 화보 비하인드컷…핑크여빈 변신",연예,8,2019,07,29,13:06,6,6,0,0,0,0,0,0,0,0,0,https://news.naver.com/main/read.nhn?mode=LSD&mid=sec&sid1=106&oid=009&aid=0004400362
전여빈,"""열대야 식힐 드라마""…'멜로가 체질' 천우희·안재홍의 자신감 [전일야화]",연예,8,2019,08,03,7:01,6,6,0,0,0,0,0,0,0,0,0,https://news.naver.com/main/read.nhn?mode=LSD&mid=sec&sid1=106&oid=311&aid=0001027802
전여빈,"'멜로가 체질', 이병헌 감독의 여심 저격 공감대사 미리보기",연예,8,2019,07,31,24:49,1,1,0,0,0,0,0,0,0,0,0,https://news.naver.com/main/read.nhn?mode=LSD&mid=sec&sid1=106&oid=015&aid=0004184660
전여빈,"""치한도 배려해줘?"" '멜로가 체질' 이병헌 감독 표 '말맛' 대사 '공감↑'",연예,8,2019,07,31,11:09,6,6,0,0,0,0,0,0,0,0,0,https://news.naver.com/main/read.nhn?mode=LSD&mid=sec&sid1=106&oid=421&aid=0004122589
전여빈,"""사랑은 앞머리 같아""...'멜로가 체질', 말맛 살린 찰떡 대사 미리보기",연예,8,2019,07,31,11:13,1,1,0,0,0,0,0,0,0,0,0,https://news.naver.com/main/read.nhn?mode=LSD&mid=sec&sid1=106&oid=076&aid=0003448371
전여빈,"'멜로가 체질', 이병헌 감독 '말맛' 살린 공감 대사 미리보기",연예,8,2019,07,31,11:30,3,3,0,0,0,0,0,0,0,0,0,https://news.naver.com/main/read.nhn?mode=LSD&mid=sec&sid1=106&oid=312&aid=0000401531
전여빈,'멜로가 체질'로 첫 드라마 주연....'슈퍼루키' 전여빈에 거는 기대,연예,9,2019,08,10,9:21,19,19,0,0,0,0,0,0,0,0,0,https://news.naver.com/main/read.nhn?mode=LSD&mid=sec&sid1=106&oid=052&aid=0001329468
전여빈,"첫방 '멜로가 체질' 천우희·전여빈·한지은, 웃고 울린 세 여자 이야기",연예,9,2019,08,10,9:21,37,36,0,1,0,0,0,0,0,0,0,https://news.naver.com/main/read.nhn?mode=LSD&mid=sec&sid1=106&oid=421&aid=0004138703
전여빈,"전여빈, '멜로가 체질'로 보여줄 新 캐릭터",연예,9,2019,08,09,10:13,7,6,0,1,0,0,0,0,0,0,0,https://news.naver.com/main/read.nhn?mode=LSD&mid=sec&sid1=106&oid=241&aid=0002946302
전여빈,‘멜로가 체질’ 천우희·한지은·전여빈 같이 사는 이유보니…,연예,9,2019,08,10,9:48,1,1,0,0,0,0,0,0,0,0,0,https://news.naver.com/main/read.nhn?mode=LSD&mid=sec&sid1=106&oid=025&aid=0002928610
전여빈,"'멜로가 체질' 첫방 D-DAY…천우희x전여빈x한지은, 웃음 폭탄 장전",연예,9,2019,08,09,18:21,1,1,0,0,0,0,0,0,0,0,0,https://news.naver.com/main/read.nhn?mode=LSD&mid=sec&sid1=106&oid=468&aid=0000546733
전여빈,"'멜로가 체질' 윤지온, 전여빈과 현실 남매케미 '누나바보 등극'",연예,9,2019,08,10,13:53,5,5,0,0,0,0,0,0,0,0,0,https://news.naver.com/main/read.nhn?mode=LSD&mid=sec&sid1=106&oid=213&aid=0001123655
전여빈,"'멜로가 체질' 전여빈, ""다양한 사람들 등장, 함께 존재하고 싶었다""",연예,9,2019,08,08,17:31,2,2,0,0,0,0,0,0,0,0,0,https://news.naver.com/main/read.nhn?mode=LSD&mid=sec&sid1=106&oid=404&aid=0000249887
전여빈,"'멜로가 체질' 전여빈, 다이내믹한 그녀의 이야기",연예,9,2019,08,10,9:19,1,1,0,0,0,0,0,0,0,0,0,https://news.naver.com/main/read.nhn?mode=LSD&mid=sec&sid1=106&oid=312&aid=0000403426
전여빈,"'멜로가 체질' 전여빈, 다이내믹 등장…한준우와의 안타까운 사랑",연예,9,2019,08,10,9:55,6,6,0,0,0,0,0,0,0,0,0,https://news.naver.com/main/read.nhn?mode=LSD&mid=sec&sid1=106&oid=241&aid=0002946603
전여빈,"‘멜로가 체질’ 전여빈, 다큐멘터리감독 ‘이은정’으로 첫 등장!",연예,9,2019,08,10,16:17,2,2,0,0,0,0,0,0,0,0,0,https://news.naver.com/main/read.nhn?mode=LSD&mid=sec&sid1=106&oid=015&aid=0004190656
전여빈,"'멜로가 체질' 전여빈, 다큐로 맺어진 한준우와의 인연…안타까운 사랑이 펼쳐지다",연예,9,2019,08,10,9:25,5,5,0,0,0,0,0,0,0,0,0,https://news.naver.com/main/read.nhn?mode=LSD&mid=sec&sid1=106&oid=076&aid=0003452825
전여빈,"'멜로가 체질' 동거 시작한 천우희X전여빈X한지은, 첫회부터 '웃음+눈물'",연예,9,2019,08,10,8:23,59,56,0,3,0,0,0,0,0,0,0,https://news.naver.com/main/read.nhn?mode=LSD&mid=sec&sid1=106&oid=468&aid=0000546797
전여빈,"‘멜로가 체질’ 천우희·전여빈·한지은, 유쾌짠내 동거 시작 [MK★TV뷰]",연예,9,2019,08,10,9:21,1,1,0,0,0,0,0,0,0,0,0,https://news.naver.com/main/read.nhn?mode=LSD&mid=sec&sid1=106&oid=410&aid=0000612999
전여빈,JTBC ‘멜로가 체질’ 강제 동거 시작 천우희-전여빈-한지은,연예,9,2019,08,10,8:54,1,1,0,0,0,0,0,0,0,0,0,https://news.naver.com/main/read.nhn?mode=LSD&mid=sec&sid1=106&oid=015&aid=0004190597
전여빈,"'멜로가 체질' 천우희-전여빈-한지은, 첫 회부터 웃음+눈물",연예,9,2019,08,10,16:08,5,5,0,0,0,0,0,0,0,0,0,https://news.naver.com/main/read.nhn?mode=LSD&mid=sec&sid1=106&oid=437&aid=0000217112
전여빈,"‘멜로가 체질’ 전여빈, 본방사수 독려 인증샷 공개",연예,9,2019,08,09,9:03,1,1,0,0,0,0,0,0,0,0,0,https://news.naver.com/main/read.nhn?mode=LSD&mid=sec&sid1=106&oid=215&aid=0000802154
전여빈,"'멜로가 체질' 전여빈, 카리스마 다큐 감독으로 만나요",연예,9,2019,08,09,9:38,3,3,0,0,0,0,0,0,0,0,0,https://news.naver.com/main/read.nhn?mode=LSD&mid=sec&sid1=106&oid=312&aid=0000403195
전여빈,첫방 '멜로가 체질'…천우희·한지은·전여빈의 '청춘' 이야기(종합),연예,9,2019,08,10,12:11,139,138,0,1,0,0,0,0,0,0,0,https://news.naver.com/main/read.nhn?mode=LSD&mid=sec&sid1=106&oid=421&aid=0004138628
전여빈,'멜로가 체질' 천우희X전여빈X한지은의 웃음 블랙홀 스타트!,연예,9,2019,08,09,16:14,3,3,0,0,0,0,0,0,0,0,0,https://news.naver.com/main/read.nhn?mode=LSD&mid=sec&sid1=106&oid=437&aid=0000217070
전여빈,첫방 D-day '멜로가 체질' 천우희-전여빈-한지은의 웃음 블랙홀 시작,연예,9,2019,08,09,15:47,6,6,0,0,0,0,0,0,0,0,0,https://news.naver.com/main/read.nhn?mode=LSD&mid=sec&sid1=106&oid=112&aid=0003198272
전여빈,"첫방 '멜로가 체질' 천우희X전여빈X한지은, 파란만장 연애→한집살이 시작 [종합]",연예,9,2019,08,09,23:57,4,4,0,0,0,0,0,0,0,0,0,https://news.naver.com/main/read.nhn?mode=LSD&mid=sec&sid1=106&oid=109&aid=0004065306
전여빈,"‘멜로가 체질’ 윤지온, 전여빈과 최강 남매 케미 발산",연예,9,2019,08,10,11:38,4,4,0,0,0,0,0,0,0,0,0,https://news.naver.com/main/read.nhn?mode=LSD&mid=sec&sid1=106&oid=057&aid=0001374226
전여빈,"'멜로가 체질' 윤지온, 전여빈과 최강 남매 케미 발산..'누나 바보' 등극[핫TV]",연예,9,2019,08,10,14:34,4,4,0,0,0,0,0,0,0,0,0,https://news.naver.com/main/read.nhn?mode=LSD&mid=sec&sid1=106&oid=109&aid=0004065474
전여빈,"‘멜로가 체질’ 윤지온, 전여빈과 최강 남매 케미 발산 ‘여심 홀릭’[MK★TV뷰]",연예,9,2019,08,10,10:37,1,1,0,0,0,0,0,0,0,0,0,https://news.naver.com/main/read.nhn?mode=LSD&mid=sec&sid1=106&oid=410&aid=0000613016
전여빈,"‘멜로가 체질’ 천우희·한지은, 전여빈 극단적 시도에 오열 “미안해”",연예,9,2019,08,09,23:55,1,0,0,1,0,0,0,0,0,0,0,https://news.naver.com/main/read.nhn?mode=LSD&mid=sec&sid1=106&oid=410&aid=0000612975
전여빈,"전여빈, 신비로운 매력 [스타포토]",,9,2019,08,08,14:41,3,3,0,0,0,0,0,0,0,0,0,https://news.naver.com/main/read.nhn?mode=LSD&mid=sec&sid1=004&oid=029&aid=0002545249
전여빈,"'멜로가 체질' 전여빈, 솔직 화법으로 걸크러시 매력발산",연예,10,2019,08,17,10:11,2,2,0,0,0,0,0,0,0,0,0,https://news.naver.com/main/read.nhn?mode=LSD&mid=sec&sid1=106&oid=241&aid=0002948749
전여빈,"'멜로가 체질' 천우희, 전여빈X황한주에 안재홍과 동침 사실 고백",연예,10,2019,08,17,23:41,2,2,0,0,0,0,0,0,0,0,0,https://news.naver.com/main/read.nhn?mode=LSD&mid=sec&sid1=106&oid=112&aid=0003201384
전여빈,'멜로가 체질' 만취해 동침한 이 커플..전여빈 전 재산 기부 [종합],연예,10,2019,08,17,12:03,1,1,0,0,0,0,0,0,0,0,0,https://news.naver.com/main/read.nhn?mode=LSD&mid=sec&sid1=106&oid=109&aid=0004069154
전여빈,"[종합]'멜로가 체질' 천우희X안재홍, 작업 거절→동침…전여빈, 전 재산 '기부'",연예,10,2019,08,17,12:03,1,1,0,0,0,0,0,0,0,0,0,https://news.naver.com/main/read.nhn?mode=LSD&mid=sec&sid1=106&oid=076&aid=0003455943
전여빈,"[RE:TV] '멜로가 체질' 전여빈vs이주빈, 녹화 중 기싸움에 '웃음'",연예,10,2019,08,17,6:30,2,2,0,0,0,0,0,0,0,0,0,https://news.naver.com/main/read.nhn?mode=LSD&mid=sec&sid1=106&oid=421&aid=0004148979
전여빈,"‘멜로가 체질’ 전여빈, 그녀의곁엔 언제나 한준우가 있다!",연예,10,2019,08,11,15:12,14,14,0,0,0,0,0,0,0,0,0,https://news.naver.com/main/read.nhn?mode=LSD&mid=sec&sid1=106&oid=015&aid=0004190836
전여빈,"'멜로가 체질' 전여빈, 화끈+솔직 화법으로 '걸크러쉬 매력'",연예,10,2019,08,17,9:09,5,5,0,0,0,0,0,0,0,0,0,https://news.naver.com/main/read.nhn?mode=LSD&mid=sec&sid1=106&oid=076&aid=0003455957
전여빈,"‘멜로가 체질’ 전여빈, 다큐 흥행으로 모은 재산 기부해",연예,10,2019,08,17,15:14,9,9,0,0,0,0,0,0,0,0,0,https://news.naver.com/main/read.nhn?mode=LSD&mid=sec&sid1=106&oid=015&aid=0004193957
전여빈,"‘멜로가 체질’ 전여빈, 응원하고 싶어지는 ‘걸크 캐릭터’",연예,10,2019,08,17,10:41,2,2,0,0,0,0,0,0,0,0,0,https://news.naver.com/main/read.nhn?mode=LSD&mid=sec&sid1=106&oid=382&aid=0000754720
전여빈,"'멜로가 체질' 전여빈, 이토록 화끈한 매력이라니",연예,10,2019,08,17,9:24,1,1,0,0,0,0,0,0,0,0,0,https://news.naver.com/main/read.nhn?mode=LSD&mid=sec&sid1=106&oid=213&aid=0001125149
전여빈,"'멜로가 체질' 천우희X안재홍, 동침 후 어색한 관계 1일째",연예,10,2019,08,17,23:30,4,4,0,0,0,0,0,0,0,0,0,https://news.naver.com/main/read.nhn?mode=LSD&mid=sec&sid1=106&oid=311&aid=0001034030
전여빈,"'멜로가 체질' 천우희-안재홍, 방술이 동침으로..사고부터 쳤다",연예,10,2019,08,17,24:05,25,25,0,0,0,0,0,0,0,0,0,https://news.naver.com/main/read.nhn?mode=LSD&mid=sec&sid1=106&oid=404&aid=0000250406
전여빈,"'멜로가 체질' 천우희X안재홍, 방술→동침 '가슴이 폴짝폴짝'",연예,10,2019,08,17,8:09,1,1,0,0,0,0,0,0,0,0,0,https://news.naver.com/main/read.nhn?mode=LSD&mid=sec&sid1=106&oid=241&aid=0002948733
전여빈,"'멜로가 체질' 천우희-안재홍, 방술이 동침으로…사고부터 쳤다",연예,10,2019,08,17,24:40,15,15,0,0,0,0,0,0,0,0,0,https://news.naver.com/main/read.nhn?mode=LSD&mid=sec&sid1=106&oid=076&aid=0003456012
전여빈,'멜로가 체질' 천우희·안재홍 만취 동침…전여빈 전 재산 기부 [종합],연예,10,2019,08,17,12:00,2,1,0,1,0,0,0,0,0,0,0,https://news.naver.com/main/read.nhn?mode=LSD&mid=sec&sid1=106&oid=311&aid=0001033726
전여빈,"'멜로가 체질' 화끈한 전여빈, 앞으로가 더 궁금한 행보",연예,10,2019,08,11,10:30,6,6,0,0,0,0,0,0,0,0,0,https://news.naver.com/main/read.nhn?mode=LSD&mid=sec&sid1=106&oid=311&aid=0001031157
전여빈,"'멜로가 체질' 전여빈, 화끈한 성격의 소유자…싱크로율 200%",연예,10,2019,08,11,10:02,3,3,0,0,0,0,0,0,0,0,0,https://news.naver.com/main/read.nhn?mode=LSD&mid=sec&sid1=106&oid=213&aid=0001123747
전여빈,"[TV핫스팟] ‘멜로가 체질’ 전여빈, 앞으로가 더 궁금한 그녀의 행보",연예,10,2019,08,11,10:45,14,14,0,0,0,0,0,0,0,0,0,https://news.naver.com/main/read.nhn?mode=LSD&mid=sec&sid1=106&oid=396&aid=0000522502
전여빈,"'멜로가 체질' 천우희X전여빈X한지은, 클럽서 포착된 치명적 눈빛",연예,11,2019,08,23,10:53,5,5,0,0,0,0,0,0,0,0,0,https://news.naver.com/main/read.nhn?mode=LSD&mid=sec&sid1=106&oid=468&aid=0000552458
전여빈,"[RE:TV] '멜로가 체질' 천우희·전여빈·한지은, 치명적인 그녀들",연예,11,2019,08,24,6:30,5,5,0,0,0,0,0,0,0,0,0,https://news.naver.com/main/read.nhn?mode=LSD&mid=sec&sid1=106&oid=421&aid=0004160579
전여빈,"'멜로가 체질' 천우희x전여빈x한지은, 클럽 일탈 즐겨",연예,11,2019,08,23,23:42,3,3,0,0,0,0,0,0,0,0,0,https://news.naver.com/main/read.nhn?mode=LSD&mid=sec&sid1=106&oid=112&aid=0003203943
전여빈,"'멜로가 체질' 천우희x전여빈x한지은, 클럽 일탈...한지은 공명 걱정 ↑(종합)",연예,11,2019,08,24,12:18,107,106,0,1,0,0,0,0,0,0,0,https://news.naver.com/main/read.nhn?mode=LSD&mid=sec&sid1=106&oid=112&aid=0003203949
전여빈,"'멜로가 체질' 천우희x전여빈x한지은 광란의 클럽 ""일탈中""",연예,11,2019,08,23,23:19,7,7,0,0,0,0,0,0,0,0,0,https://news.naver.com/main/read.nhn?mode=LSD&mid=sec&sid1=106&oid=213&aid=0001126812
전여빈,"전여빈, '멜로가 체질'서 발견한 '2019 최고 女신인'",연예,11,2019,08,18,9:25,4,4,0,0,0,0,0,0,0,0,0,https://news.naver.com/main/read.nhn?mode=LSD&mid=sec&sid1=106&oid=241&aid=0002948987
전여빈,"'멜로가 체질' 전여빈, 앞으로의 활약이 더 기대되는 이유는?",연예,11,2019,08,19,5:26,4,4,0,0,0,0,0,0,0,0,0,https://news.naver.com/main/read.nhn?mode=LSD&mid=sec&sid1=106&oid=011&aid=0003604670
전여빈,‘멜로가 체질’ 전여빈의 남자 한준우가 궁금하다,연예,11,2019,08,19,10:42,13,13,0,0,0,0,0,0,0,0,0,https://news.naver.com/main/read.nhn?mode=LSD&mid=sec&sid1=106&oid=382&aid=0000755096
전여빈,"'멜로가 체질' 천우희X전여빈X한지은, 서른이지만 스물처럼",연예,11,2019,08,23,14:25,1,1,0,0,0,0,0,0,0,0,0,https://news.naver.com/main/read.nhn?mode=LSD&mid=sec&sid1=106&oid=404&aid=0000250964
전여빈,"'멜로가 체질' 천우희-전여빈-한지은, '서른'이지만, 놀 때는 '스물'처럼",연예,11,2019,08,23,9:03,5,5,0,0,0,0,0,0,0,0,0,https://news.naver.com/main/read.nhn?mode=LSD&mid=sec&sid1=106&oid=076&aid=0003458903
전여빈,"[어게인TV] '멜로가 체질' 천우희x전여빈x한지은, 클럽 일탈 즐겨...""말 거는 남자들 귀찮아""",연예,11,2019,08,24,6:50,5,5,0,0,0,0,0,0,0,0,0,https://news.naver.com/main/read.nhn?mode=LSD&mid=sec&sid1=106&oid=112&aid=0003203956
전여빈,"‘멜로’ 전여빈, 츤데레+쓸쓸함 오가는 열연[핫TV] ",연예,11,2019,08,18,10:00,8,6,0,2,0,0,0,0,0,0,0,https://news.naver.com/main/read.nhn?mode=LSD&mid=sec&sid1=106&oid=109&aid=0004069622
전여빈,"[TV핫스팟] ‘멜로가 체질’ 전여빈, 츤데레↔쓸쓸함 오가는 열연",연예,11,2019,08,18,10:49,4,4,0,0,0,0,0,0,0,0,0,https://news.naver.com/main/read.nhn?mode=LSD&mid=sec&sid1=106&oid=396&aid=0000523196
전여빈,"'멜로가 체질' 전여빈, 츤데레와 쓸쓸함을 오가는 다채로운 열연",연예,11,2019,08,18,13:31,5,5,0,0,0,0,0,0,0,0,0,https://news.naver.com/main/read.nhn?mode=LSD&mid=sec&sid1=106&oid=015&aid=0004194085
전여빈,"‘멜로가 체질’ 전여빈, 응원 부르는 사이다 매력 터졌다",연예,11,2019,08,18,15:40,28,28,0,0,0,0,0,0,0,0,0,https://news.naver.com/main/read.nhn?mode=LSD&mid=sec&sid1=106&oid=213&aid=0001125343
전여빈,"'멜로가 체질'의 전담 사이다 전여빈, 아픈과거에서 벗어날까?",연예,11,2019,08,18,17:34,23,23,0,0,0,0,0,0,0,0,0,https://news.naver.com/main/read.nhn?mode=LSD&mid=sec&sid1=106&oid=437&aid=0000217682
전여빈,"‘멜로가 체질’ 돌직구가 체질인 전여빈, 앞으로 활약이 기대되는 이유",연예,11,2019,08,18,13:39,11,11,0,0,0,0,0,0,0,0,0,https://news.naver.com/main/read.nhn?mode=LSD&mid=sec&sid1=106&oid=609&aid=0000156659
전여빈,"전여빈, 일만 열면 어록… ""대사 소화력 120%""",연예,12,2019,08,31,10:17,4,4,0,0,0,0,0,0,0,0,0,https://news.naver.com/main/read.nhn?mode=LSD&mid=sec&sid1=106&oid=241&aid=0002953820
전여빈,"'멜로가 체질' 전여빈 ""표현의 영역 확장시키고 싶다"" [화보]",연예,12,2019,08,26,9:47,2,2,0,0,0,0,0,0,0,0,0,https://news.naver.com/main/read.nhn?mode=LSD&mid=sec&sid1=106&oid=076&aid=0003460009
전여빈,'화보가 체질'…매력부자 전여빈의 화보 공개,연예,12,2019,08,27,11:23,4,4,0,0,0,0,0,0,0,0,0,https://news.naver.com/main/read.nhn?mode=LSD&mid=sec&sid1=106&oid=018&aid=0004455027
전여빈,"'멜로가 체질' 전여빈, 독보적 연기력으로 믿보배 입증",연예,12,2019,08,25,9:07,26,26,0,0,0,0,0,0,0,0,0,https://news.naver.com/main/read.nhn?mode=LSD&mid=sec&sid1=106&oid=468&aid=0000552984
전여빈,"'멜로가 체질' 한준우, 전여빈 곁의 든든한 존재로 열연",연예,12,2019,08,26,13:59,5,5,0,0,0,0,0,0,0,0,0,https://news.naver.com/main/read.nhn?mode=LSD&mid=sec&sid1=106&oid=112&aid=0003204700
전여빈,[초점IS] '멜로가 체질' 이병헌표 B급 병맛 코믹 마성의 매력,연예,12,2019,08,28,8:01,28,28,0,0,0,0,0,0,0,0,0,https://news.naver.com/main/read.nhn?mode=LSD&mid=sec&sid1=106&oid=241&aid=0002952625
전여빈,"""난 포기를 즐기는 편"" '멜체' 전여빈, 찰진 대사의 맛",연예,12,2019,08,31,9:14,7,7,0,0,0,0,0,0,0,0,0,https://news.naver.com/main/read.nhn?mode=LSD&mid=sec&sid1=106&oid=109&aid=0004077872
전여빈,"'멜로가 체질' 전여빈, 솔직하면서도 밉지 않은 이은정 표 말말말",연예,12,2019,08,31,24:01,16,16,0,0,0,0,0,0,0,0,0,https://news.naver.com/main/read.nhn?mode=LSD&mid=sec&sid1=106&oid=311&aid=0001040284
전여빈,"'멜로가 체질' 전여빈, 솔직하면서도 밉지 않은 '이은정 표' 말말말",연예,12,2019,08,31,10:56,6,6,0,0,0,0,0,0,0,0,0,https://news.naver.com/main/read.nhn?mode=LSD&mid=sec&sid1=106&oid=076&aid=0003462528
전여빈,"'멜로가 체질' 전여빈, 통쾌하면서도 진솔한 대사로 즐거움 더해",연예,12,2019,08,31,15:49,12,12,0,0,0,0,0,0,0,0,0,https://news.naver.com/main/read.nhn?mode=LSD&mid=sec&sid1=106&oid=015&aid=0004201685
전여빈,"'멜로가 체질' 천우희X전여빈X한지은, 서른 살 친구들의 본격 멜로",연예,12,2019,08,30,9:37,7,7,0,0,0,0,0,0,0,0,0,https://news.naver.com/main/read.nhn?mode=LSD&mid=sec&sid1=106&oid=108&aid=0002807233
전여빈,"'멜로가 체질' 천우희·전여빈·한지은, 서른살 동갑내기 3인방의 멜로 예측도",연예,12,2019,08,30,9:01,2,2,0,0,0,0,0,0,0,0,0,https://news.naver.com/main/read.nhn?mode=LSD&mid=sec&sid1=106&oid=112&aid=0003206450
전여빈,"'멜로가 체질' 천우희X전여빈X한지은, 호기심 자극하는 멜로 예측도",연예,12,2019,08,30,9:10,2,2,0,0,0,0,0,0,0,0,0,https://news.naver.com/main/read.nhn?mode=LSD&mid=sec&sid1=106&oid=311&aid=0001039840
전여빈,"`멜로가 체질` 전여빈, 신비롭고 오묘한 매력 발산(화보)",연예,12,2019,08,26,15:19,13,13,0,0,0,0,0,0,0,0,0,https://news.naver.com/main/read.nhn?mode=LSD&mid=sec&sid1=106&oid=410&aid=0000617946
전여빈,‘멜로가 체질’ 전여빈 “춤추는 영화 해보고 싶다” [화보],연예,12,2019,08,26,9:14,2,2,0,0,0,0,0,0,0,0,0,https://news.naver.com/main/read.nhn?mode=LSD&mid=sec&sid1=106&oid=382&aid=0000756837
전여빈,"'멜로가 체질' 전여빈, 화보가 체질인 '매력부자' [화보]",연예,12,2019,08,26,9:05,7,7,0,0,0,0,0,0,0,0,0,https://news.naver.com/main/read.nhn?mode=LSD&mid=sec&sid1=106&oid=311&aid=0001037719
전여빈,"'멜로가체질' 전여빈, 신비로운 마스크+강렬 눈빛 [화보]",연예,12,2019,08,26,9:29,14,14,0,0,0,0,0,0,0,0,0,https://news.naver.com/main/read.nhn?mode=LSD&mid=sec&sid1=106&oid=117&aid=0003265277
전여빈,"'멜로가 체질' 전여빈, 독보적 연기력으로 믿고 보는 배우 입증",연예,12,2019,08,25,17:14,25,25,0,0,0,0,0,0,0,0,0,https://news.naver.com/main/read.nhn?mode=LSD&mid=sec&sid1=106&oid=015&aid=0004198024
전여빈,"""이래서 믿보배"" '멜로가 체질' 전여빈, 자신만 색채로 진가 입증",연예,12,2019,08,25,24:41,3,3,0,0,0,0,0,0,0,0,0,https://news.naver.com/main/read.nhn?mode=LSD&mid=sec&sid1=106&oid=241&aid=0002951598
전여빈,"""첫 드라마 맞아?""..'멜로가 체질' 한준우, 연기 살아있네",연예,12,2019,08,26,17:55,46,45,0,1,0,0,0,0,0,0,0,https://news.naver.com/main/read.nhn?mode=LSD&mid=sec&sid1=106&oid=404&aid=0000251097
전여빈,"'멜로가 체질' 천우희♥안재홍, 처음이지만 저세상 진도… 본격 멜로 시작될까",연예,12,2019,08,31,8:39,5,5,0,0,0,0,0,0,0,0,0,https://news.naver.com/main/read.nhn?mode=LSD&mid=sec&sid1=106&oid=015&aid=0004201615
전여빈,"'멜로가 체질' 서로에게 스며든 천우희와 안재홍, 본격 멜로 시작?",연예,12,2019,08,31,17:24,12,12,0,0,0,0,0,0,0,0,0,https://news.naver.com/main/read.nhn?mode=LSD&mid=sec&sid1=106&oid=437&aid=0000218698
전여빈,"'멜로가 체질' 천우희♥안재홍, 희한한 가상(?) 데이트→본격 멜로 시작",연예,12,2019,08,31,9:31,81,81,0,0,0,0,0,0,0,0,0,https://news.naver.com/main/read.nhn?mode=LSD&mid=sec&sid1=106&oid=076&aid=0003462508
전여빈,"'멜로가 체질' 전여빈과 함께 울어준 천우희·한지은, 이 우정 부럽다",연예,13,2019,09,07,8:02,1,1,0,0,0,0,0,0,0,0,0,https://news.naver.com/main/read.nhn?mode=LSD&mid=sec&sid1=106&oid=241&aid=0002955692
전여빈,"'멜로가 체질' 손석구 특별출연, 전여빈과 새로운 멜로 만들까",연예,13,2019,09,07,15:56,139,139,0,0,0,0,0,0,0,0,0,https://news.naver.com/main/read.nhn?mode=LSD&mid=sec&sid1=106&oid=468&aid=0000559461
전여빈,"‘멜로가 체질’ 전여빈, 언제 어디서나 대본과 함께···'열정 폭발'",연예,13,2019,09,06,9:55,1,1,0,0,0,0,0,0,0,0,0,https://news.naver.com/main/read.nhn?mode=LSD&mid=sec&sid1=106&oid=312&aid=0000408301
전여빈,"[종합]""마음 꽉 차는""…'멜로가 체질', 천우희♥안재홍 로맨스→전여빈 치유까지 남은 한방",연예,13,2019,09,06,15:28,4,4,0,0,0,0,0,0,0,0,0,https://news.naver.com/main/read.nhn?mode=LSD&mid=sec&sid1=106&oid=112&aid=0003209414
전여빈,"[N현장] '멜로가 체질' 전여빈 ""어두운 캐릭터 부담? 각각의 아픔과 생 그린 것""",연예,13,2019,09,06,14:51,4,4,0,0,0,0,0,0,0,0,0,https://news.naver.com/main/read.nhn?mode=LSD&mid=sec&sid1=106&oid=421&aid=0004185292
전여빈,"'멜로가 체질' 전여빈, ""손석구와 新조합? 현장 분위기 뜨거웠다""",연예,13,2019,09,06,17:25,21,21,0,0,0,0,0,0,0,0,0,https://news.naver.com/main/read.nhn?mode=LSD&mid=sec&sid1=106&oid=404&aid=0000251840
전여빈,"'멜로가 체질' 천우희X전여빈X한지은 ""내게도 띵작, 작품 통해 성장""",연예,13,2019,09,06,14:19,6,6,0,0,0,0,0,0,0,0,0,https://news.naver.com/main/read.nhn?mode=LSD&mid=sec&sid1=106&oid=241&aid=0002955518
전여빈,"'멜로가 체질' 천우희-전여빈-한지은-안재홍-공명, 멜로 기상 전선은?",연예,13,2019,09,05,13:10,5,5,0,0,0,0,0,0,0,0,0,https://news.naver.com/main/read.nhn?mode=LSD&mid=sec&sid1=106&oid=076&aid=0003464854
전여빈,'멜로가 체질' 대본 받은 천우희가 당황한 이유,연예,13,2019,09,06,18:20,123,122,0,1,0,0,0,0,0,0,0,https://news.naver.com/main/read.nhn?mode=LSD&mid=sec&sid1=106&oid=047&aid=0002239371
전여빈,"'멜로가 체질' 전여빈, 천우희·한지은에 ""힘들다"" 토로 [전일야화]",연예,13,2019,09,07,7:30,15,15,0,0,0,0,0,0,0,0,0,https://news.naver.com/main/read.nhn?mode=LSD&mid=sec&sid1=106&oid=311&aid=0001043124
전여빈,"'멜로가 체질' 전여빈, 남친 죽음 인정…천우희X한지은 '눈물 위로'",연예,13,2019,09,07,10:51,32,20,0,12,0,0,0,0,0,0,0,https://news.naver.com/main/read.nhn?mode=LSD&mid=sec&sid1=106&oid=076&aid=0003465716
전여빈,"""나 힘들어""…'멜로가 체질' 전여빈 고백에 함께 울어준 천우희X한지은 '뭉클'",연예,13,2019,09,07,8:22,6,6,0,0,0,0,0,0,0,0,0,https://news.naver.com/main/read.nhn?mode=LSD&mid=sec&sid1=106&oid=468&aid=0000559374
전여빈,"‘멜로가 체질’ 전여빈의 고백, 함께 울어준 천우희와 한지은",연예,13,2019,09,07,8:15,15,9,0,6,0,0,0,0,0,0,0,https://news.naver.com/main/read.nhn?mode=LSD&mid=sec&sid1=106&oid=015&aid=0004205573
전여빈,'멜로가 체질' 전여빈의 힘들단 고백..함께 울어준 천우희-한지은 '뭉클 위로',연예,13,2019,09,07,10:47,15,14,0,1,0,0,0,0,0,0,0,https://news.naver.com/main/read.nhn?mode=LSD&mid=sec&sid1=106&oid=404&aid=0000251871
전여빈,"[N컷] '멜로가 체질' 손석구, 막말 CF 감독 특별출연…전여빈과 로맨스?",연예,13,2019,09,07,15:25,12,12,0,0,0,0,0,0,0,0,0,https://news.naver.com/main/read.nhn?mode=LSD&mid=sec&sid1=106&oid=421&aid=0004186858
전여빈,"손석구, '멜로가 체질' 막말 CF 감독으로 전여빈과 '새 국면'",연예,13,2019,09,07,15:16,23,23,0,0,0,0,0,0,0,0,0,https://news.naver.com/main/read.nhn?mode=LSD&mid=sec&sid1=106&oid=241&aid=0002955779
전여빈,'멜로가 체질' 손석구 특별출연…전여빈과 첫 만남부터 '호통 배틀',연예,13,2019,09,07,16:38,8,8,0,0,0,0,0,0,0,0,0,https://news.naver.com/main/read.nhn?mode=LSD&mid=sec&sid1=106&oid=076&aid=0003465797
전여빈,‘멜로가 체질’ 전여빈 “촬영 종료. 벌써 보내기 아쉬워”,연예,13,2019,09,06,14:14,3,3,0,0,0,0,0,0,0,0,0,https://news.naver.com/main/read.nhn?mode=LSD&mid=sec&sid1=106&oid=382&aid=0000759772
전여빈,"'멜로가체질' 전여빈, 남다른 캐릭터 소화력 비결…대본 삼매경",연예,13,2019,09,06,9:19,2,2,0,0,0,0,0,0,0,0,0,https://news.naver.com/main/read.nhn?mode=LSD&mid=sec&sid1=106&oid=117&aid=0003270573
전여빈,"‘멜로가 체질’ 전여빈, 언제 어디서나 대본과 함께하는 열정",연예,13,2019,09,06,9:18,4,4,0,0,0,0,0,0,0,0,0,https://news.naver.com/main/read.nhn?mode=LSD&mid=sec&sid1=106&oid=215&aid=0000807956
전여빈,"‘멜로가 체질’ 전여빈, ‘사이다 여신’의 꼼꼼한 촬영 준비",연예,13,2019,09,06,9:42,4,4,0,0,0,0,0,0,0,0,0,https://news.naver.com/main/read.nhn?mode=LSD&mid=sec&sid1=106&oid=144&aid=0000630177
전여빈,"'멜로가 체질' 이병헌 감독→천우희 ""촬영 종료..행복했다""",연예,13,2019,09,06,14:26,55,55,0,0,0,0,0,0,0,0,0,https://news.naver.com/main/read.nhn?mode=LSD&mid=sec&sid1=106&oid=076&aid=0003465357
전여빈,"'멜체' 천우희·안재홍·한지은·공명·전여빈, 멜로♥기상도(ft.손석구)",연예,13,2019,09,05,13:37,8,8,0,0,0,0,0,0,0,0,0,https://news.naver.com/main/read.nhn?mode=LSD&mid=sec&sid1=106&oid=404&aid=0000251707
전여빈,"'멜로가체질' 천우희→전여빈, 5人의 멜로 기상 전선",연예,13,2019,09,05,13:20,2,2,0,0,0,0,0,0,0,0,0,https://news.naver.com/main/read.nhn?mode=LSD&mid=sec&sid1=106&oid=311&aid=0001042219
전여빈,"'멜로가 체질' 천우희·전여빈·한지은·안재홍·공명, 멜로 기상 전선은?",연예,13,2019,09,05,13:22,7,7,0,0,0,0,0,0,0,0,0,https://news.naver.com/main/read.nhn?mode=LSD&mid=sec&sid1=106&oid=312&aid=0000408120
전여빈,"""가랑비에 옷 젖듯""…'멜로가 체질' 천우희→전여빈→한지은, 반환점에서 준비한 '한방' (종합) [Oh!쎈 현장]",연예,13,2019,09,06,15:13,35,35,0,0,0,0,0,0,0,0,0,https://news.naver.com/main/read.nhn?mode=LSD&mid=sec&sid1=106&oid=109&aid=0004081649
전여빈,"[SC초점] 1%지만 괜찮아..'멜로가 체질', 극한 호불호 속 '띵작' 된 이유(종합)",연예,13,2019,09,06,15:51,339,338,0,1,0,0,0,0,0,0,0,https://news.naver.com/main/read.nhn?mode=LSD&mid=sec&sid1=106&oid=076&aid=0003465418
전여빈,"‘멜로가 체질’ 파출소서 재회 전여빈X손석구, 새 인연될까",연예,14,2019,09,14,14:08,5,5,0,0,0,0,0,0,0,0,0,https://news.naver.com/main/read.nhn?mode=LSD&mid=sec&sid1=106&oid=382&aid=0000760953
전여빈,"'멜로가 체질' 전여빈, 복잡한 내면 연기로 안타까움 자아내",연예,14,2019,09,14,14:11,10,10,0,0,0,0,0,0,0,0,0,https://news.naver.com/main/read.nhn?mode=LSD&mid=sec&sid1=106&oid=015&aid=0004208446
전여빈,"[리뷰IS] '멜로가 체질' 천우희·전여빈·한지은, 변화의 시동 걸렸다",연예,14,2019,09,14,8:30,5,5,0,0,0,0,0,0,0,0,0,https://news.naver.com/main/read.nhn?mode=LSD&mid=sec&sid1=106&oid=241&aid=0002957132
전여빈,"'멜로가체질' 안재홍, 천우희에 돌직구 고백 ""내가 좋아해요""…전여빈, 심리상담 중 오열[종합S]",연예,14,2019,09,14,12:00,5,5,0,0,0,0,0,0,0,0,0,https://news.naver.com/main/read.nhn?mode=LSD&mid=sec&sid1=106&oid=477&aid=0000207176
전여빈,"[추석★PICK] 전여빈 ""웃음·눈물 공존… 가족들과 함께 ‘코코’ 보세요""",연예,14,2019,09,11,19:13,1,1,0,0,0,0,0,0,0,0,0,https://news.naver.com/main/read.nhn?mode=LSD&mid=sec&sid1=106&oid=396&aid=0000525893
전여빈,"'멜로가 체질' 윤지온, 든든한 누나 지킴이.. 세 여자들과 찰떡 케미",연예,14,2019,09,08,15:39,15,15,0,0,0,0,0,0,0,0,0,https://news.naver.com/main/read.nhn?mode=LSD&mid=sec&sid1=106&oid=052&aid=0001340317
전여빈,"‘멜로가 체질’ 걸크러시-처연함, 전여빈의 롤러코스터같은 매력[어제TV]",연예,14,2019,09,08,6:01,18,18,0,0,0,0,0,0,0,0,0,https://news.naver.com/main/read.nhn?mode=LSD&mid=sec&sid1=106&oid=609&aid=0000167963
전여빈,"'멜로가 체질' 전여빈-손석구, 파출소에서 재회…새 인연 맺나",연예,14,2019,09,14,14:52,45,45,0,0,0,0,0,0,0,0,0,https://news.naver.com/main/read.nhn?mode=LSD&mid=sec&sid1=106&oid=241&aid=0002957177
전여빈,"'멜로가체질'측 ""오늘 추석영화 편성으로 11시 10분 방송..전여빈X손석구 기대해달라""(공식)",연예,14,2019,09,14,14:05,101,100,0,1,0,0,0,0,0,0,0,https://news.naver.com/main/read.nhn?mode=LSD&mid=sec&sid1=106&oid=109&aid=0004084722
전여빈,"'멜로가 체질' 전여빈-손석구, 파출소에서 재회…새 인연 맺나",연예,14,2019,09,14,14:07,4,4,0,0,0,0,0,0,0,0,0,https://news.naver.com/main/read.nhn?mode=LSD&mid=sec&sid1=106&oid=241&aid=0002957175
전여빈,"'멜로가 체질' 전여빈, 손석구와 파출소 재회…새로운 멜로될까",연예,14,2019,09,14,14:43,166,166,0,0,0,0,0,0,0,0,0,https://news.naver.com/main/read.nhn?mode=LSD&mid=sec&sid1=106&oid=421&aid=0004195230
전여빈,"‘멜로가 체질’ 전여빈, 지나간 기억 속 엄마와의 아픈 사연 예고",연예,14,2019,09,14,10:41,21,21,0,0,0,0,0,0,0,0,0,https://news.naver.com/main/read.nhn?mode=LSD&mid=sec&sid1=106&oid=469&aid=0000421991
전여빈,"‘멜로가 체질’ 전여빈, “힘들다, 안아줘”심경토로 내면 연기 ‘뭉클’",연예,14,2019,09,14,10:11,3,3,0,0,0,0,0,0,0,0,0,https://news.naver.com/main/read.nhn?mode=LSD&mid=sec&sid1=106&oid=144&aid=0000631336
전여빈,"'멜로가 체질' 전여빈, 2년 만에 힘겹게 전한 한마디 #힘들다 #안아줘",연예,14,2019,09,14,10:53,8,8,0,0,0,0,0,0,0,0,0,https://news.naver.com/main/read.nhn?mode=LSD&mid=sec&sid1=106&oid=311&aid=0001045496
전여빈,"'멜로가체질' 안재홍, 드디어 천우희에 고백 ""작가님 좋아해요""",연예,14,2019,09,14,9:19,44,43,0,1,0,0,0,0,0,0,0,https://news.naver.com/main/read.nhn?mode=LSD&mid=sec&sid1=106&oid=076&aid=0003467690
전여빈,"""작가님 좋아해요""…'멜로가 체질' 안재홍♥천우희, 커플 탄생할까",연예,14,2019,09,14,10:02,10,10,0,0,0,0,0,0,0,0,0,https://news.naver.com/main/read.nhn?mode=LSD&mid=sec&sid1=106&oid=421&aid=0004195119
전여빈,"""좋아해요""…'멜로가 체질' 안재홍, 천우희에 용기 낸 고백의 끝은?",연예,14,2019,09,14,8:03,5,5,0,0,0,0,0,0,0,0,0,https://news.naver.com/main/read.nhn?mode=LSD&mid=sec&sid1=106&oid=015&aid=0004208354
전여빈,"윤지온, '멜로가 체질'서 울리고 웃기는 '입체적 캐릭터'",연예,14,2019,09,08,14:54,19,19,0,0,0,0,0,0,0,0,0,https://news.naver.com/main/read.nhn?mode=LSD&mid=sec&sid1=106&oid=241&aid=0002955966
전여빈,"'멜로가 체질' 손석구 인터뷰한 전여빈 ""무슨 사연 있어요?""",연예,15,2019,09,20,14:32,11,11,0,0,0,0,0,0,0,0,0,https://news.naver.com/main/read.nhn?mode=LSD&mid=sec&sid1=106&oid=076&aid=0003470664
전여빈,"'멜로가 체질' 이주빈, 전여빈 질문에 ""김명준과 함께라면 방구없이 살 수 있다""",연예,15,2019,09,20,23:35,28,28,0,0,0,0,0,0,0,0,0,https://news.naver.com/main/read.nhn?mode=LSD&mid=sec&sid1=106&oid=112&aid=0003214318
전여빈,"'멜로가 체질' 손석구, 전여빈과 다정샷 ""오늘 더 많이 나오는 날""",연예,15,2019,09,21,17:03,106,105,0,1,0,0,0,0,0,0,0,https://news.naver.com/main/read.nhn?mode=LSD&mid=sec&sid1=106&oid=112&aid=0003214466
전여빈,"'멜로가 체질' 전여빈, 손석구 다른 모습 발견…보육원 봉사활동",연예,15,2019,09,21,23:48,43,43,0,0,0,0,0,0,0,0,0,https://news.naver.com/main/read.nhn?mode=LSD&mid=sec&sid1=106&oid=311&aid=0001048963
전여빈,"'멜로가 체질' 천우희X전여빈X한지은X이주빈, 한자리에 모였다…안재홍 ""사랑의 가해자가 되볼까""(종합)",연예,15,2019,09,21,12:05,21,21,0,0,0,0,0,0,0,0,0,https://news.naver.com/main/read.nhn?mode=LSD&mid=sec&sid1=106&oid=112&aid=0003214327
전여빈,"'멜로가 체질' 이주빈, 전여빈에 ""김명준과의 로맨스도 촬영하자""",연예,15,2019,09,20,23:24,14,14,0,0,0,0,0,0,0,0,0,https://news.naver.com/main/read.nhn?mode=LSD&mid=sec&sid1=106&oid=311&aid=0001048731
전여빈,"전여빈, 한준우 실체 알았다...손석구 러브라인 '핑크빛' [핫TV]",연예,15,2019,09,15,8:46,28,28,0,0,0,0,0,0,0,0,0,https://news.naver.com/main/read.nhn?mode=LSD&mid=sec&sid1=106&oid=109&aid=0004084886
전여빈,"'멜로가 체질' 전여빈, 손석구와 재회..새 인연일까[별별TV]",연예,15,2019,09,15,12:40,19,19,0,0,0,0,0,0,0,0,0,https://news.naver.com/main/read.nhn?mode=LSD&mid=sec&sid1=106&oid=108&aid=0002810189
전여빈,"‘멜로가 체질’ 손석구 재등장, 전여빈과 어떤 인연 이어갈까",연예,15,2019,09,20,14:53,64,64,0,0,0,0,0,0,0,0,0,https://news.naver.com/main/read.nhn?mode=LSD&mid=sec&sid1=106&oid=382&aid=0000762620
전여빈,"'멜로가 체질' 측, ""전여빈X손석구, 막말 콤비 관계변화 기대""",연예,15,2019,09,20,15:03,5,5,0,0,0,0,0,0,0,0,0,https://news.naver.com/main/read.nhn?mode=LSD&mid=sec&sid1=106&oid=404&aid=0000252747
전여빈,"'멜로가 체질' 전여빈X손석구, 예상치 못한 막말 콤비..""무슨 사연 있어요?""",연예,15,2019,09,20,15:13,8,8,0,0,0,0,0,0,0,0,0,https://news.naver.com/main/read.nhn?mode=LSD&mid=sec&sid1=106&oid=011&aid=0003621820
전여빈,"‘멜로가 체질’ 전여빈, 캐릭터와 딱 맞는 깔끔한 스타일로 이은정 룩 완성",연예,15,2019,09,20,9:14,2,2,0,0,0,0,0,0,0,0,0,https://news.naver.com/main/read.nhn?mode=LSD&mid=sec&sid1=106&oid=215&aid=0000810933
전여빈,"'멜로가체질' 전여빈, 캐릭터와 맞춤..개성 넘치는 매력",연예,15,2019,09,20,9:48,9,9,0,0,0,0,0,0,0,0,0,https://news.naver.com/main/read.nhn?mode=LSD&mid=sec&sid1=106&oid=108&aid=0002811471
전여빈,"[어게인TV] '멜로가 체질' 천우희X안재홍, 방귀로 위기→더 가까운 사이",연예,15,2019,09,21,6:50,6,6,0,0,0,0,0,0,0,0,0,https://news.naver.com/main/read.nhn?mode=LSD&mid=sec&sid1=106&oid=112&aid=0003214337
전여빈,"[종영D-day]'멜로가 체질' 천우희X전여빈X한지은, 멜로 어떤 결말 맞을까",연예,16,2019,09,28,17:30,11,11,0,0,0,0,0,0,0,0,0,https://news.naver.com/main/read.nhn?mode=LSD&mid=sec&sid1=106&oid=112&aid=0003217151
전여빈,"‘멜로가 체질’ 천우희-전여빈-한지은, 세 서른의 멜로 결말은?!",연예,16,2019,09,27,14:25,10,10,0,0,0,0,0,0,0,0,0,https://news.naver.com/main/read.nhn?mode=LSD&mid=sec&sid1=106&oid=382&aid=0000764468
전여빈,"'멜로가 체질' 손석구, 전여빈에 ""아프리카 같이 갈래요?""",연예,16,2019,09,28,23:40,65,65,0,0,0,0,0,0,0,0,0,https://news.naver.com/main/read.nhn?mode=LSD&mid=sec&sid1=106&oid=312&aid=0000412101
전여빈,"""모든 것이 선물""…'멜로가체질' 종영까지 2회, 천우희X전여빈X한지은 편지 공개",연예,16,2019,09,27,10:29,20,20,0,0,0,0,0,0,0,0,0,https://news.naver.com/main/read.nhn?mode=LSD&mid=sec&sid1=106&oid=468&aid=0000568339
전여빈,"'멜로가 체질' 한지은, 천우희X전여빈에 ""만나는 사람있다"" (종합)",연예,16,2019,09,28,12:54,16,16,0,0,0,0,0,0,0,0,0,https://news.naver.com/main/read.nhn?mode=LSD&mid=sec&sid1=106&oid=112&aid=0003216985
전여빈,"'멜로가 체질' 전여빈, 손석구와 보육원서 뜻밖의 만남…마음속 상처 극복 조짐",연예,16,2019,09,22,13:21,12,12,0,0,0,0,0,0,0,0,0,https://news.naver.com/main/read.nhn?mode=LSD&mid=sec&sid1=106&oid=015&aid=0004212354
전여빈,"""종영까지 단 2회""..'멜로가 체질', 배우 전여빈의 진가",연예,16,2019,09,23,11:33,54,54,0,0,0,0,0,0,0,0,0,https://news.naver.com/main/read.nhn?mode=LSD&mid=sec&sid1=106&oid=404&aid=0000252860
전여빈,"'멜로가 체질' 전여빈, 손석구와 봉사활동하며 가까워졌다 [종합]",연예,16,2019,09,22,12:18,52,51,0,1,0,0,0,0,0,0,0,https://news.naver.com/main/read.nhn?mode=LSD&mid=sec&sid1=106&oid=311&aid=0001048967
전여빈,"‘멜로가 체질’ 천우희-전여빈-한지은, 고민에 빠진 ‘서른의 멜로’",연예,16,2019,09,27,15:31,1,1,0,0,0,0,0,0,0,0,0,https://news.naver.com/main/read.nhn?mode=LSD&mid=sec&sid1=106&oid=081&aid=0003032025
전여빈,"'멜로가 체질' 측, ""천우희X전여빈X한지은, 세 서른의 멜로 결말 기대"" 당부",연예,16,2019,09,27,17:31,44,44,0,0,0,0,0,0,0,0,0,https://news.naver.com/main/read.nhn?mode=LSD&mid=sec&sid1=106&oid=404&aid=0000253266
전여빈,"2회 남은 ‘멜로가 체질’, 과연 천우희-전여빈-한지은의 멜로 결말은?",연예,16,2019,09,27,18:11,12,12,0,0,0,0,0,0,0,0,0,https://news.naver.com/main/read.nhn?mode=LSD&mid=sec&sid1=106&oid=408&aid=0000078527
전여빈,"'멜로가 체질' 천우희→임진주X전여빈→이은정X한지은→황한주, 마지막 편지 제2탄",연예,16,2019,09,27,10:50,1,1,0,0,0,0,0,0,0,0,0,https://news.naver.com/main/read.nhn?mode=LSD&mid=sec&sid1=106&oid=015&aid=0004215240
전여빈,"""잘 놀다 갑니다"" '멜로가 체질' 천우희·전여빈·한지은 편지 공개",연예,16,2019,09,27,9:56,4,4,0,0,0,0,0,0,0,0,0,https://news.naver.com/main/read.nhn?mode=LSD&mid=sec&sid1=106&oid=437&aid=0000220615
전여빈,"""굿바이 서른즈""..천우희X전여빈X한지은, '멜로가 체질'을 보내며",연예,16,2019,09,27,13:01,6,6,0,0,0,0,0,0,0,0,0,https://news.naver.com/main/read.nhn?mode=LSD&mid=sec&sid1=106&oid=404&aid=0000253241
전여빈,"""굿바이, 서른즈!""‥종영 D-2 '멜로가 체질', 천우희X전여빈X한지은의 편지",연예,16,2019,09,27,9:47,1,1,0,0,0,0,0,0,0,0,0,https://news.naver.com/main/read.nhn?mode=LSD&mid=sec&sid1=106&oid=112&aid=0003216650
전여빈,"'멜로가 체질' 전여빈, 손석구와 보육원에서 뜻밖의 재회..마음속 상처 극복 조짐",연예,16,2019,09,22,8:47,37,37,0,0,0,0,0,0,0,0,0,https://news.naver.com/main/read.nhn?mode=LSD&mid=sec&sid1=106&oid=109&aid=0004088608
전여빈,"‘멜로가 체질’ 전여빈X손석구 또 뜻밖의 만남, 아프지만 희망적인 엔딩",연예,16,2019,09,22,8:15,8,8,0,0,0,0,0,0,0,0,0,https://news.naver.com/main/read.nhn?mode=LSD&mid=sec&sid1=106&oid=609&aid=0000174848
전여빈,"'멜로가 체질' 전여빈, 손석구와 보육원서 재회...마음의 변화 시작",연예,16,2019,09,22,8:18,9,8,0,1,0,0,0,0,0,0,0,https://news.naver.com/main/read.nhn?mode=LSD&mid=sec&sid1=106&oid=468&aid=0000565335
전여빈,"‘멜로가 체질’ 전여빈, 그녀가 그려낼 마지막 이야기에 이목 집중",연예,16,2019,09,23,9:09,10,10,0,0,0,0,0,0,0,0,0,https://news.naver.com/main/read.nhn?mode=LSD&mid=sec&sid1=106&oid=215&aid=0000811295
전여빈,"‘멜로가 체질’ 전여빈, 상처 극복하고 손석구와 행복한 결말 맞이 하나?",연예,16,2019,09,23,9:16,38,38,0,0,0,0,0,0,0,0,0,https://news.naver.com/main/read.nhn?mode=LSD&mid=sec&sid1=106&oid=469&aid=0000424421
전여빈,"‘멜로가 체질’ 전여빈, 상처 극복하고 행복 되찾을까",연예,16,2019,09,23,9:51,10,10,0,0,0,0,0,0,0,0,0,https://news.naver.com/main/read.nhn?mode=LSD&mid=sec&sid1=106&oid=382&aid=0000763029
전여빈,"'멜로가 체질' 전여빈, 손석구와 봉사활동…한준우 ""너를 지켜줘"" 눈물(종합)",연예,16,2019,09,22,12:06,25,24,0,1,0,0,0,0,0,0,0,https://news.naver.com/main/read.nhn?mode=LSD&mid=sec&sid1=106&oid=112&aid=0003214525
전여빈,"[어게인TV] '멜로가 체질' 전여빈X손석구, 봉사활동으로 가까워졌다…한준우 일기에 눈물",연예,16,2019,09,22,6:50,9,9,0,0,0,0,0,0,0,0,0,https://news.naver.com/main/read.nhn?mode=LSD&mid=sec&sid1=106&oid=112&aid=0003214537
전여빈,[부일영화상]신인 여자연기상 ‘죄 많은 소녀’ 전여빈,생활,17,2019,10,04,18:41,12,12,0,0,0,0,0,0,0,0,0,https://news.naver.com/main/read.nhn?mode=LSD&mid=sec&sid1=103&oid=082&aid=0000946733
전여빈,팬들에게 인사하는 전여빈,연예,17,2019,10,04,19:13,4,4,0,0,0,0,0,0,0,0,0,https://news.naver.com/main/read.nhn?mode=LSD&mid=sec&sid1=106&oid=001&aid=0011122750
전여빈,"[24회 BIFF] 성유빈X전여빈, 부일영화상 신인상 '감격의 눈물'",연예,17,2019,10,04,18:29,9,9,0,0,0,0,0,0,0,0,0,https://news.naver.com/main/read.nhn?mode=LSD&mid=sec&sid1=106&oid=241&aid=0002964170
전여빈,"`부일영화상` 성유빈 전여빈, 신인상 수상에 울컥 [24th BIFF]",연예,17,2019,10,04,18:31,3,3,0,0,0,0,0,0,0,0,0,https://news.naver.com/main/read.nhn?mode=LSD&mid=sec&sid1=106&oid=009&aid=0004439290
전여빈,"'부일영화상' 김의석 감독, 신인상 수상…전여빈 '눈물' [24th BIFF]",연예,17,2019,10,04,18:25,2,2,0,0,0,0,0,0,0,0,0,https://news.naver.com/main/read.nhn?mode=LSD&mid=sec&sid1=106&oid=117&aid=0003282516
전여빈,전여빈 `신인상 받고 싶어요` [MK포토],연예,17,2019,10,04,17:31,2,2,0,0,0,0,0,0,0,0,0,https://news.naver.com/main/read.nhn?mode=LSD&mid=sec&sid1=106&oid=410&aid=0000629889
전여빈,"전여빈 “다시 택해도 ‘멜로가 체질’, 뜨거운 1% 영광이죠” [인터뷰]",연예,17,2019,10,04,8:00,19,19,0,0,0,0,0,0,0,0,0,https://news.naver.com/main/read.nhn?mode=LSD&mid=sec&sid1=106&oid=144&aid=0000634899
전여빈,‘멜로가 체질’ 전여빈 “대사 많은 천우희 ‘쇼미더머니’ 나가라고 농담”[EN:인터뷰],연예,17,2019,10,04,15:14,20,20,0,0,0,0,0,0,0,0,0,https://news.naver.com/main/read.nhn?mode=LSD&mid=sec&sid1=106&oid=609&aid=0000182416
전여빈,"[인터뷰②]전여빈 ""실제 연애할 때 재지 않는 스타일, '썸' 이상해""",연예,17,2019,10,04,11:06,16,16,0,0,0,0,0,0,0,0,0,https://news.naver.com/main/read.nhn?mode=LSD&mid=sec&sid1=106&oid=241&aid=0002963964
전여빈,"[포토] 전여빈, 어색하게 손인사만",연예,17,2019,10,04,18:03,2,2,0,0,0,0,0,0,0,0,0,https://news.naver.com/main/read.nhn?mode=LSD&mid=sec&sid1=106&oid=009&aid=0004439278
전여빈,"성유빈·전여빈, 눈물의 신인남녀연기상 “부끄럽지 않도록” [28회 부일영화상]",연예,17,2019,10,04,18:36,8,8,0,0,0,0,0,0,0,0,0,https://news.naver.com/main/read.nhn?mode=LSD&mid=sec&sid1=106&oid=410&aid=0000629904
전여빈,"성유빈·전여빈, 부일영화상 신인 남녀 연기상 수상..눈물 펑펑 [24th BIFF]",연예,17,2019,10,04,18:29,6,6,0,0,0,0,0,0,0,0,0,https://news.naver.com/main/read.nhn?mode=LSD&mid=sec&sid1=106&oid=108&aid=0002814934
전여빈,"[부일영화상] 성유빈·전여빈, 신인 남녀연기상 수상",연예,17,2019,10,04,18:27,34,32,0,2,0,0,0,0,0,0,0,https://news.naver.com/main/read.nhn?mode=LSD&mid=sec&sid1=106&oid=421&aid=0004232321
전여빈,"[2019 부일영화상] 성유빈·전여빈, 신인남녀연기상 수상 ‘감동의 눈물’",연예,17,2019,10,04,18:29,2,2,0,0,0,0,0,0,0,0,0,https://news.naver.com/main/read.nhn?mode=LSD&mid=sec&sid1=106&oid=382&aid=0000766357
전여빈,"[사진]전여빈, '반가워요'",연예,17,2019,10,04,19:10,2,2,0,0,0,0,0,0,0,0,0,https://news.naver.com/main/read.nhn?mode=LSD&mid=sec&sid1=106&oid=109&aid=0004095952
전여빈,"전여빈, 앞으로가 기대되는 배우",연예,17,2019,10,04,17:31,3,3,0,0,0,0,0,0,0,0,0,https://news.naver.com/main/read.nhn?mode=LSD&mid=sec&sid1=106&oid=421&aid=0004232246
전여빈,"[SC-BIFF] ""기회줘 감사""…성유빈X전여빈, 부일영화상 신인상 눈물의 수상",연예,17,2019,10,04,19:01,1,1,0,0,0,0,0,0,0,0,0,https://news.naver.com/main/read.nhn?mode=LSD&mid=sec&sid1=106&oid=076&aid=0003477002
전여빈,"성유빈X전여빈, '2019 부일영화상' 男女신인상[24th BIFF]",연예,17,2019,10,04,18:53,3,3,0,0,0,0,0,0,0,0,0,https://news.naver.com/main/read.nhn?mode=LSD&mid=sec&sid1=106&oid=109&aid=0004095941
전여빈,"'부일영화상' 전여빈, 신인상 수상 ""부끄럽지 않은 배우되겠다"" 울컥 [24th BIFF]",연예,17,2019,10,04,18:28,9,9,0,0,0,0,0,0,0,0,0,https://news.naver.com/main/read.nhn?mode=LSD&mid=sec&sid1=106&oid=117&aid=0003282521
전여빈,"성유빈·전여빈, 부일영화상 남녀신인상 수상 ""부끄럽지 않은 배우될 것"" [BIFF 2019]",연예,17,2019,10,04,18:28,4,3,0,1,0,0,0,0,0,0,0,https://news.naver.com/main/read.nhn?mode=LSD&mid=sec&sid1=106&oid=311&aid=0001055209
전여빈,“먼지 같을 때 기회 줬다” 성유빈 전여빈 남녀신인상 ‘눈물’[부일영화상],연예,17,2019,10,04,18:29,3,3,0,0,0,0,0,0,0,0,0,https://news.naver.com/main/read.nhn?mode=LSD&mid=sec&sid1=106&oid=609&aid=0000182619
전여빈,‘죄많은소녀’ 김의석 감독 신인감독상 수상..전여빈 눈물[부일영화상],연예,17,2019,10,04,18:20,7,7,0,0,0,0,0,0,0,0,0,https://news.naver.com/main/read.nhn?mode=LSD&mid=sec&sid1=106&oid=609&aid=0000182609
전여빈,"[팝인터뷰②]윤지온 ""천우희·전여빈·한지은 연기 센스 대단..배려심에 긴장 풀려""",연예,18,2019,10,12,15:31,27,27,0,0,0,0,0,0,0,0,0,https://news.naver.com/main/read.nhn?mode=LSD&mid=sec&sid1=106&oid=112&aid=0003222374
전여빈,"전여빈, 러블리 입장 (부일영화상)",연예,18,2019,10,06,19:51,2,2,0,0,0,0,0,0,0,0,0,https://news.naver.com/main/read.nhn?mode=LSD&mid=sec&sid1=106&oid=011&aid=0003630021
전여빈,"""배우 포기하려고도..."" 전여빈이 고백한 속마음",연예,18,2019,10,08,11:53,28,28,0,0,0,0,0,0,0,0,0,https://news.naver.com/main/read.nhn?mode=LSD&mid=sec&sid1=106&oid=047&aid=0002242735
전여빈,"'멜로가 체질' 한지은 ""천우희·전여빈과 호흡? 완벽한 트라이앵글"" [엑's 인터뷰]",연예,18,2019,10,12,8:00,7,7,0,0,0,0,0,0,0,0,0,https://news.naver.com/main/read.nhn?mode=LSD&mid=sec&sid1=106&oid=311&aid=0001058502
전여빈,"'멜로가체질' 전여빈, ""녹슬지 않는 배우 되고 싶어요"" [MD인터뷰①]",연예,18,2019,10,07,7:01,16,16,0,0,0,0,0,0,0,0,0,https://news.naver.com/main/read.nhn?mode=LSD&mid=sec&sid1=106&oid=117&aid=0003283432
전여빈,"'멜로가체질' 전여빈 ""손석구와 호흡, 신기하고 반가웠다"" [MD인터뷰③]",연예,18,2019,10,07,7:01,17,17,0,0,0,0,0,0,0,0,0,https://news.naver.com/main/read.nhn?mode=LSD&mid=sec&sid1=106&oid=117&aid=0003283434
전여빈,"'멜로가체질' 전여빈 ""천우희 왈, 다 도른자들이라고"" 美친 케미 [MD인터뷰②]",연예,18,2019,10,07,7:01,3,3,0,0,0,0,0,0,0,0,0,https://news.naver.com/main/read.nhn?mode=LSD&mid=sec&sid1=106&oid=117&aid=0003283433
전여빈,"[팝인터뷰②]한지은 ""원래 천우희·전여빈 팬..서로 의지하며 실제 친구 됐다""",연예,18,2019,10,09,13:31,10,10,0,0,0,0,0,0,0,0,0,https://news.naver.com/main/read.nhn?mode=LSD&mid=sec&sid1=106&oid=112&aid=0003221158
전여빈,"김민호, 충성! (부일영화상)",연예,18,2019,10,06,19:57,2,2,0,0,0,0,0,0,0,0,0,https://news.naver.com/main/read.nhn?mode=LSD&mid=sec&sid1=106&oid=011&aid=0003630027
전여빈,"[스브수다]""조금 느리더라도 부끄럼 없이""…전여빈, 강한 내공의 비밀",연예,19,2019,10,14,10:06,149,149,0,0,0,0,0,0,0,0,0,https://news.naver.com/main/read.nhn?mode=LSD&mid=sec&sid1=106&oid=416&aid=0000249973
전여빈,"[인터뷰②]윤지온 ""천우희·전여빈·한지은, 부족함 없는 배우이자 선배""",연예,19,2019,10,14,10:55,7,7,0,0,0,0,0,0,0,0,0,https://news.naver.com/main/read.nhn?mode=LSD&mid=sec&sid1=106&oid=241&aid=0002967407
전여빈,[이슈스타] ‘멜로가 체질’ 전여빈 “다시 출발선에 선 마음으로…더 애쓰고 싶어요”,연예,19,2019,10,13,14:59,43,43,0,0,0,0,0,0,0,0,0,https://news.naver.com/main/read.nhn?mode=LSD&mid=sec&sid1=106&oid=396&aid=0000529184
전여빈,"[인터뷰] ‘멜로가 체질’ 한지은 “체감 시청률은 30%, 위로 받았단 반응에 감격”",연예,19,2019,10,18,7:03,15,15,0,0,0,0,0,0,0,0,0,https://news.naver.com/main/read.nhn?mode=LSD&mid=sec&sid1=106&oid=009&aid=0004446637
전여빈,[DA:인터뷰] 윤지온 “‘멜로가 체질’ 의지할 건 대본과 누나들 뿐”,연예,19,2019,10,16,11:17,34,34,0,0,0,0,0,0,0,0,0,https://news.naver.com/main/read.nhn?mode=LSD&mid=sec&sid1=106&oid=382&aid=0000769049
전여빈,"'멜로가 체질' 윤지온 ""중간투입, 준비 부족해 아쉬워...그래도 즐거웠다""[SS인터뷰①]",연예,19,2019,10,19,7:00,20,20,0,0,0,0,0,0,0,0,0,https://news.naver.com/main/read.nhn?mode=LSD&mid=sec&sid1=106&oid=468&aid=0000578706
전여빈,"악역 포스 넘치는 반전 매력의 소유자, 엄태구의 이모저모",연예,19,2019,10,16,24:15,8,8,0,0,0,0,0,0,0,0,0,https://news.naver.com/main/read.nhn?mode=LSD&mid=sec&sid1=106&oid=140&aid=0000041078
전여빈,[2019 위아자] 백종원 조리복·최강창민 구찌 가방…연예·문화·스포츠 스타 나눔의 손길,사회,19,2019,10,18,2:01,8,7,1,0,0,0,0,0,0,0,0,https://news.naver.com/main/read.nhn?mode=LSD&mid=sec&sid1=102&oid=025&aid=0002945799
전여빈,"[인터뷰①]'멜로' 김명준 ""이병헌 감독=상대방 편하게 해주는 사람""",연예,20,2019,10,22,18:21,15,15,0,0,0,0,0,0,0,0,0,https://news.naver.com/main/read.nhn?mode=LSD&mid=sec&sid1=106&oid=241&aid=0002971169
전여빈,"""경호원님과 복붙""..강소라, 비율로 압도하는 순백의 슈트핏",연예,21,2019,10,29,15:25,8,8,0,0,0,0,0,0,0,0,0,https://news.naver.com/main/read.nhn?mode=LSD&mid=sec&sid1=106&oid=241&aid=0002974121
전여빈,[공식] 최민식X한석규 '천문:하늘에묻는다' 12월 개봉 확정..'백두산'과 빅매치,연예,22,2019,11,07,10:45,4,4,0,0,0,0,0,0,0,0,0,https://news.naver.com/main/read.nhn?mode=LSD&mid=sec&sid1=106&oid=076&aid=0003493167
전여빈,"미리 본 내년 극장가, 쇼박스·뉴…톱스타·대작 풍성②",생활,22,2019,11,03,9:26,41,21,9,0,11,0,0,0,0,0,0,https://news.naver.com/main/read.nhn?mode=LSD&mid=sec&sid1=103&oid=001&aid=0011185967
전여빈,"[단독] 안재홍, 이상윤X김태리 소속사 제이와이드컴퍼니行 ‘유력’",연예,22,2019,11,06,16:41,9,8,0,1,0,0,0,0,0,0,0,https://news.naver.com/main/read.nhn?mode=LSD&mid=sec&sid1=106&oid=469&aid=0000437735
전여빈,"제이와이드컴퍼니 측 “안재홍과 미팅, 확정된 건 없다”(공식입장)",연예,22,2019,11,06,17:14,2,2,0,0,0,0,0,0,0,0,0,https://news.naver.com/main/read.nhn?mode=LSD&mid=sec&sid1=106&oid=609&aid=0000198989
전여빈,"친구가 죽었다, 사람들은 나를 의심하기 시작했다",연예,23,2019,11,15,14:41,3,3,0,0,0,0,0,0,0,0,0,https://news.naver.com/main/read.nhn?mode=LSD&mid=sec&sid1=106&oid=047&aid=0002246831
전여빈,"뮤지션-CEO-인간, 그 위의 경계선에 선 지코 “내 안의 다양한 감정, 외면하지 않았어요” [인터뷰]",연예,23,2019,11,14,8:00,3,3,0,0,0,0,0,0,0,0,0,https://news.naver.com/main/read.nhn?mode=LSD&mid=sec&sid1=106&oid=144&aid=0000642064
전여빈,"""같은 꿈 꿨던 두 천재""…'천문' 최민식X한석규가 열연 담긴 강렬한 티저 예고편",연예,23,2019,11,11,15:42,10,10,0,0,0,0,0,0,0,0,0,https://news.naver.com/main/read.nhn?mode=LSD&mid=sec&sid1=106&oid=076&aid=0003495096
전여빈,"뜨겁다, 12월 대전…'백두산' vs '천문' vs '시동'",연예,23,2019,11,12,24:40,10,10,0,0,0,0,0,0,0,0,0,https://news.naver.com/main/read.nhn?mode=LSD&mid=sec&sid1=106&oid=477&aid=0000217911
전여빈,[화보IS] 전여빈의 시적 아름다움,연예,24,2019,11,20,9:46,10,10,0,0,0,0,0,0,0,0,0,https://news.naver.com/main/read.nhn?mode=LSD&mid=sec&sid1=106&oid=241&aid=0002981328
전여빈,"전여빈, 잔잔하고 진중함 속에 우아함이 깃든, 시(詩)적인 아름다움",연예,24,2019,11,21,2:06,4,4,0,0,0,0,0,0,0,0,0,https://news.naver.com/main/read.nhn?mode=LSD&mid=sec&sid1=106&oid=011&aid=0003654639
전여빈,"넷플릭스, 영화 '이이리시맨'·드라마 4편 다음 주 공개",연예,24,2019,11,22,17:33,6,6,0,0,0,0,0,0,0,0,0,https://news.naver.com/main/read.nhn?mode=LSD&mid=sec&sid1=106&oid=003&aid=0009571757
전여빈,"'천문:하늘에 묻는다' 허진호 감독, 섬세한 내면묘사X스펙터클 사극 기대감",연예,24,2019,11,20,8:07,1,1,0,0,0,0,0,0,0,0,0,https://news.naver.com/main/read.nhn?mode=LSD&mid=sec&sid1=106&oid=468&aid=0000594225
전여빈,"최민식X한석규 '천문', 오늘(18일) '대세★' 펭수 만났다…""연기 오디션 도전"" [공식]",연예,24,2019,11,18,17:57,137,135,0,2,0,0,0,0,0,0,0,https://news.naver.com/main/read.nhn?mode=LSD&mid=sec&sid1=106&oid=117&aid=0003302285
전여빈,"전여빈, 잔잔하지만 찬란하게 빛나는 [화보]",연예,24,2019,11,20,9:47,6,6,0,0,0,0,0,0,0,0,0,https://news.naver.com/main/read.nhn?mode=LSD&mid=sec&sid1=106&oid=382&aid=0000777979
전여빈,"전여빈 "" 현재가 인생의 가장 좋은 순간이자 행복"" [화보]",연예,24,2019,11,20,11:05,21,21,0,0,0,0,0,0,0,0,0,https://news.naver.com/main/read.nhn?mode=LSD&mid=sec&sid1=106&oid=311&aid=0001077164
전여빈,"허진호 감독 ""장영실 역사 기록 많지 않다는 빈틈 흥미로웠다""",연예,24,2019,11,20,11:09,3,3,0,0,0,0,0,0,0,0,0,https://news.naver.com/main/read.nhn?mode=LSD&mid=sec&sid1=106&oid=003&aid=0009566614
전여빈,"'천문' 허진호 감독, 섬세한 내면 묘사·스펙터클한 사극의 조화",연예,24,2019,11,20,10:09,3,3,0,0,0,0,0,0,0,0,0,https://news.naver.com/main/read.nhn?mode=LSD&mid=sec&sid1=106&oid=311&aid=0001077131
전여빈,"""섬세한 내면 묘사"" '천문', 3년만에 돌아온 허진호 감독",연예,24,2019,11,20,7:41,4,4,0,0,0,0,0,0,0,0,0,https://news.naver.com/main/read.nhn?mode=LSD&mid=sec&sid1=106&oid=241&aid=0002981303
전여빈,"‘천문’ 허진호 감독, 세종-장영실과 함께 3년 만에 돌아왔다",연예,24,2019,11,20,8:16,1,1,0,0,0,0,0,0,0,0,0,https://news.naver.com/main/read.nhn?mode=LSD&mid=sec&sid1=106&oid=382&aid=0000777942
전여빈,"배우 전여빈, 청순+세련美 가득한 화보 비하인드컷 공개",연예,25,2019,11,28,2:01,1,1,0,0,0,0,0,0,0,0,0,https://news.naver.com/main/read.nhn?mode=LSD&mid=sec&sid1=106&oid=011&aid=0003658332
전여빈,"'방구석1열' 변영주 감독 ""'죄 많은 소녀'를 본 날, 아무것도 하지 못했다""",연예,25,2019,11,30,10:28,7,7,0,0,0,0,0,0,0,0,0,https://news.naver.com/main/read.nhn?mode=LSD&mid=sec&sid1=106&oid=076&aid=0003503285
전여빈,"박세진, 제이와이드컴퍼니와 전속계약…김태리·이상윤과 한솥밥",연예,25,2019,11,29,11:01,8,7,0,1,0,0,0,0,0,0,0,https://news.naver.com/main/read.nhn?mode=LSD&mid=sec&sid1=106&oid=052&aid=0001371279
전여빈,"영화 '천문', 최민식-한석규를 20년 만에 붙여놓다",연예,25,2019,11,27,18:59,11,11,0,0,0,0,0,0,0,0,0,https://news.naver.com/main/read.nhn?mode=LSD&mid=sec&sid1=106&oid=079&aid=0003296343
전여빈,"""두 연기神의 만남!""…'천문' 최민식x한석규가 그린 장영실·세종의 비하인드 [종합]",연예,25,2019,11,27,24:05,2,2,0,0,0,0,0,0,0,0,0,https://news.naver.com/main/read.nhn?mode=LSD&mid=sec&sid1=106&oid=117&aid=0003305501
전여빈,"'천문' 최민식 ""한석규와 21년 만에 조우, 짠하기도 하고 보람도 느껴져""",연예,25,2019,11,27,11:16,3,3,0,0,0,0,0,0,0,0,0,https://news.naver.com/main/read.nhn?mode=LSD&mid=sec&sid1=106&oid=076&aid=0003502078
전여빈,"'방구석1열' 변영주 ""'죄 많은 소녀' 본 날, 아무 것도 못했다""",연예,25,2019,11,30,9:55,4,4,0,0,0,0,0,0,0,0,0,https://news.naver.com/main/read.nhn?mode=LSD&mid=sec&sid1=106&oid=213&aid=0001142861
전여빈,"'방구석1열' 변영주 감독 ""'죄 많은 소녀' 본 날, 아무것도 하지 못했다""",연예,25,2019,11,30,17:45,10,10,0,0,0,0,0,0,0,0,0,https://news.naver.com/main/read.nhn?mode=LSD&mid=sec&sid1=106&oid=437&aid=0000225455
전여빈,"`방구석 1열` 변영주 감독 ""`죄 많은 소녀`, 관람 한 뒤 아무것도 못해""",연예,25,2019,11,30,20:36,4,4,0,0,0,0,0,0,0,0,0,https://news.naver.com/main/read.nhn?mode=LSD&mid=sec&sid1=106&oid=009&aid=0004473621
전여빈,"박세진, 제이와이드컴퍼니行…김태리 이보영과 한솥밥",연예,25,2019,11,29,10:37,5,5,0,0,0,0,0,0,0,0,0,https://news.naver.com/main/read.nhn?mode=LSD&mid=sec&sid1=106&oid=477&aid=0000220702
전여빈,"신예 박세진, 제이와이드컴퍼니와 전속계약…이보영·김태리와 한솥밥",연예,25,2019,11,29,9:18,2,2,0,0,0,0,0,0,0,0,0,https://news.naver.com/main/read.nhn?mode=LSD&mid=sec&sid1=106&oid=117&aid=0003306266
전여빈,"[공식]'미성년' 박세진, 제이와이드컴퍼니와 전속계약…김태리·이보영과 한솥밥",연예,25,2019,11,29,9:15,3,3,0,0,0,0,0,0,0,0,0,https://news.naver.com/main/read.nhn?mode=LSD&mid=sec&sid1=106&oid=076&aid=0003502979
전여빈,"'천문' 최민식X한석규, 20년 만에 재회...""세종과 장영실처럼 같은 꿈 꾼다"" (종합)",연예,25,2019,11,27,14:02,20,19,0,1,0,0,0,0,0,0,0,https://news.naver.com/main/read.nhn?mode=LSD&mid=sec&sid1=106&oid=312&aid=0000422919
전여빈,"‘해치지 않아’ 안재홍→전여빈, 코믹이 체질? 내년 1월15일 개봉",연예,26,2019,12,06,9:23,9,9,0,0,0,0,0,0,0,0,0,https://news.naver.com/main/read.nhn?mode=LSD&mid=sec&sid1=106&oid=382&aid=0000781654
전여빈,"'해치지않아' 안재홍→전여빈, 동산파크 5인방의 고군분투 예고",연예,26,2019,12,07,9:01,11,11,0,0,0,0,0,0,0,0,0,https://news.naver.com/main/read.nhn?mode=LSD&mid=sec&sid1=106&oid=311&aid=0001084218
전여빈,"""CF도 함께""..천우희, 전여빈X한지은과 여전한 절친 케미",연예,26,2019,12,05,22:40,11,11,0,0,0,0,0,0,0,0,0,https://news.naver.com/main/read.nhn?mode=LSD&mid=sec&sid1=106&oid=241&aid=0002986009
전여빈,"'방구석 1열' 전소니 ""'죄 많은 소녀' 속 전여빈 연기, 벅찼다""",연예,26,2019,12,01,11:26,7,7,0,0,0,0,0,0,0,0,0,https://news.naver.com/main/read.nhn?mode=LSD&mid=sec&sid1=106&oid=108&aid=0002827271
전여빈,"전소니 ""전여빈 '죄 많은 소녀' 열연에 벅찬 감정까지 들어""(방구석 1열)",연예,26,2019,12,01,11:27,4,4,0,0,0,0,0,0,0,0,0,https://news.naver.com/main/read.nhn?mode=LSD&mid=sec&sid1=106&oid=022&aid=0003418483
전여빈,[영화톡] '죄 많은 소녀' 내가 친구를 죽였다고?,연예,26,2019,12,01,11:45,2,2,0,0,0,0,0,0,0,0,0,https://news.naver.com/main/read.nhn?mode=LSD&mid=sec&sid1=106&oid=015&aid=0004250257
전여빈,"""신선도 100% 코미디"" 안재홍X강소라 '해치지않아' 1월15일 개봉[공식]",연예,26,2019,12,06,9:32,27,27,0,0,0,0,0,0,0,0,0,https://news.naver.com/main/read.nhn?mode=LSD&mid=sec&sid1=106&oid=241&aid=0002986046
전여빈,안재홍X강소라 '해치지않아' 내년 1월15일 개봉…출퇴근길포스터 2종,연예,26,2019,12,06,16:23,14,14,0,0,0,0,0,0,0,0,0,https://news.naver.com/main/read.nhn?mode=LSD&mid=sec&sid1=106&oid=112&aid=0003243898
전여빈,"""웃음지수 100% 보장""…안재홍·강소라 '해치지않아' 포스터 2종 공개",연예,26,2019,12,06,16:55,8,8,0,0,0,0,0,0,0,0,0,https://news.naver.com/main/read.nhn?mode=LSD&mid=sec&sid1=106&oid=117&aid=0003309263
전여빈,안재홍X강소라 ‘해치지않아’ 제2의 ‘극한직업’ 될까,연예,26,2019,12,06,8:04,13,13,0,0,0,0,0,0,0,0,0,https://news.naver.com/main/read.nhn?mode=LSD&mid=sec&sid1=106&oid=609&aid=0000214506
전여빈,"천우희, 전여빈·한지은 재회 ""멜로가 체질 삼인방"" [★해시태그]",연예,26,2019,12,05,18:07,12,12,0,0,0,0,0,0,0,0,0,https://news.naver.com/main/read.nhn?mode=LSD&mid=sec&sid1=106&oid=311&aid=0001083639
전여빈,천우희 ‘멜로가 체질’ 절친 전여빈 한지은과 소파 재회 근황 [SNS★컷],연예,26,2019,12,05,17:35,1,1,0,0,0,0,0,0,0,0,0,https://news.naver.com/main/read.nhn?mode=LSD&mid=sec&sid1=106&oid=609&aid=0000214261
전여빈,"천우희X전여빈X한지은, 반가운 '멜로가 체질' 3인방 ""CF도 함께""",연예,26,2019,12,05,11:41,2,2,0,0,0,0,0,0,0,0,0,https://news.naver.com/main/read.nhn?mode=LSD&mid=sec&sid1=106&oid=112&aid=0003243387
전여빈,"'천문' 허진호 ""연기 잘하는 배우들의 종합선물세트""",연예,26,2019,12,06,16:50,9,9,0,0,0,0,0,0,0,0,0,https://news.naver.com/main/read.nhn?mode=LSD&mid=sec&sid1=106&oid=213&aid=0001144107
전여빈,"최민식x한석규 '천문', 실력파 제작진의 열정 가득한 촬영 현장 이야기[Oh!쎈 컷]",연예,26,2019,12,06,16:45,7,7,0,0,0,0,0,0,0,0,0,https://news.naver.com/main/read.nhn?mode=LSD&mid=sec&sid1=106&oid=109&aid=0004131452
전여빈,"'천문', 최민식X한석규X허진호 뜨거웠던 촬영 현장",연예,26,2019,12,06,15:45,7,7,0,0,0,0,0,0,0,0,0,https://news.naver.com/main/read.nhn?mode=LSD&mid=sec&sid1=106&oid=241&aid=0002986113
전여빈,"최민식X한석규 ‘천문’, 열정 가득한 현장이야기 담긴 '천문실록 편찬 영상' 공개",연예,26,2019,12,06,14:31,2,2,0,0,0,0,0,0,0,0,0,https://news.naver.com/main/read.nhn?mode=LSD&mid=sec&sid1=106&oid=117&aid=0003309208
전여빈,"전소니 “‘죄 많은 소녀’ 전여빈 연기, 너무 너무 좋았다”",연예,26,2019,12,01,14:32,3,3,0,0,0,0,0,0,0,0,0,https://news.naver.com/main/read.nhn?mode=LSD&mid=sec&sid1=106&oid=469&aid=0000444813
전여빈,“악마에 씌인 듯 해” 전소니X성유빈 감탄한 ‘죄많은소녀’ 전여빈 연기력(종합),연예,26,2019,12,01,11:15,3,3,0,0,0,0,0,0,0,0,0,https://news.naver.com/main/read.nhn?mode=LSD&mid=sec&sid1=106&oid=609&aid=0000211707
전여빈,"안재홍X강소라 '해치지않아', 2020년 1월 15일 개봉 확정",연예,26,2019,12,05,19:02,12,12,0,0,0,0,0,0,0,0,0,https://news.naver.com/main/read.nhn?mode=LSD&mid=sec&sid1=106&oid=311&aid=0001083677
전여빈,안재홍→강소라 독특 코미디 ‘해치지않아’ 1월15일 개봉(공식입장),연예,26,2019,12,05,18:28,28,28,0,0,0,0,0,0,0,0,0,https://news.naver.com/main/read.nhn?mode=LSD&mid=sec&sid1=106&oid=609&aid=0000214295
전여빈,“콜라 먹는 북극곰?”…‘해치치 않아’ 1월 15일 개봉 확정,연예,26,2019,12,05,19:11,2,2,0,0,0,0,0,0,0,0,0,https://news.naver.com/main/read.nhn?mode=LSD&mid=sec&sid1=106&oid=382&aid=0000781567
전여빈,"안재홍·강소라의 코미디 영화 '해치지 않아', 내년 1월 15일 개봉",연예,26,2019,12,05,18:50,20,20,0,0,0,0,0,0,0,0,0,https://news.naver.com/main/read.nhn?mode=LSD&mid=sec&sid1=106&oid=117&aid=0003308909
전여빈,"'해치지않아' 안재홍→전여빈, 짠내나고 기상천외한 미션 도전",연예,27,2019,12,09,14:10,4,4,0,0,0,0,0,0,0,0,0,https://news.naver.com/main/read.nhn?mode=LSD&mid=sec&sid1=106&oid=108&aid=0002828945
전여빈,"배우 조동인, 군 제대 후 첫 작품으로 '낙원의 밤' 낙점",연예,27,2019,12,12,10:20,1,1,0,0,0,0,0,0,0,0,0,https://news.naver.com/main/read.nhn?mode=LSD&mid=sec&sid1=106&oid=003&aid=0009603842
전여빈,[TF프리즘] 동물로 관객 배꼽 저격...'미스터 주' '해치지 않아',연예,27,2019,12,12,5:00,10,10,0,0,0,0,0,0,0,0,0,https://news.naver.com/main/read.nhn?mode=LSD&mid=sec&sid1=106&oid=629&aid=0000006363
전여빈,[공식] 최민식X한석규 '천문' 26일 개봉 확정..'시동X백두산'과 빅매치,연예,27,2019,12,13,8:48,15,15,0,0,0,0,0,0,0,0,0,https://news.naver.com/main/read.nhn?mode=LSD&mid=sec&sid1=106&oid=076&aid=0003508623
전여빈,"'해치지 않아' 김성오, 순정마초 고릴라 변신",연예,27,2019,12,13,9:32,4,4,0,0,0,0,0,0,0,0,0,https://news.naver.com/main/read.nhn?mode=LSD&mid=sec&sid1=106&oid=241&aid=0002987677
전여빈,"'해치지 않아', 안재홍→박영규 기상천외한 위장 근무",연예,27,2019,12,09,9:57,8,8,0,0,0,0,0,0,0,0,0,https://news.naver.com/main/read.nhn?mode=LSD&mid=sec&sid1=106&oid=241&aid=0002986336
전여빈,"안재홍X강소라, '해치지 않아' 스틸 공개..저 세상 코미디",연예,27,2019,12,09,11:29,8,8,0,0,0,0,0,0,0,0,0,https://news.naver.com/main/read.nhn?mode=LSD&mid=sec&sid1=106&oid=404&aid=0000257997
전여빈,안재홍 강소라 ‘해치지 않아’ 스틸 공개.. 새해 웃음 폭탄 예고,연예,27,2019,12,09,10:12,4,4,0,0,0,0,0,0,0,0,0,https://news.naver.com/main/read.nhn?mode=LSD&mid=sec&sid1=106&oid=081&aid=0003049635
전여빈,"'해치지않아' 동물과 사람 넘나드는 1인 2역 캐릭터들, 보도스틸 16종 공개",연예,27,2019,12,10,1:11,1,1,0,0,0,0,0,0,0,0,0,https://news.naver.com/main/read.nhn?mode=LSD&mid=sec&sid1=106&oid=011&aid=0003663850
전여빈,"안재홍·강소라, `해치지 않아`로 첫 코미디 호흡 ‘기대 폭발’",연예,27,2019,12,10,8:04,12,12,0,0,0,0,0,0,0,0,0,https://news.naver.com/main/read.nhn?mode=LSD&mid=sec&sid1=106&oid=009&aid=0004479196
전여빈,"[공식] 조동인, 제대 후 박훈정 감독 신작 '낙원의 밤'으로 컴백",연예,27,2019,12,12,8:48,1,1,0,0,0,0,0,0,0,0,0,https://news.naver.com/main/read.nhn?mode=LSD&mid=sec&sid1=106&oid=076&aid=0003508154
전여빈,최민식·한석규 '천문: 하늘에 묻는다' 26일 개봉,연예,27,2019,12,13,9:25,5,5,0,0,0,0,0,0,0,0,0,https://news.naver.com/main/read.nhn?mode=LSD&mid=sec&sid1=106&oid=003&aid=0009605702
전여빈,"‘해치지않아’ 김성오, 이번엔 순정마초 고릴라 도전 ‘짠내웃음’",연예,27,2019,12,13,9:15,13,13,0,0,0,0,0,0,0,0,0,https://news.naver.com/main/read.nhn?mode=LSD&mid=sec&sid1=106&oid=382&aid=0000783302
전여빈,"'해치지않아' 김성오, 순정마초 고릴라 변신",연예,27,2019,12,13,10:04,7,7,0,0,0,0,0,0,0,0,0,https://news.naver.com/main/read.nhn?mode=LSD&mid=sec&sid1=106&oid=213&aid=0001144908
전여빈,"'해치지 않아' 김성오, 일편단심 사육사→순정마초 고릴라 도전",연예,27,2019,12,13,17:15,18,18,0,0,0,0,0,0,0,0,0,https://news.naver.com/main/read.nhn?mode=LSD&mid=sec&sid1=106&oid=311&aid=0001086664
전여빈,"‘해치지않아’ 김성오, 순정마초 고릴라 도전 “푹 빠져 지냈다”",연예,27,2019,12,13,11:38,4,4,0,0,0,0,0,0,0,0,0,https://news.naver.com/main/read.nhn?mode=LSD&mid=sec&sid1=106&oid=609&aid=0000217895
전여빈,"전여빈, 시선 강탈 미모",연예,28,2019,12,18,13:48,1,1,0,0,0,0,0,0,0,0,0,https://news.naver.com/main/read.nhn?mode=LSD&mid=sec&sid1=106&oid=005&aid=0001269715
전여빈,"안재홍, 김태리·전여빈과 한솥밥…제이와이드와 전속계약",연예,28,2019,12,20,24:49,8,8,0,0,0,0,0,0,0,0,0,https://news.naver.com/main/read.nhn?mode=LSD&mid=sec&sid1=106&oid=416&aid=0000252933
전여빈,"[포토] 전여빈, 러블리한 나무늘보",연예,28,2019,12,18,11:24,7,7,0,0,0,0,0,0,0,0,0,https://news.naver.com/main/read.nhn?mode=LSD&mid=sec&sid1=106&oid=076&aid=0003510503
전여빈,"'해치지않아' 전여빈, 첫 인상이 딱 나무늘보 '싱크로율 100%'※",연예,28,2019,12,18,20:15,2,2,0,0,0,0,0,0,0,0,0,https://news.naver.com/main/read.nhn?mode=LSD&mid=sec&sid1=106&oid=404&aid=0000258575
전여빈,"동물 탈 쓰고도 행복했다는 안재홍-강소라-전여빈, 왜?",연예,28,2019,12,18,17:07,11,11,0,0,0,0,0,0,0,0,0,https://news.naver.com/main/read.nhn?mode=LSD&mid=sec&sid1=106&oid=047&aid=0002250279
전여빈,'극한직업' 잇는 美친 상상력..안재홍→전여빈 '해치지않아' [종합],연예,28,2019,12,18,24:51,25,25,0,0,0,0,0,0,0,0,0,https://news.naver.com/main/read.nhn?mode=LSD&mid=sec&sid1=106&oid=241&aid=0002988882
전여빈,"안재홍, 제이와이드컴퍼니行..'멜로가 체질' 전여빈과 한솥밥[공식]",연예,28,2019,12,20,24:19,14,14,0,0,0,0,0,0,0,0,0,https://news.naver.com/main/read.nhn?mode=LSD&mid=sec&sid1=106&oid=404&aid=0000258678
전여빈,"안재홍, 제이와이드컴퍼니와 전속계약…김태리 전여빈 한솥밥(공식)",연예,28,2019,12,20,10:33,1,1,0,0,0,0,0,0,0,0,0,https://news.naver.com/main/read.nhn?mode=LSD&mid=sec&sid1=106&oid=009&aid=0004486080
전여빈,"[e포토] 전여빈, 매력 넘치는 그녀",연예,28,2019,12,18,11:29,7,7,0,0,0,0,0,0,0,0,0,https://news.naver.com/main/read.nhn?mode=LSD&mid=sec&sid1=106&oid=404&aid=0000258523
전여빈,"'해치지않아' 전여빈 ""촬영 현장서 나무늘보 닮았다는 말 들어..싱크로율 높다""",연예,28,2019,12,18,11:28,2,2,0,0,0,0,0,0,0,0,0,https://news.naver.com/main/read.nhn?mode=LSD&mid=sec&sid1=106&oid=076&aid=0003510511
전여빈,"`해치지않아` 전여빈 ""나무늘보 닮았다는 말 많이 들어""",연예,28,2019,12,18,11:35,3,3,0,0,0,0,0,0,0,0,0,https://news.naver.com/main/read.nhn?mode=LSD&mid=sec&sid1=106&oid=009&aid=0004484551
전여빈,"'해치지않아' 전여빈 ""나무늘보 역할..실제로 닮았다고"" 웃음",연예,28,2019,12,18,11:55,2,2,0,0,0,0,0,0,0,0,0,https://news.naver.com/main/read.nhn?mode=LSD&mid=sec&sid1=106&oid=108&aid=0002830877
전여빈,'해치지않아' 북극곰 안재홍→나무늘보 전여빈 '싱크로율 200%' 1인2역,연예,29,2019,12,24,24:34,12,12,0,0,0,0,0,0,0,0,0,https://news.naver.com/main/read.nhn?mode=LSD&mid=sec&sid1=106&oid=241&aid=0002990441
전여빈,"'해치지않아' 안재홍→전여빈, '동물=사람' 물아일체라고?",연예,29,2019,12,25,9:00,5,5,0,0,0,0,0,0,0,0,0,https://news.naver.com/main/read.nhn?mode=LSD&mid=sec&sid1=106&oid=108&aid=0002832170
전여빈,"'해치지 않아' 북극곰→나무늘보, 닮아도 너무 닮았네 [별★한컷]",연예,29,2019,12,22,8:30,5,5,0,0,0,0,0,0,0,0,0,https://news.naver.com/main/read.nhn?mode=LSD&mid=sec&sid1=106&oid=108&aid=0002831552
전여빈,[2020년 미리보는 극장가]다만 악에서 구하소서·남산의 부장들·인질 주목,연예,29,2019,12,28,7:00,31,29,0,2,0,0,0,0,0,0,0,https://news.naver.com/main/read.nhn?mode=LSD&mid=sec&sid1=106&oid=003&aid=0009628367
전여빈,신년 극장가는 웃기는 동물들과 함께~,연예,29,2019,12,28,8:00,6,6,0,0,0,0,0,0,0,0,0,https://news.naver.com/main/read.nhn?mode=LSD&mid=sec&sid1=106&oid=477&aid=0000225076
전여빈,"[공식] ""역대 12월 개봉, 최고 평점""…'천문' 실관람 호평 터졌다",연예,29,2019,12,26,15:04,16,16,0,0,0,0,0,0,0,0,0,https://news.naver.com/main/read.nhn?mode=LSD&mid=sec&sid1=106&oid=076&aid=0003513195
전여빈,"“동물=사람”…‘해치지않아’ 안재홍→전여빈, 물아일체 연기",연예,29,2019,12,24,9:30,7,7,0,0,0,0,0,0,0,0,0,https://news.naver.com/main/read.nhn?mode=LSD&mid=sec&sid1=106&oid=382&aid=0000785791
전여빈,'해치지 않아' 안재홍→전여빈까지..물아일체 캐릭터 영상 공개[Oh!쎈 컷],연예,29,2019,12,24,8:27,2,2,0,0,0,0,0,0,0,0,0,https://news.naver.com/main/read.nhn?mode=LSD&mid=sec&sid1=106&oid=109&aid=0004139920
전여빈,"‘해치지 않아’ 강소라, 혼신의 사자연기 “사상 초유 동물=사람 1인2역”",연예,29,2019,12,24,8:35,4,4,0,0,0,0,0,0,0,0,0,https://news.naver.com/main/read.nhn?mode=LSD&mid=sec&sid1=106&oid=609&aid=0000222732
전여빈,'천문 : 하늘에 묻는다' 동시기 개봉작 중 가장 높은 평점 기록,연예,29,2019,12,26,18:16,49,47,0,2,0,0,0,0,0,0,0,https://news.naver.com/main/read.nhn?mode=LSD&mid=sec&sid1=106&oid=015&aid=0004263547
전여빈,런닝맨 강소라X김성오X안재홍X전여빈 '예능 신고식',연예,30,2020,01,04,16:37,1,1,0,0,0,0,0,0,0,0,0,https://news.naver.com/main/read.nhn?mode=LSD&mid=sec&sid1=106&oid=016&aid=0001620651
전여빈,'해치지않아' 안재홍·강소라·전여빈…털·땀·눈물로 만든 제작기,연예,30,2020,01,03,10:05,1,1,0,0,0,0,0,0,0,0,0,https://news.naver.com/main/read.nhn?mode=LSD&mid=sec&sid1=106&oid=015&aid=0004267578
전여빈,"전여빈, 싱그러운 미모",연예,30,2019,12,30,18:10,3,3,0,0,0,0,0,0,0,0,0,https://news.naver.com/main/read.nhn?mode=LSD&mid=sec&sid1=106&oid=005&aid=0001273453
전여빈,[포토] 전여빈 '사랑스런 나무늘보',연예,30,2019,12,30,16:39,1,1,0,0,0,0,0,0,0,0,0,https://news.naver.com/main/read.nhn?mode=LSD&mid=sec&sid1=106&oid=241&aid=0002991923
전여빈,"'해치지 않아' 김성오 ""전여빈, 나무늘보와 싱크로율 100%""",연예,30,2019,12,30,16:41,3,3,0,0,0,0,0,0,0,0,0,https://news.naver.com/main/read.nhn?mode=LSD&mid=sec&sid1=106&oid=117&aid=0003317635
전여빈,"[단독] '해치지않아' 안재홍·강소라·전여빈·김성오, '런닝맨' 출격…오는 5일 방송",연예,30,2020,01,03,17:09,35,34,0,1,0,0,0,0,0,0,0,https://news.naver.com/main/read.nhn?mode=LSD&mid=sec&sid1=106&oid=213&aid=0001148260
전여빈,"'해치지않아' 전여빈 ""나무늘보役 첫 코미디 도전..무거움 벗었다""",연예,30,2019,12,30,16:35,3,3,0,0,0,0,0,0,0,0,0,https://news.naver.com/main/read.nhn?mode=LSD&mid=sec&sid1=106&oid=076&aid=0003514276
전여빈,[TEN PHOTO] 전여빈 '곱디 고운 미모',연예,30,2019,12,30,16:28,7,7,0,0,0,0,0,0,0,0,0,https://news.naver.com/main/read.nhn?mode=LSD&mid=sec&sid1=106&oid=312&aid=0000428183
전여빈,[신년특집] 전문가 20인 선정…2020년 최고 기대 스크린 남녀 배우는,연예,30,2020,01,04,7:00,36,35,0,0,0,0,1,0,0,0,0,https://news.naver.com/main/read.nhn?mode=LSD&mid=sec&sid1=106&oid=421&aid=0004391219
전여빈,'런닝맨' 강소라X김성오X안재홍X전여빈 '예능 신생아 매력',연예,30,2020,01,04,16:03,13,13,0,0,0,0,0,0,0,0,0,https://news.naver.com/main/read.nhn?mode=LSD&mid=sec&sid1=106&oid=015&aid=0004268112
전여빈,‘런닝맨’ 안재홍x강소라x김성오x전여빈 출격…역대급 게스트,연예,30,2020,01,04,11:50,9,9,0,0,0,0,0,0,0,0,0,https://news.naver.com/main/read.nhn?mode=LSD&mid=sec&sid1=106&oid=382&aid=0000788552
전여빈,"'런닝맨' 안재홍·강소라·김성오·전여빈 출연, 역대급 게스트 예고",연예,30,2020,01,04,11:52,15,15,0,0,0,0,0,0,0,0,0,https://news.naver.com/main/read.nhn?mode=LSD&mid=sec&sid1=106&oid=311&aid=0001095074
전여빈,"'런닝맨' 안재홍·강소라·김성오·전여빈, '해치지 않아' 팀의 예능 적응기",연예,30,2020,01,04,11:58,17,17,0,0,0,0,0,0,0,0,0,https://news.naver.com/main/read.nhn?mode=LSD&mid=sec&sid1=106&oid=312&aid=0000429058
전여빈,"'해치지않아' 안재홍X강소라부터 전여빈의 털, 땀, 눈물",연예,30,2020,01,03,9:04,1,1,0,0,0,0,0,0,0,0,0,https://news.naver.com/main/read.nhn?mode=LSD&mid=sec&sid1=106&oid=108&aid=0002833924
전여빈,"""털-땀 그리고 눈물"" '해치지않아' 안재홍X강소라X박영규X김성오X전여빈의 환상 케미",연예,30,2020,01,03,13:22,4,3,0,1,0,0,0,0,0,0,0,https://news.naver.com/main/read.nhn?mode=LSD&mid=sec&sid1=106&oid=112&aid=0003253186
전여빈,"'해치지않아' 제작기, 안재홍→전여빈의 털·땀·눈물 고군분투",연예,30,2020,01,03,10:43,23,21,0,2,0,0,0,0,0,0,0,https://news.naver.com/main/read.nhn?mode=LSD&mid=sec&sid1=106&oid=311&aid=0001094693
전여빈,"'해치지않아' 감독&배우 5인방, 릴레이로 라디오 출연..유쾌한 입담 과시",연예,30,2020,01,03,12:36,2,2,0,0,0,0,0,0,0,0,0,https://news.naver.com/main/read.nhn?mode=LSD&mid=sec&sid1=106&oid=011&aid=0003674984
전여빈,[포토] 전여빈 '멜로로 체질 전환',연예,30,2019,12,30,17:42,1,1,0,0,0,0,0,0,0,0,0,https://news.naver.com/main/read.nhn?mode=LSD&mid=sec&sid1=106&oid=241&aid=0002991966
전여빈,"전여빈, 킬힐에 탑승",연예,30,2019,12,30,17:04,1,1,0,0,0,0,0,0,0,0,0,https://news.naver.com/main/read.nhn?mode=LSD&mid=sec&sid1=106&oid=421&aid=0004383504
전여빈,"전여빈, 기분 좋아지는 미소",연예,30,2019,12,30,16:28,11,11,0,0,0,0,0,0,0,0,0,https://news.naver.com/main/read.nhn?mode=LSD&mid=sec&sid1=106&oid=421&aid=0004383386
전여빈,"‘해치지않아’ 김성오 “전여빈, 처음 본 순간 나무늘보 같았다”",연예,30,2019,12,30,16:44,2,2,0,0,0,0,0,0,0,0,0,https://news.naver.com/main/read.nhn?mode=LSD&mid=sec&sid1=106&oid=609&aid=0000225878
전여빈,"'해치지않아' 전여빈 ""전작 이미지 선입견 있었던 김성오, 눈이 참 예뻐""",연예,30,2019,12,30,17:31,1,1,0,0,0,0,0,0,0,0,0,https://news.naver.com/main/read.nhn?mode=LSD&mid=sec&sid1=106&oid=241&aid=0002991958
전여빈,‘런닝맨’ 측 “안재홍 강소라 전여빈 김성오 출연” 영화 홍보박차(공식입장),연예,30,2020,01,03,18:21,15,15,0,0,0,0,0,0,0,0,0,https://news.naver.com/main/read.nhn?mode=LSD&mid=sec&sid1=106&oid=609&aid=0000228024
전여빈,"`해치지 않아` 전여빈 ""나무늘보 이야기 듣고 처음엔 당황""",연예,30,2019,12,30,16:39,3,3,0,0,0,0,0,0,0,0,0,https://news.naver.com/main/read.nhn?mode=LSD&mid=sec&sid1=106&oid=009&aid=0004491580
전여빈,"'해치지 않아' 전여빈 ""나무늘보 제안에 무척 감사""",연예,30,2019,12,30,16:53,4,4,0,0,0,0,0,0,0,0,0,https://news.naver.com/main/read.nhn?mode=LSD&mid=sec&sid1=106&oid=108&aid=0002833188
전여빈,"'해치지않아' 전여빈 ""놀이터에서 노는 기분으로 연기했다""",연예,30,2019,12,30,18:00,11,11,0,0,0,0,0,0,0,0,0,https://news.naver.com/main/read.nhn?mode=LSD&mid=sec&sid1=106&oid=312&aid=0000428210
전여빈,‘해치지않아’ 전여빈 “나무늘보 역 제안에 당황했지만..”,연예,30,2019,12,30,16:39,3,3,0,0,0,0,0,0,0,0,0,https://news.naver.com/main/read.nhn?mode=LSD&mid=sec&sid1=106&oid=609&aid=0000225877
전여빈,"'아는 형님' 강소라·안재홍·전여빈·김성오, '예.보.배'의 '빵' 터지는 매력 [종합]",연예,31,2020,01,11,22:59,19,19,0,0,0,0,0,0,0,0,0,https://news.naver.com/main/read.nhn?mode=LSD&mid=sec&sid1=106&oid=241&aid=0002996188
전여빈,"'아는형님' 전여빈 ""문소리와 작업하고 싶었는데 진짜 캐스팅 연락와""",연예,31,2020,01,11,21:49,20,20,0,0,0,0,0,0,0,0,0,https://news.naver.com/main/read.nhn?mode=LSD&mid=sec&sid1=106&oid=421&aid=0004403726
전여빈,"전여빈, 우아한 매력 (인터뷰 포토)",연예,31,2020,01,11,15:33,2,2,0,0,0,0,0,0,0,0,0,https://news.naver.com/main/read.nhn?mode=LSD&mid=sec&sid1=106&oid=011&aid=0003679089
전여빈,"[종합]'아는형님' 안재홍·강소라·김성오·전여빈, 매력적 배우들의 '특급 입담'",연예,31,2020,01,11,22:41,5,5,0,0,0,0,0,0,0,0,0,https://news.naver.com/main/read.nhn?mode=LSD&mid=sec&sid1=106&oid=076&aid=0003518850
전여빈,"'아는형님' 안재홍X강소라X김성오X전여빈, 탄탄한 필모 만큼 화려한 입담 [종합]",연예,31,2020,01,11,22:56,2,2,0,0,0,0,0,0,0,0,0,https://news.naver.com/main/read.nhn?mode=LSD&mid=sec&sid1=106&oid=311&aid=0001098455
전여빈,'아는형님' 바지터진 안재홍→강소라·전여빈 반전매력…'예보배' 활약(종합),연예,31,2020,01,11,22:41,2,2,0,0,0,0,0,0,0,0,0,https://news.naver.com/main/read.nhn?mode=LSD&mid=sec&sid1=106&oid=421&aid=0004403744
전여빈,"'아는 형님' 전여빈, 문소리 감독 데뷔작 캐스팅 비화 밝혀.. 올해 나이는?",연예,31,2020,01,11,22:24,5,5,0,0,0,0,0,0,0,0,0,https://news.naver.com/main/read.nhn?mode=LSD&mid=sec&sid1=106&oid=015&aid=0004272196
전여빈,"'아는 형님' 전여빈 ""SNS에 글 올렸는데 문소리 '여배우는 오늘도' 캐스팅""",연예,31,2020,01,11,22:02,1,1,0,0,0,0,0,0,0,0,0,https://news.naver.com/main/read.nhn?mode=LSD&mid=sec&sid1=106&oid=312&aid=0000430511
전여빈,"'아는형님' 전여빈 ""작품하고 싶어 문소리 SNS에 글 남겨""",연예,31,2020,01,11,21:42,3,3,0,0,0,0,0,0,0,0,0,https://news.naver.com/main/read.nhn?mode=LSD&mid=sec&sid1=106&oid=108&aid=0002835777
전여빈,"전여빈 “펭수 힘들까 걱정, 응원 댓글도 달아”[EN:인터뷰]",연예,31,2020,01,11,9:30,38,38,0,0,0,0,0,0,0,0,0,https://news.naver.com/main/read.nhn?mode=LSD&mid=sec&sid1=106&oid=609&aid=0000232009
전여빈,'해치지 않아' 전여빈 (인터뷰 포토),연예,31,2020,01,11,15:28,5,5,0,0,0,0,0,0,0,0,0,https://news.naver.com/main/read.nhn?mode=LSD&mid=sec&sid1=106&oid=011&aid=0003679084
전여빈,"전여빈, 팔색조 매력 발산 (인터뷰 포토)",연예,31,2020,01,11,15:25,1,1,0,0,0,0,0,0,0,0,0,https://news.naver.com/main/read.nhn?mode=LSD&mid=sec&sid1=106&oid=011&aid=0003679082
전여빈,"[인터뷰②]전여빈 “유리 멘탈, 실시간 평가‧악플 두려웠다”",연예,32,2020,01,18,7:31,14,14,0,0,0,0,0,0,0,0,0,https://news.naver.com/main/read.nhn?mode=LSD&mid=sec&sid1=106&oid=009&aid=0004502671
전여빈,"[인터뷰③]전여빈 “결혼은 늦게, 안정감 부럽지만 다양한 경험하고파""",연예,32,2020,01,18,7:31,7,7,0,0,0,0,0,0,0,0,0,https://news.naver.com/main/read.nhn?mode=LSD&mid=sec&sid1=106&oid=009&aid=0004502672
전여빈,전여빈 ‘초롱초롱 눈빛~’[포토엔HD],연예,32,2020,01,18,20:38,1,1,0,0,0,0,0,0,0,0,0,https://news.naver.com/main/read.nhn?mode=LSD&mid=sec&sid1=106&oid=609&aid=0000235920
전여빈,"전여빈, 볼수록 더 궁금해지는 배우",연예,32,2020,01,17,10:23,3,3,0,0,0,0,0,0,0,0,0,https://news.naver.com/main/read.nhn?mode=LSD&mid=sec&sid1=106&oid=465&aid=0000004121
전여빈,전여빈 ‘이렇게 예쁜 나무늘보 봤어?’[포토엔HD],연예,32,2020,01,18,20:33,1,1,0,0,0,0,0,0,0,0,0,https://news.naver.com/main/read.nhn?mode=LSD&mid=sec&sid1=106&oid=609&aid=0000235915
전여빈,"전여빈, 종횡무진 활약하는 열일 행보",연예,32,2020,01,14,9:18,8,8,0,0,0,0,0,0,0,0,0,https://news.naver.com/main/read.nhn?mode=LSD&mid=sec&sid1=106&oid=215&aid=0000838935
전여빈,"모든 게 향기로운, 전여빈이다 [인터뷰]",연예,32,2020,01,16,8:49,17,17,0,0,0,0,0,0,0,0,0,https://news.naver.com/main/read.nhn?mode=LSD&mid=sec&sid1=106&oid=144&aid=0000651916
전여빈,[인터뷰①]‘해치지 않아’ 전여빈 “‘나무늘보’역 농담인줄…흥행 잘 됐으면”,연예,32,2020,01,18,7:31,4,4,0,0,0,0,0,0,0,0,0,https://news.naver.com/main/read.nhn?mode=LSD&mid=sec&sid1=106&oid=009&aid=0004502670
전여빈,"자산관리 플랫폼 에임, '멜로가 체질' 전여빈·손석구 발탁 TV 광고",경제,32,2020,01,16,9:58,13,11,2,0,0,0,0,0,0,0,0,https://news.naver.com/main/read.nhn?mode=LSD&mid=sec&sid1=101&oid=031&aid=0000521991
전여빈,전여빈 ‘팬 서비스 셀카도 깜찍하게~ ’ [포토엔HD],연예,32,2020,01,18,20:35,1,1,0,0,0,0,0,0,0,0,0,https://news.naver.com/main/read.nhn?mode=LSD&mid=sec&sid1=106&oid=609&aid=0000235917
전여빈,"전여빈, 괴물신인부터 '믿보배'까지 2020년에도 열일 행보",연예,32,2020,01,14,9:16,7,7,0,0,0,0,0,0,0,0,0,https://news.naver.com/main/read.nhn?mode=LSD&mid=sec&sid1=106&oid=468&aid=0000615071
전여빈,"'괴물신인'→'믿보배' 전여빈, 2020년을 더욱더 기대케 만드는 배우",연예,32,2020,01,14,9:06,12,12,0,0,0,0,0,0,0,0,0,https://news.naver.com/main/read.nhn?mode=LSD&mid=sec&sid1=106&oid=076&aid=0003519709
전여빈,"배우 전여빈, 괴물신인에서 믿보배로..2020년엔 ‘해치지 않아’",연예,32,2020,01,14,9:12,8,8,0,0,0,0,0,0,0,0,0,https://news.naver.com/main/read.nhn?mode=LSD&mid=sec&sid1=106&oid=011&aid=0003680204
전여빈,"배우 전여빈, 충무로·안방극장 오가며 ‘열일이 체질’",연예,32,2020,01,14,22:27,17,17,0,0,0,0,0,0,0,0,0,https://news.naver.com/main/read.nhn?mode=LSD&mid=sec&sid1=106&oid=144&aid=0000651674
전여빈,"[팝인터뷰②]전여빈 ""동물과 공존하는 방법 생각할 수 있었던 좋은 경험""",연예,33,2020,01,23,17:31,19,19,0,0,0,0,0,0,0,0,0,https://news.naver.com/main/read.nhn?mode=LSD&mid=sec&sid1=106&oid=112&aid=0003260524
전여빈,"[포토]전여빈, 분위기 있게!",연예,33,2020,01,20,20:36,3,3,0,0,0,0,0,0,0,0,0,https://news.naver.com/main/read.nhn?mode=LSD&mid=sec&sid1=106&oid=468&aid=0000617650
전여빈,"[팝인터뷰①]'해치지않아' 전여빈 ""첫 상업영화 주연, 긴장되지만 이제 정말 시작""",연예,33,2020,01,23,17:30,11,11,0,0,0,0,0,0,0,0,0,https://news.naver.com/main/read.nhn?mode=LSD&mid=sec&sid1=106&oid=112&aid=0003260522
전여빈,[인터뷰] 전여빈의 따뜻한 위로...‘나무늘보’ 가 웃는다,연예,33,2020,01,22,17:39,15,15,0,0,0,0,0,0,0,0,0,https://news.naver.com/main/read.nhn?mode=LSD&mid=sec&sid1=106&oid=011&aid=0003684636
전여빈,사람이 동물 흉내를? '해치지않아'에게 필요했던 확신,연예,33,2020,01,24,17:32,9,9,0,0,0,0,0,0,0,0,0,https://news.naver.com/main/read.nhn?mode=LSD&mid=sec&sid1=106&oid=079&aid=0003315287
전여빈,안재홍X강소라X박영규X김성오X전여빈 ‘해치지않아’ 100만 돌파 인증샷,연예,33,2020,01,24,14:41,5,5,0,0,0,0,0,0,0,0,0,https://news.naver.com/main/read.nhn?mode=LSD&mid=sec&sid1=106&oid=609&aid=0000238416
전여빈,"[팝인터뷰③]전여빈 ""'죄많은소녀'→'해치지않아'까지..한걸음씩 걸어가는 것 같아""",연예,33,2020,01,23,17:31,11,11,0,0,0,0,0,0,0,0,0,https://news.naver.com/main/read.nhn?mode=LSD&mid=sec&sid1=106&oid=112&aid=0003260525
전여빈,[TEN PHOTO]전여빈 '상큼한 미소',연예,33,2020,01,19,14:32,2,2,0,0,0,0,0,0,0,0,0,https://news.naver.com/main/read.nhn?mode=LSD&mid=sec&sid1=106&oid=312&aid=0000431765
전여빈,"[사진]전여빈,'누가 코트 앞을 도려내갔네'",연예,33,2020,01,20,19:40,4,4,0,0,0,0,0,0,0,0,0,https://news.naver.com/main/read.nhn?mode=LSD&mid=sec&sid1=106&oid=109&aid=0004153320
전여빈,"'해치지않아' 전여빈 ""따뜻한 감독님과 닮아있는 영화, 믿음 컸다"" [엑's 인터뷰①]",연예,33,2020,01,19,17:00,18,18,0,0,0,0,0,0,0,0,0,https://news.naver.com/main/read.nhn?mode=LSD&mid=sec&sid1=106&oid=311&aid=0001101557
전여빈,"전여빈, 우아한 여인",연예,33,2020,01,20,19:38,4,4,0,0,0,0,0,0,0,0,0,https://news.naver.com/main/read.nhn?mode=LSD&mid=sec&sid1=106&oid=421&aid=0004418637
전여빈,"[포토] 전여빈, '우아한 발걸음으로'",연예,33,2020,01,20,22:00,1,1,0,0,0,0,0,0,0,0,0,https://news.naver.com/main/read.nhn?mode=LSD&mid=sec&sid1=106&oid=015&aid=0004276840
전여빈,"‘해치지않아’, 100만 관객 돌파...감사 인증사진 공개",연예,33,2020,01,24,8:20,2,2,0,0,0,0,0,0,0,0,0,https://news.naver.com/main/read.nhn?mode=LSD&mid=sec&sid1=106&oid=312&aid=0000432521
전여빈,"'해치지않아', 100만 관객 돌파…안재홍→강소라 깜찍 인증샷 공개",연예,33,2020,01,24,8:12,12,10,0,2,0,0,0,0,0,0,0,https://news.naver.com/main/read.nhn?mode=LSD&mid=sec&sid1=106&oid=468&aid=0000618836
전여빈,'해치지 않아' 안재홍 코미디 통했다…10일만에 100만 돌파,연예,33,2020,01,24,10:58,33,33,0,0,0,0,0,0,0,0,0,https://news.naver.com/main/read.nhn?mode=LSD&mid=sec&sid1=106&oid=421&aid=0004425784
전여빈,"[포토]전여빈, 미모가 청순",연예,33,2020,01,19,14:26,3,3,0,0,0,0,0,0,0,0,0,https://news.naver.com/main/read.nhn?mode=LSD&mid=sec&sid1=106&oid=112&aid=0003258899
전여빈,[TEN PHOTO]전여빈 '앙증맞게 춤추는 나무늘보',연예,33,2020,01,19,14:24,1,1,0,0,0,0,0,0,0,0,0,https://news.naver.com/main/read.nhn?mode=LSD&mid=sec&sid1=106&oid=312&aid=0000431762
전여빈,[TEN PHOTO]전여빈 '청바지+흰티만 입어도 빛나',연예,33,2020,01,19,14:26,1,1,0,0,0,0,0,0,0,0,0,https://news.naver.com/main/read.nhn?mode=LSD&mid=sec&sid1=106&oid=312&aid=0000431763
전여빈,"[★화보]전여빈, 충무로 대세의 매력…대체불가 분위기",연예,34,2020,01,28,9:10,5,5,0,0,0,0,0,0,0,0,0,https://news.naver.com/main/read.nhn?mode=LSD&mid=sec&sid1=106&oid=468&aid=0000619584
전여빈,[TEN PHOTO] 전여빈 '청순청순해',연예,34,2020,01,26,13:32,4,4,0,0,0,0,0,0,0,0,0,https://news.naver.com/main/read.nhn?mode=LSD&mid=sec&sid1=106&oid=312&aid=0000432793
전여빈,"[스타★톡톡] 전여빈, 이제 가족 앞에서 당당한 이유",연예,34,2020,01,29,8:02,11,11,0,0,0,0,0,0,0,0,0,https://news.naver.com/main/read.nhn?mode=LSD&mid=sec&sid1=106&oid=396&aid=0000538317
전여빈,전여빈 ‘청순미모 물올랐네’[포토엔HD],연예,34,2020,01,26,13:46,1,1,0,0,0,0,0,0,0,0,0,https://news.naver.com/main/read.nhn?mode=LSD&mid=sec&sid1=106&oid=609&aid=0000238857
전여빈,"전여빈 ‘대롱이,갈수록 사랑스러워’[포토엔HD]",연예,34,2020,01,26,13:30,1,1,0,0,0,0,0,0,0,0,0,https://news.naver.com/main/read.nhn?mode=LSD&mid=sec&sid1=106&oid=609&aid=0000238841
전여빈,"전여빈, 신비+오묘함 가득 이목구비 [화보]",연예,34,2020,01,28,9:07,18,18,0,0,0,0,0,0,0,0,0,https://news.naver.com/main/read.nhn?mode=LSD&mid=sec&sid1=106&oid=382&aid=0000793598
전여빈,"전여빈, 우아하고 매력적인 분위기 [화보]",연예,34,2020,01,28,10:11,26,26,0,0,0,0,0,0,0,0,0,https://news.naver.com/main/read.nhn?mode=LSD&mid=sec&sid1=106&oid=311&aid=0001104341
전여빈,"전여빈, 매력적인 이목구비+오묘한 분위기..우아함 한가득[화보]",연예,34,2020,01,28,9:11,4,4,0,0,0,0,0,0,0,0,0,https://news.naver.com/main/read.nhn?mode=LSD&mid=sec&sid1=106&oid=112&aid=0003261532
전여빈,"'해치지 않아' 전여빈, 그동안 몰랐던 끝없는 우아함 [화보]",연예,34,2020,01,28,9:11,13,13,0,0,0,0,0,0,0,0,0,https://news.naver.com/main/read.nhn?mode=LSD&mid=sec&sid1=106&oid=109&aid=0004156212
전여빈,[TEN PHOTO] 강소라 '러블리 아우라',연예,34,2020,01,26,13:40,1,1,0,0,0,0,0,0,0,0,0,https://news.naver.com/main/read.nhn?mode=LSD&mid=sec&sid1=106&oid=312&aid=0000432796
전여빈,"""하얗게 불태웠다""…'해치지않아' 털·땀·흥 터진 촬영 비하인드",연예,34,2020,01,28,13:22,6,6,0,0,0,0,0,0,0,0,0,https://news.naver.com/main/read.nhn?mode=LSD&mid=sec&sid1=106&oid=241&aid=0002999755
전여빈,"전여빈, 시크+우아+청초 담은 화보 비하인드컷 공개",연예,35,2020,02,05,10:22,2,2,0,0,0,0,0,0,0,0,0,https://news.naver.com/main/read.nhn?mode=LSD&mid=sec&sid1=106&oid=241&aid=0003001881
전여빈,안재홍·강소라·김성오·전여빈 '해치지 않아' VOD 서비스,연예,35,2020,02,04,24:28,1,1,0,0,0,0,0,0,0,0,0,https://news.naver.com/main/read.nhn?mode=LSD&mid=sec&sid1=106&oid=003&aid=0009684278
전여빈,안재홍 “멜로가 체질‘ 함께한 전여빈 잘돼 좋다..응원중”[EN:인터뷰],연예,35,2020,02,07,6:01,5,5,0,0,0,0,0,0,0,0,0,https://news.naver.com/main/read.nhn?mode=LSD&mid=sec&sid1=106&oid=609&aid=0000244325
전여빈,"이주빈X전여빈X김명준X한준우, 여전한 '멜로가 체질' 인연 ""우리 또 만나""",연예,35,2020,02,05,11:01,19,18,0,0,0,0,0,1,0,0,0,https://news.naver.com/main/read.nhn?mode=LSD&mid=sec&sid1=106&oid=112&aid=0003264547
전여빈,"‘타오르는 여인의 초상’ 11만 돌파, 설현·소주연·경수진 관람인증 열풍",연예,35,2020,02,03,13:32,15,15,0,0,0,0,0,0,0,0,0,https://news.naver.com/main/read.nhn?mode=LSD&mid=sec&sid1=106&oid=117&aid=0003329374
전여빈,"전여빈, ‘시크+우아+청초함’ 모두 담은 화보 비하인드 공개",연예,35,2020,02,05,9:14,3,3,0,0,0,0,0,0,0,0,0,https://news.naver.com/main/read.nhn?mode=LSD&mid=sec&sid1=106&oid=215&aid=0000845030
전여빈,"전여빈, 시크한 표정+독보적 분위기…시선강탈 화보 비하인드",연예,35,2020,02,05,9:54,3,3,0,0,0,0,0,0,0,0,0,https://news.naver.com/main/read.nhn?mode=LSD&mid=sec&sid1=106&oid=311&aid=0001107928
전여빈,"이주빈-김명준 전여빈-한준우, 다시 만난 ‘멜로가 체질’ 커플[SNS★컷]",연예,35,2020,02,05,14:51,18,18,0,0,0,0,0,0,0,0,0,https://news.naver.com/main/read.nhn?mode=LSD&mid=sec&sid1=106&oid=609&aid=0000243545
전여빈,전여빈 “성급하지 않게 차근차근 나아가고 싶다”[EN:인터뷰],연예,36,2020,02,13,16:19,14,14,0,0,0,0,0,0,0,0,0,https://news.naver.com/main/read.nhn?mode=LSD&mid=sec&sid1=106&oid=609&aid=0000247214
전여빈,전여빈 뷰티 화보…코랄+레드립 완벽 소화,연예,38,2020,02,26,9:19,6,6,0,0,0,0,0,0,0,0,0,https://news.naver.com/main/read.nhn?mode=LSD&mid=sec&sid1=106&oid=382&aid=0000801134
전여빈,"지방시 뷰티, 배우 전여빈과 함께한 메이크업 화보 공개",경제,38,2020,02,25,11:06,2,1,0,0,1,0,0,0,0,0,0,https://news.naver.com/main/read.nhn?mode=LSD&mid=sec&sid1=101&oid=468&aid=0000630332
전여빈,"전여빈, 뷰티화보 공개... 고혹적인 매력",연예,38,2020,02,24,22:36,7,7,0,0,0,0,0,0,0,0,0,https://news.naver.com/main/read.nhn?mode=LSD&mid=sec&sid1=106&oid=213&aid=0001155323
전여빈,"LGU+ 갤럭시S20 ‘핑크’, 개통 첫날 41% 몰려",IT,38,2020,02,28,10:20,2,2,0,0,0,0,0,0,0,0,0,https://news.naver.com/main/read.nhn?mode=LSD&mid=sec&sid1=105&oid=366&aid=0000480261
전여빈,"LGU+ 갤럭시S20 '핑크', 개통 첫날 41% 몰려 '인기'",경제,38,2020,02,28,9:31,5,2,1,0,2,0,0,0,0,0,0,https://news.naver.com/main/read.nhn?mode=LSD&mid=sec&sid1=101&oid=003&aid=0009727275
전여빈,"전여빈, 화보 비하인드 컷 공개…레드립 완벽 소화",연예,38,2020,02,26,9:32,2,2,0,0,0,0,0,0,0,0,0,https://news.naver.com/main/read.nhn?mode=LSD&mid=sec&sid1=106&oid=468&aid=0000630667
전여빈,"전여빈, 우아한 아름다움 간직한 화보 비하인드 공개",연예,38,2020,02,26,9:17,2,2,0,0,0,0,0,0,0,0,0,https://news.naver.com/main/read.nhn?mode=LSD&mid=sec&sid1=106&oid=215&aid=0000851239
전여빈,"전여빈, 화보 비하인드컷 공개···색조 메이크업으로 뽐낸 우아美",연예,38,2020,02,26,10:23,1,1,0,0,0,0,0,0,0,0,0,https://news.naver.com/main/read.nhn?mode=LSD&mid=sec&sid1=106&oid=312&aid=0000437307
전여빈,"[화보IS] ""당당한, 고혹적, 우아한"" 전여빈의 얼굴",연예,38,2020,02,25,10:18,2,2,0,0,0,0,0,0,0,0,0,https://news.naver.com/main/read.nhn?mode=LSD&mid=sec&sid1=106&oid=241&aid=0003006519
전여빈,"전여빈, 시크+고혹적 아름다움‥투명 피부 미인[화보]",연예,38,2020,02,24,14:12,12,12,0,0,0,0,0,0,0,0,0,https://news.naver.com/main/read.nhn?mode=LSD&mid=sec&sid1=106&oid=112&aid=0003271253
전여빈,"전여빈, 시크한 표정에 더해진 매혹적인 자태 [화보]",연예,38,2020,02,24,15:09,7,7,0,0,0,0,0,0,0,0,0,https://news.naver.com/main/read.nhn?mode=LSD&mid=sec&sid1=106&oid=117&aid=0003336683
전여빈,"전여빈, 우아한 도시美 [화보]",연예,38,2020,02,24,15:46,1,1,0,0,0,0,0,0,0,0,0,https://news.naver.com/main/read.nhn?mode=LSD&mid=sec&sid1=106&oid=382&aid=0000800714
전여빈,"""시크한 아름다움""..전여빈, 매력적인 모습",연예,38,2020,02,24,15:23,32,32,0,0,0,0,0,0,0,0,0,https://news.naver.com/main/read.nhn?mode=LSD&mid=sec&sid1=106&oid=108&aid=0002845213
전여빈,"LG유플러스 ""갤럭시S20 개통 첫날, 41% 핑크 선택""",IT,38,2020,02,28,10:02,3,1,0,0,2,0,0,0,0,0,0,https://news.naver.com/main/read.nhn?mode=LSD&mid=sec&sid1=105&oid=277&aid=0004633073
전여빈,"""핑크가 대세"" LGU+, 갤럭시S20 '클라우드 핑크' 개통 첫날 41% 몰려",IT,38,2020,02,28,11:06,1,1,0,0,0,0,0,0,0,0,0,https://news.naver.com/main/read.nhn?mode=LSD&mid=sec&sid1=105&oid=015&aid=0004298171
전여빈,"LG유플러스 갤럭시S20 ‘핑크’, 개통 첫날 41% 차지",IT,38,2020,02,28,9:45,1,0,0,0,1,0,0,0,0,0,0,https://news.naver.com/main/read.nhn?mode=LSD&mid=sec&sid1=105&oid=018&aid=0004585910
전여빈,‘기생충’ 경쟁작 ‘타오르는 여인의 초상’ VOD 런칭날 매출 1위,연예,39,2020,03,06,16:21,6,6,0,0,0,0,0,0,0,0,0,https://news.naver.com/main/read.nhn?mode=LSD&mid=sec&sid1=106&oid=382&aid=0000803455
전여빈,"이주빈 “30살 전 불안감 컸는데, 지금은 시야 넓어져” [화보]",연예,39,2020,03,03,13:42,4,4,0,0,0,0,0,0,0,0,0,https://news.naver.com/main/read.nhn?mode=LSD&mid=sec&sid1=106&oid=382&aid=0000802584
전여빈,"'이보영 소속사' 제이와이드컴퍼니, 신천지 지라시에 ""강경 법적 조치""",연예,39,2020,03,04,17:56,1,1,0,0,0,0,0,0,0,0,0,https://news.naver.com/main/read.nhn?mode=LSD&mid=sec&sid1=106&oid=421&aid=0004502538
전여빈,"제이와이드컴퍼니 ""특정 종교 관련 허위사실에 법적 대응""[공식입장]",연예,39,2020,03,04,18:05,6,4,0,2,0,0,0,0,0,0,0,https://news.naver.com/main/read.nhn?mode=LSD&mid=sec&sid1=106&oid=477&aid=0000234950
전여빈,"이통 3사, 갤S20 색상마케팅 효과 ‘톡톡’…광고모델 경쟁도 ‘눈길’",IT,40,2020,03,10,17:06,41,30,9,0,2,0,0,0,0,0,0,https://news.naver.com/main/read.nhn?mode=LSD&mid=sec&sid1=105&oid=468&aid=0000635039
전여빈,"[드링킷] 술이 당기는 드라마, 안 마시곤 못 배긴다",생활,42,2020,03,24,10:18,3,3,0,0,0,0,0,0,0,0,0,https://news.naver.com/main/read.nhn?mode=LSD&mid=sec&sid1=103&oid=277&aid=0004648207
전여빈,"전여빈, 청초한 아름다움…고혹적 뷰티 화보",연예,43,2020,04,02,18:32,19,19,0,0,0,0,0,0,0,0,0,https://news.naver.com/main/read.nhn?mode=LSD&mid=sec&sid1=106&oid=312&aid=0000441163
전여빈,"전여빈 화보, 청초→고혹+우아美 뷰티 필름 공개",연예,43,2020,04,02,14:53,1,1,0,0,0,0,0,0,0,0,0,https://news.naver.com/main/read.nhn?mode=LSD&mid=sec&sid1=106&oid=057&aid=0001439429
전여빈,"전여빈, 청초한 아름다움부터 고혹적이고 우아한 미모까지 [화보]",연예,43,2020,04,02,11:35,8,8,0,0,0,0,0,0,0,0,0,https://news.naver.com/main/read.nhn?mode=LSD&mid=sec&sid1=106&oid=311&aid=0001130239
전여빈,"전여빈, 우아함이란 것이 폭발했다[화보]",연예,43,2020,04,02,10:39,1,1,0,0,0,0,0,0,0,0,0,https://news.naver.com/main/read.nhn?mode=LSD&mid=sec&sid1=106&oid=609&aid=0000263197
전여빈,"[★뷰티] 전여빈, 청초와 고혹美",연예,43,2020,04,02,15:03,5,5,0,0,0,0,0,0,0,0,0,https://news.naver.com/main/read.nhn?mode=LSD&mid=sec&sid1=106&oid=417&aid=0000526110
전여빈,"전여빈 팔색조美, 시선강탈 [화보]",연예,43,2020,04,02,10:48,5,5,0,0,0,0,0,0,0,0,0,https://news.naver.com/main/read.nhn?mode=LSD&mid=sec&sid1=106&oid=382&aid=0000810170
전여빈,"전여빈, 매혹적인 눈빛(화보)",연예,43,2020,04,02,15:26,19,19,0,0,0,0,0,0,0,0,0,https://news.naver.com/main/read.nhn?mode=LSD&mid=sec&sid1=106&oid=009&aid=0004549595
전여빈,"'기생충' 피자집 사장役 정이서, 제이와이드컴퍼니와 전속계약 (공식)",연예,44,2020,04,06,13:45,4,4,0,0,0,0,0,0,0,0,0,https://news.naver.com/main/read.nhn?mode=LSD&mid=sec&sid1=106&oid=052&aid=0001424543
전여빈,"'기생충' 정이서, 제이와이드컴퍼니 전속계약..김태리 한솥밥",연예,44,2020,04,06,15:38,3,3,0,0,0,0,0,0,0,0,0,https://news.naver.com/main/read.nhn?mode=LSD&mid=sec&sid1=106&oid=241&aid=0003014827
전여빈,"기생충'의 피자집 사장 정이서, 제이와이드컴퍼니와 전속계약",연예,44,2020,04,06,16:09,5,5,0,0,0,0,0,0,0,0,0,https://news.naver.com/main/read.nhn?mode=LSD&mid=sec&sid1=106&oid=018&aid=0004614055
전여빈,"'기생충' 피자집 사장 정이서, 김태리와 한솥밥 [공식]",연예,44,2020,04,06,15:02,7,7,0,0,0,0,0,0,0,0,0,https://news.naver.com/main/read.nhn?mode=LSD&mid=sec&sid1=106&oid=108&aid=0002854063
전여빈,"[공식] '기생충' 피자집 사장 정이서, 제이와이드컴퍼니로…김태리와 한솥밥",연예,44,2020,04,06,16:01,2,2,0,0,0,0,0,0,0,0,0,https://news.naver.com/main/read.nhn?mode=LSD&mid=sec&sid1=106&oid=117&aid=0003349827
전여빈,"56회 백상예술대상, TV·영화·연극 최종 후보 공개",연예,48,2020,05,08,8:02,240,238,0,2,0,0,0,0,0,0,0,https://news.naver.com/main/read.nhn?mode=LSD&mid=sec&sid1=106&oid=241&aid=0003021375
전여빈,김희애·한소희 ‘백상예술대상’ 달군다…수상 기대감↑[MK이슈],연예,48,2020,05,08,15:00,48,46,0,2,0,0,0,0,0,0,0,https://news.naver.com/main/read.nhn?mode=LSD&mid=sec&sid1=106&oid=009&aid=0004571168
전여빈,‘킹덤’ ‘사냥의 시간’ 넷플릭스 최초 백상예술대상 후보 올라,생활,48,2020,05,08,16:55,5,4,1,0,0,0,0,0,0,0,0,https://news.naver.com/main/read.nhn?mode=LSD&mid=sec&sid1=103&oid=025&aid=0002999159
전여빈,56회 백상예술대상 후보 공개…'기생충' 최다 노미네이트,연예,48,2020,05,08,14:00,2,2,0,0,0,0,0,0,0,0,0,https://news.naver.com/main/read.nhn?mode=LSD&mid=sec&sid1=106&oid=079&aid=0003357584
전여빈,"56회 백상예술대상, TV·영화·연극 최종 후보 공개",연예,48,2020,05,08,9:55,8,7,0,1,0,0,0,0,0,0,0,https://news.naver.com/main/read.nhn?mode=LSD&mid=sec&sid1=106&oid=018&aid=0004635614
전여빈,"백상예술대상 후보 공개…TV 경쟁 치열, 영화는 '기생충' 최다 후보",연예,48,2020,05,08,8:56,3,3,0,0,0,0,0,0,0,0,0,https://news.naver.com/main/read.nhn?mode=LSD&mid=sec&sid1=106&oid=421&aid=0004626272
전여빈,"한준우, ‘출사표’ 출연 확정",연예,49,2020,05,12,9:18,10,9,0,0,0,0,0,1,0,0,0,https://news.naver.com/main/read.nhn?mode=LSD&mid=sec&sid1=106&oid=215&aid=0000870072
전여빈,한준우 `출사표` 합류…야망 있는 수행비서 役,연예,49,2020,05,12,16:42,3,3,0,0,0,0,0,0,0,0,0,https://news.naver.com/main/read.nhn?mode=LSD&mid=sec&sid1=106&oid=009&aid=0004573357
전여빈,"'멜로가 체질' 한준우, '출사표' 출연 확정…나나x박성훈과 호흡 [공식]",연예,49,2020,05,12,11:19,3,3,0,0,0,0,0,0,0,0,0,https://news.naver.com/main/read.nhn?mode=LSD&mid=sec&sid1=106&oid=109&aid=0004204633
전여빈,"'멜로가 체질' 한준우, '출사표' 출연 확정…야망 있는 수행비서 변신 [공식입장]",연예,49,2020,05,12,16:40,13,13,0,0,0,0,0,0,0,0,0,https://news.naver.com/main/read.nhn?mode=LSD&mid=sec&sid1=106&oid=311&aid=0001145329
전여빈,‘하이에나’ 한준우 ‘출사표’ 합류 “야망남 役”(공식),연예,49,2020,05,12,11:33,4,4,0,0,0,0,0,0,0,0,0,https://news.naver.com/main/read.nhn?mode=LSD&mid=sec&sid1=106&oid=609&aid=0000276400
전여빈,"한준우, 드라마 '출사표' 캐스팅… 7급 공무원 출신 수행비서 연기",연예,49,2020,05,13,5:00,2,2,0,0,0,0,0,0,0,0,0,https://news.naver.com/main/read.nhn?mode=LSD&mid=sec&sid1=106&oid=417&aid=0000541538
전여빈,"[공식]'송강호부터 김희애까지'…56회 백상예술대상, TV·영화·연극 최종 후보 공개",연예,49,2020,05,15,8:22,41,30,0,4,0,0,5,1,0,1,0,https://news.naver.com/main/read.nhn?mode=LSD&mid=sec&sid1=106&oid=076&aid=0003568020
전여빈,‘치열한 접전’…올해 백상예술대상 여자 신인상은 누가?,연예,50,2020,05,21,13:57,12,7,0,2,0,0,1,0,2,0,0,https://news.naver.com/main/read.nhn?mode=LSD&mid=sec&sid1=106&oid=005&aid=0001323648
전여빈,"배우 동하, 제이와이드컴퍼니와 전속계약",연예,50,2020,05,22,10:45,34,26,0,0,0,0,3,0,3,2,0,https://news.naver.com/main/read.nhn?mode=LSD&mid=sec&sid1=106&oid=001&aid=0011626934
전여빈,"동하, 제이와이드컴퍼니와 전속계약...김태리 안재홍과 한솥밥",연예,50,2020,05,22,11:07,22,21,0,0,0,0,1,0,0,0,0,https://news.naver.com/main/read.nhn?mode=LSD&mid=sec&sid1=106&oid=052&aid=0001443096
전여빈,"동하, 제이와이드컴퍼니와 전속계약 체결",연예,50,2020,05,22,10:37,3,2,0,0,0,0,1,0,0,0,0,https://news.naver.com/main/read.nhn?mode=LSD&mid=sec&sid1=106&oid=215&aid=0000872765
전여빈,"'김과장' 동하, 김태리·안재홍과 한솥밥…""다방면 활동""",연예,50,2020,05,22,13:44,3,3,0,0,0,0,0,0,0,0,0,https://news.naver.com/main/read.nhn?mode=LSD&mid=sec&sid1=106&oid=421&aid=0004652844
전여빈,"""안보현·이재욱→전미도·한소희""…백상예술대상, 남녀 신인상 후보 10人 공개",연예,50,2020,05,19,10:27,28,20,0,0,0,0,5,0,0,3,0,https://news.naver.com/main/read.nhn?mode=LSD&mid=sec&sid1=106&oid=311&aid=0001148333
전여빈,안보현 안효섭→전미도 한소희 ‘백상예술대상’ 신인상 누가 거머쥘까,연예,50,2020,05,19,10:23,25,18,0,2,0,0,3,0,1,1,0,https://news.naver.com/main/read.nhn?mode=LSD&mid=sec&sid1=106&oid=609&aid=0000278758
전여빈,'백상' 신인상 경쟁 치열…女후보 '김다미 vs 전미도 vs 한소희',연예,50,2020,05,19,10:32,30,20,0,1,0,0,5,0,1,3,0,https://news.naver.com/main/read.nhn?mode=LSD&mid=sec&sid1=106&oid=312&aid=0000446387
전여빈,"[인터뷰]전미도 ""자고 일어나니 스타? 온 우주가 날 도와줘""",연예,51,2020,05,29,8:00,30,26,0,0,0,0,1,0,0,3,0,https://news.naver.com/main/read.nhn?mode=LSD&mid=sec&sid1=106&oid=003&aid=0009887173
전여빈,전미도 “슬기로운 의사생활 시즌10까지 하자 해도 콜!”,생활,51,2020,05,29,8:00,"2,504","2,293",103,4,91,13,0,0,0,0,0,https://news.naver.com/main/read.nhn?mode=LSD&mid=sec&sid1=103&oid=032&aid=0003011857
전여빈,"'슬의생' 전미도, 시청자도 사랑하게 될 줄 알았어 [엑's 스타]",연예,51,2020,05,27,10:41,42,37,0,0,0,0,3,0,2,0,0,https://news.naver.com/main/read.nhn?mode=LSD&mid=sec&sid1=106&oid=311&aid=0001152324
전여빈,[인터뷰③] 전미도 “‘슬의생’ 시즌2 나도 궁금해…잊지 말고 기다려달라”,연예,51,2020,05,29,8:02,9,8,0,0,0,0,0,0,0,1,0,https://news.naver.com/main/read.nhn?mode=LSD&mid=sec&sid1=106&oid=009&aid=0004584709
전여빈,'슬의생' 전미도가 밝힌 #조정석 #데뷔 15년만 신인상 #시즌2[★FULL인터뷰],연예,51,2020,05,30,8:00,50,43,0,0,0,0,6,0,0,1,0,https://news.naver.com/main/read.nhn?mode=LSD&mid=sec&sid1=106&oid=108&aid=0002866720
전여빈,"'슬의생' 전미도 ""신인상? 한소희‧김다미 예상…39세에 후보라니 기분 좋아""[인터뷰②]",연예,51,2020,05,29,8:00,18,10,0,0,0,0,7,0,0,1,0,https://news.naver.com/main/read.nhn?mode=LSD&mid=sec&sid1=106&oid=477&aid=0000245225
