진서연,"[별★한컷] ""삭발과 온몸 문신 요구"" 전혜진의 파격 변신 예고",연예,0,2019,06,02,10:00,10,10,0,0,0,0,0,0,0,0,0,https://news.naver.com/main/read.nhn?mode=LSD&mid=sec&sid1=106&oid=108&aid=0002787522
진서연,"진서연, 센 언니 벗고 청순미 입었다 ""나도 치마있다""",연예,1,2019,06,10,15:02,2,2,0,0,0,0,0,0,0,0,0,https://news.naver.com/main/read.nhn?mode=LSD&mid=sec&sid1=106&oid=112&aid=0003174192
진서연,"""나도 치마있다""...진서연, 청순미 가득한 일상 [★해시태그]",연예,1,2019,06,10,16:39,7,7,0,0,0,0,0,0,0,0,0,https://news.naver.com/main/read.nhn?mode=LSD&mid=sec&sid1=106&oid=311&aid=0001002298
진서연,"‘독일댁’ 진서연, 걸크러시 매력 물씬 ‘멋짐 그 자체’[SNS★컷]",연예,2,2019,06,22,16:59,2,2,0,0,0,0,0,0,0,0,0,https://news.naver.com/main/read.nhn?mode=LSD&mid=sec&sid1=106&oid=609&aid=0000127599
진서연,"진서연, 이 언니 매력이 어마어마해…걸크러시 뿜뿜",연예,2,2019,06,18,24:27,3,3,0,0,0,0,0,0,0,0,0,https://news.naver.com/main/read.nhn?mode=LSD&mid=sec&sid1=106&oid=112&aid=0003177340
진서연,"진서연, 걸크러시 끝판왕다운 카리스마 ‘멋짐 폭발’[SNS★컷]",연예,2,2019,06,18,15:14,2,2,0,0,0,0,0,0,0,0,0,https://news.naver.com/main/read.nhn?mode=LSD&mid=sec&sid1=106&oid=609&aid=0000125420
진서연,제6회 중앙학생시조백일장 164개 학교 513명 본심 진출,생활,3,2019,06,28,11:13,5,5,0,0,0,0,0,0,0,0,0,https://news.naver.com/main/read.nhn?mode=LSD&mid=sec&sid1=103&oid=025&aid=0002918246
진서연,"진서연, 걸크러쉬 언니의 상큼 눈웃음 ""시키는대로 다함""",연예,4,2019,07,03,10:25,2,2,0,0,0,0,0,0,0,0,0,https://news.naver.com/main/read.nhn?mode=LSD&mid=sec&sid1=106&oid=112&aid=0003183445
진서연,한국영화 100년 춘사의 선택은? '기생충' 7개 부문 후보,연예,4,2019,07,03,16:04,9,9,0,0,0,0,0,0,0,0,0,https://news.naver.com/main/read.nhn?mode=LSD&mid=sec&sid1=106&oid=047&aid=0002232353
진서연,"[창간8주년]상반기 모바일 게임 순위, 수성 MMO VS 공성 非MMO",IT,4,2019,07,01,15:48,1,1,0,0,0,0,0,0,0,0,0,https://news.naver.com/main/read.nhn?mode=LSD&mid=sec&sid1=105&oid=236&aid=0000191551
진서연,"""'기생충' 싹쓸이 예고"" 24회 춘사영화제 최종후보 발표[공식]",연예,4,2019,07,04,10:11,8,8,0,0,0,0,0,0,0,0,0,https://news.naver.com/main/read.nhn?mode=LSD&mid=sec&sid1=106&oid=241&aid=0002932925
진서연,춘사영화제 18일 개최…`기생충` 7개 부문 후보 올라,연예,4,2019,07,03,18:09,4,4,0,0,0,0,0,0,0,0,0,https://news.naver.com/main/read.nhn?mode=LSD&mid=sec&sid1=106&oid=009&aid=0004385480
진서연,‘기생충’ 잔치 될까? 춘사영화제 송강호 최우식 남우주연상 공동후보,연예,4,2019,07,03,15:36,8,8,0,0,0,0,0,0,0,0,0,https://news.naver.com/main/read.nhn?mode=LSD&mid=sec&sid1=106&oid=609&aid=0000133614
진서연,'제24회 춘사영화제' 18일 개최... '기생충' 7개 부문 노미네이트,연예,4,2019,07,04,24:57,2,2,0,0,0,0,0,0,0,0,0,https://news.naver.com/main/read.nhn?mode=LSD&mid=sec&sid1=106&oid=312&aid=0000396661
진서연,"[단독] 장혁·진서연·최수영, OCN '본대로 말하라' 출연 논의..호화 캐스팅",연예,6,2019,07,18,9:23,55,54,0,1,0,0,0,0,0,0,0,https://news.naver.com/main/read.nhn?mode=LSD&mid=sec&sid1=106&oid=109&aid=0004052159
진서연,OCN 측 “장혁 진서연 최수영에 ‘본대로 말하라’ 출연 제안”(공식입장),연예,6,2019,07,18,17:22,23,23,0,0,0,0,0,0,0,0,0,https://news.naver.com/main/read.nhn?mode=LSD&mid=sec&sid1=106&oid=609&aid=0000141685
진서연,"`춘사영화제` 이정은·스티븐 연, 남녀조연상 수상",연예,6,2019,07,18,20:34,2,2,0,0,0,0,0,0,0,0,0,https://news.naver.com/main/read.nhn?mode=LSD&mid=sec&sid1=106&oid=009&aid=0004394808
진서연,"이정은, '24th 춘사영화제' 女조연상 ""목소리 좋다던 봉준호 감사""",연예,6,2019,07,18,20:12,8,8,0,0,0,0,0,0,0,0,0,https://news.naver.com/main/read.nhn?mode=LSD&mid=sec&sid1=106&oid=108&aid=0002798093
진서연,제6회 중앙학생시조백일장+제5회 중앙시조암송경연대회 수상자 명단,생활,6,2019,07,14,8:16,1,1,0,0,0,0,0,0,0,0,0,https://news.naver.com/main/read.nhn?mode=LSD&mid=sec&sid1=103&oid=025&aid=0002922015
진서연,"진서연, 안 꾸며도 예뻐‥여유로운 독일 근황",연예,7,2019,07,25,8:30,4,4,0,0,0,0,0,0,0,0,0,https://news.naver.com/main/read.nhn?mode=LSD&mid=sec&sid1=106&oid=112&aid=0003192330
진서연,"""후손 위해서 싸우자"" 'NO 일본' 촛불 들고 거리로 나서는 시민들",사회,7,2019,07,22,4:01,481,331,5,5,136,4,0,0,0,0,0,https://news.naver.com/main/read.nhn?mode=LSD&mid=sec&sid1=102&oid=079&aid=0003251256
진서연,국가대표 MMORPG ‘블소’의 변신! 게임 넘어 문화로 ‘전진’,IT,9,2019,08,05,11:53,1,1,0,0,0,0,0,0,0,0,0,https://news.naver.com/main/read.nhn?mode=LSD&mid=sec&sid1=105&oid=016&aid=0001565419
진서연,"‘악마가’ 정경호, 이설과의 과거인연 알고 충격...이엘 “모태강 아니지?”[종합]",연예,10,2019,08,15,23:00,2,2,0,0,0,0,0,0,0,0,0,https://news.naver.com/main/read.nhn?mode=LSD&mid=sec&sid1=106&oid=213&aid=0001124826
진서연,"'해투4' 양치승 ""제자 방탄소년단 진, 예의+인간성 바른 친구""",연예,11,2019,08,23,6:25,752,752,0,0,0,0,0,0,0,0,0,https://news.naver.com/main/read.nhn?mode=LSD&mid=sec&sid1=106&oid=468&aid=0000552319
진서연,"진서연, 애 엄마 맞아?…스웨그란 것이 폭발한다",연예,12,2019,08,28,16:01,6,6,0,0,0,0,0,0,0,0,0,https://news.naver.com/main/read.nhn?mode=LSD&mid=sec&sid1=106&oid=112&aid=0003205699
진서연,"'독전' 진서연 ""베를린 교복은 추리닝""..아이 있다는 게 안믿겨[★SHOT!]",연예,12,2019,08,28,17:16,7,7,0,0,0,0,0,0,0,0,0,https://news.naver.com/main/read.nhn?mode=LSD&mid=sec&sid1=106&oid=109&aid=0004075901
진서연,"진서연, 스타일리시한 패션감각 '얼룩무늬 셔츠'[★SHOT!]",연예,16,2019,09,22,18:59,8,8,0,0,0,0,0,0,0,0,0,https://news.naver.com/main/read.nhn?mode=LSD&mid=sec&sid1=106&oid=109&aid=0004088854
진서연,“아이랑 같이 보지 마세요” 영화 ‘조커’ 관람등급 논란,생활,19,2019,10,15,16:08,383,27,3,4,335,14,0,0,0,0,0,https://news.naver.com/main/read.nhn?mode=LSD&mid=sec&sid1=103&oid=020&aid=0003247172
진서연,지속적 폭력 아니면 괜찮다?… ‘잔혹 영화’ 15세 관람가 논란[인사이드&인사이트],오피니언,19,2019,10,16,3:04,18,1,0,1,15,1,0,0,0,0,0,https://news.naver.com/main/read.nhn?mode=LSD&mid=sec&sid1=110&oid=020&aid=0003247304
진서연,`본대로 말하라` 최수영X김홍선 말한 #장혁·진서연 #한국의 HBO #甲[MK현장],연예,20,2019,10,25,20:39,10,10,0,0,0,0,0,0,0,0,0,https://news.naver.com/main/read.nhn?mode=LSD&mid=sec&sid1=106&oid=009&aid=0004451730
진서연,"[DA:현장] “한국형 마블 세계관 구축” OCN ‘스릴러 하우스’, 2020 라인업 공개 (종합)",연예,20,2019,10,25,16:58,56,55,0,1,0,0,0,0,0,0,0,https://news.naver.com/main/read.nhn?mode=LSD&mid=sec&sid1=106&oid=382&aid=0000771680
진서연,"25주년 OCN 차태현부터 장혁, 2020 명품장르물 11작품 온다(종합)[Oh!쎈 현장]",연예,20,2019,10,25,16:57,19,19,0,0,0,0,0,0,0,0,0,https://news.naver.com/main/read.nhn?mode=LSD&mid=sec&sid1=106&oid=109&aid=0004108592
진서연,"최현석·양치승, '당나귀 귀' 새 사장님으로 합류",연예,20,2019,10,24,10:17,5,4,0,1,0,0,0,0,0,0,0,https://news.naver.com/main/read.nhn?mode=LSD&mid=sec&sid1=106&oid=241&aid=0002972087
진서연,"[종합IS] 올해 아쉬웠던 OCN, 절치부심한 2020년 라인업",연예,20,2019,10,25,18:01,2,2,0,0,0,0,0,0,0,0,0,https://news.naver.com/main/read.nhn?mode=LSD&mid=sec&sid1=106&oid=241&aid=0002972766
진서연,"김홍선 감독 ""OCN, 한국의 HBO 목표했는데 근접한 듯"" (스릴러하우스)",연예,20,2019,10,25,19:47,5,5,0,0,0,0,0,0,0,0,0,https://news.naver.com/main/read.nhn?mode=LSD&mid=sec&sid1=106&oid=241&aid=0002972900
진서연,"OCN, `걸캅스`·`본대로 말하라`·`아일랜드` 등 2020년 드라마 라인업 공개",연예,20,2019,10,25,16:43,8,8,0,0,0,0,0,0,0,0,0,https://news.naver.com/main/read.nhn?mode=LSD&mid=sec&sid1=106&oid=009&aid=0004451539
진서연,"'본대로 말하라' 김홍선 감독 ""최수영, 캐스팅 1순위"" (스릴러하우스)",연예,20,2019,10,25,19:42,7,7,0,0,0,0,0,0,0,0,0,https://news.naver.com/main/read.nhn?mode=LSD&mid=sec&sid1=106&oid=241&aid=0002972894
진서연,"""우직함 있는 드라마"" 최수영X김홍선 감독, '본대로 말하라' 2020년 OCN 문연다(종합)[Oh!쎈 현장]",연예,20,2019,10,25,20:00,5,5,0,0,0,0,0,0,0,0,0,https://news.naver.com/main/read.nhn?mode=LSD&mid=sec&sid1=106&oid=109&aid=0004108824
진서연,"최수영 ""'본대로 말하라' 장혁과의 호흡, 영광이고 행운""",연예,20,2019,10,25,19:35,25,24,0,1,0,0,0,0,0,0,0,https://news.naver.com/main/read.nhn?mode=LSD&mid=sec&sid1=106&oid=421&aid=0004270285
진서연,"[현장IS]최수영·김홍선 감독, 2020년 OCN 포문 열 '본대로 말하라'(종합)",연예,20,2019,10,25,20:02,26,26,0,0,0,0,0,0,0,0,0,https://news.naver.com/main/read.nhn?mode=LSD&mid=sec&sid1=106&oid=241&aid=0002972923
진서연,"[MK현장] OCN 장르 명가의 새로운 고민…`마블형 세계관`, 도약의 발판 될까?",연예,20,2019,10,25,17:40,4,4,0,0,0,0,0,0,0,0,0,https://news.naver.com/main/read.nhn?mode=LSD&mid=sec&sid1=106&oid=009&aid=0004451606
진서연,"'당나귀 귀' 최현석X양치승, 전격 합류…요리 보스X근육 보스 만났다",연예,20,2019,10,24,10:59,2,2,0,0,0,0,0,0,0,0,0,https://news.naver.com/main/read.nhn?mode=LSD&mid=sec&sid1=106&oid=015&aid=0004228986
진서연,"최현석 셰프X양치승 트레이너, '당나귀 귀' 新 보스 전격 합류",연예,20,2019,10,24,24:02,6,6,0,0,0,0,0,0,0,0,0,https://news.naver.com/main/read.nhn?mode=LSD&mid=sec&sid1=106&oid=311&aid=0001064421
진서연,"`당나귀 귀` 최현석 양치승 합류, 요리X근육 보스의 만남(공식)",연예,20,2019,10,24,10:22,1,1,0,0,0,0,0,0,0,0,0,https://news.naver.com/main/read.nhn?mode=LSD&mid=sec&sid1=106&oid=009&aid=0004450398
진서연,"최현석X양치승, ‘사장님 귀는 당나귀 귀’ 합류…요리 보스와 근육 보스의 만남",연예,20,2019,10,24,11:14,1,1,0,0,0,0,0,0,0,0,0,https://news.naver.com/main/read.nhn?mode=LSD&mid=sec&sid1=106&oid=312&aid=0000416514
진서연,"진서연 한효주 '절친샷'…""백가지 수다 떨고 싶은데 너무 바쁘다""",연예,21,2019,10,30,9:58,21,21,0,0,0,0,0,0,0,0,0,https://news.naver.com/main/read.nhn?mode=LSD&mid=sec&sid1=106&oid=082&aid=0000953358
진서연,"""재미 넘어 변화 추구""…'당나귀 귀', '1박2일' 땜빵에서 日예능 신흥 강자로[SS현장]",연예,21,2019,10,29,24:13,2,2,0,0,0,0,0,0,0,0,0,https://news.naver.com/main/read.nhn?mode=LSD&mid=sec&sid1=106&oid=468&aid=0000583890
진서연,"엔씨 피버페스티벌, 게임×음악 ‘환상 콜라보’ 선사",IT,21,2019,10,28,13:23,4,4,0,0,0,0,0,0,0,0,0,https://news.naver.com/main/read.nhn?mode=LSD&mid=sec&sid1=105&oid=016&aid=0001595446
진서연,[사장님 귀는 당나귀 귀] 우리 감독님이 달라졌어요~ 해바라기 대신 선수들에 칭찬 아끼지 않는 현주엽,연예,21,2019,10,27,20:29,19,19,0,0,0,0,0,0,0,0,0,https://news.naver.com/main/read.nhn?mode=LSD&mid=sec&sid1=106&oid=438&aid=0000026417
진서연,"진서연X한효주, 절친들의 꽃미모 ""그렇게 매일 봐도 사진 안 찍는 우리""",연예,21,2019,10,30,8:23,10,10,0,0,0,0,0,0,0,0,0,https://news.naver.com/main/read.nhn?mode=LSD&mid=sec&sid1=106&oid=112&aid=0003228991
진서연,"""높은 시청률 →젊은 피 수혈""…'당나귀 귀', '1박2일' 땜빵의 반전 (종합) [Oh!쎈 현장]",연예,21,2019,10,29,11:59,3,3,0,0,0,0,0,0,0,0,0,https://news.naver.com/main/read.nhn?mode=LSD&mid=sec&sid1=106&oid=109&aid=0004111095
진서연,"[사장님 귀는 당나귀 귀] 김시래, “현주엽 감독님과 예능하면서...더 멀어진 것 같습니다”(ㅋㅋㅋ) KBL미디어데이 풍경",연예,21,2019,10,27,19:56,12,12,0,0,0,0,0,0,0,0,0,https://news.naver.com/main/read.nhn?mode=LSD&mid=sec&sid1=106&oid=438&aid=0000026416
진서연,[사장님 귀는 당나귀 귀] “3개월 모델 출신...머리 커서 포기했다” 김소연 대표의 ‘살신성인’ 워킹 시범,연예,21,2019,10,27,19:45,12,11,0,1,0,0,0,0,0,0,0,https://news.naver.com/main/read.nhn?mode=LSD&mid=sec&sid1=106&oid=438&aid=0000026415
진서연,"`당나귀 귀` 최현석·양치승, 오늘(27일) 새 보스 합류[MK프리뷰]",연예,21,2019,10,27,7:02,5,5,0,0,0,0,0,0,0,0,0,https://news.naver.com/main/read.nhn?mode=LSD&mid=sec&sid1=106&oid=009&aid=0004451951
진서연,"[사장님 귀는 당나귀 귀] BTS진, 성훈, 2PM...몸짱 스타들 키워낸 근육 저승사자 양치승 관장 신입 보스로 합류",연예,21,2019,10,27,19:35,50,49,0,1,0,0,0,0,0,0,0,https://news.naver.com/main/read.nhn?mode=LSD&mid=sec&sid1=106&oid=438&aid=0000026414
진서연,"[공식] 진서연, OCN '본대로말하라' 주연캐스팅 확정",연예,22,2019,11,06,10:29,3,3,0,0,0,0,0,0,0,0,0,https://news.naver.com/main/read.nhn?mode=LSD&mid=sec&sid1=106&oid=011&aid=0003646836
진서연,"진서연, 독보적인 시크美 뽐내는 근황 “내복 왜 입었니”",연예,22,2019,11,06,14:04,1,1,0,0,0,0,0,0,0,0,0,https://news.naver.com/main/read.nhn?mode=LSD&mid=sec&sid1=106&oid=469&aid=0000437650
진서연,"'당나귀 귀' 시청률 8% 돌파, 2주만에 동시간대 1위 재탈환",연예,22,2019,11,04,8:47,1,1,0,0,0,0,0,0,0,0,0,https://news.naver.com/main/read.nhn?mode=LSD&mid=sec&sid1=106&oid=468&aid=0000586514
진서연,"진서연, OCN '본대로 말하라'로 안방 복귀...장혁과 호흡",연예,22,2019,11,06,9:59,2,2,0,0,0,0,0,0,0,0,0,https://news.naver.com/main/read.nhn?mode=LSD&mid=sec&sid1=106&oid=312&aid=0000418988
진서연,"진서연, OCN '본대로말하라' 주연 캐스팅 확정…장혁과 호흡[공식]",연예,22,2019,11,06,10:01,2,2,0,0,0,0,0,0,0,0,0,https://news.naver.com/main/read.nhn?mode=LSD&mid=sec&sid1=106&oid=213&aid=0001139550
진서연,"진서연, OCN '본대로 말하라' 출연…장혁과 호흡 [공식]",연예,22,2019,11,06,8:59,5,5,0,0,0,0,0,0,0,0,0,https://news.naver.com/main/read.nhn?mode=LSD&mid=sec&sid1=106&oid=117&aid=0003297291
진서연,"[공식] 장혁X최수영X진서연, OCN '본 대로 말하라' 출연 확정",연예,22,2019,11,06,13:27,6,6,0,0,0,0,0,0,0,0,0,https://news.naver.com/main/read.nhn?mode=LSD&mid=sec&sid1=106&oid=076&aid=0003492551
진서연,"'당나귀 귀' 근육 보스 양치승, 첫 등장 ""양크루지""…'최고 8.6%'",연예,22,2019,11,04,8:17,6,6,0,0,0,0,0,0,0,0,0,https://news.naver.com/main/read.nhn?mode=LSD&mid=sec&sid1=106&oid=076&aid=0003491199
진서연,"'당나귀 귀' 근육 보스 양치승, 첫 등장부터 ""양크루지""…최고 시청률 8.6％",연예,22,2019,11,04,8:39,1,1,0,0,0,0,0,0,0,0,0,https://news.naver.com/main/read.nhn?mode=LSD&mid=sec&sid1=106&oid=015&aid=0004235210
진서연,"'당나귀 귀' 양치승, 짠돌이 폭로에 '양크루지' 별명",연예,22,2019,11,04,9:40,3,3,0,0,0,0,0,0,0,0,0,https://news.naver.com/main/read.nhn?mode=LSD&mid=sec&sid1=106&oid=312&aid=0000418510
진서연,"'당나귀 귀' 김소연 대표X장윤주, 23년 지기 워맨스 폭발 '최고 시청률 기록'",연예,22,2019,11,04,8:45,2,2,0,0,0,0,0,0,0,0,0,https://news.naver.com/main/read.nhn?mode=LSD&mid=sec&sid1=106&oid=011&aid=0003645284
진서연,"""버스는 멈췄는데 전철은 20분 만에""… 고양시민 출퇴근 '이중고'(종합)",사회,24,2019,11,21,15:19,11,1,0,0,9,1,0,0,0,0,0,https://news.naver.com/main/read.nhn?mode=LSD&mid=sec&sid1=102&oid=003&aid=0009569476
진서연,[사장님 귀는 당나귀 귀] 여자 현주엽의 재림! 김동은 원장의 끝없는 결혼식 뷔페 먹방,연예,24,2019,11,17,20:40,19,18,0,1,0,0,0,0,0,0,0,https://news.naver.com/main/read.nhn?mode=LSD&mid=sec&sid1=106&oid=438&aid=0000026690
진서연,"[사장님 귀는 당나귀 귀] 양치승 관장, 직원 결혼식에 인간화환+전단지...김동은 원장은 한우 약속에 적극적 홍보",연예,24,2019,11,17,20:33,1,1,0,0,0,0,0,0,0,0,0,https://news.naver.com/main/read.nhn?mode=LSD&mid=sec&sid1=106&oid=438&aid=0000026689
진서연,"[르포]""5분이면 오던 대곡역 전철 20분만에 오니""… 고양시민 '이중고'",사회,24,2019,11,21,11:08,12,0,0,1,10,1,0,0,0,0,0,https://news.naver.com/main/read.nhn?mode=LSD&mid=sec&sid1=102&oid=003&aid=0009568735
진서연,[단독] '본대로 말하라' 이준형 PD 하차→'보이스' 김상훈 PD로 교체,연예,25,2019,11,27,17:34,22,22,0,0,0,0,0,0,0,0,0,https://news.naver.com/main/read.nhn?mode=LSD&mid=sec&sid1=106&oid=421&aid=0004329369
진서연,"'본대로 말하라' 이준형 PD→김상훈 PD 교체..""개인사유""(공식)",연예,25,2019,11,27,17:51,12,11,0,1,0,0,0,0,0,0,0,https://news.naver.com/main/read.nhn?mode=LSD&mid=sec&sid1=106&oid=108&aid=0002826589
진서연,"[사장님 귀는 당나귀 귀] 김동은 원장, 템플스테이 중 주지스님에 “40대?”...급 동안 의견에 스님 ‘방긋’",연예,25,2019,11,24,20:16,9,8,0,1,0,0,0,0,0,0,0,https://news.naver.com/main/read.nhn?mode=LSD&mid=sec&sid1=106&oid=438&aid=0000026780
진서연,"[사장님 귀는 당나귀 귀] 양치승 관장+직원들, 템플스테이...김동은 원장, “이틀 동안 고기 못 먹는다고 해 충격적”",연예,25,2019,11,24,19:57,34,32,0,2,0,0,0,0,0,0,0,https://news.naver.com/main/read.nhn?mode=LSD&mid=sec&sid1=106&oid=438&aid=0000026779
진서연,"[사장님 귀는 당나귀 귀] 김동은 원장의 직업정신, 천년 사찰에서 스님의 자세 교정?!",연예,26,2019,12,01,20:16,2,2,0,0,0,0,0,0,0,0,0,https://news.naver.com/main/read.nhn?mode=LSD&mid=sec&sid1=106&oid=438&aid=0000026863
진서연,"[사장님 귀는 당나귀 귀] 새벽부터 해맑은 동은 원장, ＂스님, 오늘은 패션이 다르시네요~＂",연예,26,2019,12,01,20:09,2,2,0,0,0,0,0,0,0,0,0,https://news.naver.com/main/read.nhn?mode=LSD&mid=sec&sid1=106&oid=438&aid=0000026862
진서연,"OCN '본 대로 말하라' 교통 사고, 스태프 8명 부상...제작사 ""후속 조치 최선"" [전문]",연예,27,2019,12,12,18:40,14,0,0,14,0,0,0,0,0,0,0,https://news.naver.com/main/read.nhn?mode=LSD&mid=sec&sid1=106&oid=312&aid=0000425583
진서연,‘본 대로 말하라’ 촬영 중 스태프 사고 8명 부상,생활,27,2019,12,12,18:58,13,0,1,6,6,0,0,0,0,0,0,https://news.naver.com/main/read.nhn?mode=LSD&mid=sec&sid1=103&oid=469&aid=0000448187
진서연,"[사장님 귀는 당나귀 귀] 10%할인 이야기에 ‘양크루지’ 양치승 관장, 초밥집서 51접시 클리어",연예,27,2019,12,08,20:07,7,7,0,0,0,0,0,0,0,0,0,https://news.naver.com/main/read.nhn?mode=LSD&mid=sec&sid1=106&oid=438&aid=0000026945
진서연,"'본대로 말하라' 스태프 교통사고 8명 부상 ""후속 조치 최선""",연예,27,2019,12,12,18:00,9,0,0,9,0,0,0,0,0,0,0,https://news.naver.com/main/read.nhn?mode=LSD&mid=sec&sid1=106&oid=003&aid=0009605352
진서연,"'본대로 말하라' 촬영 중 교통사고…제작사 측 ""후속조치 최선""",연예,27,2019,12,12,17:35,13,0,0,13,0,0,0,0,0,0,0,https://news.naver.com/main/read.nhn?mode=LSD&mid=sec&sid1=106&oid=421&aid=0004355458
진서연,[사장님 귀는 당나귀 귀] “흰살생선 접시로 탑 쌓을거야” 김동은 원장의 회전초밥집 이용법,연예,27,2019,12,08,20:00,7,7,0,0,0,0,0,0,0,0,0,https://news.naver.com/main/read.nhn?mode=LSD&mid=sec&sid1=106&oid=438&aid=0000026944
진서연,"'간택' 진서연, '사면초가' 목 졸림 大위기 ""언니를 죽인 자를 찾아라""",연예,28,2019,12,21,24:14,17,17,0,0,0,0,0,0,0,0,0,https://news.naver.com/main/read.nhn?mode=LSD&mid=sec&sid1=106&oid=076&aid=0003511577
진서연,[사장님 귀는 당나귀 귀] 형이 거기서 왜 나와?! 양치승 관장의 MC현무 납치 작전! 몸관리 들어갔다,연예,28,2019,12,16,13:15,5,5,0,0,0,0,0,0,0,0,0,https://news.naver.com/main/read.nhn?mode=LSD&mid=sec&sid1=106&oid=438&aid=0000027000
진서연,[사장님 귀는 당나귀 귀] 불고기용 고기 사러 보냈더니 한우 26만원 어치 쇼핑한 김동은 원장,연예,29,2019,12,22,20:12,1,1,0,0,0,0,0,0,0,0,0,https://news.naver.com/main/read.nhn?mode=LSD&mid=sec&sid1=106&oid=438&aid=0000027074
진서연,"[사장님 귀는 당나귀 귀] 헬스장에 나타난 로봇 산타걸 김동은원장, 충격의 크리스마스 운동!",연예,29,2019,12,22,19:58,1,1,0,0,0,0,0,0,0,0,0,https://news.naver.com/main/read.nhn?mode=LSD&mid=sec&sid1=106&oid=438&aid=0000027073
진서연,"[전문] '본대로 말하라' 측 ""피해자와 최종 합의…사고 재발방지 노력""",연예,29,2019,12,23,16:29,2,2,0,0,0,0,0,0,0,0,0,https://news.naver.com/main/read.nhn?mode=LSD&mid=sec&sid1=106&oid=421&aid=0004372925
진서연,"진서연, 절친 한효주 커피차 선물 인증 ""비 오던 날 서프라이즈""",연예,30,2019,12,31,16:57,13,13,0,0,0,0,0,0,0,0,0,https://news.naver.com/main/read.nhn?mode=LSD&mid=sec&sid1=106&oid=241&aid=0002992249
진서연,"""온리 유""…'독일댁' 진서연, 9살 연상 남편 깜짝 공개",연예,30,2019,12,31,8:48,12,12,0,0,0,0,0,0,0,0,0,https://news.naver.com/main/read.nhn?mode=LSD&mid=sec&sid1=106&oid=213&aid=0001147501
진서연,"‘편스토랑’ 진세연 “손병호, 대선배이자 요리 멘토”…전원주택 방문",연예,30,2020,01,03,22:07,4,4,0,0,0,0,0,0,0,0,0,https://news.naver.com/main/read.nhn?mode=LSD&mid=sec&sid1=106&oid=410&aid=0000658022
진서연,"진세연, 추위 녹이는 ‘핫한’ 미니스커트 패션 [똑똑SNS]",연예,30,2020,01,03,16:48,6,5,0,1,0,0,0,0,0,0,0,https://news.naver.com/main/read.nhn?mode=LSD&mid=sec&sid1=106&oid=410&aid=0000657940
진서연,[사장님 귀는 당나귀 귀] ‘여자 현주엽’ 김동은 원장의 아나콘다식 먹방 보고 가실게요~,연예,30,2019,12,29,20:19,29,28,0,1,0,0,0,0,0,0,0,https://news.naver.com/main/read.nhn?mode=LSD&mid=sec&sid1=106&oid=438&aid=0000027159
진서연,"진서연, 절친 한효주 커피차 선물에 감동 ""진짜 너무 행복한 나""",연예,30,2019,12,31,13:49,5,5,0,0,0,0,0,0,0,0,0,https://news.naver.com/main/read.nhn?mode=LSD&mid=sec&sid1=106&oid=112&aid=0003252056
진서연,"진서연, 한효주 커피차 선물에 러블리 눈웃음 “너무 행복해”[SNS★컷]",연예,30,2019,12,31,15:38,4,4,0,0,0,0,0,0,0,0,0,https://news.naver.com/main/read.nhn?mode=LSD&mid=sec&sid1=106&oid=609&aid=0000226251
진서연,"[사장님 귀는 당나귀 귀] 양치승과 근조직들....체육관 자존심 걸고 강남팀 VS 김포팀, 밥값 내기 운동 대결!",연예,30,2019,12,29,20:13,18,18,0,0,0,0,0,0,0,0,0,https://news.naver.com/main/read.nhn?mode=LSD&mid=sec&sid1=106&oid=438&aid=0000027158
진서연,"'본대로 말하라' 장혁→진서연, 신선한 조합+압도적 미장센 '기대↑'",연예,31,2020,01,07,13:31,21,21,0,0,0,0,0,0,0,0,0,https://news.naver.com/main/read.nhn?mode=LSD&mid=sec&sid1=106&oid=076&aid=0003517209
진서연,"‘본 대로 말하라’ 포스터 공개, 장혁X최수영X진서연 강렬 아우라",연예,31,2020,01,06,10:23,7,7,0,0,0,0,0,0,0,0,0,https://news.naver.com/main/read.nhn?mode=LSD&mid=sec&sid1=106&oid=609&aid=0000229016
진서연,"‘본 대로 말하라’ 장혁·최수영, 독보적 B컷 포스터+촬영 현장 공개",연예,31,2020,01,07,13:54,4,4,0,0,0,0,0,0,0,0,0,https://news.naver.com/main/read.nhn?mode=LSD&mid=sec&sid1=106&oid=009&aid=0004496016
진서연,"‘본 대로 말하라’ 장혁→최수영, 강렬 아우라 폭발…메인 포스터 3종 공개",연예,31,2020,01,06,11:17,4,4,0,0,0,0,0,0,0,0,0,https://news.naver.com/main/read.nhn?mode=LSD&mid=sec&sid1=106&oid=469&aid=0000454783
진서연,"‘본 대로 말하라’ 장혁→최수영, B컷부터 다르다 “뜨거운 열정”",연예,31,2020,01,07,13:21,5,5,0,0,0,0,0,0,0,0,0,https://news.naver.com/main/read.nhn?mode=LSD&mid=sec&sid1=106&oid=609&aid=0000229761
진서연,서스펜스 드라마 ‘본 대로 말하라’ 2월1일 첫 방송 앞두고 강렬한 포스터 공개,연예,31,2020,01,07,18:46,4,4,0,0,0,0,0,0,0,0,0,https://news.naver.com/main/read.nhn?mode=LSD&mid=sec&sid1=106&oid=144&aid=0000650569
진서연,‘본 대로 말하라’ 독보적 B컷 포스터-촬영 현장 공개,연예,31,2020,01,07,18:35,2,2,0,0,0,0,0,0,0,0,0,https://news.naver.com/main/read.nhn?mode=LSD&mid=sec&sid1=106&oid=015&aid=0004269894
진서연,‘본 대로 말하라’ 독보적 B컷 포스터+촬영현장 공개,연예,31,2020,01,07,13:30,3,3,0,0,0,0,0,0,0,0,0,https://news.naver.com/main/read.nhn?mode=LSD&mid=sec&sid1=106&oid=382&aid=0000789208
진서연,'본대로 말하라' 장혁부터 최수영까지...B컷인데도 압도적인 분위기,연예,31,2020,01,07,13:47,9,9,0,0,0,0,0,0,0,0,0,https://news.naver.com/main/read.nhn?mode=LSD&mid=sec&sid1=106&oid=312&aid=0000429612
진서연,"‘본 대로 말하라’ 장혁X최수영, 메인 포스터 공개 “영화 같은 분위기”",연예,31,2020,01,06,16:30,14,14,0,0,0,0,0,0,0,0,0,https://news.naver.com/main/read.nhn?mode=LSD&mid=sec&sid1=106&oid=213&aid=0001148692
진서연,"'본 대로 말하라' 장혁→진서연, 강렬한 5人 아우라 '시선강탈'",연예,31,2020,01,06,10:25,11,11,0,0,0,0,0,0,0,0,0,https://news.naver.com/main/read.nhn?mode=LSD&mid=sec&sid1=106&oid=076&aid=0003516540
진서연,장혁→최수영 ‘본 대로 말하라’ 메인 포스터 공개,연예,31,2020,01,06,11:05,18,18,0,0,0,0,0,0,0,0,0,https://news.naver.com/main/read.nhn?mode=LSD&mid=sec&sid1=106&oid=382&aid=0000788837
진서연,"진서연, 생일 이벤트 배경으로 완벽 물구나무 '넘치는 건강美'",연예,32,2020,01,18,13:14,3,2,0,1,0,0,0,0,0,0,0,https://news.naver.com/main/read.nhn?mode=LSD&mid=sec&sid1=106&oid=112&aid=0003258655
진서연,"'본대로 말하라' 장혁·최수영·진서연·장현성·류승수, 카리스마 작렬",연예,32,2020,01,16,11:33,9,9,0,0,0,0,0,0,0,0,0,https://news.naver.com/main/read.nhn?mode=LSD&mid=sec&sid1=106&oid=404&aid=0000260045
진서연,"'본 대로 말하라' 장혁X최수영X진서연, 특별한 공조 '기대↑'",연예,32,2020,01,15,11:41,5,5,0,0,0,0,0,0,0,0,0,https://news.naver.com/main/read.nhn?mode=LSD&mid=sec&sid1=106&oid=076&aid=0003520275
진서연,"진서연, OCN ‘본 대로 말하라’ 황하영 役…5년 만 드라마 복귀",연예,32,2020,01,12,11:03,1,1,0,0,0,0,0,0,0,0,0,https://news.naver.com/main/read.nhn?mode=LSD&mid=sec&sid1=106&oid=382&aid=0000790383
진서연,[신비한 게임사전] 화장실에서 AI로 책 읽는 엔씨 직원들,IT,32,2020,01,18,8:06,7,3,0,1,1,2,0,0,0,0,0,https://news.naver.com/main/read.nhn?mode=LSD&mid=sec&sid1=105&oid=277&aid=0004608066
진서연,"'본 대로 말하라' 최수영, 스릴러 첫 도전 ""제대로 해내고파""",연예,32,2020,01,18,15:43,25,25,0,0,0,0,0,0,0,0,0,https://news.naver.com/main/read.nhn?mode=LSD&mid=sec&sid1=106&oid=468&aid=0000616969
진서연,"진서연, 생일 기념 완벽 물구나무 ‘건강미 철철’[SNS★컷]",연예,32,2020,01,18,16:30,2,2,0,0,0,0,0,0,0,0,0,https://news.naver.com/main/read.nhn?mode=LSD&mid=sec&sid1=106&oid=609&aid=0000235768
진서연,'본 대로 말하라' 장혁·최수영·진서연·장현성·류승수...시선 압도하는 강렬한 캐릭터,연예,32,2020,01,16,14:58,4,4,0,0,0,0,0,0,0,0,0,https://news.naver.com/main/read.nhn?mode=LSD&mid=sec&sid1=106&oid=312&aid=0000431344
진서연,"'본대로 말하라' 장혁·최수영·진서연·장현성·류승수, 5인 형사 캐릭터 포스터 '강렬'[Oh!쎈 컷]",연예,32,2020,01,16,11:31,3,3,0,0,0,0,0,0,0,0,0,https://news.naver.com/main/read.nhn?mode=LSD&mid=sec&sid1=106&oid=109&aid=0004151234
진서연,‘본 대로 말하라’ 압도되는 캐릭터 포스터 전격 공개!,연예,32,2020,01,16,24:53,10,10,0,0,0,0,0,0,0,0,0,https://news.naver.com/main/read.nhn?mode=LSD&mid=sec&sid1=106&oid=144&aid=0000651967
진서연,"'본 대로 말하라' 장혁X최수영X진서연, 레전드 기대되는 2분 하이라이트 공개",연예,32,2020,01,15,11:47,5,5,0,0,0,0,0,0,0,0,0,https://news.naver.com/main/read.nhn?mode=LSD&mid=sec&sid1=106&oid=015&aid=0004274062
진서연,"'본 대로 말하라' 장혁X최수영X진서연, 공조...연쇄살인마 '그놈' 잡는다",연예,32,2020,01,15,11:30,5,5,0,0,0,0,0,0,0,0,0,https://news.naver.com/main/read.nhn?mode=LSD&mid=sec&sid1=106&oid=312&aid=0000431140
진서연,"'본 대로 말하라' 장혁X최수영X진서연, 하이하이트 영상 공개..""레전드 장르물 탄생""",연예,32,2020,01,15,11:31,4,4,0,0,0,0,0,0,0,0,0,https://news.naver.com/main/read.nhn?mode=LSD&mid=sec&sid1=106&oid=112&aid=0003257510
진서연,"'본대로 말하라' 진서연, 눈빛 강렬 형사 변신…첫 스틸 공개",연예,32,2020,01,12,11:10,2,2,0,0,0,0,0,0,0,0,0,https://news.naver.com/main/read.nhn?mode=LSD&mid=sec&sid1=106&oid=213&aid=0001149570
진서연,"‘본 대로 말하라’ 이미지만으로도 압도적, 진서연의 뜨거운 활약 기대!",연예,32,2020,01,12,14:32,6,5,0,1,0,0,0,0,0,0,0,https://news.naver.com/main/read.nhn?mode=LSD&mid=sec&sid1=106&oid=144&aid=0000651248
진서연,"'본 대로 말하라' 진서연, 5년 만에 안방 컴백...독보적인 존재감",연예,32,2020,01,12,13:29,7,6,0,1,0,0,0,0,0,0,0,https://news.naver.com/main/read.nhn?mode=LSD&mid=sec&sid1=106&oid=312&aid=0000430555
진서연,"'본 대로 말하라' 진서연, 이미지만으로도 압도적…첫 스틸컷 전격 공개",연예,32,2020,01,12,24:18,2,2,0,0,0,0,0,0,0,0,0,https://news.naver.com/main/read.nhn?mode=LSD&mid=sec&sid1=106&oid=015&aid=0004272261
진서연,"'본 대로 말하라' 최수영, 스릴러 첫 도전→연기 변신 ""진지하게 임하는 중""",연예,32,2020,01,18,11:28,3,3,0,0,0,0,0,0,0,0,0,https://news.naver.com/main/read.nhn?mode=LSD&mid=sec&sid1=106&oid=112&aid=0003258643
진서연,"'본 대로 말하라' 최수영 ""스릴러 첫 도전, 해보지 않은 장르라 더 기대 돼""",연예,32,2020,01,18,11:25,7,7,0,0,0,0,0,0,0,0,0,https://news.naver.com/main/read.nhn?mode=LSD&mid=sec&sid1=106&oid=076&aid=0003521309
진서연,"'본 대로 말하라' 최수영, 첫 스릴러 도전…""진지한 연기 변신 제대로 해내고 파""",연예,32,2020,01,18,24:54,7,7,0,0,0,0,0,0,0,0,0,https://news.naver.com/main/read.nhn?mode=LSD&mid=sec&sid1=106&oid=015&aid=0004275776
진서연,"이시원, '본 대로 말하라' 장혁 약혼자로 캐스팅",연예,32,2020,01,16,15:42,7,7,0,0,0,0,0,0,0,0,0,https://news.naver.com/main/read.nhn?mode=LSD&mid=sec&sid1=106&oid=311&aid=0001100551
진서연,"이시원, ‘본 대로 말하라’ 합류…장혁과 연인 케미 [공식]",연예,32,2020,01,16,15:36,1,1,0,0,0,0,0,0,0,0,0,https://news.naver.com/main/read.nhn?mode=LSD&mid=sec&sid1=106&oid=469&aid=0000458208
진서연,[공식]이시원 '본대로 말하라' 출연…장혁과 두 번째 호흡,연예,32,2020,01,16,13:51,10,10,0,0,0,0,0,0,0,0,0,https://news.naver.com/main/read.nhn?mode=LSD&mid=sec&sid1=106&oid=076&aid=0003520729
진서연,이시원 '본대로 말하라' 출연...장혁 약혼자 한이수 役,연예,32,2020,01,16,15:18,2,2,0,0,0,0,0,0,0,0,0,https://news.naver.com/main/read.nhn?mode=LSD&mid=sec&sid1=106&oid=312&aid=0000431348
진서연,"'본 대로 말하라' 장현성X류승수, 이 남자들의 변신은 무죄",연예,32,2020,01,14,11:06,1,1,0,0,0,0,0,0,0,0,0,https://news.naver.com/main/read.nhn?mode=LSD&mid=sec&sid1=106&oid=076&aid=0003519762
진서연,"‘본대로말하라’ 장혁X최수영X진서연, 열정 점수 2020 촬영현장",연예,33,2020,01,24,24:48,15,15,0,0,0,0,0,0,0,0,0,https://news.naver.com/main/read.nhn?mode=LSD&mid=sec&sid1=106&oid=213&aid=0001151166
진서연,"'본 대로 말하라' 최수영X진서연, 존재감 빛낸 OCN 캐릭터 계보 잇는다",연예,33,2020,01,23,24:51,4,4,0,0,0,0,0,0,0,0,0,https://news.naver.com/main/read.nhn?mode=LSD&mid=sec&sid1=106&oid=015&aid=0004278448
진서연,진서연 “‘본 대로 말하라’ 출연이유? 김홍선 감독에 대한 무한 신뢰”,연예,33,2020,01,20,13:21,2,2,0,0,0,0,0,0,0,0,0,https://news.naver.com/main/read.nhn?mode=LSD&mid=sec&sid1=106&oid=382&aid=0000792308
진서연,"'본 대로 말하라' 장혁X최수영X진서연, 운명적 만남 예고",연예,33,2020,01,21,13:35,2,2,0,0,0,0,0,0,0,0,0,https://news.naver.com/main/read.nhn?mode=LSD&mid=sec&sid1=106&oid=404&aid=0000260298
진서연,[사장님 귀는 당나귀 귀] 양치승 체육관 신입 직원 오디션! 영하 날씨에 옥상 면접?!,연예,33,2020,01,19,19:49,8,8,0,0,0,0,0,0,0,0,0,https://news.naver.com/main/read.nhn?mode=LSD&mid=sec&sid1=106&oid=438&aid=0000027409
진서연,[사장님 귀는 당나귀 귀] 양치승에게 상처만 남긴 ‘고급’ 떡볶이집 회식...17만원이라고?,연예,33,2020,01,19,19:54,11,11,0,0,0,0,0,0,0,0,0,https://news.naver.com/main/read.nhn?mode=LSD&mid=sec&sid1=106&oid=438&aid=0000027410
진서연,‘본 대로 말하라’ 최수영 “스릴러 첫 도전…메이크업 거의 안했다”,연예,33,2020,01,19,13:18,7,7,0,0,0,0,0,0,0,0,0,https://news.naver.com/main/read.nhn?mode=LSD&mid=sec&sid1=106&oid=213&aid=0001150484
진서연,"‘본 대로 말하라’ 장혁-최수영-진서연, 유쾌함→대본 삼매경…현장 비하인드 ‘눈길’",연예,33,2020,01,24,15:18,6,6,0,0,0,0,0,0,0,0,0,https://news.naver.com/main/read.nhn?mode=LSD&mid=sec&sid1=106&oid=469&aid=0000460521
진서연,"‘본 대로 말하라’ 최수영X진서연, OCN 女캐릭터 계보 잇는다",연예,33,2020,01,23,11:10,11,11,0,0,0,0,0,0,0,0,0,https://news.naver.com/main/read.nhn?mode=LSD&mid=sec&sid1=106&oid=382&aid=0000793180
진서연,"‘본 대로 말하라’ 최수영X진서연, 존재감 빛낸 OCN 캐릭터 계보 잇는다",연예,33,2020,01,23,11:04,1,1,0,0,0,0,0,0,0,0,0,https://news.naver.com/main/read.nhn?mode=LSD&mid=sec&sid1=106&oid=009&aid=0004505615
진서연,"'본대로말하라' 최수영X진서연, 이하나·김현주 잇는 사이다 캐릭터 탄생",연예,33,2020,01,23,11:09,1,1,0,0,0,0,0,0,0,0,0,https://news.naver.com/main/read.nhn?mode=LSD&mid=sec&sid1=106&oid=109&aid=0004154698
진서연,"진서연, '본 대로 말하라' 황화영 역 우먼크러시 기대..""진짜 형사 그리고 싶다""",연예,33,2020,01,20,13:39,2,2,0,0,0,0,0,0,0,0,0,https://news.naver.com/main/read.nhn?mode=LSD&mid=sec&sid1=106&oid=112&aid=0003259203
진서연,"‘본 대로 말하라’ 진서연 “크리에이터 김홍선 감독, 무조건적으로 출연 결심”",연예,33,2020,01,20,13:29,1,1,0,0,0,0,0,0,0,0,0,https://news.naver.com/main/read.nhn?mode=LSD&mid=sec&sid1=106&oid=009&aid=0004503413
진서연,"'본 대로 말하라' 장혁·최수영·진서연, 운명적 만남...2월 1일 첫방",연예,33,2020,01,21,10:47,2,2,0,0,0,0,0,0,0,0,0,https://news.naver.com/main/read.nhn?mode=LSD&mid=sec&sid1=106&oid=312&aid=0000432042
진서연,"'본 대로 말하라' 장혁X최수영X진서연, 강렬한 오감 서스펜스 서막 알린 메인 예고",연예,33,2020,01,21,11:16,5,5,0,0,0,0,0,0,0,0,0,https://news.naver.com/main/read.nhn?mode=LSD&mid=sec&sid1=106&oid=076&aid=0003522200
진서연,"'본 대로 말하라' 장혁X최수영X진서연, 운명적 만남 예고",연예,33,2020,01,21,11:18,13,13,0,0,0,0,0,0,0,0,0,https://news.naver.com/main/read.nhn?mode=LSD&mid=sec&sid1=106&oid=015&aid=0004277129
진서연,"‘본 대로 말하라’ 장혁X최수영X진서연, 운명적 첫 만남 포착",연예,33,2020,01,21,10:54,3,3,0,0,0,0,0,0,0,0,0,https://news.naver.com/main/read.nhn?mode=LSD&mid=sec&sid1=106&oid=469&aid=0000459476
진서연,"진서연 ""남편과 첫 만남=이태원 클럽, 남편 꿈 위해 베를린 行"" (아형)",연예,34,2020,02,01,22:18,20,20,0,0,0,0,0,0,0,0,0,https://news.naver.com/main/read.nhn?mode=LSD&mid=sec&sid1=106&oid=241&aid=0003001185
진서연,"'아는 형님' 진서연, 서장훈 외모에 ""한계없는 얼굴 내 스타일""",연예,34,2020,02,01,21:49,5,4,0,1,0,0,0,0,0,0,0,https://news.naver.com/main/read.nhn?mode=LSD&mid=sec&sid1=106&oid=421&aid=0004438564
진서연,"'아는형님' 진서연X최수영, 독일 거주 남편→♥정경호 언급까지 '쿨한 예능감' [종합]",연예,34,2020,02,01,22:45,60,60,0,0,0,0,0,0,0,0,0,https://news.naver.com/main/read.nhn?mode=LSD&mid=sec&sid1=106&oid=311&aid=0001106551
진서연,"진서연, 9살 연상 남편 러브스토리 “만난지 3개월만에 혼인신고”",연예,34,2020,02,01,23:49,6,6,0,0,0,0,0,0,0,0,0,https://news.naver.com/main/read.nhn?mode=LSD&mid=sec&sid1=106&oid=469&aid=0000462696
진서연,진서연 '본대로 말하라' 안방극장으로 복귀 관전 포인트,연예,34,2020,02,01,18:10,4,4,0,0,0,0,0,0,0,0,0,https://news.naver.com/main/read.nhn?mode=LSD&mid=sec&sid1=106&oid=015&aid=0004282513
진서연,"진서연, '쓰앵님'의 향기가 느껴지는 걸크러시로 형님들 압도",연예,34,2020,02,01,22:02,3,3,0,0,0,0,0,0,0,0,0,https://news.naver.com/main/read.nhn?mode=LSD&mid=sec&sid1=106&oid=277&aid=0004616116
진서연,‘아는 형님’ 진서연 “김희철과 동갑…사람들은 진세연과 헷갈려 해”,연예,34,2020,02,01,21:37,1,1,0,0,0,0,0,0,0,0,0,https://news.naver.com/main/read.nhn?mode=LSD&mid=sec&sid1=106&oid=410&aid=0000665707
진서연,"'아는형님' 최수영, 정경호 언급..진서연 ""학생 때 내성적"" [★밤TView]",연예,34,2020,02,01,22:58,9,9,0,0,0,0,0,0,0,0,0,https://news.naver.com/main/read.nhn?mode=LSD&mid=sec&sid1=106&oid=108&aid=0002840027
진서연,"진서연, 남편과 결혼스토리 ""이태원 클럽서 첫만남..3개월만 혼인신고""",연예,34,2020,02,01,21:41,2,2,0,0,0,0,0,0,0,0,0,https://news.naver.com/main/read.nhn?mode=LSD&mid=sec&sid1=106&oid=404&aid=0000260803
진서연,"진서연 ""이태원 클럽서 놀다가""… 남편과 만난지 3개월 만에 혼인 신고",연예,34,2020,02,01,22:10,2,2,0,0,0,0,0,0,0,0,0,https://news.naver.com/main/read.nhn?mode=LSD&mid=sec&sid1=106&oid=082&aid=0000977949
진서연,"진서연 “남편과 연애 3개월만 혼인신고, 현재 베를린 거주 중”(아는 형님)",연예,34,2020,02,01,21:44,3,2,0,1,0,0,0,0,0,0,0,https://news.naver.com/main/read.nhn?mode=LSD&mid=sec&sid1=106&oid=410&aid=0000665708
진서연,"'아는 형님' 진서연 ""서장훈 얼굴 좋아해, 한계 없고 자유분방""",연예,34,2020,02,01,21:28,3,3,0,0,0,0,0,0,0,0,0,https://news.naver.com/main/read.nhn?mode=LSD&mid=sec&sid1=106&oid=311&aid=0001106539
진서연,"진서연 “강호동 서장훈 같은 얼굴 좋아해, 자유롭지 않나”",연예,34,2020,02,01,21:23,2,2,0,0,0,0,0,0,0,0,0,https://news.naver.com/main/read.nhn?mode=LSD&mid=sec&sid1=106&oid=609&aid=0000241963
진서연,"진서연 ""서장훈-강호동처럼 자유로운 얼굴 좋아한다"" 폭소",연예,34,2020,02,01,21:35,11,11,0,0,0,0,0,0,0,0,0,https://news.naver.com/main/read.nhn?mode=LSD&mid=sec&sid1=106&oid=404&aid=0000260802
진서연,"'아는 형님' 걸크러시 진서연X최수영, 폭발한 카리스마+예능감(종합)",연예,34,2020,02,01,22:59,8,8,0,0,0,0,0,0,0,0,0,https://news.naver.com/main/read.nhn?mode=LSD&mid=sec&sid1=106&oid=421&aid=0004438574
진서연,"'아는 형님' 진서연X최수영, 걸크러시 폭발..이태원 만남→정경호 연애까지[종합]",연예,34,2020,02,01,22:46,16,16,0,0,0,0,0,0,0,0,0,https://news.naver.com/main/read.nhn?mode=LSD&mid=sec&sid1=106&oid=109&aid=0004158559
진서연,"'본 대로 말하라' 진서연, '독전' 이후 첫 드라마…""차가운 리더십 관전포인트""",연예,34,2020,02,01,17:15,13,13,0,0,0,0,0,0,0,0,0,https://news.naver.com/main/read.nhn?mode=LSD&mid=sec&sid1=106&oid=117&aid=0003329011
진서연,'본 대로 말하라' 진서연의 하드캐리 열연…대활약 예고,연예,35,2020,02,08,11:25,7,7,0,0,0,0,0,0,0,0,0,https://news.naver.com/main/read.nhn?mode=LSD&mid=sec&sid1=106&oid=468&aid=0000624146
진서연,"'본대로말하라' 장혁x진서연x최수영, 120kg 거구 죽인 박하사탕 살인마 쫓는다",연예,35,2020,02,08,23:18,14,14,0,0,0,0,0,0,0,0,0,https://news.naver.com/main/read.nhn?mode=LSD&mid=sec&sid1=106&oid=112&aid=0003265872
진서연,진서연 '아형'서 엉뚱 매력 발산···남편과 러브스토리 공개,연예,35,2020,02,02,9:57,56,54,0,2,0,0,0,0,0,0,0,https://news.naver.com/main/read.nhn?mode=LSD&mid=sec&sid1=106&oid=003&aid=0009680415
진서연,"배우 진서연 리얼 러브스토리…""이태원 클럽서 놀다가 남편 만났다""",연예,35,2020,02,05,12:01,2,2,0,0,0,0,0,0,0,0,0,https://news.naver.com/main/read.nhn?mode=LSD&mid=sec&sid1=106&oid=031&aid=0000524162
진서연,"진서연 ""남편? 클럽서 만나.. 3개월 만에 혼인신고""",생활,35,2020,02,03,7:27,14,3,0,0,11,0,0,0,0,0,0,https://news.naver.com/main/read.nhn?mode=LSD&mid=sec&sid1=103&oid=018&aid=0004567106
진서연,"‘본 대로 말하라’ 장혁·최수영·진서연, 강렬한 첫 만남",연예,35,2020,02,02,9:11,6,6,0,0,0,0,0,0,0,0,0,https://news.naver.com/main/read.nhn?mode=LSD&mid=sec&sid1=106&oid=410&aid=0000665749
진서연,"진서연 육아고충 ""차라리 촬영 100개 하는 것이 낫다""",연예,35,2020,02,02,9:24,7,6,0,1,0,0,0,0,0,0,0,https://news.naver.com/main/read.nhn?mode=LSD&mid=sec&sid1=106&oid=082&aid=0000977960
진서연,"‘본 대로 말하라’ 진서연, 완벽한 몰입으로 대활약 예고",연예,35,2020,02,08,14:27,11,11,0,0,0,0,0,0,0,0,0,https://news.naver.com/main/read.nhn?mode=LSD&mid=sec&sid1=106&oid=382&aid=0000796705
진서연,"‘본 대로 말하라’ 진서연, 연기 하드캐리…이번에도 대활약 예고",연예,35,2020,02,08,18:32,21,21,0,0,0,0,0,0,0,0,0,https://news.naver.com/main/read.nhn?mode=LSD&mid=sec&sid1=106&oid=015&aid=0004286642
진서연,"'본대로 말하라' 진서연, 드라마를 영화로 만들어 버리는 포스..독보적 존재감",연예,35,2020,02,08,22:53,25,25,0,0,0,0,0,0,0,0,0,https://news.naver.com/main/read.nhn?mode=LSD&mid=sec&sid1=106&oid=404&aid=0000261072
진서연,"진서연 ""남편과 만난지 3개월 만에 혼인신고""",연예,35,2020,02,02,9:44,2,2,0,0,0,0,0,0,0,0,0,https://news.naver.com/main/read.nhn?mode=LSD&mid=sec&sid1=106&oid=119&aid=0002380189
진서연,"""3개월 만에 혼인신고""...진서연 사로잡은 남편은 누구?",연예,35,2020,02,02,9:45,2,2,0,0,0,0,0,0,0,0,0,https://news.naver.com/main/read.nhn?mode=LSD&mid=sec&sid1=106&oid=416&aid=0000254695
진서연,"“이태원 클럽서 만나 3개월 만에…” 진서연, 러브스토리 [종합]",생활,35,2020,02,02,14:16,"1,054",208,16,10,789,31,0,0,0,0,0,https://news.naver.com/main/read.nhn?mode=LSD&mid=sec&sid1=103&oid=081&aid=0003062647
진서연,"'아는형님' 진서연 ""남편과 만난 지 3개월 만에 혼인신고""",연예,35,2020,02,02,9:57,3,3,0,0,0,0,0,0,0,0,0,https://news.naver.com/main/read.nhn?mode=LSD&mid=sec&sid1=106&oid=277&aid=0004616190
진서연,"진서연, '독전'과는 다른 반전 매력…남편 공개부터 예능감까지",연예,35,2020,02,03,8:34,2,2,0,0,0,0,0,0,0,0,0,https://news.naver.com/main/read.nhn?mode=LSD&mid=sec&sid1=106&oid=312&aid=0000433921
진서연,"‘본 대로 말하라’, 장혁X최수영X진서연의 첫 만남···스릴러 서막 열었다",연예,35,2020,02,02,10:43,6,6,0,0,0,0,0,0,0,0,0,https://news.naver.com/main/read.nhn?mode=LSD&mid=sec&sid1=106&oid=312&aid=0000433831
진서연,"‘본 대로 말하라’ 장혁·최수영·진서연, 오감 서스펜스 스릴러 서막 열었다",연예,35,2020,02,02,8:24,5,5,0,0,0,0,0,0,0,0,0,https://news.naver.com/main/read.nhn?mode=LSD&mid=sec&sid1=106&oid=009&aid=0004510019
진서연,"장혁·최수영·진서연 '본 대로 말하라', 베일 벗다",연예,35,2020,02,02,9:55,10,10,0,0,0,0,0,0,0,0,0,https://news.naver.com/main/read.nhn?mode=LSD&mid=sec&sid1=106&oid=003&aid=0009680411
진서연,[TV북마크] ‘본 대로 말하라’ 장혁·최수영·진서연 美친 첫만남…‘그놈’ 누굴까,연예,35,2020,02,02,16:13,10,10,0,0,0,0,0,0,0,0,0,https://news.naver.com/main/read.nhn?mode=LSD&mid=sec&sid1=106&oid=382&aid=0000794982
진서연,"진서연, 촬영장 씹어먹는 포스‥걸크러쉬 언니 매력",연예,36,2020,02,11,23:30,9,9,0,0,0,0,0,0,0,0,0,https://news.naver.com/main/read.nhn?mode=LSD&mid=sec&sid1=106&oid=112&aid=0003266913
진서연,"‘본 대로 말하라’ 장혁×진서연, 비밀 커넥션 의심받기 시작! !",연예,36,2020,02,12,24:27,28,28,0,0,0,0,0,0,0,0,0,https://news.naver.com/main/read.nhn?mode=LSD&mid=sec&sid1=106&oid=144&aid=0000655913
진서연,"진서연, 운동+식단으로 관리한 몸매 ""오늘도 열일""[★SHOT!]",연예,36,2020,02,13,14:15,4,4,0,0,0,0,0,0,0,0,0,https://news.naver.com/main/read.nhn?mode=LSD&mid=sec&sid1=106&oid=109&aid=0004165530
진서연,진서연은 화보촬영 중.. 감출 수 없는 카리스마,연예,36,2020,02,12,12:50,8,8,0,0,0,0,0,0,0,0,0,https://news.naver.com/main/read.nhn?mode=LSD&mid=sec&sid1=106&oid=213&aid=0001153480
진서연,"'본 대로 말하라' 한 방 먹은 최수영X장혁X진서연, '그놈'은 도대체 누구?",연예,36,2020,02,10,8:11,7,7,0,0,0,0,0,0,0,0,0,https://news.naver.com/main/read.nhn?mode=LSD&mid=sec&sid1=106&oid=015&aid=0004287018
진서연,"‘본 대로 말하라’ 최수영-진서연-살인마, 일촉즉발 모먼트",연예,36,2020,02,09,16:06,17,17,0,0,0,0,0,0,0,0,0,https://news.naver.com/main/read.nhn?mode=LSD&mid=sec&sid1=106&oid=312&aid=0000434954
진서연,"‘간택’ 진서연→이시언, 5人의 애정 가득 종영 소감 “행복했던 촬영”",연예,36,2020,02,09,13:17,11,11,0,0,0,0,0,0,0,0,0,https://news.naver.com/main/read.nhn?mode=LSD&mid=sec&sid1=106&oid=469&aid=0000465165
진서연,"‘본 대로 말하라’ 장혁·최수영·진서연 공조, 기대되는 이유",연예,36,2020,02,13,13:45,13,13,0,0,0,0,0,0,0,0,0,https://news.naver.com/main/read.nhn?mode=LSD&mid=sec&sid1=106&oid=382&aid=0000798251
진서연,'본 대로 말하라' 장혁X최수영X진서연의 공조···시청자 응원 이어지는 이유,연예,36,2020,02,13,14:19,17,17,0,0,0,0,0,0,0,0,0,https://news.naver.com/main/read.nhn?mode=LSD&mid=sec&sid1=106&oid=312&aid=0000435612
진서연,"‘본대로말하라’ 장혁X최수영X진서연, 특별 공조를 응원해",연예,36,2020,02,13,16:05,12,12,0,0,0,0,0,0,0,0,0,https://news.naver.com/main/read.nhn?mode=LSD&mid=sec&sid1=106&oid=213&aid=0001153810
진서연,"'본 대로 말하라' 5년째 동굴에 사는 장혁, 세상 밖으로 나올까",연예,36,2020,02,12,24:40,26,26,0,0,0,0,0,0,0,0,0,https://news.naver.com/main/read.nhn?mode=LSD&mid=sec&sid1=106&oid=015&aid=0004288811
진서연,"'본 대로 말하라' 소리만 듣는 장혁, 언제쯤 세상으로 나올까?",연예,36,2020,02,12,11:07,8,8,0,0,0,0,0,0,0,0,0,https://news.naver.com/main/read.nhn?mode=LSD&mid=sec&sid1=106&oid=011&aid=0003693149
진서연,‘본 대로 말하라’ 장혁 5년째 동굴 속…세상 밖으로 나올까,연예,36,2020,02,12,11:08,14,14,0,0,0,0,0,0,0,0,0,https://news.naver.com/main/read.nhn?mode=LSD&mid=sec&sid1=106&oid=382&aid=0000797894
진서연,"‘본 대로 말하라’ 최수영X장혁X진서연, ‘그놈’에게 한 방 먹다…그는 누구?",연예,36,2020,02,10,8:27,6,6,0,0,0,0,0,0,0,0,0,https://news.naver.com/main/read.nhn?mode=LSD&mid=sec&sid1=106&oid=469&aid=0000465346
진서연,"[TV북마크] ‘본 대로 말하라’ 생방송 살인사건→‘그놈’ 부활, 美친 전개",연예,36,2020,02,10,8:09,12,12,0,0,0,0,0,0,0,0,0,https://news.naver.com/main/read.nhn?mode=LSD&mid=sec&sid1=106&oid=382&aid=0000797099
진서연,"'본 대로 말하라' 장혁X진서연, 사라진 최수영 구할까‥일촉즉발 모먼트",연예,36,2020,02,09,13:17,17,17,0,0,0,0,0,0,0,0,0,https://news.naver.com/main/read.nhn?mode=LSD&mid=sec&sid1=106&oid=112&aid=0003265966
진서연,"'본 대로 말하라' 최수영·진서연, 그리고 살인마..일촉즉발 모먼트",연예,36,2020,02,09,15:04,4,4,0,0,0,0,0,0,0,0,0,https://news.naver.com/main/read.nhn?mode=LSD&mid=sec&sid1=106&oid=108&aid=0002841822
진서연,"'본 대로 말하라' 최수영X진서연, 그리고 살인마…일촉즉발 모먼트",연예,36,2020,02,09,13:29,6,6,0,0,0,0,0,0,0,0,0,https://news.naver.com/main/read.nhn?mode=LSD&mid=sec&sid1=106&oid=015&aid=0004286749
진서연,"'본 대로 말하라' 최수영·진서연·살인마, 일촉즉발 모먼트 [포인트:컷]",연예,36,2020,02,09,15:50,11,11,0,0,0,0,0,0,0,0,0,https://news.naver.com/main/read.nhn?mode=LSD&mid=sec&sid1=106&oid=311&aid=0001109681
진서연,‘본 대로 말하라' 진서연의 드러나지 않은 속내,연예,37,2020,02,21,14:23,7,7,0,0,0,0,0,0,0,0,0,https://news.naver.com/main/read.nhn?mode=LSD&mid=sec&sid1=106&oid=241&aid=0003005911
진서연,"'본 대로 말하라' 카리스마 폭발, 진서연의 숨겨진 이야기는?",연예,37,2020,02,22,9:38,15,15,0,0,0,0,0,0,0,0,0,https://news.naver.com/main/read.nhn?mode=LSD&mid=sec&sid1=106&oid=011&aid=0003698448
진서연,"진서연, 멋쁨이란 이런 것…시크美 넘치는 자태에 숨멎",연예,37,2020,02,21,15:53,5,5,0,0,0,0,0,0,0,0,0,https://news.naver.com/main/read.nhn?mode=LSD&mid=sec&sid1=106&oid=112&aid=0003270480
진서연,'본대로 말하라' 장혁 아지트 찾은 살인마..최수영-진서연도 현장 도착 '초긴장',연예,37,2020,02,16,21:57,10,10,0,0,0,0,0,0,0,0,0,https://news.naver.com/main/read.nhn?mode=LSD&mid=sec&sid1=106&oid=404&aid=0000261439
진서연,"걸크러시 여배우, 안방극장을 사로잡다[SS이슈]",연예,37,2020,02,19,6:00,27,27,0,0,0,0,0,0,0,0,0,https://news.naver.com/main/read.nhn?mode=LSD&mid=sec&sid1=106&oid=468&aid=0000628034
진서연,‘본 대로 말하라’ 진서연의 속사정은?,연예,37,2020,02,21,14:20,6,6,0,0,0,0,0,0,0,0,0,https://news.naver.com/main/read.nhn?mode=LSD&mid=sec&sid1=106&oid=009&aid=0004522184
진서연,"“가끔 지옥에 사는 기분”, ‘본대로 말하라’ 진서연 속사정은?",연예,37,2020,02,21,11:17,13,13,0,0,0,0,0,0,0,0,0,https://news.naver.com/main/read.nhn?mode=LSD&mid=sec&sid1=106&oid=382&aid=0000800184
진서연,"'본 대로 말하라' 진서연 ""가끔 지옥속에 살고 있는 기분"" 속사정은?",연예,37,2020,02,21,11:35,4,4,0,0,0,0,0,0,0,0,0,https://news.naver.com/main/read.nhn?mode=LSD&mid=sec&sid1=106&oid=404&aid=0000261695
진서연,"'본 대로 말하라' 진서연 ""가끔 지옥 속에 살고 있는 기분""…숨겨진 속사정은?",연예,37,2020,02,21,11:35,2,2,0,0,0,0,0,0,0,0,0,https://news.naver.com/main/read.nhn?mode=LSD&mid=sec&sid1=106&oid=015&aid=0004294375
진서연,"'본 대로 말하라' 장혁vs.그놈, 대면 1초전, 소름 돋는 텐션!",연예,37,2020,02,16,19:28,4,4,0,0,0,0,0,0,0,0,0,https://news.naver.com/main/read.nhn?mode=LSD&mid=sec&sid1=106&oid=015&aid=0004291121
진서연,"'본 대로 말하라‘ 장혁 VS 그놈, 대면 1초 전!! ’긴장감 폭발‘",연예,37,2020,02,16,15:25,28,26,0,2,0,0,0,0,0,0,0,https://news.naver.com/main/read.nhn?mode=LSD&mid=sec&sid1=106&oid=408&aid=0000087015
진서연,"진서연, 마스크 폭리 비판 ""이게 할 짓이냐""",연예,38,2020,02,26,24:43,"2,190","2,186",0,4,0,0,0,0,0,0,0,https://news.naver.com/main/read.nhn?mode=LSD&mid=sec&sid1=106&oid=079&aid=0003328026
진서연,"진서연, 마스크 대란에 정부 비판..""한발 늦은 대책""",연예,38,2020,02,26,11:38,"8,921","8,901",0,20,0,0,0,0,0,0,0,https://news.naver.com/main/read.nhn?mode=LSD&mid=sec&sid1=106&oid=241&aid=0003006752
진서연,"진서연, 마스크 폭리에 “정부 아무것도 안 해” 분노",생활,38,2020,02,26,13:26,622,586,3,0,31,2,0,0,0,0,0,https://news.naver.com/main/read.nhn?mode=LSD&mid=sec&sid1=103&oid=081&aid=0003068727
진서연,"'본대로말하라' 장혁부터 진서연-이시원-'그놈', ""그 날 이후 모든 게 변했다""",연예,38,2020,02,28,13:17,16,16,0,0,0,0,0,0,0,0,0,https://news.naver.com/main/read.nhn?mode=LSD&mid=sec&sid1=106&oid=076&aid=0003536513
진서연,"[SE★이슈] 진서연·박명수·조장혁, 코로나19 정부 대응에 뿔난 연예인들",연예,38,2020,02,26,14:21,111,111,0,0,0,0,0,0,0,0,0,https://news.naver.com/main/read.nhn?mode=LSD&mid=sec&sid1=106&oid=011&aid=0003700683
진서연,"진서연, 흑백 뚫고 나오는 비주얼…시크美 대폭발",연예,38,2020,02,27,16:30,28,28,0,0,0,0,0,0,0,0,0,https://news.naver.com/main/read.nhn?mode=LSD&mid=sec&sid1=106&oid=112&aid=0003272625
진서연,"박명수·조장혁·진서연·한상진, 정부 코로나19 대응에 쓴소리 ""소신vs비난"" [종합]",연예,38,2020,02,26,17:51,31,31,0,0,0,0,0,0,0,0,0,https://news.naver.com/main/read.nhn?mode=LSD&mid=sec&sid1=106&oid=311&aid=0001117120
진서연,"진서연 ""마스크 폭리에 정부 방관"" 쓴소리…갑론을박",연예,38,2020,02,26,14:33,2,2,0,0,0,0,0,0,0,0,0,https://news.naver.com/main/read.nhn?mode=LSD&mid=sec&sid1=106&oid=015&aid=0004296989
진서연,"[종합] ""사람이 먼저라더니""…조장혁·진서연·한상진, 정부 코로나19 늑장대응에 일침",연예,38,2020,02,26,15:38,100,99,0,1,0,0,0,0,0,0,0,https://news.naver.com/main/read.nhn?mode=LSD&mid=sec&sid1=106&oid=117&aid=0003337413
진서연,조장혁·박명수·진서연…연예계도 “정부 방역대책 문제” 소신발언 잇따라,연예,38,2020,02,26,16:14,54,54,0,0,0,0,0,0,0,0,0,https://news.naver.com/main/read.nhn?mode=LSD&mid=sec&sid1=106&oid=023&aid=0003510653
진서연,"진서연, 마스크 폭리에 분노 ""쓰레기""",연예,38,2020,02,26,13:09,94,94,0,0,0,0,0,0,0,0,0,https://news.naver.com/main/read.nhn?mode=LSD&mid=sec&sid1=106&oid=119&aid=0002385235
진서연,"진서연, '정부 비판' 논란 속 소속사 ""따로 드릴 말씀 없다""",연예,38,2020,02,26,16:39,38,38,0,0,0,0,0,0,0,0,0,https://news.naver.com/main/read.nhn?mode=LSD&mid=sec&sid1=106&oid=629&aid=0000016918
진서연,"진서연, 마스크 폭리에 쓴소리 ""인간 같지도 않은 인간들..한발 늦은 대책""",연예,38,2020,02,26,13:41,143,143,0,0,0,0,0,0,0,0,0,https://news.naver.com/main/read.nhn?mode=LSD&mid=sec&sid1=106&oid=468&aid=0000630761
진서연,"진서연 비판 “마스크 폭리, 쓰레기짓…한발 늦은 정부 대책”",연예,38,2020,02,26,14:36,74,74,0,0,0,0,0,0,0,0,0,https://news.naver.com/main/read.nhn?mode=LSD&mid=sec&sid1=106&oid=382&aid=0000801268
진서연,"진서연, 날선 정부 비판 “한발 늦은 대책, 폭리 업체 잡지 못하는 현시점”",연예,38,2020,02,26,14:07,26,25,0,1,0,0,0,0,0,0,0,https://news.naver.com/main/read.nhn?mode=LSD&mid=sec&sid1=106&oid=410&aid=0000672409
진서연,"진서연, ‘마스크 폭리 방관’ 정부 비판 “한팔 늦은 대책”",연예,38,2020,02,26,13:05,52,52,0,0,0,0,0,0,0,0,0,https://news.naver.com/main/read.nhn?mode=LSD&mid=sec&sid1=106&oid=213&aid=0001155535
진서연,"[종합]진서연, 마스크 폭리에 분노 ""정부는 뭐하냐""→게시물 삭제",연예,38,2020,02,26,24:59,795,794,0,1,0,0,0,0,0,0,0,https://news.naver.com/main/read.nhn?mode=LSD&mid=sec&sid1=106&oid=076&aid=0003535572
진서연,"진서연, 마스크 폭리 현상+미흡한 정부대처에 '쓴소리'",연예,38,2020,02,26,15:09,34,34,0,0,0,0,0,0,0,0,0,https://news.naver.com/main/read.nhn?mode=LSD&mid=sec&sid1=106&oid=404&aid=0000261905
진서연,"진서연 ""마스크 폭리, 정부는 아무것도 안해""...'가짜뉴스 말라' 반박도",연예,38,2020,02,26,13:16,40,40,0,0,0,0,0,0,0,0,0,https://news.naver.com/main/read.nhn?mode=LSD&mid=sec&sid1=106&oid=416&aid=0000255644
진서연,"진서연 비판, 박명수 조장혁 이어 마스크 대란에 쓴소리[MK이슈]",연예,38,2020,02,26,15:18,28,28,0,0,0,0,0,0,0,0,0,https://news.naver.com/main/read.nhn?mode=LSD&mid=sec&sid1=106&oid=009&aid=0004525246
진서연,[종합]박명수부터 진서연·한상진까지…정부 코로나19 대응에 소신발언 릴레이ing,연예,38,2020,02,26,17:15,17,17,0,0,0,0,0,0,0,0,0,https://news.naver.com/main/read.nhn?mode=LSD&mid=sec&sid1=106&oid=076&aid=0003535722
진서연,"""마스크 폭리, 정부 뭐하나""...한상진X진서연X박명수 분노 폭발→릴레이 쓴소리[종합]",연예,38,2020,02,26,18:04,107,106,0,1,0,0,0,0,0,0,0,https://news.naver.com/main/read.nhn?mode=LSD&mid=sec&sid1=106&oid=076&aid=0003535739
진서연,"박명수·진서연, 마스크 폭리 비판 ""정부 대책 한발 늦어""",연예,38,2020,02,26,11:55,300,300,0,0,0,0,0,0,0,0,0,https://news.naver.com/main/read.nhn?mode=LSD&mid=sec&sid1=106&oid=003&aid=0009723227
진서연,"[SC이슈]조장혁→박명수→진서연…★ 연이은 쓴소리 코로나19 ""이게 말이 되나""",연예,38,2020,02,26,14:32,38,38,0,0,0,0,0,0,0,0,0,https://news.naver.com/main/read.nhn?mode=LSD&mid=sec&sid1=106&oid=076&aid=0003535647
진서연,"진서연 이어 한상진도 정부에 쓴소리… ""사람이 먼저인 나라가 되자"" [전문]",연예,38,2020,02,26,16:29,81,81,0,0,0,0,0,0,0,0,0,https://news.naver.com/main/read.nhn?mode=LSD&mid=sec&sid1=106&oid=408&aid=0000087578
진서연,한상진 “마스크도 컨트롤 못 하는 정부” 진서연 이어 ‘일침’,생활,38,2020,02,26,15:31,477,437,2,1,36,1,0,0,0,0,0,https://news.naver.com/main/read.nhn?mode=LSD&mid=sec&sid1=103&oid=081&aid=0003068760
진서연,"'여성의 날' 젠더프리 화보, 진서연 이주영 ""카리스마 폭발""",경제,39,2020,03,03,15:57,4,3,1,0,0,0,0,0,0,0,0,https://news.naver.com/main/read.nhn?mode=LSD&mid=sec&sid1=101&oid=008&aid=0004368716
진서연,"'본 대로 말하라' 진서연, ""늘 아쉽고 어려워···그래도 달린다""",연예,39,2020,03,03,16:26,10,10,0,0,0,0,0,0,0,0,0,https://news.naver.com/main/read.nhn?mode=LSD&mid=sec&sid1=106&oid=241&aid=0003008057
진서연,"진서연→이주영, 여성 배우 8人 젠더프리 화보",연예,39,2020,03,03,10:06,15,14,0,1,0,0,0,0,0,0,0,https://news.naver.com/main/read.nhn?mode=LSD&mid=sec&sid1=106&oid=382&aid=0000802524
진서연,"‘본 대로 말하라’ 장혁, 의문의 숫자 4789 실마리 찾았다…진서연 ‘반전’",연예,39,2020,03,02,10:08,15,14,0,1,0,0,0,0,0,0,0,https://news.naver.com/main/read.nhn?mode=LSD&mid=sec&sid1=106&oid=469&aid=0000472646
진서연,"'본 대로 말하라' 진서연·장현성, 의뭉스런 작전수행 포착",연예,39,2020,03,06,24:35,7,7,0,0,0,0,0,0,0,0,0,https://news.naver.com/main/read.nhn?mode=LSD&mid=sec&sid1=106&oid=404&aid=0000262427
진서연,"‘본대로 말하라’ 진서연·장현성, 의뭉스러운 작전 수행 포착",연예,39,2020,03,06,11:19,6,6,0,0,0,0,0,0,0,0,0,https://news.naver.com/main/read.nhn?mode=LSD&mid=sec&sid1=106&oid=382&aid=0000803384
진서연,"‘본 대로 말하라’ 진서연-장현성, 의뭉스런 작전 수행 포착!",연예,39,2020,03,06,24:20,9,9,0,0,0,0,0,0,0,0,0,https://news.naver.com/main/read.nhn?mode=LSD&mid=sec&sid1=106&oid=144&aid=0000660334
진서연,"‘본 대로 말하라’ 진서연·장현성, 의뭉스런 작전 수행 포착",연예,39,2020,03,06,13:36,7,7,0,0,0,0,0,0,0,0,0,https://news.naver.com/main/read.nhn?mode=LSD&mid=sec&sid1=106&oid=009&aid=0004531432
진서연,"진서연, '본대로 말하라' 인증샷 ""보여지는 것과 실제는 참 많이 달라"" [★해시태그]",연예,39,2020,03,03,15:22,14,14,0,0,0,0,0,0,0,0,0,https://news.naver.com/main/read.nhn?mode=LSD&mid=sec&sid1=106&oid=311&aid=0001119210
진서연,"진서연, 헤진 대본 공개하며 “실제는 많이 달라” 고민 토로[SNS★컷]",연예,39,2020,03,03,17:58,8,8,0,0,0,0,0,0,0,0,0,https://news.naver.com/main/read.nhn?mode=LSD&mid=sec&sid1=106&oid=609&aid=0000254332
진서연,"[HI★포토] 김향기→진서연, 여성 배우들의 소신",연예,39,2020,03,03,11:29,1,1,0,0,0,0,0,0,0,0,0,https://news.naver.com/main/read.nhn?mode=LSD&mid=sec&sid1=106&oid=469&aid=0000473154
진서연,"김향기→진서연 8人의 젠더프리 화보 ""성별에서 자유롭게 연기할 수 있기를"" [화보]",연예,39,2020,03,03,10:12,4,4,0,0,0,0,0,0,0,0,0,https://news.naver.com/main/read.nhn?mode=LSD&mid=sec&sid1=106&oid=076&aid=0003537644
진서연,"김향기·진서연·이설·이주영 8人, 성별을 허무는 젠더프리 [화보]",연예,39,2020,03,03,11:53,4,4,0,0,0,0,0,0,0,0,0,https://news.naver.com/main/read.nhn?mode=LSD&mid=sec&sid1=106&oid=311&aid=0001119133
진서연,김향기·이주영·진서연 등 여성 배우 8人…성별 허문 젠더프리 화보,연예,39,2020,03,03,24:07,12,10,0,2,0,0,0,0,0,0,0,https://news.naver.com/main/read.nhn?mode=LSD&mid=sec&sid1=106&oid=117&aid=0003339055
진서연,"'본 대로 말하라' 장혁, 의문의 숫자 실마리 찾았다···'4789 환자' 신승환 누구?",연예,39,2020,03,02,9:54,8,8,0,0,0,0,0,0,0,0,0,https://news.naver.com/main/read.nhn?mode=LSD&mid=sec&sid1=106&oid=312&aid=0000437796
진서연,"‘본 대로 말하라’ 장혁, 의문의 숫자 ‘4789’ 실마리 찾았다",연예,39,2020,03,02,8:04,16,16,0,0,0,0,0,0,0,0,0,https://news.naver.com/main/read.nhn?mode=LSD&mid=sec&sid1=106&oid=014&aid=0004381648
진서연,"‘본 대로 말하라’ 장혁, 새로운 단서 4789의 비밀을 밝혀",연예,39,2020,03,01,9:18,16,16,0,0,0,0,0,0,0,0,0,https://news.naver.com/main/read.nhn?mode=LSD&mid=sec&sid1=106&oid=015&aid=0004298791
진서연,"'본대로말하라' 장혁X최수영, 진서연X음문석의 '판도라의 상자' 열 수 있을까",연예,40,2020,03,14,11:25,14,14,0,0,0,0,0,0,0,0,0,https://news.naver.com/main/read.nhn?mode=LSD&mid=sec&sid1=106&oid=076&aid=0003541893
진서연,"‘본 대로 말하라’ 진서연, 지옥에 살았던 뼈아픈 진실은",연예,40,2020,03,09,15:36,20,19,0,1,0,0,0,0,0,0,0,https://news.naver.com/main/read.nhn?mode=LSD&mid=sec&sid1=106&oid=015&aid=0004303543
진서연,"진서연,여자가 봐도 반하겠어…시크美 철철",연예,40,2020,03,11,8:07,6,6,0,0,0,0,0,0,0,0,0,https://news.naver.com/main/read.nhn?mode=LSD&mid=sec&sid1=106&oid=112&aid=0003276886
진서연,"진서연, 압도적 분위기..""본 대로 말하라""",연예,40,2020,03,11,9:31,13,13,0,0,0,0,0,0,0,0,0,https://news.naver.com/main/read.nhn?mode=LSD&mid=sec&sid1=106&oid=108&aid=0002848335
진서연,"진서연X장혁X최수영, 美친 포스 3인방‥진짜 멋있어",연예,40,2020,03,11,9:30,8,8,0,0,0,0,0,0,0,0,0,https://news.naver.com/main/read.nhn?mode=LSD&mid=sec&sid1=106&oid=112&aid=0003276922
진서연,김서형-진서연 ‘최근 드라마에서 형사로 활약 중인 두 배우’[엑's HD화보],연예,40,2020,03,10,8:00,2,2,0,0,0,0,0,0,0,0,0,https://news.naver.com/main/read.nhn?mode=LSD&mid=sec&sid1=106&oid=311&aid=0001121449
진서연,"""그놈=음문석""..'본대로 말하라' 장혁X최수영, 시청자만 아는 판도라 상자 열까",연예,40,2020,03,14,22:07,31,31,0,0,0,0,0,0,0,0,0,https://news.naver.com/main/read.nhn?mode=LSD&mid=sec&sid1=106&oid=404&aid=0000262902
진서연,"‘본대로 말하라’ 잔인한 비밀 간직한 진서연, 어떤 선택할까",연예,40,2020,03,13,11:17,2,2,0,0,0,0,0,0,0,0,0,https://news.naver.com/main/read.nhn?mode=LSD&mid=sec&sid1=106&oid=382&aid=0000805091
진서연,‘본 대로 말하라’ 장혁 약혼녀를 지목했던 진서연의 다음 행보는?,연예,40,2020,03,13,24:21,18,18,0,0,0,0,0,0,0,0,0,https://news.naver.com/main/read.nhn?mode=LSD&mid=sec&sid1=106&oid=144&aid=0000661572
진서연,"'본 대로 말하라', 잔인한 비밀 간직한 진서연의 행보 예측도...궁금증 ↑",연예,40,2020,03,13,11:29,11,11,0,0,0,0,0,0,0,0,0,https://news.naver.com/main/read.nhn?mode=LSD&mid=sec&sid1=106&oid=076&aid=0003541628
진서연,"'본 대로 말하라' 잔인한 비밀 간직한 진서연, 장혁 대신 장현성과 함께할까?",연예,40,2020,03,13,24:20,7,7,0,0,0,0,0,0,0,0,0,https://news.naver.com/main/read.nhn?mode=LSD&mid=sec&sid1=106&oid=015&aid=0004305914
진서연,"'본 대로 말하라' 진서연, 지옥서 살게 된 이유 그리고 충격 반전",연예,40,2020,03,09,14:01,7,7,0,0,0,0,0,0,0,0,0,https://news.naver.com/main/read.nhn?mode=LSD&mid=sec&sid1=106&oid=404&aid=0000262564
진서연,"'본 대로 말하라' 진서연, 황 팀장 그 자체",연예,40,2020,03,09,14:46,14,13,0,1,0,0,0,0,0,0,0,https://news.naver.com/main/read.nhn?mode=LSD&mid=sec&sid1=106&oid=109&aid=0004177786
진서연,"'본 대로 말하라' 진서연, 지옥에 살았던 뼈아픈 진실...강력한 반전",연예,40,2020,03,09,14:56,45,43,0,2,0,0,0,0,0,0,0,https://news.naver.com/main/read.nhn?mode=LSD&mid=sec&sid1=106&oid=076&aid=0003539810
진서연,‘본 대로 말하라’ 진서연의 뼈아픈 진실…쓰라렸던 반전,연예,40,2020,03,09,16:48,52,52,0,0,0,0,0,0,0,0,0,https://news.naver.com/main/read.nhn?mode=LSD&mid=sec&sid1=106&oid=382&aid=0000803950
진서연,"'본대로 말하라', 음문석이 연쇄살인마..최고시청율 4.1%",연예,40,2020,03,09,8:43,20,20,0,0,0,0,0,0,0,0,0,https://news.naver.com/main/read.nhn?mode=LSD&mid=sec&sid1=106&oid=108&aid=0002847876
진서연,[어제 뭐 봤어?] '본 대로 말하라' 연쇄살인마 '그놈'은 음문석이었다…소름 반전,연예,40,2020,03,09,9:33,32,31,0,1,0,0,0,0,0,0,0,https://news.naver.com/main/read.nhn?mode=LSD&mid=sec&sid1=106&oid=312&aid=0000438547
진서연,'본대로 말하라' 연쇄살인마는 경찰 음문석..역대급 반전에 시청자 소름,연예,40,2020,03,09,11:09,16,15,0,1,0,0,0,0,0,0,0,https://news.naver.com/main/read.nhn?mode=LSD&mid=sec&sid1=106&oid=404&aid=0000262541
진서연,"‘본대로 말하라’, 종영까지 단 2회…장혁X최수영X진서연 최종 선택은?",연예,41,2020,03,21,13:16,8,7,0,1,0,0,0,0,0,0,0,https://news.naver.com/main/read.nhn?mode=LSD&mid=sec&sid1=106&oid=469&aid=0000479597
진서연,종영D·2 ‘본대로 말하라’ 측 “장혁·최수영·진서연 선택 주목”,연예,41,2020,03,20,16:53,18,18,0,0,0,0,0,0,0,0,0,https://news.naver.com/main/read.nhn?mode=LSD&mid=sec&sid1=106&oid=382&aid=0000806984
진서연,"'본 대로 말하라' 진서연, 음문석X수영과 대기실 비하인드 컷",연예,41,2020,03,19,11:23,24,24,0,0,0,0,0,0,0,0,0,https://news.naver.com/main/read.nhn?mode=LSD&mid=sec&sid1=106&oid=241&aid=0003011255
진서연,"'본 대로 말하라' 사라진 진서연, 비밀 알게된 장혁···두 형사의 운명은?",연예,41,2020,03,18,16:30,15,14,0,1,0,0,0,0,0,0,0,https://news.naver.com/main/read.nhn?mode=LSD&mid=sec&sid1=106&oid=011&aid=0003711599
진서연,"진서연 ""나도 이쁘게 하고 멋진 바에 가고 싶다""…답답한 심경 토로",연예,41,2020,03,19,11:39,20,9,0,11,0,0,0,0,0,0,0,https://news.naver.com/main/read.nhn?mode=LSD&mid=sec&sid1=106&oid=477&aid=0000236842
진서연,"진서연, 최수영X음문석과 쉬는 시간 ""제 방에서 왜 이러세요""",연예,41,2020,03,18,20:00,38,38,0,0,0,0,0,0,0,0,0,https://news.naver.com/main/read.nhn?mode=LSD&mid=sec&sid1=106&oid=213&aid=0001157821
진서연,"[이 스타 왜 떴을까③] 진서연 ""센 언니? 원래 성격은 허당""",연예,41,2020,03,17,9:55,4,4,0,0,0,0,0,0,0,0,0,https://news.naver.com/main/read.nhn?mode=LSD&mid=sec&sid1=106&oid=427&aid=0000035916
진서연,"'본 대로 말하라' 장혁, 장현성 살해범으로 지목..최수영X진서연 혼돈",연예,41,2020,03,15,15:03,8,8,0,0,0,0,0,0,0,0,0,https://news.naver.com/main/read.nhn?mode=LSD&mid=sec&sid1=106&oid=076&aid=0003542115
진서연,"[이 스타 왜 떴을까②] 진서연, 치밀한 캐릭터 분석→압도적 존재감",연예,41,2020,03,17,9:54,2,2,0,0,0,0,0,0,0,0,0,https://news.naver.com/main/read.nhn?mode=LSD&mid=sec&sid1=106&oid=427&aid=0000035915
진서연,"'본대로 말하라' 장혁-최수영-진서연, 음문석의 덫에 휘감겼다..치열한 접전",연예,41,2020,03,21,22:33,12,12,0,0,0,0,0,0,0,0,0,https://news.naver.com/main/read.nhn?mode=LSD&mid=sec&sid1=106&oid=404&aid=0000263310
진서연,'본 대로 말하라' 장혁·최수영·진서연 휘감은 음문석의 덫...치열한 접전 시작된다,연예,41,2020,03,21,15:25,21,21,0,0,0,0,0,0,0,0,0,https://news.naver.com/main/read.nhn?mode=LSD&mid=sec&sid1=106&oid=076&aid=0003544917
진서연,‘본 대로 말하라’ 장혁-최수영-진서연 휘감은 음문석의 덫[오늘TV],연예,41,2020,03,21,15:27,18,18,0,0,0,0,0,0,0,0,0,https://news.naver.com/main/read.nhn?mode=LSD&mid=sec&sid1=106&oid=609&aid=0000259748
진서연,종영까지 2회 ‘본 대로 말하라’가 특별했던 이유,연예,41,2020,03,20,24:58,5,5,0,0,0,0,0,0,0,0,0,https://news.naver.com/main/read.nhn?mode=LSD&mid=sec&sid1=106&oid=609&aid=0000259455
진서연,"""결이 다른 서스펜스""..'본대로 말하라'가 특별했던 이유",연예,41,2020,03,20,18:55,27,27,0,0,0,0,0,0,0,0,0,https://news.naver.com/main/read.nhn?mode=LSD&mid=sec&sid1=106&oid=404&aid=0000263271
진서연,"진서연, 최수영X음문석과 화기애애한 대기 현장 ""제방에서 왜 이러시는 거 예요""",연예,41,2020,03,19,10:45,8,8,0,0,0,0,0,0,0,0,0,https://news.naver.com/main/read.nhn?mode=LSD&mid=sec&sid1=106&oid=112&aid=0003279641
진서연,"[리뷰IS] '본 대로 말하라' 장혁, 진서연 둘러싼 비밀 알게 돼",연예,41,2020,03,16,24:51,17,17,0,0,0,0,0,0,0,0,0,https://news.naver.com/main/read.nhn?mode=LSD&mid=sec&sid1=106&oid=241&aid=0003010490
진서연,"'본 대로 말하라' 장혁, 진서연 진실 알다…음문석의 류승수 살해까지 '충격'",연예,41,2020,03,16,8:49,9,9,0,0,0,0,0,0,0,0,0,https://news.naver.com/main/read.nhn?mode=LSD&mid=sec&sid1=106&oid=112&aid=0003278392
진서연,"'본대로 말하라' 장혁, 진서연의 비밀 알았다...분노에 휩싸인 그의 선택은",연예,41,2020,03,16,9:03,11,11,0,0,0,0,0,0,0,0,0,https://news.naver.com/main/read.nhn?mode=LSD&mid=sec&sid1=106&oid=076&aid=0003542298
진서연,"[TV북마크] ‘본 대로 말하라’ 장혁, 진서연의 비밀 알았다…분노한 그의 선택은",연예,41,2020,03,16,8:27,10,9,0,1,0,0,0,0,0,0,0,https://news.naver.com/main/read.nhn?mode=LSD&mid=sec&sid1=106&oid=382&aid=0000805451
진서연,"'본 대로 말하라' 장혁, 진서연 비밀 알고 사라졌다…서로 다른 욕망이 낳은 비극",연예,41,2020,03,18,13:57,10,8,0,2,0,0,0,0,0,0,0,https://news.naver.com/main/read.nhn?mode=LSD&mid=sec&sid1=106&oid=312&aid=0000439551
진서연,"‘본 대로 말하라’ 진서연 비밀 알게 된 장혁, 엇갈린 두 형사의 마지막은?",연예,41,2020,03,18,14:41,8,7,0,1,0,0,0,0,0,0,0,https://news.naver.com/main/read.nhn?mode=LSD&mid=sec&sid1=106&oid=009&aid=0004539033
진서연,"'본대로말하라' 장혁, 믿었던 진서연 비밀 알고 잠적…'판도라 상자 열렸다'",연예,41,2020,03,18,24:59,9,9,0,0,0,0,0,0,0,0,0,https://news.naver.com/main/read.nhn?mode=LSD&mid=sec&sid1=106&oid=076&aid=0003543498
진서연,"‘본 대로 말하라’ 진서연, 장혁 손에 수갑 채우며 체포... 충격적 선택의 목적은?",연예,41,2020,03,15,16:02,16,16,0,0,0,0,0,0,0,0,0,https://news.naver.com/main/read.nhn?mode=LSD&mid=sec&sid1=106&oid=408&aid=0000088698
진서연,"‘본 대로 말하라’ 장혁에게 수갑 채운 진서연, 충격적 선택의 목적은?[MK★TV컷]",연예,41,2020,03,15,22:51,4,0,0,4,0,0,0,0,0,0,0,https://news.naver.com/main/read.nhn?mode=LSD&mid=sec&sid1=106&oid=410&aid=0000676681
진서연,"[투데이TV]'본 대로 말하라' 장혁, 장현성 살해범으로 지목..진서연X최수영 '혼돈'",연예,41,2020,03,15,14:25,5,5,0,0,0,0,0,0,0,0,0,https://news.naver.com/main/read.nhn?mode=LSD&mid=sec&sid1=106&oid=112&aid=0003278232
진서연,"'본 대로 말하라' 김바다 ""진서연, 쾌활하고 장난기 가득한 모습에 놀랐어요""(인터뷰)",연예,42,2020,03,26,16:54,7,7,0,0,0,0,0,0,0,0,0,https://news.naver.com/main/read.nhn?mode=LSD&mid=sec&sid1=106&oid=312&aid=0000440395
진서연,‘본 대로 말하라’ 진서연 “힘들었던만큼 값진 경험” 종영소감,연예,42,2020,03,22,14:52,5,5,0,0,0,0,0,0,0,0,0,https://news.naver.com/main/read.nhn?mode=LSD&mid=sec&sid1=106&oid=609&aid=0000259956
진서연,"진서연, 숨길 수 없는 배우 아우라 ""바람으로 뺨 맞아도 좋은 날""",연예,42,2020,03,23,22:37,3,3,0,0,0,0,0,0,0,0,0,https://news.naver.com/main/read.nhn?mode=LSD&mid=sec&sid1=106&oid=112&aid=0003281091
진서연,"'본 대로 말하라' 장혁X진서연, 음문석 덫에 걸렸다…최종회 앞두고 '일촉즉발'",연예,42,2020,03,22,8:29,21,20,0,1,0,0,0,0,0,0,0,https://news.naver.com/main/read.nhn?mode=LSD&mid=sec&sid1=106&oid=468&aid=0000638877
진서연,"[TEN 인터뷰] '본 대로 말하라' 김바다 ""저 무서운 사람 아닙니다""",연예,42,2020,03,27,10:02,12,12,0,0,0,0,0,0,0,0,0,https://news.naver.com/main/read.nhn?mode=LSD&mid=sec&sid1=106&oid=312&aid=0000440447
진서연,"'본대로 말하라' 김홍선 ""음문석 출연, 제작진 비밀유지 각서""[★FULL인터뷰]",연예,42,2020,03,26,7:00,24,24,0,0,0,0,0,0,0,0,0,https://news.naver.com/main/read.nhn?mode=LSD&mid=sec&sid1=106&oid=108&aid=0002851579
진서연,"종영 '본대로 말하라' 장혁, 살인마 음문석 고문 끝 살려줬다 [MD리뷰]",연예,42,2020,03,23,6:50,7,7,0,0,0,0,0,0,0,0,0,https://news.naver.com/main/read.nhn?mode=LSD&mid=sec&sid1=106&oid=117&aid=0003344948
진서연,"[리뷰IS] '본 대로 말하라' 장혁, 음문석 잡아…최수영 '해결'",연예,42,2020,03,23,7:56,9,9,0,0,0,0,0,0,0,0,0,https://news.naver.com/main/read.nhn?mode=LSD&mid=sec&sid1=106&oid=241&aid=0003011757
진서연,"'본 대로 말하라' 장혁-최수영, 진서연, 끝나지 않는 여운…'5.0%' 자체 최고로 종영",연예,42,2020,03,23,8:19,9,9,0,0,0,0,0,0,0,0,0,https://news.naver.com/main/read.nhn?mode=LSD&mid=sec&sid1=106&oid=076&aid=0003545274
진서연,"'본 대로 말하라' 장혁X최수영X진서연, 끝나지 않는 여운…자체 최고 시청률로 종영",연예,42,2020,03,23,9:33,5,5,0,0,0,0,0,0,0,0,0,https://news.naver.com/main/read.nhn?mode=LSD&mid=sec&sid1=106&oid=015&aid=0004311392
진서연,"[SC리뷰]'본대로 말하라' 장혁X최수영X진서연, 끝모를 여운…자체 최고 종영",연예,42,2020,03,23,8:31,6,6,0,0,0,0,0,0,0,0,0,https://news.naver.com/main/read.nhn?mode=LSD&mid=sec&sid1=106&oid=076&aid=0003545282
진서연,"'본대로 말하라' 4.4%로 종영, 사라진 장혁x진서연..시즌2로 돌아올까?",연예,42,2020,03,23,8:32,9,9,0,0,0,0,0,0,0,0,0,https://news.naver.com/main/read.nhn?mode=LSD&mid=sec&sid1=106&oid=109&aid=0004182976
진서연,"‘본 대로 말하라’ 장혁-최수영-진서연-장현성-류승수, 그리고 음문석이 전한 종영 소감",연예,42,2020,03,22,14:45,18,18,0,0,0,0,0,0,0,0,0,https://news.naver.com/main/read.nhn?mode=LSD&mid=sec&sid1=106&oid=408&aid=0000089162
진서연,"'본 대로 말하라' 측 ""장혁·진서연, 왼손잡이 살인마 윤종석에 당할 위기…끝날 때까지 끝난 게 아니다""",연예,42,2020,03,22,15:30,23,22,0,1,0,0,0,0,0,0,0,https://news.naver.com/main/read.nhn?mode=LSD&mid=sec&sid1=106&oid=076&aid=0003545143
진서연,‘본 대로 말하라’ 음문석 덫에 걸린 장혁×진서연…최후의 결전 개막,연예,42,2020,03,22,9:30,14,14,0,0,0,0,0,0,0,0,0,https://news.naver.com/main/read.nhn?mode=LSD&mid=sec&sid1=106&oid=382&aid=0000807066
진서연,"'본 대로 말하라' 음문석 덫에 걸린 장혁X진서연, 일촉즉발 엔딩",연예,42,2020,03,22,8:49,6,6,0,0,0,0,0,0,0,0,0,https://news.naver.com/main/read.nhn?mode=LSD&mid=sec&sid1=106&oid=015&aid=0004311031
진서연,"한국 시세이도, 배우 진서연 새 앰버서더로 발탁",경제,43,2020,04,03,8:37,25,6,0,0,19,0,0,0,0,0,0,https://news.naver.com/main/read.nhn?mode=LSD&mid=sec&sid1=101&oid=018&aid=0004612204
진서연,김혜수·김서형·진서연…그녀의 ‘쇼트커트’엔 이유가 있다,연예,43,2020,04,02,18:50,50,50,0,0,0,0,0,0,0,0,0,https://news.naver.com/main/read.nhn?mode=LSD&mid=sec&sid1=106&oid=082&aid=0000993575
진서연,"'본대로 말하라' 김바다 ""'그놈' 정체, 진서연 의심했다""[★FULL인터뷰]",연예,43,2020,03,29,11:00,12,12,0,0,0,0,0,0,0,0,0,https://news.naver.com/main/read.nhn?mode=LSD&mid=sec&sid1=106&oid=108&aid=0002852167
진서연,[드링킷] 혼술 가능? 한국 스릴러 드라마 7,생활,43,2020,04,03,21:11,3,2,1,0,0,0,0,0,0,0,0,https://news.naver.com/main/read.nhn?mode=LSD&mid=sec&sid1=103&oid=277&aid=0004655584
진서연,"블소 레볼루션 500일 기념 업데이트, 새로운 펫 ‘수호신령’ 등장",스포츠,43,2020,03,30,17:48,1,0,0,0,1,0,0,0,0,0,0,http://sports.news.naver.com/esports/news/read.nhn?oid=356&aid=0000039412
진서연,넷마블 ‘블레이드&소울 레볼루션’ 출시 500일 업데이트…수호신령 등장,IT,43,2020,03,31,9:54,2,1,0,0,0,1,0,0,0,0,0,https://news.naver.com/main/read.nhn?mode=LSD&mid=sec&sid1=105&oid=009&aid=0004547531
진서연,"“오랜만”…진서연X수영, 시크한 투샷",연예,44,2020,04,10,22:46,11,11,0,0,0,0,0,0,0,0,0,https://news.naver.com/main/read.nhn?mode=LSD&mid=sec&sid1=106&oid=469&aid=0000486447
진서연,"진서연 ""아무것도 없고 싶다"" [★SHOT!]",연예,44,2020,04,08,18:01,13,13,0,0,0,0,0,0,0,0,0,https://news.naver.com/main/read.nhn?mode=LSD&mid=sec&sid1=106&oid=109&aid=0004189832
진서연,[사장님 귀는 당나귀 귀] 양치승 관장이 소개하는 슈퍼스타 정체는 허경환 “연매출 180억”,연예,44,2020,04,05,19:46,4,4,0,0,0,0,0,0,0,0,0,https://news.naver.com/main/read.nhn?mode=LSD&mid=sec&sid1=106&oid=438&aid=0000028201
진서연,[사장님 귀는 당나귀 귀] ‘무한리필집’ 벗어난 통영에서의 행복한 굴 파티! 과연 식사비용은 얼마,연예,44,2020,04,05,20:07,4,4,0,0,0,0,0,0,0,0,0,https://news.naver.com/main/read.nhn?mode=LSD&mid=sec&sid1=106&oid=438&aid=0000028203
진서연,"[사장님 귀는 당나귀 귀] “무한리필집이 아니에요” 고급 ‘굴요리’집 데려간 허경환에 양치승, 아연실색",연예,44,2020,04,05,19:54,5,5,0,0,0,0,0,0,0,0,0,https://news.naver.com/main/read.nhn?mode=LSD&mid=sec&sid1=106&oid=438&aid=0000028202
진서연,"진서연, 최수영과 다정한 투샷 공개 ""오랜만 차형사""",연예,44,2020,04,10,8:09,3,3,0,0,0,0,0,0,0,0,0,https://news.naver.com/main/read.nhn?mode=LSD&mid=sec&sid1=106&oid=108&aid=0002855007
진서연,"진서연X수영, 화보 같은 여배우들의 일상 '훈훈' [★해시태그]",연예,44,2020,04,10,10:30,4,4,0,0,0,0,0,0,0,0,0,https://news.naver.com/main/read.nhn?mode=LSD&mid=sec&sid1=106&oid=311&aid=0001133174
진서연,"진서연X최수영, 그리운 걸크러쉬 케미 ""오랜만 차형사""",연예,44,2020,04,10,7:42,1,1,0,0,0,0,0,0,0,0,0,https://news.naver.com/main/read.nhn?mode=LSD&mid=sec&sid1=106&oid=112&aid=0003286939
진서연,진서연 최수영 ‘본대로 말하라’ 종영 후 재회 “오랜만 차형사”[SNS★컷],연예,44,2020,04,10,11:50,5,5,0,0,0,0,0,0,0,0,0,https://news.naver.com/main/read.nhn?mode=LSD&mid=sec&sid1=106&oid=609&aid=0000265729
진서연,"""방구석여행 챌린지"" 진서연, 카리스마 비주얼 In 해변가 바캉스 [★SHOT!]",연예,45,2020,04,16,19:02,7,7,0,0,0,0,0,0,0,0,0,https://news.naver.com/main/read.nhn?mode=LSD&mid=sec&sid1=106&oid=109&aid=0004193139
진서연,"진서연, 해변가에서 뽐낸 비주얼…비키니+선글라스로 완성한 바캉스룩",연예,45,2020,04,16,18:31,3,3,0,0,0,0,0,0,0,0,0,https://news.naver.com/main/read.nhn?mode=LSD&mid=sec&sid1=106&oid=112&aid=0003289163
진서연,"진서연, 시크한 비주얼에 따뜻한 미소..""이 집도 안녕, 방구석 지겹""",연예,45,2020,04,16,17:17,7,6,0,1,0,0,0,0,0,0,0,https://news.naver.com/main/read.nhn?mode=LSD&mid=sec&sid1=106&oid=112&aid=0003289128
진서연,[PD를 만나다] 김홍선 감독 “‘본대로 말하라’ 점수? 50점…올해 목표는 ‘루카’” (인터뷰),연예,45,2020,04,14,13:56,10,10,0,0,0,0,0,0,0,0,0,https://news.naver.com/main/read.nhn?mode=LSD&mid=sec&sid1=106&oid=382&aid=0000813159
진서연,[사장님 귀는 당나귀 귀] 허경환과 커플 필라테스...’썸’으로 몰아가자 김동은 “아무 느낌이 없었어요”,연예,45,2020,04,12,20:20,18,16,0,2,0,0,0,0,0,0,0,https://news.naver.com/main/read.nhn?mode=LSD&mid=sec&sid1=106&oid=438&aid=0000028281
진서연,"진서연, 단숨에 시선 압도 '독보적인 분위기' [화보]",연예,46,2020,04,21,9:21,3,3,0,0,0,0,0,0,0,0,0,https://news.naver.com/main/read.nhn?mode=LSD&mid=sec&sid1=106&oid=076&aid=0003556857
진서연,"진서연, 절친 한효주 커피차 응원 인증샷 ""효언니 감사해요♥""",연예,46,2020,04,21,16:38,17,17,0,0,0,0,0,0,0,0,0,https://news.naver.com/main/read.nhn?mode=LSD&mid=sec&sid1=106&oid=108&aid=0002857711
진서연,"수영, 정경호가 반한 미소..""그냥 웃자"" SNS에 진서연도 ""잘하네"" [★SHOT!]",연예,46,2020,04,22,19:07,19,19,0,0,0,0,0,0,0,0,0,https://news.naver.com/main/read.nhn?mode=LSD&mid=sec&sid1=106&oid=109&aid=0004195540
진서연,[사장님 귀는 당나귀 귀] 마흔파이브 vs. 양치승 근조직...무한리필집 아닌 식당 갔지만...(feat. 처량한 식단파 식탁),연예,46,2020,04,19,19:51,4,4,0,0,0,0,0,0,0,0,0,https://news.naver.com/main/read.nhn?mode=LSD&mid=sec&sid1=106&oid=438&aid=0000028362
진서연,"진서연 화보, 압도하는 독보적 아우라…매혹+섹시",연예,46,2020,04,21,9:22,1,1,0,0,0,0,0,0,0,0,0,https://news.naver.com/main/read.nhn?mode=LSD&mid=sec&sid1=106&oid=057&aid=0001446230
진서연,"진서연, 자신감 넘치는 포즈와 눈빛 '카리스마에 감탄' [화보]",연예,46,2020,04,21,9:11,1,1,0,0,0,0,0,0,0,0,0,https://news.naver.com/main/read.nhn?mode=LSD&mid=sec&sid1=106&oid=311&aid=0001136804
진서연,"진서연, 카리스마 담은 뷰티 화보…무결점 피부 '깜짝'",연예,46,2020,04,21,23:00,1,1,0,0,0,0,0,0,0,0,0,https://news.naver.com/main/read.nhn?mode=LSD&mid=sec&sid1=106&oid=008&aid=0004398068
진서연,"진서연, 한효주 커피차 선물 인증샷 ""효언니 감사해요"" [★해시태그]",연예,46,2020,04,21,16:24,8,8,0,0,0,0,0,0,0,0,0,https://news.naver.com/main/read.nhn?mode=LSD&mid=sec&sid1=106&oid=311&aid=0001137210
진서연,"진서연, 절친 한효주 커피차 선물 인증샷..""효언니 감사해요♥""",연예,46,2020,04,21,17:14,20,20,0,0,0,0,0,0,0,0,0,https://news.naver.com/main/read.nhn?mode=LSD&mid=sec&sid1=106&oid=112&aid=0003290777
진서연,"진서연, 훈훈하게 `덕분에 챌린지` 인증...김아중·음문석 지목",연예,48,2020,05,07,16:30,2,2,0,0,0,0,0,0,0,0,0,https://news.naver.com/main/read.nhn?mode=LSD&mid=sec&sid1=106&oid=009&aid=0004570470
진서연,"진서연 '덕분에 챌린지' 동참 ""의료진 여러분의 안전을 기원""",연예,48,2020,05,06,16:03,7,5,0,0,0,0,0,0,0,2,0,https://news.naver.com/main/read.nhn?mode=LSD&mid=sec&sid1=106&oid=076&aid=0003563255
진서연,"""존경합니다"" 한효주, '덕분에 챌린지' 동참…진서연 지목",연예,48,2020,05,05,17:23,19,17,0,1,0,0,1,0,0,0,0,https://news.naver.com/main/read.nhn?mode=LSD&mid=sec&sid1=106&oid=312&aid=0000444838
진서연,"""감사+존경"" 김아중, '덕분에 챌린지' 동참...정우성 릴레이 지목 '눈길' [★SHOT!]",연예,48,2020,05,07,18:03,7,7,0,0,0,0,0,0,0,0,0,https://news.naver.com/main/read.nhn?mode=LSD&mid=sec&sid1=106&oid=109&aid=0004202320
진서연,"음문석 ""의료진 분들께 감사""…'덕분에 챌린지' 황치열·류승수 지목 [★해시태그]",연예,48,2020,05,07,11:58,33,33,0,0,0,0,0,0,0,0,0,https://news.naver.com/main/read.nhn?mode=LSD&mid=sec&sid1=106&oid=311&aid=0001143279
진서연,"""감사하고 존경합니다"" 김아중, 덕분에챌린지 동참…정우성 지목",연예,48,2020,05,08,15:36,17,17,0,0,0,0,0,0,0,0,0,https://news.naver.com/main/read.nhn?mode=LSD&mid=sec&sid1=106&oid=241&aid=0003021465
진서연,"김아중, `덕분에 챌린지`로 전한 근황…안구정화 `꽃미모`",연예,48,2020,05,08,18:02,1,1,0,0,0,0,0,0,0,0,0,https://news.naver.com/main/read.nhn?mode=LSD&mid=sec&sid1=106&oid=410&aid=0000691515
진서연,"김아중, '덕분에 챌린지' 참여… ""모든 의료진, 감사하고 존경""",연예,48,2020,05,08,16:58,7,6,0,1,0,0,0,0,0,0,0,https://news.naver.com/main/read.nhn?mode=LSD&mid=sec&sid1=106&oid=408&aid=0000092533
진서연,"김아중, ‘덕분에 챌린지’ 동참 훈훈 인증샷 “감사하고 존경합니다”",연예,48,2020,05,08,16:34,3,3,0,0,0,0,0,0,0,0,0,https://news.naver.com/main/read.nhn?mode=LSD&mid=sec&sid1=106&oid=015&aid=0004337196
진서연,"""의료진 안전 기원"" 진서연, 캠페인 동참…김아중·음문석 지목",연예,48,2020,05,06,16:22,4,4,0,0,0,0,0,0,0,0,0,https://news.naver.com/main/read.nhn?mode=LSD&mid=sec&sid1=106&oid=112&aid=0003295576
진서연,"한효주, 덕분에 챌린지 동참 “의료진 안전 기원” [SNS★컷]",연예,48,2020,05,05,17:02,15,15,0,0,0,0,0,0,0,0,0,https://news.naver.com/main/read.nhn?mode=LSD&mid=sec&sid1=106&oid=609&aid=0000273905
진서연,"김아중, '덕분에 챌린지' 동참→정우성·김보라 감독 지목 [★해시태그]",연예,48,2020,05,07,17:43,4,4,0,0,0,0,0,0,0,0,0,https://news.naver.com/main/read.nhn?mode=LSD&mid=sec&sid1=106&oid=311&aid=0001143472
진서연,"'본 어게인' 이수혁 ""진서연과 '봄비 키스신'? 긴장 많이 됐다""",연예,49,2020,05,11,13:16,4,3,0,1,0,0,0,0,0,0,0,https://news.naver.com/main/read.nhn?mode=LSD&mid=sec&sid1=106&oid=468&aid=0000657062
진서연,‘본 어게인’ 이수혁 “로찢남? 진서연 덕분에 로맨스 잘 살려냈다”,연예,49,2020,05,11,13:30,4,4,0,0,0,0,0,0,0,0,0,https://news.naver.com/main/read.nhn?mode=LSD&mid=sec&sid1=106&oid=057&aid=0001453165
진서연,"'본어게인' 이수혁, 진세연과 '봄비 키스신' 회상 ""오랜만이라 떨렸다""",연예,49,2020,05,11,13:25,16,16,0,0,0,0,0,0,0,0,0,https://news.naver.com/main/read.nhn?mode=LSD&mid=sec&sid1=106&oid=052&aid=0001438544
진서연,"`본 어게인` 이수혁 ""진세연과 봄비키스신? 긴장 많이 됐다""",연예,49,2020,05,11,13:36,2,2,0,0,0,0,0,0,0,0,0,https://news.naver.com/main/read.nhn?mode=LSD&mid=sec&sid1=106&oid=009&aid=0004572281
진서연,"2막 연 '본 어게인', 로맨스 더하고 시청률 반등 노린다[종합]",연예,49,2020,05,11,13:42,3,3,0,0,0,0,0,0,0,0,0,https://news.naver.com/main/read.nhn?mode=LSD&mid=sec&sid1=106&oid=468&aid=0000657067
진서연,"진서연, 침대에서 선글라스 끼고 셀카 ""잘자요""[★SHOT!]",연예,50,2020,05,23,10:25,4,0,0,0,0,0,3,0,0,1,0,https://news.naver.com/main/read.nhn?mode=LSD&mid=sec&sid1=106&oid=109&aid=0004211406
진서연,"진서연, 최수영X음문석 등과 회동 ""언제나 반가운 친구들""",연예,50,2020,05,19,9:11,4,4,0,0,0,0,0,0,0,0,0,https://news.naver.com/main/read.nhn?mode=LSD&mid=sec&sid1=106&oid=112&aid=0003299561
진서연,"진서연, 폭풍 카리스마 눈빛..역시 다르긴 다르네",연예,50,2020,05,19,8:47,5,3,0,1,0,0,0,0,0,1,0,https://news.naver.com/main/read.nhn?mode=LSD&mid=sec&sid1=106&oid=112&aid=0003299543
진서연,[N년 전 오늘의 XP] 조진웅-류준열-김성령-박해준-차승원 등 스타들과 함께한 '독전 레드카펫',연예,50,2020,05,21,6:11,60,47,0,2,0,0,8,0,0,3,0,https://news.naver.com/main/read.nhn?mode=LSD&mid=sec&sid1=106&oid=311&aid=0001149463
진서연,"진서연, 수수해도 우월한 카리스마..대체 불가 매력 폭발",연예,51,2020,05,25,15:59,2,1,0,1,0,0,0,0,0,0,0,https://news.naver.com/main/read.nhn?mode=LSD&mid=sec&sid1=106&oid=112&aid=0003301792
진서연,"진서연, 결혼기념일 맞아 ♥︎남편과 데이트..오늘은 '청순미 뿜뿜'[★SHOT!]",연예,51,2020,05,26,10:26,2,1,0,0,0,0,1,0,0,0,0,https://news.naver.com/main/read.nhn?mode=LSD&mid=sec&sid1=106&oid=109&aid=0004212744
