레드벨벳,"'겟잇뷰티 2019' 레드벨벳 조이, 여배우 되는 보디 메이크업 꿀팁 공개",연예,0,2019,06,07,15:31,25,25,0,0,0,0,0,0,0,0,0,https://news.naver.com/main/read.nhn?mode=LSD&mid=sec&sid1=106&oid=312&aid=0000391874,-1
레드벨벳,레드벨벳 예리 ‘우와~ 예쁘다!’[포토엔HD],연예,0,2019,06,08,19:38,8,8,0,0,0,0,0,0,0,0,0,https://news.naver.com/main/read.nhn?mode=LSD&mid=sec&sid1=106&oid=609&aid=0000120691,-1
레드벨벳,"'컴백' 레드벨벳, 'The ReVe Festival' 19일 발매",연예,0,2019,06,04,10:38,21,21,0,0,0,0,0,0,0,0,0,https://news.naver.com/main/read.nhn?mode=LSD&mid=sec&sid1=106&oid=468&aid=0000516162,1
레드벨벳,"""여친짤 제조기?""..레드벨벳 예리, 일상 속 청순美",연예,0,2019,06,07,17:08,42,41,0,1,0,0,0,0,0,0,0,https://news.naver.com/main/read.nhn?mode=LSD&mid=sec&sid1=106&oid=112&aid=0003173379,1
레드벨벳,"레드벨벳, 오는 19일 컴백…여름 달굴 환상적 축제 '더 리브 페스티벌'",연예,0,2019,06,04,13:39,55,55,0,0,0,0,0,0,0,0,0,https://news.naver.com/main/read.nhn?mode=LSD&mid=sec&sid1=106&oid=015&aid=0004153082,1
레드벨벳,"레드벨벳 조이, 고혹적인 눈빛 발사 [★해시태그]",연예,0,2019,06,07,18:00,79,78,0,1,0,0,0,0,0,0,0,https://news.naver.com/main/read.nhn?mode=LSD&mid=sec&sid1=106&oid=311&aid=0001001144,1
레드벨벳,"레드벨벳 조이, 강렬 레드립으로 뽐낸 고혹美[SNS★컷]",연예,0,2019,06,08,11:18,73,72,0,1,0,0,0,0,0,0,0,https://news.naver.com/main/read.nhn?mode=LSD&mid=sec&sid1=106&oid=609&aid=0000120579,1
레드벨벳,"'겟잇뷰티 2019' 레드벨벳 조이, 보디 메이크업 꿀팁 공개",연예,0,2019,06,07,14:57,17,17,0,0,0,0,0,0,0,0,0,https://news.naver.com/main/read.nhn?mode=LSD&mid=sec&sid1=106&oid=311&aid=0001001059,-1
레드벨벳,레드벨벳 예리 ‘긴생머리 미녀’[포토엔HD],연예,0,2019,06,08,19:33,38,38,0,0,0,0,0,0,0,0,0,https://news.naver.com/main/read.nhn?mode=LSD&mid=sec&sid1=106&oid=609&aid=0000120689,-1
레드벨벳,레드벨벳 예리 ‘더 예뻐진 미모’[포토엔HD],연예,0,2019,06,08,19:36,69,69,0,0,0,0,0,0,0,0,0,https://news.naver.com/main/read.nhn?mode=LSD&mid=sec&sid1=106&oid=609&aid=0000120690,-1
레드벨벳,레드벨벳 조이 ‘나홀로 포토타임’[포토엔HD],연예,0,2019,06,08,20:02,18,18,0,0,0,0,0,0,0,0,0,https://news.naver.com/main/read.nhn?mode=LSD&mid=sec&sid1=106&oid=609&aid=0000120699,-1
레드벨벳,레드벨벳 조이 ‘눈에 띄는 레드립’[포토엔HD],연예,0,2019,06,08,20:11,66,66,0,0,0,0,0,0,0,0,0,https://news.naver.com/main/read.nhn?mode=LSD&mid=sec&sid1=106&oid=609&aid=0000120703,-1
레드벨벳,레드벨벳 컴백…19일 신보 The ReVe Festival’ 발매,연예,0,2019,06,04,14:21,105,104,0,1,0,0,0,0,0,0,0,https://news.naver.com/main/read.nhn?mode=LSD&mid=sec&sid1=106&oid=021&aid=0002392971,1
레드벨벳,"레드벨벳, 'The ReVe Festival'로 2019년 화려하게 수놓는다",연예,0,2019,06,04,10:31,42,42,0,0,0,0,0,0,0,0,0,https://news.naver.com/main/read.nhn?mode=LSD&mid=sec&sid1=106&oid=076&aid=0003425080,1
레드벨벳,"""19일 컴백"" 레드벨벳, 여름밤 수놓을 `The ReVe Festival` 예고",연예,0,2019,06,04,10:41,28,28,0,0,0,0,0,0,0,0,0,https://news.naver.com/main/read.nhn?mode=LSD&mid=sec&sid1=106&oid=029&aid=0002531424,1
레드벨벳,"지동국, 레드벨벳 슬기와 무슨 사이?",연예,0,2019,06,07,7:51,11,11,0,0,0,0,0,0,0,0,0,https://news.naver.com/main/read.nhn?mode=LSD&mid=sec&sid1=106&oid=417&aid=0000416600,-1
레드벨벳,"레드벨벳, ‘더 리브 페스티벌’ 론칭…19일 신보로 올해 첫 컴백",연예,0,2019,06,04,10:32,24,24,0,0,0,0,0,0,0,0,0,https://news.naver.com/main/read.nhn?mode=LSD&mid=sec&sid1=106&oid=469&aid=0000394077,-1
레드벨벳,"[공식] 레드벨벳, 19일 '더 리브 페스티벌'로 컴백…'여름 끝판왕 출격'",연예,0,2019,06,04,11:11,29,29,0,0,0,0,0,0,0,0,0,https://news.naver.com/main/read.nhn?mode=LSD&mid=sec&sid1=106&oid=076&aid=0003425116,-1
레드벨벳,"레드벨벳, 6월 19일 컴백…'더 리브 페스티벌'로 펼치는 음악 퍼레이드[공식]",연예,0,2019,06,04,10:37,101,101,0,0,0,0,0,0,0,0,0,https://news.naver.com/main/read.nhn?mode=LSD&mid=sec&sid1=106&oid=477&aid=0000187333,1
레드벨벳,"레드벨벳 조이, 신보 티저서 무결점 미모력 과시",연예,1,2019,06,15,17:14,6,6,0,0,0,0,0,0,0,0,0,https://news.naver.com/main/read.nhn?mode=LSD&mid=sec&sid1=106&oid=030&aid=0002820591,1
레드벨벳,"'스테이지K' 슈퍼주니어vs레드벨벳, '살벌한 집안싸움' 예고",연예,1,2019,06,15,9:32,22,22,0,0,0,0,0,0,0,0,0,https://news.naver.com/main/read.nhn?mode=LSD&mid=sec&sid1=106&oid=076&aid=0003429495,1
레드벨벳,"레드벨벳, 컴백 기념 네이버 V 라이브 20일 오후 8시 생방송",연예,1,2019,06,14,10:45,36,36,0,0,0,0,0,0,0,0,0,https://news.naver.com/main/read.nhn?mode=LSD&mid=sec&sid1=106&oid=468&aid=0000520458,1
레드벨벳,"‘정글의 법칙’ 레드벨벳 예리, 굴욕없이 빛나는 민낯",연예,1,2019,06,15,14:52,41,41,0,0,0,0,0,0,0,0,0,https://news.naver.com/main/read.nhn?mode=LSD&mid=sec&sid1=106&oid=410&aid=0000595525,-1
레드벨벳,"레드벨벳 예리, 막내 미모가 이 정도",연예,1,2019,06,13,11:14,117,117,0,0,0,0,0,0,0,0,0,https://news.naver.com/main/read.nhn?mode=LSD&mid=sec&sid1=106&oid=408&aid=0000074006,1
레드벨벳,"레드벨벳 조이X장윤주, 화사함 가득 매력적인 투샷",연예,1,2019,06,15,11:10,29,29,0,0,0,0,0,0,0,0,0,https://news.naver.com/main/read.nhn?mode=LSD&mid=sec&sid1=106&oid=241&aid=0002925802,1
레드벨벳,레드벨벳 축제가 시작된다…19일 새앨범 시리즈 첫선,생활,1,2019,06,11,11:45,26,16,10,0,0,0,0,0,0,0,0,https://news.naver.com/main/read.nhn?mode=LSD&mid=sec&sid1=103&oid=001&aid=0010881422,1
레드벨벳,"레드벨벳 아이린, 티저 이미지 공개..비주얼 끝판왕",연예,1,2019,06,12,11:19,20,20,0,0,0,0,0,0,0,0,0,https://news.naver.com/main/read.nhn?mode=LSD&mid=sec&sid1=106&oid=410&aid=0000594419,-1
레드벨벳,"""고혹적인 눈빛""…레드벨벳 조이, 티저 이미지 공개",연예,1,2019,06,15,10:40,39,39,0,0,0,0,0,0,0,0,0,https://news.naver.com/main/read.nhn?mode=LSD&mid=sec&sid1=106&oid=076&aid=0003429509,1
레드벨벳,"레드벨벳 조이, 무결점 비주얼 티저 이미지 공개",연예,1,2019,06,15,10:27,40,40,0,0,0,0,0,0,0,0,0,https://news.naver.com/main/read.nhn?mode=LSD&mid=sec&sid1=106&oid=468&aid=0000520711,-1
레드벨벳,"""빠져드는 눈빛""..레드벨벳 조이, 컴백 티저 이미지 공개",연예,1,2019,06,15,13:54,21,21,0,0,0,0,0,0,0,0,0,https://news.naver.com/main/read.nhn?mode=LSD&mid=sec&sid1=106&oid=241&aid=0002925824,1
레드벨벳,"레드벨벳 조이, 컴백 티저 이미지 공개",연예,1,2019,06,15,18:22,77,77,0,0,0,0,0,0,0,0,0,https://news.naver.com/main/read.nhn?mode=LSD&mid=sec&sid1=106&oid=241&aid=0002925900,1
레드벨벳,"‘스테이지K’ 왕중왕전 슈퍼주니어vs레드벨벳, 집안싸움 예고",연예,1,2019,06,15,24:19,7,7,0,0,0,0,0,0,0,0,0,https://news.naver.com/main/read.nhn?mode=LSD&mid=sec&sid1=106&oid=015&aid=0004159665,-1
레드벨벳,슈퍼주니어 vs 레드벨벳…집안싸움 벌였다,연예,1,2019,06,15,16:11,21,21,0,0,0,0,0,0,0,0,0,https://news.naver.com/main/read.nhn?mode=LSD&mid=sec&sid1=106&oid=213&aid=0001112089,1
레드벨벳,'스테이지K' 왕중왕전…슈퍼주니어 vs 레드벨벳 '집안싸움' 예고!,연예,1,2019,06,15,17:45,10,10,0,0,0,0,0,0,0,0,0,https://news.naver.com/main/read.nhn?mode=LSD&mid=sec&sid1=106&oid=437&aid=0000212665,1
레드벨벳,"'스테이지K' 왕중왕전 슈퍼주니어vs레드벨벳, 자존심 건 '살벌한 집안싸움'",연예,1,2019,06,15,9:45,12,12,0,0,0,0,0,0,0,0,0,https://news.naver.com/main/read.nhn?mode=LSD&mid=sec&sid1=106&oid=109&aid=0004029603,1
레드벨벳,"레드벨벳, 시크+세련美 풀장착한 슬기 티저 이미지 화제",연예,1,2019,06,14,10:09,22,22,0,0,0,0,0,0,0,0,0,https://news.naver.com/main/read.nhn?mode=LSD&mid=sec&sid1=106&oid=215&aid=0000782509,1
레드벨벳,"레드벨벳, 새 앨범 티저 슬기버전 공개…'시크세련 곰슬기' 눈길",연예,1,2019,06,14,11:15,13,13,0,0,0,0,0,0,0,0,0,https://news.naver.com/main/read.nhn?mode=LSD&mid=sec&sid1=106&oid=030&aid=0002820417,1
레드벨벳,"레드벨벳, 슬기, 세련美 장착 티저 공개 “20일 컴백 V라이브 개최”",연예,1,2019,06,14,10:49,22,22,0,0,0,0,0,0,0,0,0,https://news.naver.com/main/read.nhn?mode=LSD&mid=sec&sid1=106&oid=382&aid=0000738725,1
레드벨벳,"‘정글의법칙’ 친화력甲 레드벨벳 예리, '아재림' 애칭 얻어",연예,1,2019,06,15,17:00,39,39,0,0,0,0,0,0,0,0,0,https://news.naver.com/main/read.nhn?mode=LSD&mid=sec&sid1=106&oid=018&aid=0004403550,-1
레드벨벳,"레드벨벳 예리, '정글' 출격..최애 부족원 등극",연예,1,2019,06,15,14:50,49,49,0,0,0,0,0,0,0,0,0,https://news.naver.com/main/read.nhn?mode=LSD&mid=sec&sid1=106&oid=108&aid=0002790403,-1
레드벨벳,"'정글' 레드벨벳 예리, '미모+털털+친화력甲' 화수분 매력 예고",연예,1,2019,06,15,10:06,33,33,0,0,0,0,0,0,0,0,0,https://news.naver.com/main/read.nhn?mode=LSD&mid=sec&sid1=106&oid=076&aid=0003429503,1
레드벨벳,"'정법' 레드벨벳 예리, 반전 매력으로 '핵인싸' 등극..미모+털털+친화력甲",연예,1,2019,06,15,10:23,10,10,0,0,0,0,0,0,0,0,0,https://news.naver.com/main/read.nhn?mode=LSD&mid=sec&sid1=106&oid=112&aid=0003176305,1
레드벨벳,레드벨벳 컴백 D-7 아이린 티저 이미지 공개..비주얼 끝판왕,연예,1,2019,06,13,12:55,40,39,0,1,0,0,0,0,0,0,0,https://news.naver.com/main/read.nhn?mode=LSD&mid=sec&sid1=106&oid=011&aid=0003569250,1
레드벨벳,"[DAY컷] ‘컴백’ 레드벨벳 예리, 판타지 비주얼…티저 공개",연예,1,2019,06,13,10:16,34,34,0,0,0,0,0,0,0,0,0,https://news.naver.com/main/read.nhn?mode=LSD&mid=sec&sid1=106&oid=382&aid=0000738389,-1
레드벨벳,"레드벨벳, 'The ReVe Festival' Day1 예리 티저 공개",연예,1,2019,06,13,13:48,15,15,0,0,0,0,0,0,0,0,0,https://news.naver.com/main/read.nhn?mode=LSD&mid=sec&sid1=106&oid=030&aid=0002820160,-1
레드벨벳,"레드벨벳 예리, 티저 이미지 공개...""#판타스틱 비주얼 #매혹 눈빛""",연예,1,2019,06,13,10:24,19,19,0,0,0,0,0,0,0,0,0,https://news.naver.com/main/read.nhn?mode=LSD&mid=sec&sid1=106&oid=076&aid=0003428588,1
레드벨벳,"레드벨벳 아이린, 여신 미모란 이런 것",연예,1,2019,06,12,11:08,110,109,0,1,0,0,0,0,0,0,0,https://news.naver.com/main/read.nhn?mode=LSD&mid=sec&sid1=106&oid=408&aid=0000073952,1
레드벨벳,레드벨벳 '마법 주문' 올여름에도 통했다,연예,2,2019,06,21,17:36,27,27,0,0,0,0,0,0,0,0,0,https://news.naver.com/main/read.nhn?mode=LSD&mid=sec&sid1=106&oid=015&aid=0004163449,1
레드벨벳,"""혼란""-""자유로움"", 레드벨벳 '짐살라빔'에 반응 엇갈리지만",연예,2,2019,06,21,17:49,84,83,0,1,0,0,0,0,0,0,0,https://news.naver.com/main/read.nhn?mode=LSD&mid=sec&sid1=106&oid=047&aid=0002231057,1
레드벨벳,"레드벨벳, 서머퀸의 행복한 주문 `짐살라빔`",연예,2,2019,06,20,18:16,42,42,0,0,0,0,0,0,0,0,0,https://news.naver.com/main/read.nhn?mode=LSD&mid=sec&sid1=106&oid=029&aid=0002534902,1
레드벨벳,"'300 엑스투' 레드벨벳X떼창러, 마지막 대미 장식한 '빨간맛'(종합)",연예,2,2019,06,21,21:11,117,115,0,2,0,0,0,0,0,0,0,https://news.naver.com/main/read.nhn?mode=LSD&mid=sec&sid1=106&oid=421&aid=0004054627,1
레드벨벳,"'정글의 법칙' 레드벨벳 예리, 비단구렁이 보자마자 '리액션 요정'",연예,2,2019,06,22,10:50,31,31,0,0,0,0,0,0,0,0,0,https://news.naver.com/main/read.nhn?mode=LSD&mid=sec&sid1=106&oid=076&aid=0003432477,-1
레드벨벳,"‘쇼! 음악중심’, 레드벨벳X빅스 레오X스트레이키즈XSF9 '컴백 무대'",연예,2,2019,06,22,14:45,2,2,0,0,0,0,0,0,0,0,0,https://news.naver.com/main/read.nhn?mode=LSD&mid=sec&sid1=106&oid=312&aid=0000394466,1
레드벨벳,"레드벨벳 ""'짐살라빔' 정말 새롭다""",연예,2,2019,06,21,10:07,70,70,0,0,0,0,0,0,0,0,0,https://news.naver.com/main/read.nhn?mode=LSD&mid=sec&sid1=106&oid=018&aid=0004407919,1
레드벨벳,[종합]'음중' 방탄소년단 1위 '21관왕 기염'…레드벨벳-레오-SF9 컴백,연예,2,2019,06,22,17:02,39,39,0,0,0,0,0,0,0,0,0,https://news.naver.com/main/read.nhn?mode=LSD&mid=sec&sid1=106&oid=112&aid=0003179207,1
레드벨벳,"레드벨벳, 오늘(21일) '뮤직뱅크' 서 컴백 무대 첫 방송",연예,2,2019,06,21,10:24,13,13,0,0,0,0,0,0,0,0,0,https://news.naver.com/main/read.nhn?mode=LSD&mid=sec&sid1=106&oid=076&aid=0003432111,1
레드벨벳,"레드벨벳, 21일 ‘뮤직뱅크’ 통해 컴백 무대 첫 방송",연예,2,2019,06,21,10:07,1,1,0,0,0,0,0,0,0,0,0,https://news.naver.com/main/read.nhn?mode=LSD&mid=sec&sid1=106&oid=215&aid=0000785118,1
레드벨벳,"레드벨벳, 오늘(21일) '뮤직뱅크'서 컴백 첫 방송…썸머퀸 온다",연예,2,2019,06,21,10:07,16,16,0,0,0,0,0,0,0,0,0,https://news.naver.com/main/read.nhn?mode=LSD&mid=sec&sid1=106&oid=468&aid=0000523476,1
레드벨벳,"레드벨벳, 아이튠즈 앨범 차트 전 세계 28개 지역 1위",연예,2,2019,06,21,9:06,10,10,0,0,0,0,0,0,0,0,0,https://news.naver.com/main/read.nhn?mode=LSD&mid=sec&sid1=106&oid=018&aid=0004407872,1
레드벨벳,레드벨벳 '짐살라빔' 전세계 28개 지역서 아이튠즈 차트 1위,연예,2,2019,06,20,11:30,25,25,0,0,0,0,0,0,0,0,0,https://news.naver.com/main/read.nhn?mode=LSD&mid=sec&sid1=106&oid=023&aid=0003455169,1
레드벨벳,레드벨벳 신곡 ‘짐살라빔’ 음원 차트 상위권,연예,2,2019,06,20,10:31,62,62,0,0,0,0,0,0,0,0,0,https://news.naver.com/main/read.nhn?mode=LSD&mid=sec&sid1=106&oid=021&aid=0002394475,1
레드벨벳,"[공식]""짐살라빔 인기 질주""…레드벨벳, 아이튠즈 28개 지역 1위",연예,2,2019,06,20,11:36,27,26,0,1,0,0,0,0,0,0,0,https://news.naver.com/main/read.nhn?mode=LSD&mid=sec&sid1=106&oid=076&aid=0003431592,-1
레드벨벳,신곡 ‘짐살라빔’으로 순항 시작한 레드벨벳,연예,2,2019,06,20,15:22,2,2,0,0,0,0,0,0,0,0,0,https://news.naver.com/main/read.nhn?mode=LSD&mid=sec&sid1=106&oid=011&aid=0003573287,-1
레드벨벳,"'300 엑스투' 레드벨벳, 떼창러들과 빨갛게 물들인 마지막 무대 [종합]",연예,2,2019,06,21,21:21,69,69,0,0,0,0,0,0,0,0,0,https://news.naver.com/main/read.nhn?mode=LSD&mid=sec&sid1=106&oid=311&aid=0001008297,1
레드벨벳,"'300엑스투' 레드벨벳, 떼창곡은 빨간맛...떼창 안무를 위해 V군단 선정",연예,2,2019,06,21,20:18,12,12,0,0,0,0,0,0,0,0,0,https://news.naver.com/main/read.nhn?mode=LSD&mid=sec&sid1=106&oid=112&aid=0003179004,-1
레드벨벳,"'300 엑스투' 아이린, 인천 '레드벨벳 동아리' 등장에 '깜짝'",연예,2,2019,06,21,20:54,23,23,0,0,0,0,0,0,0,0,0,https://news.naver.com/main/read.nhn?mode=LSD&mid=sec&sid1=106&oid=421&aid=0004054622,-1
레드벨벳,"'300 엑스투' 레드벨벳 ""지금까지의 공연 중 손에 꼽을 무대""",연예,2,2019,06,21,15:51,13,13,0,0,0,0,0,0,0,0,0,https://news.naver.com/main/read.nhn?mode=LSD&mid=sec&sid1=106&oid=076&aid=0003432237,1
레드벨벳,"'정글의 법칙'레드벨벳 예리, 비단구렁이 발견 '깜짝'",연예,2,2019,06,22,14:09,10,10,0,0,0,0,0,0,0,0,0,https://news.naver.com/main/read.nhn?mode=LSD&mid=sec&sid1=106&oid=018&aid=0004408935,1
레드벨벳,"'정법 iin 로스트 아일랜드' 레드벨벳 예리, 레전드 리액션 요정 탄생",연예,2,2019,06,22,11:38,7,7,0,0,0,0,0,0,0,0,0,https://news.naver.com/main/read.nhn?mode=LSD&mid=sec&sid1=106&oid=112&aid=0003179147,1
레드벨벳,"돌아온 레드벨벳과 전소미, 육중완밴드에 김현철까지 모두 한 자리에! ‘음악중심’",연예,2,2019,06,22,17:43,6,6,0,0,0,0,0,0,0,0,0,https://news.naver.com/main/read.nhn?mode=LSD&mid=sec&sid1=106&oid=469&aid=0000399156,1
레드벨벳,‘음악중심’ 레드벨벳·레오·SF9·스트레이 키즈 컴백 무대…윤수현도 출연,연예,2,2019,06,22,15:40,6,6,0,0,0,0,0,0,0,0,0,https://news.naver.com/main/read.nhn?mode=LSD&mid=sec&sid1=106&oid=057&aid=0001361242,1
레드벨벳,"레드벨벳 아이린 “역대급 안무, 동작 놓치기도” [화보]",연예,2,2019,06,21,9:28,21,21,0,0,0,0,0,0,0,0,0,https://news.naver.com/main/read.nhn?mode=LSD&mid=sec&sid1=106&oid=382&aid=0000740566,1
레드벨벳,"""5인 5색 매력 발산""…레드벨벳, 패션지 커버 장식 [화보]",연예,2,2019,06,21,9:16,12,12,0,0,0,0,0,0,0,0,0,https://news.naver.com/main/read.nhn?mode=LSD&mid=sec&sid1=106&oid=076&aid=0003432068,1
레드벨벳,"레드벨벳, 패션지 커버 장식…여름 화보 공개",연예,2,2019,06,21,10:23,6,6,0,0,0,0,0,0,0,0,0,https://news.naver.com/main/read.nhn?mode=LSD&mid=sec&sid1=106&oid=018&aid=0004407940,1
레드벨벳,'음악중심' 레드벨벳의 화려한 컴백..퍼포먼스 甲 '짐살라빔'[별별TV],연예,2,2019,06,22,16:53,155,154,0,1,0,0,0,0,0,0,0,https://news.naver.com/main/read.nhn?mode=LSD&mid=sec&sid1=106&oid=108&aid=0002791959,1
레드벨벳,"‘음악중심’ 방탄소년단, 음악방송 21관왕 대기록‥레오·레드벨벳 컴백(종합)",연예,2,2019,06,22,16:58,65,65,0,0,0,0,0,0,0,0,0,https://news.naver.com/main/read.nhn?mode=LSD&mid=sec&sid1=106&oid=609&aid=0000127597,1
레드벨벳,[종합]'음악중심' 방탄소년단 1위 '음방 21관왕' 대기록…레드벨벳→SF9 컴백,연예,2,2019,06,22,16:59,96,96,0,0,0,0,0,0,0,0,0,https://news.naver.com/main/read.nhn?mode=LSD&mid=sec&sid1=106&oid=076&aid=0003432521,1
레드벨벳,"‘음악중심’ 레드벨벳, ‘짐살라빔’으로 벌써 4관왕 “러비들 축하” [종합]",연예,3,2019,06,29,16:53,41,40,0,1,0,0,0,0,0,0,0,https://news.naver.com/main/read.nhn?mode=LSD&mid=sec&sid1=106&oid=469&aid=0000401193,-1
레드벨벳,"'음중' 레드벨벳, '짐살라빔' 4관왕…은지원·청하·(여자)아이들 컴백",연예,3,2019,06,29,16:44,64,64,0,0,0,0,0,0,0,0,0,https://news.naver.com/main/read.nhn?mode=LSD&mid=sec&sid1=106&oid=076&aid=0003435519,-1
레드벨벳,"'음악중심' 레드벨벳vs방탄소년단vs장혜진-윤민수, 1위 자리 놓고 대격돌",연예,3,2019,06,29,15:56,8,8,0,0,0,0,0,0,0,0,0,https://news.naver.com/main/read.nhn?mode=LSD&mid=sec&sid1=106&oid=112&aid=0003182086,-1
레드벨벳,"'뮤뱅' 레드벨벳, 1위 '3관왕'…MC 최원명·케이 '눈물의 하차' [종합]",연예,3,2019,06,28,18:31,73,60,0,13,0,0,0,0,0,0,0,https://news.naver.com/main/read.nhn?mode=LSD&mid=sec&sid1=106&oid=117&aid=0003238377,-1
레드벨벳,레드벨벳 “‘짐살라빔’ 처음엔 우리도 제목 헷갈려”,연예,3,2019,06,28,9:36,11,11,0,0,0,0,0,0,0,0,0,https://news.naver.com/main/read.nhn?mode=LSD&mid=sec&sid1=106&oid=382&aid=0000742350,-1
레드벨벳,"레드벨벳 슬기, '쇼 음악중심' 1위→팬들에 인사 ""너무 고마워요""",연예,3,2019,06,29,20:01,121,121,0,0,0,0,0,0,0,0,0,https://news.naver.com/main/read.nhn?mode=LSD&mid=sec&sid1=106&oid=241&aid=0002931226,1
레드벨벳,"'정글의 법칙' 이열음X레드벨벳 예리, 두 여전사의 수중+밀림 정복기",연예,3,2019,06,29,10:46,10,10,0,0,0,0,0,0,0,0,0,https://news.naver.com/main/read.nhn?mode=LSD&mid=sec&sid1=106&oid=312&aid=0000395806,1
레드벨벳,"'음중' 레드벨벳, BTS 누르고 1위 ""이수만 선생님, 팬들 감사합니다""(종합)",연예,3,2019,06,29,16:53,968,962,0,6,0,0,0,0,0,0,0,https://news.naver.com/main/read.nhn?mode=LSD&mid=sec&sid1=106&oid=112&aid=0003182094,1
레드벨벳,"[포토] 레드벨벳 예리, '귀여워~귀여워~'",연예,3,2019,06,28,17:29,2,2,0,0,0,0,0,0,0,0,0,https://news.naver.com/main/read.nhn?mode=LSD&mid=sec&sid1=106&oid=015&aid=0004167376,1
레드벨벳,"'음악중심' 레드벨벳 '짐살라빔' 1위... ""러비들 고마워""",연예,3,2019,06,29,16:50,68,67,0,1,0,0,0,0,0,0,0,https://news.naver.com/main/read.nhn?mode=LSD&mid=sec&sid1=106&oid=312&aid=0000395860,-1
레드벨벳,"'음악중심' 레드벨벳, '짐살라빔'으로 1위 4관왕…""러비 고마워"" [종합]",연예,3,2019,06,29,17:03,193,192,0,1,0,0,0,0,0,0,0,https://news.naver.com/main/read.nhn?mode=LSD&mid=sec&sid1=106&oid=117&aid=0003238627,-1
레드벨벳,"'음악중심' 레드벨벳, 중독성+퍼포먼스 모두 잡은 '짐살라빔'[별별TV]",연예,3,2019,06,29,16:41,45,45,0,0,0,0,0,0,0,0,0,https://news.naver.com/main/read.nhn?mode=LSD&mid=sec&sid1=106&oid=108&aid=0002793537,1
레드벨벳,"'음악중심' 레드벨벳 '짐살라빔' 1위, 은지원·청하 컴백 [종합]",연예,3,2019,06,29,16:44,30,30,0,0,0,0,0,0,0,0,0,https://news.naver.com/main/read.nhn?mode=LSD&mid=sec&sid1=106&oid=311&aid=0001011383,-1
레드벨벳,"`쇼!음악중심` 레드벨벳, `짐살라빔`으로 1위…은지원·청하·(여자)아이들 컴백[종합]",연예,3,2019,06,29,16:52,27,27,0,0,0,0,0,0,0,0,0,https://news.naver.com/main/read.nhn?mode=LSD&mid=sec&sid1=106&oid=009&aid=0004382686,-1
레드벨벳,"‘음악중심’ 레드벨벳, 방탄소년단 제치고 1위 등극‥은지원 청하 컴백(종합)",연예,3,2019,06,29,16:44,13,13,0,0,0,0,0,0,0,0,0,https://news.naver.com/main/read.nhn?mode=LSD&mid=sec&sid1=106&oid=609&aid=0000131512,-1
레드벨벳,"`음악중심` 레드벨벳, 방탄소년단 저지하고 새로운 1위",연예,3,2019,06,29,18:52,50,50,0,0,0,0,0,0,0,0,0,https://news.naver.com/main/read.nhn?mode=LSD&mid=sec&sid1=106&oid=057&aid=0001363261,1
레드벨벳,"`쇼!음악중심` 방탄소년단 vs 레드벨벳 vs 장혜진·윤민수, 1위 후보 경쟁",연예,3,2019,06,29,16:06,26,26,0,0,0,0,0,0,0,0,0,https://news.naver.com/main/read.nhn?mode=LSD&mid=sec&sid1=106&oid=009&aid=0004382678,-1
레드벨벳,"'쇼 음악중심' 방탄소년단 vs 레드벨벳 vs 장혜진·윤민수, 1위 '격돌'",연예,3,2019,06,29,15:48,16,16,0,0,0,0,0,0,0,0,0,https://news.naver.com/main/read.nhn?mode=LSD&mid=sec&sid1=106&oid=312&aid=0000395838,-1
레드벨벳,"‘음악중심’ 레드벨벳vs방탄소년단vs장혜진 윤민수, 1위 자리 놓고 격돌",연예,3,2019,06,29,15:47,12,12,0,0,0,0,0,0,0,0,0,https://news.naver.com/main/read.nhn?mode=LSD&mid=sec&sid1=106&oid=609&aid=0000131491,-1
레드벨벳,"'뮤직뱅크' 최원명x케이, MC 작별 인사…레드벨벳 상반기 결산 1위(종합)",연예,3,2019,06,28,18:38,66,51,0,15,0,0,0,0,0,0,0,https://news.naver.com/main/read.nhn?mode=LSD&mid=sec&sid1=106&oid=468&aid=0000526868,-1
레드벨벳,"'아이돌 라디오' 레드벨벳, ""'짐살라빔' 녹음 후 잘 때도 생각났다""",연예,3,2019,06,28,9:46,40,40,0,0,0,0,0,0,0,0,0,https://news.naver.com/main/read.nhn?mode=LSD&mid=sec&sid1=106&oid=408&aid=0000074675,1
레드벨벳,"'아이돌 라디오' 레드벨벳, 못다 한 '짐살라빔' 1위 소감 ""한 분 한 분 다 감사""",연예,3,2019,06,28,9:44,5,5,0,0,0,0,0,0,0,0,0,https://news.naver.com/main/read.nhn?mode=LSD&mid=sec&sid1=106&oid=076&aid=0003435085,1
레드벨벳,"'아이돌라디오' 레드벨벳 '짐살라빔' 1위 소감 ""한 분 한 분 다 감사""",연예,3,2019,06,28,9:37,4,4,0,0,0,0,0,0,0,0,0,https://news.naver.com/main/read.nhn?mode=LSD&mid=sec&sid1=106&oid=112&aid=0003181649,1
레드벨벳,‘아이돌 라디오’ 레드벨벳 아이린 “예리와 있으면 정신연령 어려진다”,연예,3,2019,06,28,9:43,11,11,0,0,0,0,0,0,0,0,0,https://news.naver.com/main/read.nhn?mode=LSD&mid=sec&sid1=106&oid=312&aid=0000395624,-1
레드벨벳,레드벨벳 슬기 “‘짐살라빔’ 음중 1위 너무 고마워요” 팬들에 인사,연예,3,2019,06,29,20:34,32,32,0,0,0,0,0,0,0,0,0,https://news.naver.com/main/read.nhn?mode=LSD&mid=sec&sid1=106&oid=382&aid=0000742568,-1
레드벨벳,"레드벨벳 슬기, '짐살라빔' 4관왕 자축 ""너무 고마워요""[★SHOT!]",연예,3,2019,06,29,20:56,32,32,0,0,0,0,0,0,0,0,0,https://news.naver.com/main/read.nhn?mode=LSD&mid=sec&sid1=106&oid=109&aid=0004040048,1
레드벨벳,"'쇼 음악중심' 레드벨벳 vs 청하 vs 장혜진·윤민수, 1위 '격돌'",연예,4,2019,07,06,16:01,6,6,0,0,0,0,0,0,0,0,0,https://news.naver.com/main/read.nhn?mode=LSD&mid=sec&sid1=106&oid=312&aid=0000397210,-1
레드벨벳,"레드벨벳 슬기, 무쌍 여신의 정석..일상 속 예쁨 만개",연예,4,2019,07,06,14:37,102,102,0,0,0,0,0,0,0,0,0,https://news.naver.com/main/read.nhn?mode=LSD&mid=sec&sid1=106&oid=112&aid=0003184961,1
레드벨벳,"레드벨벳 조이, 무아지경 테스트로 몇 분만에 새 화장품 거덜낸 사연은?",연예,4,2019,07,05,14:10,21,21,0,0,0,0,0,0,0,0,0,https://news.naver.com/main/read.nhn?mode=LSD&mid=sec&sid1=106&oid=005&aid=0001214909,-1
레드벨벳,"‘정법’ 레드벨벳 예리, 고둥 직화구이 감동 “치즈 같아”",연예,4,2019,07,06,21:42,50,50,0,0,0,0,0,0,0,0,0,https://news.naver.com/main/read.nhn?mode=LSD&mid=sec&sid1=106&oid=609&aid=0000135428,-1
레드벨벳,"'쇼음악중심' 청하, 레드벨벳 누르고 1위…여자친구X박재정X벤 컴백[종합]",연예,4,2019,07,06,17:04,6,6,0,0,0,0,0,0,0,0,0,https://news.naver.com/main/read.nhn?mode=LSD&mid=sec&sid1=106&oid=213&aid=0001116998,-1
레드벨벳,"레드벨벳 예리, 황당한 억지 논란 ""'애들한테…'라고 했을 뿐인데""",연예,4,2019,07,06,24:22,254,251,0,3,0,0,0,0,0,0,0,https://news.naver.com/main/read.nhn?mode=LSD&mid=sec&sid1=106&oid=477&aid=0000193957,-1
레드벨벳,[스브스타] '강렬한 눈빛'…레드벨벳 '예리' 핸드폰 잠금화면 속 의문의 남성,연예,4,2019,07,05,24:11,21,21,0,0,0,0,0,0,0,0,0,https://news.naver.com/main/read.nhn?mode=LSD&mid=sec&sid1=106&oid=055&aid=0000743033,1
레드벨벳,"'음중' 레드벨벳VS장혜진·윤민수VS청하, 1위 자리 두고 격돌",연예,4,2019,07,06,16:03,6,6,0,0,0,0,0,0,0,0,0,https://news.naver.com/main/read.nhn?mode=LSD&mid=sec&sid1=106&oid=112&aid=0003184993,1
레드벨벳,"'쇼음악중심' 레드벨벳 VS 윤민수-장혜진 VS 청하, 1위 후보 격돌",연예,4,2019,07,06,16:05,15,15,0,0,0,0,0,0,0,0,0,https://news.naver.com/main/read.nhn?mode=LSD&mid=sec&sid1=106&oid=213&aid=0001116995,-1
레드벨벳,'음악중심' 1위 후보 공개...레드벨벳 vs 장혜진·윤민수 vs 청하,연예,4,2019,07,06,16:03,6,6,0,0,0,0,0,0,0,0,0,https://news.naver.com/main/read.nhn?mode=LSD&mid=sec&sid1=106&oid=311&aid=0001014828,-1
레드벨벳,"`음악중심` 청하, 레드벨벳 장혜진-윤민수 제치고 1위",연예,4,2019,07,06,17:18,4,4,0,0,0,0,0,0,0,0,0,https://news.naver.com/main/read.nhn?mode=LSD&mid=sec&sid1=106&oid=057&aid=0001365241,-1
레드벨벳,"'겟잇뷰티 2019' 레드벨벳 조이, 무아지경 테스트…몇분만 새 화장품 거덜",연예,4,2019,07,05,15:06,6,6,0,0,0,0,0,0,0,0,0,https://news.naver.com/main/read.nhn?mode=LSD&mid=sec&sid1=106&oid=112&aid=0003184616,-1
레드벨벳,"'정글의 법칙' 레드벨벳 예리, 이열음이 만든 천연 베개 덕분에 '초고속 꿈나라 行'",연예,5,2019,07,13,21:24,23,23,0,0,0,0,0,0,0,0,0,https://news.naver.com/main/read.nhn?mode=LSD&mid=sec&sid1=106&oid=416&aid=0000246133,-1
레드벨벳,"레드벨벳 조이, 레드립하고 그윽한 눈빛...""치명 매력 한가득""",연예,5,2019,07,12,7:10,48,48,0,0,0,0,0,0,0,0,0,https://news.naver.com/main/read.nhn?mode=LSD&mid=sec&sid1=106&oid=112&aid=0003187268,1
레드벨벳,"'해투4' 레드벨벳 양보 NO, 50억 줘도 정우성이지만 우린 '짝꿍'[SS리뷰]",연예,5,2019,07,12,6:50,22,22,0,0,0,0,0,0,0,0,0,https://news.naver.com/main/read.nhn?mode=LSD&mid=sec&sid1=106&oid=468&aid=0000533336,-1
레드벨벳,[엔터투어먼트①] 'BTS'도 '레드벨벳'도 관광자원이다,생활,5,2019,07,12,12:01,29,22,5,0,1,1,0,0,0,0,0,https://news.naver.com/main/read.nhn?mode=LSD&mid=sec&sid1=103&oid=018&aid=0004422955,-1
레드벨벳,"‘정법’ 레드벨벳 예리, 태국 가지 맛 감탄 “과일+매콤한 맛”",연예,5,2019,07,13,21:26,15,15,0,0,0,0,0,0,0,0,0,https://news.naver.com/main/read.nhn?mode=LSD&mid=sec&sid1=106&oid=609&aid=0000139089,-1
레드벨벳,"‘수미네 반찬’ 레드벨벳 웬디·슬기, 김수미 누룽지오리백숙 맛에 반했다",연예,5,2019,07,10,20:12,5,5,0,0,0,0,0,0,0,0,0,https://news.naver.com/main/read.nhn?mode=LSD&mid=sec&sid1=106&oid=410&aid=0000603547,-1
레드벨벳,"'해투' 크러쉬X비와이, 레드벨벳 팬 ""이것만큼은 양보 못 해""",연예,5,2019,07,12,7:00,33,33,0,0,0,0,0,0,0,0,0,https://news.naver.com/main/read.nhn?mode=LSD&mid=sec&sid1=106&oid=117&aid=0003244868,-1
레드벨벳,"'수미네반찬' 레드벨벳 웬디·슬기, '짐살라빔' 열정적 안무[Oh!쎈 리뷰]",연예,5,2019,07,10,20:52,28,28,0,0,0,0,0,0,0,0,0,https://news.naver.com/main/read.nhn?mode=LSD&mid=sec&sid1=106&oid=109&aid=0004047191,-1
레드벨벳,"'수미네 반찬' 김수미, 오리백숙→비빔국수까지…레드벨벳 ""엄마 요리보다 맛있다""(종합)",연예,5,2019,07,10,21:31,4,4,0,0,0,0,0,0,0,0,0,https://news.naver.com/main/read.nhn?mode=LSD&mid=sec&sid1=106&oid=112&aid=0003186656,1
레드벨벳,"'수미네 반찬' 레드벨벳, 김수미표 오리백숙·꽈리고추찜 ""고급진 맛"" 감탄",연예,5,2019,07,10,21:16,7,7,0,0,0,0,0,0,0,0,0,https://news.naver.com/main/read.nhn?mode=LSD&mid=sec&sid1=106&oid=112&aid=0003186654,1
레드벨벳,"`수미네 반찬` 레드벨벳 웬디·슬기 ""김수미 요리, 엄마가 해준 것보다 맛있다""",연예,5,2019,07,10,13:44,53,53,0,0,0,0,0,0,0,0,0,https://news.naver.com/main/read.nhn?mode=LSD&mid=sec&sid1=106&oid=009&aid=0004389318,1
레드벨벳,"레드벨벳 조이, 팬심 홀리는 몽환적 눈빛..모든 순간 화보",연예,6,2019,07,19,9:13,87,87,0,0,0,0,0,0,0,0,0,https://news.naver.com/main/read.nhn?mode=LSD&mid=sec&sid1=106&oid=112&aid=0003190223,1
레드벨벳,"`BTS·레드벨벳 컬래버` 수민, 새 EP `우다다` 공개",연예,6,2019,07,19,15:19,14,14,0,0,0,0,0,0,0,0,0,https://news.naver.com/main/read.nhn?mode=LSD&mid=sec&sid1=106&oid=009&aid=0004395237,1
레드벨벳,"""큐티, 섹시 다 됩니다""…레드벨벳 조이, 가려도 빛나는 미모 [★SHOT]",연예,6,2019,07,20,15:32,96,96,0,0,0,0,0,0,0,0,0,https://news.naver.com/main/read.nhn?mode=LSD&mid=sec&sid1=106&oid=109&aid=0004053450,1
레드벨벳,꽃길 걷는 레드벨벳… 걸그룹 브랜드 평판 1위,연예,6,2019,07,14,18:36,123,123,0,0,0,0,0,0,0,0,0,https://news.naver.com/main/read.nhn?mode=LSD&mid=sec&sid1=106&oid=029&aid=0002539772,-1
레드벨벳,"레드벨벳 조이, 화보 같은 일상 ""치명적인 섹시미""",연예,6,2019,07,19,7:00,53,53,0,0,0,0,0,0,0,0,0,https://news.naver.com/main/read.nhn?mode=LSD&mid=sec&sid1=106&oid=117&aid=0003248311,1
레드벨벳,"레드벨벳 조이, 자체발광 요정 비주얼 ‘상큼 매력 폭발’[SNS★컷]",연예,6,2019,07,20,17:13,100,100,0,0,0,0,0,0,0,0,0,https://news.naver.com/main/read.nhn?mode=LSD&mid=sec&sid1=106&oid=609&aid=0000142648,1
레드벨벳,"음악 프로듀서 수민(SUMIN), 새 EP 'OO DA DA' 공개…'사랑의 다채로운 감각' 묘사",연예,6,2019,07,19,15:23,2,2,0,0,0,0,0,0,0,0,0,https://news.naver.com/main/read.nhn?mode=LSD&mid=sec&sid1=106&oid=030&aid=0002830243,1
레드벨벳,"레드벨벳, 7월 걸그룹 브랜드 평판 1위…2위 블랙핑크·3위 트와이스",연예,6,2019,07,14,9:05,31,31,0,0,0,0,0,0,0,0,0,https://news.naver.com/main/read.nhn?mode=LSD&mid=sec&sid1=106&oid=015&aid=0004175356,1
레드벨벳,"[DA:차트] 레드벨벳, 블랙핑크 꺾고 7월 걸그룹 브랜드평판 1위",연예,6,2019,07,14,9:52,237,236,0,1,0,0,0,0,0,0,0,https://news.naver.com/main/read.nhn?mode=LSD&mid=sec&sid1=106&oid=382&aid=0000746285,-1
레드벨벳,"레드벨벳, 7월 걸그룹 브랜드평판 1위…2위 블랙핑크·3위 트와이스",연예,6,2019,07,14,8:57,21,21,0,0,0,0,0,0,0,0,0,https://news.naver.com/main/read.nhn?mode=LSD&mid=sec&sid1=106&oid=112&aid=0003188071,1
레드벨벳,"레드벨벳 조이, 물오른 성숙美..호피무늬가 이렇게 찰떡이라니",연예,7,2019,07,27,17:05,94,94,0,0,0,0,0,0,0,0,0,https://news.naver.com/main/read.nhn?mode=LSD&mid=sec&sid1=106&oid=112&aid=0003193266,-1
레드벨벳,아리아나 그란데가 SNS 팔로우→레드벨벳 예리 성덕됐다 [똑똑SNS],연예,7,2019,07,26,16:23,56,56,0,0,0,0,0,0,0,0,0,https://news.naver.com/main/read.nhn?mode=LSD&mid=sec&sid1=106&oid=410&aid=0000608680,-1
레드벨벳,"""송가인→레드벨벳까지""…'음악중심' 울산에서 맞은 뜨거운 여름밤 [종합]",연예,7,2019,07,27,16:48,54,54,0,0,0,0,0,0,0,0,0,https://news.naver.com/main/read.nhn?mode=LSD&mid=sec&sid1=106&oid=311&aid=0001024492,1
레드벨벳,"'음중' 송가인→레드벨벳·에이핑크, 울산 폭염 날린 '썸머 페스티벌' [종합]",연예,7,2019,07,27,16:47,267,267,0,0,0,0,0,0,0,0,0,https://news.naver.com/main/read.nhn?mode=LSD&mid=sec&sid1=106&oid=109&aid=0004057298,1
레드벨벳,‘음악중심’ 레드벨벳→마마무 K팝★ 총출동‥한 자리에 모인 워너원(종합),연예,7,2019,07,27,16:50,37,37,0,0,0,0,0,0,0,0,0,https://news.naver.com/main/read.nhn?mode=LSD&mid=sec&sid1=106&oid=609&aid=0000146025,1
레드벨벳,"'음중' 레드벨벳·청하→김재환·CIX, 울산 뜨겁게 달군 K팝★ 총출동[종합]",연예,7,2019,07,27,16:44,45,45,0,0,0,0,0,0,0,0,0,https://news.naver.com/main/read.nhn?mode=LSD&mid=sec&sid1=106&oid=112&aid=0003193263,1
레드벨벳,"레드벨벳 예리, 금발로 완성한 요정 비주얼 끝판왕",연예,7,2019,07,27,15:09,65,65,0,0,0,0,0,0,0,0,0,https://news.naver.com/main/read.nhn?mode=LSD&mid=sec&sid1=106&oid=112&aid=0003193242,-1
레드벨벳,"아리아나 그란데, 레드벨벳 예리 팔로우…'한국 연예인 최초'",연예,7,2019,07,26,9:15,370,370,0,0,0,0,0,0,0,0,0,https://news.naver.com/main/read.nhn?mode=LSD&mid=sec&sid1=106&oid=117&aid=0003251389,1
레드벨벳,"[스브스타] ""죽기 전에 한 번…"" 레드벨벳 예리 소원(?) 들어준 아리아나 그란데",연예,7,2019,07,26,17:00,69,69,0,0,0,0,0,0,0,0,0,https://news.naver.com/main/read.nhn?mode=LSD&mid=sec&sid1=106&oid=055&aid=0000747832,-1
레드벨벳,"아리아나 그란데, 레드벨벳 예리 팔로우 ‘성덕’[SNS★컷]",연예,7,2019,07,26,14:51,91,91,0,0,0,0,0,0,0,0,0,https://news.naver.com/main/read.nhn?mode=LSD&mid=sec&sid1=106&oid=609&aid=0000145646,-1
레드벨벳,"[포인트1분] 혜리, 도전곡 레드벨벳 '짐살라빔'에 흥 폭발",연예,8,2019,08,03,20:08,61,60,0,1,0,0,0,0,0,0,0,https://news.naver.com/main/read.nhn?mode=LSD&mid=sec&sid1=106&oid=112&aid=0003196008,-1
레드벨벳,"`5주년` 맞은 레드벨벳… 美 빌보드, 특집 기사로 조명",연예,8,2019,08,01,15:34,119,119,0,0,0,0,0,0,0,0,0,https://news.naver.com/main/read.nhn?mode=LSD&mid=sec&sid1=106&oid=029&aid=0002543870,1
레드벨벳,[포토]레드벨벳-조이 새침한 미모,연예,8,2019,08,02,17:09,49,49,0,0,0,0,0,0,0,0,0,https://news.naver.com/main/read.nhn?mode=LSD&mid=sec&sid1=106&oid=241&aid=0002944306,-1
레드벨벳,"[포토] 레드벨벳 조이, 심쿵 하트!",연예,8,2019,08,02,16:30,31,31,0,0,0,0,0,0,0,0,0,https://news.naver.com/main/read.nhn?mode=LSD&mid=sec&sid1=106&oid=076&aid=0003449657,1
레드벨벳,"레드벨벳 예리, 시크美 뚝뚝",연예,8,2019,08,02,17:04,12,12,0,0,0,0,0,0,0,0,0,https://news.naver.com/main/read.nhn?mode=LSD&mid=sec&sid1=106&oid=421&aid=0004127648,-1
레드벨벳,"[E포토]레드벨벳 아이린, '순간 얼음'",연예,8,2019,08,02,16:39,24,24,0,0,0,0,0,0,0,0,0,https://news.naver.com/main/read.nhn?mode=LSD&mid=sec&sid1=106&oid=416&aid=0000247005,-1
레드벨벳,[TD영상] 레드벨벳 조이 ‘섹시 다이너마이트 매력 뿜뿜’ 뚜영이,연예,8,2019,08,02,20:38,71,71,0,0,0,0,0,0,0,0,0,https://news.naver.com/main/read.nhn?mode=LSD&mid=sec&sid1=106&oid=440&aid=0000020019,-1
레드벨벳,레드벨벳 조이 '과즙 미소'[엑's HD포토],연예,8,2019,08,02,16:29,30,30,0,0,0,0,0,0,0,0,0,https://news.naver.com/main/read.nhn?mode=LSD&mid=sec&sid1=106&oid=311&aid=0001027598,1
레드벨벳,"‘놀라운 토요일’ 최재웅, 레드벨벳 ‘짐살라빔’→뮤지컬 버전 재해석",연예,8,2019,08,03,20:15,4,4,0,0,0,0,0,0,0,0,0,https://news.naver.com/main/read.nhn?mode=LSD&mid=sec&sid1=106&oid=057&aid=0001372665,1
레드벨벳,"美 빌보드, 레드벨벳 데뷔 5주년 특집 기사 조명",연예,8,2019,08,01,14:25,23,23,0,0,0,0,0,0,0,0,0,https://news.naver.com/main/read.nhn?mode=LSD&mid=sec&sid1=106&oid=468&aid=0000542773,1
레드벨벳,"美 빌보드, 레드벨벳 데뷔 5주년 조명…“새롭고 다양한 시도”",연예,8,2019,08,01,16:41,33,33,0,0,0,0,0,0,0,0,0,https://news.naver.com/main/read.nhn?mode=LSD&mid=sec&sid1=106&oid=021&aid=0002398792,1
레드벨벳,"美 빌보드, 레드벨벳 데뷔 5주년 특집 기사 조명",연예,8,2019,08,01,14:00,22,22,0,0,0,0,0,0,0,0,0,https://news.naver.com/main/read.nhn?mode=LSD&mid=sec&sid1=106&oid=215&aid=0000800311,1
레드벨벳,"[포토] 레드벨벳 조이, 상큼한 미모",연예,8,2019,08,02,16:32,46,46,0,0,0,0,0,0,0,0,0,https://news.naver.com/main/read.nhn?mode=LSD&mid=sec&sid1=106&oid=076&aid=0003449659,1
레드벨벳,"[E포토]레드벨벳 조이, '빛나는 미모'",연예,8,2019,08,02,16:40,21,21,0,0,0,0,0,0,0,0,0,https://news.naver.com/main/read.nhn?mode=LSD&mid=sec&sid1=106&oid=416&aid=0000247007,1
레드벨벳,[포토]레드벨벳-조이 빛이나는 미소,연예,8,2019,08,02,17:12,44,44,0,0,0,0,0,0,0,0,0,https://news.naver.com/main/read.nhn?mode=LSD&mid=sec&sid1=106&oid=241&aid=0002944309,1
레드벨벳,[포토]레드벨벳-조이 심쿵하는 눈웃음,연예,8,2019,08,02,17:12,25,25,0,0,0,0,0,0,0,0,0,https://news.naver.com/main/read.nhn?mode=LSD&mid=sec&sid1=106&oid=241&aid=0002944310,-1
레드벨벳,"레드벨벳 조이, 심쿵 하트",연예,8,2019,08,02,16:41,34,34,0,0,0,0,0,0,0,0,0,https://news.naver.com/main/read.nhn?mode=LSD&mid=sec&sid1=106&oid=421&aid=0004127541,1
레드벨벳,[MD포토] 레드벨벳 조이 '러블리 하트',연예,8,2019,08,02,16:31,9,9,0,0,0,0,0,0,0,0,0,https://news.naver.com/main/read.nhn?mode=LSD&mid=sec&sid1=106&oid=117&aid=0003254722,1
레드벨벳,[포토] 특명! 레드벨벳 조이를 찍어라!,연예,8,2019,08,02,16:46,5,5,0,0,0,0,0,0,0,0,0,https://news.naver.com/main/read.nhn?mode=LSD&mid=sec&sid1=106&oid=076&aid=0003449677,-1
레드벨벳,"[E포토]레드벨벳 조이, '러블리 손하트'",연예,8,2019,08,02,16:41,30,30,0,0,0,0,0,0,0,0,0,https://news.naver.com/main/read.nhn?mode=LSD&mid=sec&sid1=106&oid=416&aid=0000247008,-1
레드벨벳,[TEN PHOTO] 레드벨벳 예리 '미모에 홀릭',연예,8,2019,08,02,16:44,24,24,0,0,0,0,0,0,0,0,0,https://news.naver.com/main/read.nhn?mode=LSD&mid=sec&sid1=106&oid=312&aid=0000402041,-1
레드벨벳,[포토]레드벨벳-예리 육감적인 미모,연예,8,2019,08,02,17:19,26,26,0,0,0,0,0,0,0,0,0,https://news.naver.com/main/read.nhn?mode=LSD&mid=sec&sid1=106&oid=241&aid=0002944315,-1
레드벨벳,[포토]레드벨벳-예리 시선을 강탈는 미모,연예,8,2019,08,02,17:19,12,12,0,0,0,0,0,0,0,0,0,https://news.naver.com/main/read.nhn?mode=LSD&mid=sec&sid1=106&oid=241&aid=0002944314,-1
레드벨벳,"[E포토]레드벨벳 아이린, '안구정화 미모'",연예,8,2019,08,02,16:38,20,20,0,0,0,0,0,0,0,0,0,https://news.naver.com/main/read.nhn?mode=LSD&mid=sec&sid1=106&oid=416&aid=0000247004,1
레드벨벳,레드벨벳 조이 '상큼 미소'[엑's HD포토],연예,8,2019,08,02,16:31,24,24,0,0,0,0,0,0,0,0,0,https://news.naver.com/main/read.nhn?mode=LSD&mid=sec&sid1=106&oid=311&aid=0001027600,1
레드벨벳,레드벨벳 조이 '앵두같은 입술'[엑's HD포토],연예,8,2019,08,02,17:27,20,20,0,0,0,0,0,0,0,0,0,https://news.naver.com/main/read.nhn?mode=LSD&mid=sec&sid1=106&oid=311&aid=0001027658,-1
레드벨벳,레드벨벳 조이 '사랑의 하트'[엑's HD포토],연예,8,2019,08,02,17:19,27,27,0,0,0,0,0,0,0,0,0,https://news.naver.com/main/read.nhn?mode=LSD&mid=sec&sid1=106&oid=311&aid=0001027652,-1
레드벨벳,레드벨벳 조이 '과즙미 폭발'[엑's HD포토],연예,8,2019,08,02,16:58,38,38,0,0,0,0,0,0,0,0,0,https://news.naver.com/main/read.nhn?mode=LSD&mid=sec&sid1=106&oid=311&aid=0001027634,-1
레드벨벳,"레드벨벳, '호텔 델루나' OST 10일 공개",연예,9,2019,08,10,10:43,91,91,0,0,0,0,0,0,0,0,0,https://news.naver.com/main/read.nhn?mode=LSD&mid=sec&sid1=106&oid=241&aid=0002946609,-1
레드벨벳,조용필·레드벨벳도 무비자 訪美 제동… 남북 인적 교류 차질 우려,정치,9,2019,08,06,19:06,350,282,2,8,55,3,0,0,0,0,0,https://news.naver.com/main/read.nhn?mode=LSD&mid=sec&sid1=100&oid=081&aid=0003019675,-1
레드벨벳,"[공식입장]SM ""레드벨벳, 8월 컴백 예정""…2개월만 '초고속 컴백'",연예,9,2019,08,07,15:25,81,79,0,2,0,0,0,0,0,0,0,https://news.naver.com/main/read.nhn?mode=LSD&mid=sec&sid1=106&oid=076&aid=0003451401,1
레드벨벳,"이재용·최태원, 레드벨벳도 무비자로 美 못간다…韓정부에 경고?",세계,9,2019,08,06,21:44,494,429,5,4,49,7,0,0,0,0,0,https://news.naver.com/main/read.nhn?mode=LSD&mid=sec&sid1=104&oid=020&aid=0003233459,1
레드벨벳,북한 다녀오면 美 무비자 입국 제한…지코·레드벨벳도 안 된다,정치,9,2019,08,06,16:59,"4,051","3,853",54,9,103,32,0,0,0,0,0,https://news.naver.com/main/read.nhn?mode=LSD&mid=sec&sid1=100&oid=056&aid=0010729719,-1
레드벨벳,"美, 방북 이력 여행객 ESTA 무비자 제한…이재용·레드벨벳도 적용(종합)",정치,9,2019,08,06,13:20,120,102,3,2,13,0,0,0,0,0,0,https://news.naver.com/main/read.nhn?mode=LSD&mid=sec&sid1=100&oid=079&aid=0003256675,-1
레드벨벳,"[MD포토] 레드벨벳 예리, '핑크핑크 하게'",연예,9,2019,08,06,15:45,15,15,0,0,0,0,0,0,0,0,0,https://news.naver.com/main/read.nhn?mode=LSD&mid=sec&sid1=106&oid=117&aid=0003256138,-1
레드벨벳,"이재용, 레드벨벳도…미국 무비자 제한 대상 3만7천명",정치,9,2019,08,06,13:56,"1,284","1,092",17,17,140,18,0,0,0,0,0,https://news.naver.com/main/read.nhn?mode=LSD&mid=sec&sid1=100&oid=214&aid=0000969970,-1
레드벨벳,"[연예뉴스 HOT②] 레드벨벳, 두 달 만에 초고속 컴백 예고",연예,9,2019,08,08,6:57,23,23,0,0,0,0,0,0,0,0,0,https://news.naver.com/main/read.nhn?mode=LSD&mid=sec&sid1=106&oid=382&aid=0000752698,1
레드벨벳,"레드벨벳, 오늘(10일) '호텔 델루나' OST '어떤 별보다' 공개",연예,9,2019,08,10,10:08,44,44,0,0,0,0,0,0,0,0,0,https://news.naver.com/main/read.nhn?mode=LSD&mid=sec&sid1=106&oid=468&aid=0000546834,-1
레드벨벳,"레드벨벳, 오늘(10일) '호텔 델루나' OST '어떤 별보다' 공개!",연예,9,2019,08,10,17:16,67,67,0,0,0,0,0,0,0,0,0,https://news.naver.com/main/read.nhn?mode=LSD&mid=sec&sid1=106&oid=015&aid=0004190679,1
레드벨벳,"[공식]레드벨벳, '호텔 델루나' OST '어떤 별보다' 오늘(10일) 공개",연예,9,2019,08,10,10:21,28,28,0,0,0,0,0,0,0,0,0,https://news.naver.com/main/read.nhn?mode=LSD&mid=sec&sid1=106&oid=076&aid=0003452838,-1
레드벨벳,"레드벨벳, ‘호텔 델루나’ OST 참여…Part.8 ‘어떤 별보다’ 공개",연예,9,2019,08,10,11:26,49,49,0,0,0,0,0,0,0,0,0,https://news.naver.com/main/read.nhn?mode=LSD&mid=sec&sid1=106&oid=382&aid=0000753327,-1
레드벨벳,北 갔던 조용필·레드벨벳…무비자로 美방문 못한다,정치,9,2019,08,06,18:02,627,377,8,7,229,6,0,0,0,0,0,https://news.naver.com/main/read.nhn?mode=LSD&mid=sec&sid1=100&oid=009&aid=0004405514,-1
레드벨벳,"조용필·백지영·레드벨벳…미국 공연 어쩌지? 2011년 이후 방북, '무비자입국' 불가",생활,9,2019,08,06,13:47,275,254,3,3,14,1,0,0,0,0,0,https://news.naver.com/main/read.nhn?mode=LSD&mid=sec&sid1=103&oid=015&aid=0004187721,1
레드벨벳,"SM 측 “레드벨벳, 8월 중 새 앨범으로 컴백” (공식입장)",연예,9,2019,08,07,15:33,87,86,0,1,0,0,0,0,0,0,0,https://news.naver.com/main/read.nhn?mode=LSD&mid=sec&sid1=106&oid=410&aid=0000611974,-1
레드벨벳,"SM 측 ""레드벨벳, 8월 중 새 앨범 컴백…구체적 날짜 미정""(공식)",연예,9,2019,08,07,14:40,39,39,0,0,0,0,0,0,0,0,0,https://news.naver.com/main/read.nhn?mode=LSD&mid=sec&sid1=106&oid=052&aid=0001328385,-1
레드벨벳,"레드벨벳, 2개월만에 초고속 컴백 ""8월 중 앨범 발표"" [공식입장]",연예,9,2019,08,07,14:45,57,56,0,1,0,0,0,0,0,0,0,https://news.naver.com/main/read.nhn?mode=LSD&mid=sec&sid1=106&oid=117&aid=0003256614,1
레드벨벳,"SM 측 ""레드벨벳, 8월 중 컴백…많은 기대 부탁'[공식입장]",연예,9,2019,08,07,16:34,122,120,0,2,0,0,0,0,0,0,0,https://news.naver.com/main/read.nhn?mode=LSD&mid=sec&sid1=106&oid=112&aid=0003197336,1
레드벨벳,"이재용, 레드벨벳 ‘무비자’로 미국 못 간다…ESTA 제한",세계,9,2019,08,06,13:05,206,72,4,1,126,3,0,0,0,0,0,https://news.naver.com/main/read.nhn?mode=LSD&mid=sec&sid1=104&oid=449&aid=0000175342,-1
레드벨벳,"[포토] 레드벨벳 예리, 러블리한 소녀",연예,9,2019,08,06,15:46,18,18,0,0,0,0,0,0,0,0,0,https://news.naver.com/main/read.nhn?mode=LSD&mid=sec&sid1=106&oid=076&aid=0003450882,-1
레드벨벳,"[MD포토] 레드벨벳 예리, '쏟아질듯 한 눈망울'",연예,9,2019,08,06,15:49,12,12,0,0,0,0,0,0,0,0,0,https://news.naver.com/main/read.nhn?mode=LSD&mid=sec&sid1=106&oid=117&aid=0003256142,-1
레드벨벳,"레드벨벳 아이린, 신보 티저서 극강 '비주얼매력' 과시",연예,10,2019,08,17,15:46,20,20,0,0,0,0,0,0,0,0,0,https://news.naver.com/main/read.nhn?mode=LSD&mid=sec&sid1=106&oid=030&aid=0002835887,1
레드벨벳,"[TD직캠] 레드벨벳 아이린, 이세상 비주얼이 아니야 ‘짐살라빔’",연예,10,2019,08,17,1:18,69,69,0,0,0,0,0,0,0,0,0,https://news.naver.com/main/read.nhn?mode=LSD&mid=sec&sid1=106&oid=440&aid=0000020114,-1
레드벨벳,"레드벨벳, 생기발랄 웬디 티저 이미지 공개",연예,10,2019,08,16,10:28,25,25,0,0,0,0,0,0,0,0,0,https://news.naver.com/main/read.nhn?mode=LSD&mid=sec&sid1=106&oid=241&aid=0002948510,1
레드벨벳,"""레드벨벳 몬스타엑스 NCT DREAM""…한류 ★들, 2일차 개막공연 장식(공식)",연예,10,2019,08,17,24:24,27,27,0,0,0,0,0,0,0,0,0,https://news.naver.com/main/read.nhn?mode=LSD&mid=sec&sid1=106&oid=112&aid=0003201222,1
레드벨벳,[화보] '러블리 비주얼' 뽐낸 레드벨벳 예리,연예,10,2019,08,15,10:48,80,80,0,0,0,0,0,0,0,0,0,https://news.naver.com/main/read.nhn?mode=LSD&mid=sec&sid1=106&oid=079&aid=0003259796,-1
레드벨벳,"""안 취했음""…레드벨벳 조이, 흥 넘치는 일상 [★해시태그]",연예,10,2019,08,17,14:42,39,39,0,0,0,0,0,0,0,0,0,https://news.naver.com/main/read.nhn?mode=LSD&mid=sec&sid1=106&oid=311&aid=0001033878,1
레드벨벳,"레드벨벳, 반박불가 '썸머퀸'의 벌써 5년 [★타임워프]",연예,10,2019,08,17,11:40,118,118,0,0,0,0,0,0,0,0,0,https://news.naver.com/main/read.nhn?mode=LSD&mid=sec&sid1=106&oid=311&aid=0001033812,1
레드벨벳,"레드벨벳·오하영, 막바지 여름사냥 나선다",연예,10,2019,08,16,17:50,35,35,0,0,0,0,0,0,0,0,0,https://news.naver.com/main/read.nhn?mode=LSD&mid=sec&sid1=106&oid=015&aid=0004193792,1
레드벨벳,"[포토]레드벨벳 예리, '음파음파' 티저",연예,10,2019,08,17,12:29,28,28,0,0,0,0,0,0,0,0,0,https://news.naver.com/main/read.nhn?mode=LSD&mid=sec&sid1=106&oid=018&aid=0004447028,-1
레드벨벳,"'컴백 D-3' 레드벨벳 아이린 티저 공개, 압도적 비주얼+고혹적 눈빛",연예,10,2019,08,17,11:51,47,47,0,0,0,0,0,0,0,0,0,https://news.naver.com/main/read.nhn?mode=LSD&mid=sec&sid1=106&oid=052&aid=0001331967,1
레드벨벳,"레드벨벳 아이린, 티저 이미지 공개..압도적 비주얼",연예,10,2019,08,17,22:37,67,66,0,1,0,0,0,0,0,0,0,https://news.naver.com/main/read.nhn?mode=LSD&mid=sec&sid1=106&oid=410&aid=0000615306,1
레드벨벳,"'서머퀸' 레드벨벳 컴백 D-3, 아이린 티저 이미지 공개",연예,10,2019,08,17,10:59,83,83,0,0,0,0,0,0,0,0,0,https://news.naver.com/main/read.nhn?mode=LSD&mid=sec&sid1=106&oid=468&aid=0000549540,1
레드벨벳,"[TD직캠] 레드벨벳 조이, 우리 뚜영이 보면 러비들은 ’POWER UP’",연예,10,2019,08,17,2:08,85,85,0,0,0,0,0,0,0,0,0,https://news.naver.com/main/read.nhn?mode=LSD&mid=sec&sid1=106&oid=440&aid=0000020117,-1
레드벨벳,"컴백 레드벨벳, 생기발랄 웬디 티저 이미지 '시선 집중'",연예,10,2019,08,16,10:09,71,71,0,0,0,0,0,0,0,0,0,https://news.naver.com/main/read.nhn?mode=LSD&mid=sec&sid1=106&oid=468&aid=0000549182,1
레드벨벳,"레드벨벳 웬디, 생기발랄 여름 소녀",연예,10,2019,08,16,10:10,54,54,0,0,0,0,0,0,0,0,0,https://news.naver.com/main/read.nhn?mode=LSD&mid=sec&sid1=106&oid=312&aid=0000404562,1
레드벨벳,"레드벨벳, 생기발랄 개인 티저 이미지 공개",연예,10,2019,08,16,10:30,25,25,0,0,0,0,0,0,0,0,0,https://news.naver.com/main/read.nhn?mode=LSD&mid=sec&sid1=106&oid=018&aid=0004446191,1
레드벨벳,"[포토]레드벨벳 예리, 시크",연예,10,2019,08,16,10:30,24,24,0,0,0,0,0,0,0,0,0,https://news.naver.com/main/read.nhn?mode=LSD&mid=sec&sid1=106&oid=018&aid=0004446190,-1
레드벨벳,"'2019 케이월드 페스타', 레드벨벳∙몬스타엑스∙NCT DREAM 등",생활,10,2019,08,17,20:58,2,1,1,0,0,0,0,0,0,0,0,https://news.naver.com/main/read.nhn?mode=LSD&mid=sec&sid1=103&oid=015&aid=0004194001,1
레드벨벳,'2019 케이월드 페스타' 레드벨벳·몬스타엑스...한류 ★들 축제의 서막 열었다,연예,10,2019,08,17,24:39,17,17,0,0,0,0,0,0,0,0,0,https://news.naver.com/main/read.nhn?mode=LSD&mid=sec&sid1=106&oid=312&aid=0000404779,-1
레드벨벳,"레드벨벳 예리, 업그레이드 된 “러블리 아우라”",연예,10,2019,08,15,14:49,109,109,0,0,0,0,0,0,0,0,0,https://news.naver.com/main/read.nhn?mode=LSD&mid=sec&sid1=106&oid=029&aid=0002546577,-1
레드벨벳,"""독보적 러블리""…레드벨벳 예리, '음파음파' 시원한 여름 예고",연예,10,2019,08,15,11:52,45,44,0,1,0,0,0,0,0,0,0,https://news.naver.com/main/read.nhn?mode=LSD&mid=sec&sid1=106&oid=076&aid=0003455031,1
레드벨벳,"레드벨벳, 예리 러블리 티저로 컴백 예고",연예,10,2019,08,15,10:18,41,41,0,0,0,0,0,0,0,0,0,https://news.naver.com/main/read.nhn?mode=LSD&mid=sec&sid1=106&oid=052&aid=0001331274,1
레드벨벳,"레드벨벳 예리, 독특한 포즈의 컴백 티저",연예,10,2019,08,15,10:10,36,36,0,0,0,0,0,0,0,0,0,https://news.naver.com/main/read.nhn?mode=LSD&mid=sec&sid1=106&oid=241&aid=0002948194,1
레드벨벳,"흥 오른 레드벨벳 조이, 취한 거 아님",연예,10,2019,08,17,12:59,67,65,0,2,0,0,0,0,0,0,0,https://news.naver.com/main/read.nhn?mode=LSD&mid=sec&sid1=106&oid=213&aid=0001125122,1
레드벨벳,"[TD직캠] 레드벨벳 아이린, 이렇게 예쁘면 반칙! ‘음파음파(Umpah Umpah)’",연예,11,2019,08,24,15:54,104,103,0,1,0,0,0,0,0,0,0,https://news.naver.com/main/read.nhn?mode=LSD&mid=sec&sid1=106&oid=440&aid=0000020238,-1
레드벨벳,"[포토] 레드벨벳 웬디, 심쿵!",연예,11,2019,08,23,17:29,25,25,0,0,0,0,0,0,0,0,0,https://news.naver.com/main/read.nhn?mode=LSD&mid=sec&sid1=106&oid=076&aid=0003459147,1
레드벨벳,[MD포토] 레드벨벳 아이린 '강렬한 눈빛',연예,11,2019,08,23,17:59,17,17,0,0,0,0,0,0,0,0,0,https://news.naver.com/main/read.nhn?mode=LSD&mid=sec&sid1=106&oid=117&aid=0003264383,1
레드벨벳,[TD영상] 레드벨벳 '볼수록 더 빠져드는 미모'(소리바다 어워즈),연예,11,2019,08,24,12:00,14,14,0,0,0,0,0,0,0,0,0,https://news.naver.com/main/read.nhn?mode=LSD&mid=sec&sid1=106&oid=440&aid=0000020228,1
레드벨벳,"레드벨벳, 의상 무단도용 의혹 속에 '음파음파' 첫방",연예,11,2019,08,23,10:14,12,11,0,1,0,0,0,0,0,0,0,https://news.naver.com/main/read.nhn?mode=LSD&mid=sec&sid1=106&oid=241&aid=0002950971,-1
레드벨벳,"[포토] 레드벨벳, `소바` 어떤 수상할까요",연예,11,2019,08,23,17:07,31,31,0,0,0,0,0,0,0,0,0,https://news.naver.com/main/read.nhn?mode=LSD&mid=sec&sid1=106&oid=009&aid=0004415099,-1
레드벨벳,"팬들과 즐기러 왔다는 ‘레드벨벳’, ‘2019 SOBA’ 시상식",연예,11,2019,08,23,18:21,4,4,0,0,0,0,0,0,0,0,0,https://news.naver.com/main/read.nhn?mode=LSD&mid=sec&sid1=106&oid=005&aid=0001232197,-1
레드벨벳,[TEN PHOTO]레드벨벳 웬디 '신비로운 눈빛',연예,11,2019,08,23,18:01,10,10,0,0,0,0,0,0,0,0,0,https://news.naver.com/main/read.nhn?mode=LSD&mid=sec&sid1=106&oid=312&aid=0000405917,1
레드벨벳,[TEN PHOTO]레드벨벳 아이린 '특기는 얼굴',연예,11,2019,08,23,18:10,8,8,0,0,0,0,0,0,0,0,0,https://news.naver.com/main/read.nhn?mode=LSD&mid=sec&sid1=106&oid=312&aid=0000405920,-1
레드벨벳,[TEN PHOTO]레드벨벳 아이린 '단아한 발걸음',연예,11,2019,08,23,17:38,6,6,0,0,0,0,0,0,0,0,0,https://news.naver.com/main/read.nhn?mode=LSD&mid=sec&sid1=106&oid=312&aid=0000405911,-1
레드벨벳,"레드벨벳, 신곡 ‘음파음파’ 무대 오늘 첫 방송",연예,11,2019,08,23,15:50,38,38,0,0,0,0,0,0,0,0,0,https://news.naver.com/main/read.nhn?mode=LSD&mid=sec&sid1=106&oid=011&aid=0003607789,-1
레드벨벳,"'서머퀸' 레드벨벳, 신곡 '음파음파' 무대 오늘(23일) 첫 방송",연예,11,2019,08,23,10:38,17,17,0,0,0,0,0,0,0,0,0,https://news.naver.com/main/read.nhn?mode=LSD&mid=sec&sid1=106&oid=076&aid=0003458945,1
레드벨벳,"‘서머퀸’ 레드벨벳, 신곡 ‘음파음파’ 무대 23일 첫 방송",연예,11,2019,08,23,10:06,23,23,0,0,0,0,0,0,0,0,0,https://news.naver.com/main/read.nhn?mode=LSD&mid=sec&sid1=106&oid=215&aid=0000804693,-1
레드벨벳,"'서머 퀸' 레드벨벳, '음파음파' 무대 오늘(23일) 첫 공개",연예,11,2019,08,23,10:27,32,32,0,0,0,0,0,0,0,0,0,https://news.naver.com/main/read.nhn?mode=LSD&mid=sec&sid1=106&oid=421&aid=0004159226,1
레드벨벳,"SM, 레드벨벳 의상 문제제기 업체와 오해 풀어",연예,12,2019,08,30,18:17,48,48,0,0,0,0,0,0,0,0,0,https://news.naver.com/main/read.nhn?mode=LSD&mid=sec&sid1=106&oid=079&aid=0003265044,1
레드벨벳,[종합]'음악중심' 레드벨벳 '음파음파' 1위…선미 컴백·유세윤 핫솔로,연예,12,2019,08,31,16:43,26,26,0,0,0,0,0,0,0,0,0,https://news.naver.com/main/read.nhn?mode=LSD&mid=sec&sid1=106&oid=076&aid=0003462624,1
레드벨벳,"`음악중심` 레드벨벳, `음파음파`로 1위 ""러버들 너무 고마워""",연예,12,2019,08,31,17:45,5,5,0,0,0,0,0,0,0,0,0,https://news.naver.com/main/read.nhn?mode=LSD&mid=sec&sid1=106&oid=410&aid=0000619485,1
레드벨벳,"방탄소년단, 8월 아이돌 100대 브랜드평판 1위..트와이스 2위⋅레드벨벳 3위",연예,12,2019,08,31,8:44,69,68,0,1,0,0,0,0,0,0,0,https://news.naver.com/main/read.nhn?mode=LSD&mid=sec&sid1=106&oid=109&aid=0004077860,1
레드벨벳,"'음악중심' 레드벨벳vs마크툽vs윤민수·장혜진, 8월 마지막주 1위 자리 두고 경쟁",연예,12,2019,08,31,15:40,12,12,0,0,0,0,0,0,0,0,0,https://news.naver.com/main/read.nhn?mode=LSD&mid=sec&sid1=106&oid=112&aid=0003206973,1
레드벨벳,"'뮤직뱅크' 레드벨벳, ITZY 제치고 1위…선미·셀럽파이브 컴백 [종합]",연예,12,2019,08,30,18:26,16,16,0,0,0,0,0,0,0,0,0,https://news.naver.com/main/read.nhn?mode=LSD&mid=sec&sid1=106&oid=311&aid=0001040141,-1
레드벨벳,"[사진]레드벨벳,'강렬한 등장'",연예,12,2019,08,31,22:06,4,4,0,0,0,0,0,0,0,0,0,https://news.naver.com/main/read.nhn?mode=LSD&mid=sec&sid1=106&oid=109&aid=0004078304,1
레드벨벳,"[사진]레드벨벳,'신나는 무대'",연예,12,2019,08,31,21:37,9,9,0,0,0,0,0,0,0,0,0,https://news.naver.com/main/read.nhn?mode=LSD&mid=sec&sid1=106&oid=109&aid=0004078268,1
레드벨벳,"[사진]레드벨벳,'섹시한 빨간맛'",연예,12,2019,08,31,21:38,3,3,0,0,0,0,0,0,0,0,0,https://news.naver.com/main/read.nhn?mode=LSD&mid=sec&sid1=106&oid=109&aid=0004078269,1
레드벨벳,"레드벨벳, 의상 논란 해결…SM·디자이너 ""서로 이해""",연예,12,2019,08,30,17:24,34,34,0,0,0,0,0,0,0,0,0,https://news.naver.com/main/read.nhn?mode=LSD&mid=sec&sid1=106&oid=421&aid=0004172282,1
레드벨벳,"[공식]레드벨벳, 의상 논란 해결…SM·디자이너 ""서로 이해, 추후 협업 기대""",연예,12,2019,08,30,20:20,7,7,0,0,0,0,0,0,0,0,0,https://news.naver.com/main/read.nhn?mode=LSD&mid=sec&sid1=106&oid=076&aid=0003462440,-1
레드벨벳,레드벨벳 의상 관련 논란 종결…SM·해외 브랜드 측 “좋은 관계” [공식],연예,12,2019,08,30,17:33,1,1,0,0,0,0,0,0,0,0,0,https://news.naver.com/main/read.nhn?mode=LSD&mid=sec&sid1=106&oid=469&aid=0000418111,1
레드벨벳,"""레드벨벳 의상 도용 논란, 대화로 오해 풀었다""…美 디자이너 입장 발표",연예,12,2019,08,30,17:10,16,16,0,0,0,0,0,0,0,0,0,https://news.naver.com/main/read.nhn?mode=LSD&mid=sec&sid1=106&oid=117&aid=0003267850,1
레드벨벳,[뮤직뱅크] 레드벨벳 매력에 음파♡음파♡ 빠져나올 수 없을 걸? 1위 차지!,,12,2019,08,31,9:22,38,27,9,0,2,0,0,0,0,0,0,https://news.naver.com/main/read.nhn?mode=LSD&mid=sec&sid1=004&oid=438&aid=0000025701,1
레드벨벳,'음중' 레드벨벳 '음파음파'로 1위…선미 컴백-유세윤 솔로 데뷔(ft.양세형)[종합],연예,12,2019,08,31,16:42,186,184,0,2,0,0,0,0,0,0,0,https://news.naver.com/main/read.nhn?mode=LSD&mid=sec&sid1=106&oid=112&aid=0003206984,-1
레드벨벳,"'음악중심' 레드벨벳 1위, '음파음파' 5관왕 질주…선미 컴백 [종합]",연예,12,2019,08,31,16:40,34,34,0,0,0,0,0,0,0,0,0,https://news.naver.com/main/read.nhn?mode=LSD&mid=sec&sid1=106&oid=311&aid=0001040319,1
레드벨벳,"'음중' 레드벨벳, '음파음파' 또 1위..유세윤 솔로 데뷔[종합]",연예,12,2019,08,31,16:43,44,44,0,0,0,0,0,0,0,0,0,https://news.naver.com/main/read.nhn?mode=LSD&mid=sec&sid1=106&oid=109&aid=0004078048,1
레드벨벳,"""러비 감사해""... '쇼 음악중심' 레드벨벳 '음파음파'로 1위",연예,12,2019,08,31,16:58,118,118,0,0,0,0,0,0,0,0,0,https://news.naver.com/main/read.nhn?mode=LSD&mid=sec&sid1=106&oid=312&aid=0000407291,1
레드벨벳,"'음악중심' 레드벨벳, '음파음파'로 1위…""러비들 응원 고마워"" [종합]",연예,12,2019,08,31,16:45,32,32,0,0,0,0,0,0,0,0,0,https://news.naver.com/main/read.nhn?mode=LSD&mid=sec&sid1=106&oid=117&aid=0003268182,1
레드벨벳,"‘음악중심’ 레드벨벳, 마크툽 장혜진X윤민수 제치고 1위 “러비들 너무 감사하다”",연예,12,2019,08,31,21:35,20,20,0,0,0,0,0,0,0,0,0,https://news.naver.com/main/read.nhn?mode=LSD&mid=sec&sid1=106&oid=469&aid=0000418306,-1
레드벨벳,"방탄소년단, 아이돌그룹 100대 브랜드평판 1위…트와이스 2위·레드벨벳 3위",연예,12,2019,08,31,9:00,62,62,0,0,0,0,0,0,0,0,0,https://news.naver.com/main/read.nhn?mode=LSD&mid=sec&sid1=106&oid=009&aid=0004419738,1
레드벨벳,"'음악중심' 레드벨벳 vs 마크툽 vs 장혜진·윤민수, 1위 후보 격돌",연예,12,2019,08,31,15:41,17,17,0,0,0,0,0,0,0,0,0,https://news.naver.com/main/read.nhn?mode=LSD&mid=sec&sid1=106&oid=312&aid=0000407285,-1
레드벨벳,"‘음악중심’ 레드벨벳, 마크툽·장혜진 윤민수와 1위 놓고 격돌",연예,12,2019,08,31,15:41,17,17,0,0,0,0,0,0,0,0,0,https://news.naver.com/main/read.nhn?mode=LSD&mid=sec&sid1=106&oid=609&aid=0000163935,-1
레드벨벳,"'쇼음악중심' 레드벨벳vs마크툽vs장혜진·윤민수, 1위 대결",연예,12,2019,08,31,15:45,22,22,0,0,0,0,0,0,0,0,0,https://news.naver.com/main/read.nhn?mode=LSD&mid=sec&sid1=106&oid=108&aid=0002807450,1
레드벨벳,"'뮤직뱅크' 레드벨벳, ITZY 누르고 1위…선미 컴백 [종합]",연예,12,2019,08,30,18:33,23,23,0,0,0,0,0,0,0,0,0,https://news.naver.com/main/read.nhn?mode=LSD&mid=sec&sid1=106&oid=213&aid=0001128249,-1
레드벨벳,"[종합]'뮤직뱅크' 레드벨벳, 있지 누르고 1위…선미·셀럽파이브 '컴백'",연예,12,2019,08,30,18:29,27,27,0,0,0,0,0,0,0,0,0,https://news.naver.com/main/read.nhn?mode=LSD&mid=sec&sid1=106&oid=076&aid=0003462410,1
레드벨벳,"[사진]레드벨벳,'때로는 아찔'",연예,12,2019,08,31,21:45,3,3,0,0,0,0,0,0,0,0,0,https://news.naver.com/main/read.nhn?mode=LSD&mid=sec&sid1=106&oid=109&aid=0004078277,1
레드벨벳,"[사진]레드벨벳,'빛나는 무대'",연예,12,2019,08,31,21:17,9,9,0,0,0,0,0,0,0,0,0,https://news.naver.com/main/read.nhn?mode=LSD&mid=sec&sid1=106&oid=109&aid=0004078242,1
레드벨벳,"[사진]레드벨벳 조이,'섹시'",연예,12,2019,08,31,21:46,8,8,0,0,0,0,0,0,0,0,0,https://news.naver.com/main/read.nhn?mode=LSD&mid=sec&sid1=106&oid=109&aid=0004078278,1
레드벨벳,"[사진]레드벨벳 조이,'세상 깜찍'",연예,12,2019,08,31,21:51,28,28,0,0,0,0,0,0,0,0,0,https://news.naver.com/main/read.nhn?mode=LSD&mid=sec&sid1=106&oid=109&aid=0004078284,1
레드벨벳,"[사진]레드벨벳 웬디,'화려한 퍼포먼스'",연예,12,2019,08,31,21:39,11,11,0,0,0,0,0,0,0,0,0,https://news.naver.com/main/read.nhn?mode=LSD&mid=sec&sid1=106&oid=109&aid=0004078271,1
레드벨벳,"[사진]레드벨벳,'클로징 무대는 신나게'",연예,12,2019,08,31,21:14,3,3,0,0,0,0,0,0,0,0,0,https://news.naver.com/main/read.nhn?mode=LSD&mid=sec&sid1=106&oid=109&aid=0004078237,1
레드벨벳,"[사진]레드벨벳,'인천공항 밤하늘 아래 신나는 댄스'",연예,12,2019,08,31,21:53,2,2,0,0,0,0,0,0,0,0,0,https://news.naver.com/main/read.nhn?mode=LSD&mid=sec&sid1=106&oid=109&aid=0004078287,1
레드벨벳,레드벨벳 예리 `모닝 엔젤` [MK포토],연예,13,2019,09,06,9:16,4,4,0,0,0,0,0,0,0,0,0,https://news.naver.com/main/read.nhn?mode=LSD&mid=sec&sid1=106&oid=410&aid=0000621082,-1
레드벨벳,"""엑소 아닌 엑소라지""…'아는형님' 레드벨벳 조이, 강호동 메이크 오버 도전",연예,13,2019,09,07,15:44,28,28,0,0,0,0,0,0,0,0,0,https://news.naver.com/main/read.nhn?mode=LSD&mid=sec&sid1=106&oid=076&aid=0003465782,-1
레드벨벳,"레드벨벳, 인도네시아 프로모션 성황...'뜨거운 반응'",연예,13,2019,09,05,10:54,14,14,0,0,0,0,0,0,0,0,0,https://news.naver.com/main/read.nhn?mode=LSD&mid=sec&sid1=106&oid=468&aid=0000558563,1
레드벨벳,"레드벨벳 조이, 어엿한 숙녀",연예,13,2019,09,06,19:33,4,4,0,0,0,0,0,0,0,0,0,https://news.naver.com/main/read.nhn?mode=LSD&mid=sec&sid1=106&oid=421&aid=0004186067,1
레드벨벳,"'아는형님' 장윤주 ""레드벨벳 조이, 키도 크고 글래머러스해"" 극찬",연예,13,2019,09,07,21:46,20,20,0,0,0,0,0,0,0,0,0,https://news.naver.com/main/read.nhn?mode=LSD&mid=sec&sid1=106&oid=117&aid=0003271253,1
레드벨벳,[사진]레드벨벳 예리와 눈맞춤,연예,13,2019,09,06,9:05,18,18,0,0,0,0,0,0,0,0,0,https://news.naver.com/main/read.nhn?mode=LSD&mid=sec&sid1=106&oid=109&aid=0004081374,-1
레드벨벳,레드벨벳 조이 `매혹의 레드립` [MK포토],연예,13,2019,09,06,9:22,7,7,0,0,0,0,0,0,0,0,0,https://news.naver.com/main/read.nhn?mode=LSD&mid=sec&sid1=106&oid=410&aid=0000621085,1
레드벨벳,레드벨벳 조이 `안경으로 분위기 변신` [MK포토],연예,13,2019,09,06,8:48,33,33,0,0,0,0,0,0,0,0,0,https://news.naver.com/main/read.nhn?mode=LSD&mid=sec&sid1=106&oid=410&aid=0000621070,1
레드벨벳,"'아는 형님' 레드벨벳 조이, 강호동을 아이돌로? ""엑소 라지""",연예,13,2019,09,07,17:44,17,17,0,0,0,0,0,0,0,0,0,https://news.naver.com/main/read.nhn?mode=LSD&mid=sec&sid1=106&oid=437&aid=0000219236,-1
레드벨벳,"‘아는 형님’ 강호동, 레드벨벳 조이 도움으로 ‘엑소 라지’ 등극",연예,13,2019,09,07,17:41,23,23,0,0,0,0,0,0,0,0,0,https://news.naver.com/main/read.nhn?mode=LSD&mid=sec&sid1=106&oid=312&aid=0000408520,-1
레드벨벳,"‘아는 형님’ 강호동, 레드벨벳 조이 손길로 아이돌 ‘엑소 라지’ 등극",연예,13,2019,09,07,14:51,16,16,0,0,0,0,0,0,0,0,0,https://news.naver.com/main/read.nhn?mode=LSD&mid=sec&sid1=106&oid=144&aid=0000630476,-1
레드벨벳,"‘아는 형님’ 강호동, 레드벨벳 조이 도움으로 아이돌 변신!",연예,13,2019,09,07,24:45,12,12,0,0,0,0,0,0,0,0,0,https://news.naver.com/main/read.nhn?mode=LSD&mid=sec&sid1=106&oid=469&aid=0000420411,-1
레드벨벳,"레드벨벳, 인도네시아 프로모션 성황 ‘뜨거운 반응’",연예,13,2019,09,05,10:54,24,24,0,0,0,0,0,0,0,0,0,https://news.naver.com/main/read.nhn?mode=LSD&mid=sec&sid1=106&oid=215&aid=0000807722,-1
레드벨벳,"레드벨벳, 인도네시아 프로모셩 성황…현지 방송·라디오 출연",연예,13,2019,09,05,11:02,17,17,0,0,0,0,0,0,0,0,0,https://news.naver.com/main/read.nhn?mode=LSD&mid=sec&sid1=106&oid=421&aid=0004182002,1
레드벨벳,"'섬머퀸' 레드벨벳, 인도네시아 프로모션 대성황…'亞 접수완료'",연예,13,2019,09,05,13:49,28,28,0,0,0,0,0,0,0,0,0,https://news.naver.com/main/read.nhn?mode=LSD&mid=sec&sid1=106&oid=076&aid=0003464863,1
레드벨벳,"레드벨벳, 인도네시아 프로모션 성황..亞 인기 입증",연예,13,2019,09,05,11:24,17,17,0,0,0,0,0,0,0,0,0,https://news.naver.com/main/read.nhn?mode=LSD&mid=sec&sid1=106&oid=112&aid=0003208761,-1
레드벨벳,"[포토] 레드벨벳 예리, '돋보이는 아름다움'",연예,13,2019,09,06,19:02,6,6,0,0,0,0,0,0,0,0,0,https://news.naver.com/main/read.nhn?mode=LSD&mid=sec&sid1=106&oid=015&aid=0004205460,1
레드벨벳,"레드벨벳 예리, 예리 왔어요~[포토엔HD]",연예,13,2019,09,06,9:01,7,7,0,0,0,0,0,0,0,0,0,https://news.naver.com/main/read.nhn?mode=LSD&mid=sec&sid1=106&oid=609&aid=0000166869,-1
레드벨벳,"레드벨벳 예리, 인형이 따로없네",연예,13,2019,09,06,9:40,23,23,0,0,0,0,0,0,0,0,0,https://news.naver.com/main/read.nhn?mode=LSD&mid=sec&sid1=106&oid=421&aid=0004184199,-1
레드벨벳,"레드벨벳 예리, 오늘은 새침하게",연예,13,2019,09,06,19:31,5,5,0,0,0,0,0,0,0,0,0,https://news.naver.com/main/read.nhn?mode=LSD&mid=sec&sid1=106&oid=421&aid=0004186044,1
레드벨벳,레드벨벳·아이즈원·아스트로 총집합..'아육대' 오늘(13일) 투구→승부차기,연예,14,2019,09,13,10:30,4,4,0,0,0,0,0,0,0,0,0,https://news.naver.com/main/read.nhn?mode=LSD&mid=sec&sid1=106&oid=076&aid=0003467510,1
레드벨벳,[단독영상] ‘소리바다 어워즈’ 레드벨벳 “3년 연속 수상 감사드립니다! 더 열심히 할게요!”,연예,14,2019,09,13,16:10,71,71,0,0,0,0,0,0,0,0,0,https://news.naver.com/main/read.nhn?mode=LSD&mid=sec&sid1=106&oid=440&aid=0000020476,-1
레드벨벳,"'쇼 음악중심' 선미→레드벨벳까지, 추석 연휴 속 풍성한 무대 [종합]",연예,14,2019,09,14,16:38,32,32,0,0,0,0,0,0,0,0,0,https://news.naver.com/main/read.nhn?mode=LSD&mid=sec&sid1=106&oid=311&aid=0001045579,1
레드벨벳,"[뮤직뱅크] 가을이 와도, 겨울이 와도 레드벨벳의 매력에서 헤엄 <음파음파>",,14,2019,09,14,9:20,10,6,4,0,0,0,0,0,0,0,0,https://news.naver.com/main/read.nhn?mode=LSD&mid=sec&sid1=004&oid=438&aid=0000025884,1
레드벨벳,"'음악중심', 오늘(14일) 선미·레드벨벳 퀸들의 아쉬운 굿바이 무대",연예,14,2019,09,14,16:13,10,7,0,3,0,0,0,0,0,0,0,https://news.naver.com/main/read.nhn?mode=LSD&mid=sec&sid1=106&oid=312&aid=0000409453,1
레드벨벳,"'아육대' 레드벨벳 슬기X아이즈원 장원영 등, 신설 종목 투구 '걸그룹 센터들' 나선다",연예,14,2019,09,13,10:48,7,7,0,0,0,0,0,0,0,0,0,https://news.naver.com/main/read.nhn?mode=LSD&mid=sec&sid1=106&oid=015&aid=0004208209,1
레드벨벳,‘아육대’ 투구X승부차기 위해 ‘레드벨벳-아이즈원-아스트로’ HOT 아이돌 총 집합,연예,14,2019,09,13,10:50,1,1,0,0,0,0,0,0,0,0,0,https://news.naver.com/main/read.nhn?mode=LSD&mid=sec&sid1=106&oid=382&aid=0000760888,-1
레드벨벳,"'아육대' 정민철 ""레드벨벳→ITZY, 투구 연습 과정 완벽"" 기대 UP",연예,14,2019,09,13,11:28,13,13,0,0,0,0,0,0,0,0,0,https://news.naver.com/main/read.nhn?mode=LSD&mid=sec&sid1=106&oid=108&aid=0002809995,1
레드벨벳,'음중' 결방 여파로 1위 발표無‥ CLC 컴백-선미·오하영·레드벨벳 굿바이[종합],연예,14,2019,09,14,16:43,39,33,0,6,0,0,0,0,0,0,0,https://news.naver.com/main/read.nhn?mode=LSD&mid=sec&sid1=106&oid=112&aid=0003211904,1
레드벨벳,"'음악중심' 1위無, CLC 컴백…선미·오하영·레드벨벳·베리베리 굿바이 무대 (종합)",연예,14,2019,09,14,17:11,9,9,0,0,0,0,0,0,0,0,0,https://news.naver.com/main/read.nhn?mode=LSD&mid=sec&sid1=106&oid=117&aid=0003273308,1
레드벨벳,`2019 아육대` 트와이스·레드벨벳·NCT 127 뜬다…한류★ 총출동,연예,14,2019,09,12,16:32,3,3,0,0,0,0,0,0,0,0,0,https://news.naver.com/main/read.nhn?mode=LSD&mid=sec&sid1=106&oid=009&aid=0004426727,1
레드벨벳,'아육대' 트와이스→레드벨벳…E스포츠부터 멍때리기까지 [포인트:컷],연예,14,2019,09,12,15:58,25,25,0,0,0,0,0,0,0,0,0,https://news.naver.com/main/read.nhn?mode=LSD&mid=sec&sid1=106&oid=311&aid=0001045041,-1
레드벨벳,"10주년 '아육대', 트와이스·레드벨벳 등 총출동…금메달 주인공은",연예,14,2019,09,12,9:59,10,10,0,0,0,0,0,0,0,0,0,https://news.naver.com/main/read.nhn?mode=LSD&mid=sec&sid1=106&oid=421&aid=0004194347,1
레드벨벳,"‘아육대’ 10주년, 트와이스·레드벨벳 등 총출동",연예,14,2019,09,12,10:33,4,4,0,0,0,0,0,0,0,0,0,https://news.naver.com/main/read.nhn?mode=LSD&mid=sec&sid1=106&oid=417&aid=0000448790,-1
레드벨벳,"'엑소·레드벨벳 등 히트곡 작사가' 제이큐, 오늘(21일) 결혼",연예,15,2019,09,21,15:24,62,62,0,0,0,0,0,0,0,0,0,https://news.naver.com/main/read.nhn?mode=LSD&mid=sec&sid1=106&oid=108&aid=0002811709,1
레드벨벳,"레드벨벳→(여자)아이들, ‘2019 AAA’ 핫한 여가수 총출동…스페셜 무대 예고",연예,15,2019,09,19,10:43,30,30,0,0,0,0,0,0,0,0,0,https://news.naver.com/main/read.nhn?mode=LSD&mid=sec&sid1=106&oid=469&aid=0000423406,-1
레드벨벳,"레드벨벳 조이, 시크한 공항패션으로 시선 압도",연예,15,2019,09,16,24:50,81,80,0,1,0,0,0,0,0,0,0,https://news.naver.com/main/read.nhn?mode=LSD&mid=sec&sid1=106&oid=215&aid=0000809727,1
레드벨벳,"'2019 AAA' 레드벨벳→트와이스 등, 대한민국 대표 여자가수들 다 모인다",생활,15,2019,09,19,24:31,12,4,7,0,1,0,0,0,0,0,0,https://news.naver.com/main/read.nhn?mode=LSD&mid=sec&sid1=103&oid=015&aid=0004211076,1
레드벨벳,레드벨벳×트와이스×있지 등 ‘2019 AAA’ 출연 라인업 합류,연예,15,2019,09,19,15:42,30,30,0,0,0,0,0,0,0,0,0,https://news.naver.com/main/read.nhn?mode=LSD&mid=sec&sid1=106&oid=382&aid=0000762305,-1
레드벨벳,레드벨벳·트와이스·청하·(여자)아이들·있지 등 ‘2019 AAA’ 참석 확정(공식),연예,15,2019,09,19,10:13,7,7,0,0,0,0,0,0,0,0,0,https://news.naver.com/main/read.nhn?mode=LSD&mid=sec&sid1=106&oid=410&aid=0000624752,-1
레드벨벳,"'2019 AAA' 레드벨벳-트와이스→청하, 韓대표 여자가수 라인업 공개",연예,15,2019,09,19,15:36,2,2,0,0,0,0,0,0,0,0,0,https://news.naver.com/main/read.nhn?mode=LSD&mid=sec&sid1=106&oid=112&aid=0003213697,1
레드벨벳,"레드벨벳 조이, 시크한 공항패션…런웨이 만든 출국길 [★스타일]",연예,15,2019,09,16,14:03,11,11,0,0,0,0,0,0,0,0,0,https://news.naver.com/main/read.nhn?mode=LSD&mid=sec&sid1=106&oid=117&aid=0003273944,-1
레드벨벳,"레드벨벳 (Red Velvet), 오늘 미모 대박적이야 (인천공항) [SS쇼캠]",연예,16,2019,09,27,16:49,21,21,0,0,0,0,0,0,0,0,0,https://news.naver.com/main/read.nhn?mode=LSD&mid=sec&sid1=106&oid=468&aid=0000568489,1
레드벨벳,"[사진]레드벨벳 조이,'깜찍 인사'",연예,16,2019,09,27,16:40,17,17,0,0,0,0,0,0,0,0,0,https://news.naver.com/main/read.nhn?mode=LSD&mid=sec&sid1=106&oid=109&aid=0004091915,1
레드벨벳,"[포토] 레드벨벳 슬기, ‘설렘주는 미소’",연예,16,2019,09,27,17:06,12,12,0,0,0,0,0,0,0,0,0,https://news.naver.com/main/read.nhn?mode=LSD&mid=sec&sid1=106&oid=014&aid=0004301436,1
레드벨벳,레드벨벳 웬디 '매일매일 예뻐져'[엑's HD포토],연예,16,2019,09,27,16:35,41,41,0,0,0,0,0,0,0,0,0,https://news.naver.com/main/read.nhn?mode=LSD&mid=sec&sid1=106&oid=311&aid=0001051893,-1
레드벨벳,"레드벨벳 예리, 분홍 머리로 파격 변신···비글美 '뿜뿜'",연예,16,2019,09,27,17:26,49,49,0,0,0,0,0,0,0,0,0,https://news.naver.com/main/read.nhn?mode=LSD&mid=sec&sid1=106&oid=312&aid=0000411974,-1
레드벨벳,"[포토] 레드벨벳 아이린, ‘청순한 포니테일’",연예,16,2019,09,27,17:09,30,30,0,0,0,0,0,0,0,0,0,https://news.naver.com/main/read.nhn?mode=LSD&mid=sec&sid1=106&oid=014&aid=0004301441,-1
레드벨벳,"[포토]레드벨벳,개성 살린 공항패션",연예,16,2019,09,27,16:39,17,17,0,0,0,0,0,0,0,0,0,https://news.naver.com/main/read.nhn?mode=LSD&mid=sec&sid1=106&oid=241&aid=0002961604,1
레드벨벳,[TD영상] 레드벨벳 ‘언제까지 예뻐질지 궁금해~’,연예,16,2019,09,27,17:14,24,24,0,0,0,0,0,0,0,0,0,https://news.naver.com/main/read.nhn?mode=LSD&mid=sec&sid1=106&oid=440&aid=0000020604,-1
레드벨벳,"[Oh! 모션]레드벨벳(RedVelvet), ‘매일이 미모 리즈 갱신’",연예,16,2019,09,27,16:56,20,20,0,0,0,0,0,0,0,0,0,https://news.naver.com/main/read.nhn?mode=LSD&mid=sec&sid1=106&oid=109&aid=0004091930,-1
레드벨벳,"[포토] 레드벨벳 조이, ‘가득한 여성미’",연예,16,2019,09,27,17:12,26,26,0,0,0,0,0,0,0,0,0,https://news.naver.com/main/read.nhn?mode=LSD&mid=sec&sid1=106&oid=014&aid=0004301452,-1
레드벨벳,"[사진]레드벨벳 조이,'가벼운 발걸음'",연예,16,2019,09,27,16:41,9,9,0,0,0,0,0,0,0,0,0,https://news.naver.com/main/read.nhn?mode=LSD&mid=sec&sid1=106&oid=109&aid=0004091916,-1
레드벨벳,"[사진]레드벨벳 조이,'심쿵 레드립'",연예,16,2019,09,27,16:39,7,7,0,0,0,0,0,0,0,0,0,https://news.naver.com/main/read.nhn?mode=LSD&mid=sec&sid1=106&oid=109&aid=0004091911,1
레드벨벳,"[포토] 레드벨벳 조이, ‘웨스턴 부츠로 스타일 UP’",연예,16,2019,09,27,17:08,13,13,0,0,0,0,0,0,0,0,0,https://news.naver.com/main/read.nhn?mode=LSD&mid=sec&sid1=106&oid=014&aid=0004301438,-1
레드벨벳,레드벨벳 슬기 '이 구역 패셔니스타'[엑's HD포토],연예,16,2019,09,27,16:45,18,18,0,0,0,0,0,0,0,0,0,https://news.naver.com/main/read.nhn?mode=LSD&mid=sec&sid1=106&oid=311&aid=0001051915,-1
레드벨벳,"[사진]레드벨벳 슬기,'시크한 발걸음'",연예,16,2019,09,27,16:43,11,11,0,0,0,0,0,0,0,0,0,https://news.naver.com/main/read.nhn?mode=LSD&mid=sec&sid1=106&oid=109&aid=0004091919,1
레드벨벳,"[사진]레드벨벳 슬기,'스타일리시한 출국길'",연예,16,2019,09,27,16:43,5,5,0,0,0,0,0,0,0,0,0,https://news.naver.com/main/read.nhn?mode=LSD&mid=sec&sid1=106&oid=109&aid=0004091920,-1
레드벨벳,레드벨벳 슬기 '패션의 완성은 신발'[엑's HD포토],연예,16,2019,09,27,16:38,3,3,0,0,0,0,0,0,0,0,0,https://news.naver.com/main/read.nhn?mode=LSD&mid=sec&sid1=106&oid=311&aid=0001051900,-1
레드벨벳,"[사진]레드벨벳 웬디,'가볍게 떠나요'",연예,16,2019,09,27,16:46,25,25,0,0,0,0,0,0,0,0,0,https://news.naver.com/main/read.nhn?mode=LSD&mid=sec&sid1=106&oid=109&aid=0004091922,1
레드벨벳,"[사진]레드벨벳 웬디,'미모 성수기'",연예,16,2019,09,27,16:44,23,23,0,0,0,0,0,0,0,0,0,https://news.naver.com/main/read.nhn?mode=LSD&mid=sec&sid1=106&oid=109&aid=0004091921,1
레드벨벳,"레드벨벳 예리, 핑크 헤어로 변신...어떤 컬러도 찰떡 소화하는 요정 미모",연예,16,2019,09,27,16:57,33,32,0,1,0,0,0,0,0,0,0,https://news.naver.com/main/read.nhn?mode=LSD&mid=sec&sid1=106&oid=112&aid=0003216870,1
레드벨벳,"[사진]레드벨벳 예리,'화사한 미모'",연예,16,2019,09,27,16:42,32,32,0,0,0,0,0,0,0,0,0,https://news.naver.com/main/read.nhn?mode=LSD&mid=sec&sid1=106&oid=109&aid=0004091917,1
레드벨벳,"[사진]레드벨벳 예리,'귀여운 옐로'",연예,16,2019,09,27,16:42,20,20,0,0,0,0,0,0,0,0,0,https://news.naver.com/main/read.nhn?mode=LSD&mid=sec&sid1=106&oid=109&aid=0004091918,1
레드벨벳,"[사진]레드벨벳 아이린,'출국길 수줍은 미소'",연예,16,2019,09,27,16:46,32,32,0,0,0,0,0,0,0,0,0,https://news.naver.com/main/read.nhn?mode=LSD&mid=sec&sid1=106&oid=109&aid=0004091923,1
레드벨벳,레드벨벳 아이린 '수줍은 미소'[엑's HD포토],연예,16,2019,09,27,16:35,33,33,0,0,0,0,0,0,0,0,0,https://news.naver.com/main/read.nhn?mode=LSD&mid=sec&sid1=106&oid=311&aid=0001051896,1
레드벨벳,"[포토] 레드벨벳 아이린, ‘신비로운 분위기 여신’",연예,16,2019,09,27,17:09,32,31,0,1,0,0,0,0,0,0,0,https://news.naver.com/main/read.nhn?mode=LSD&mid=sec&sid1=106&oid=014&aid=0004301439,1
레드벨벳,레드벨벳 아이린 '오늘도 세젤예'[엑's HD포토],연예,16,2019,09,27,16:51,28,28,0,0,0,0,0,0,0,0,0,https://news.naver.com/main/read.nhn?mode=LSD&mid=sec&sid1=106&oid=311&aid=0001051918,-1
레드벨벳,"레드벨벳 슬기, 오렌지 바지도 찰떡 소화..미모만큼 멋쟁이",연예,17,2019,10,05,16:56,56,55,0,1,0,0,0,0,0,0,0,https://news.naver.com/main/read.nhn?mode=LSD&mid=sec&sid1=106&oid=112&aid=0003219846,1
레드벨벳,"[뮤직뱅크] 레드벨벳, 자꾸만 빠져들게 하는 과즙 미모 레전드 <POWER UP>",,17,2019,10,04,23:59,8,6,2,0,0,0,0,0,0,0,0,https://news.naver.com/main/read.nhn?mode=LSD&mid=sec&sid1=004&oid=438&aid=0000026145,1
레드벨벳,"레드벨벳 예리, 할리우드 영화 주인공 같은 근황 “미쳐쏘” [똑똑SNS]",연예,17,2019,10,04,11:19,16,16,0,0,0,0,0,0,0,0,0,https://news.naver.com/main/read.nhn?mode=LSD&mid=sec&sid1=106&oid=410&aid=0000629687,-1
레드벨벳,레드벨벳 조이 '매혹적인 눈빛'[엑's HD포토],연예,17,2019,10,03,6:11,11,11,0,0,0,0,0,0,0,0,0,https://news.naver.com/main/read.nhn?mode=LSD&mid=sec&sid1=106&oid=311&aid=0001054365,1
레드벨벳,"레드벨벳, '스위스 프렌즈'로 스위스 명소 여행",생활,17,2019,10,02,11:06,14,11,2,0,1,0,0,0,0,0,0,https://news.naver.com/main/read.nhn?mode=LSD&mid=sec&sid1=103&oid=001&aid=0011116769,1
레드벨벳,[포토] 조이 '레드벨벳 클레오파트라',연예,17,2019,10,02,18:30,29,29,0,0,0,0,0,0,0,0,0,https://news.naver.com/main/read.nhn?mode=LSD&mid=sec&sid1=106&oid=241&aid=0002963542,-1
레드벨벳,"'모델이 서 있네'…레드벨벳 슬기, 감탄 나오는 청바지 핏",연예,17,2019,10,05,16:20,12,12,0,0,0,0,0,0,0,0,0,https://news.naver.com/main/read.nhn?mode=LSD&mid=sec&sid1=106&oid=117&aid=0003282864,1
레드벨벳,"레드벨벳 예리, 미모 레전드 찍나..사랑스런 목장 소녀 느낌",연예,17,2019,10,04,9:11,40,40,0,0,0,0,0,0,0,0,0,https://news.naver.com/main/read.nhn?mode=LSD&mid=sec&sid1=106&oid=112&aid=0003219210,1
레드벨벳,'뮤직뱅크' 장우혁 컴백..세븐틴X트와이스X레드벨벳 특별무대[별별TV],연예,17,2019,10,04,19:36,53,53,0,0,0,0,0,0,0,0,0,https://news.naver.com/main/read.nhn?mode=LSD&mid=sec&sid1=106&oid=108&aid=0002814958,-1
레드벨벳,"레드벨벳 조이, 매혹적이게~ [포토엔HD]",연예,17,2019,10,03,6:29,8,8,0,0,0,0,0,0,0,0,0,https://news.naver.com/main/read.nhn?mode=LSD&mid=sec&sid1=106&oid=609&aid=0000181396,1
레드벨벳,레드벨벳 조이 '과즙 팡팡 미소'[엑's HD포토],연예,17,2019,10,03,6:11,6,6,0,0,0,0,0,0,0,0,0,https://news.naver.com/main/read.nhn?mode=LSD&mid=sec&sid1=106&oid=311&aid=0001054363,1
레드벨벳,레드벨벳 조이 '빠져드는 눈빛'[엑's HD포토],연예,17,2019,10,03,6:11,2,2,0,0,0,0,0,0,0,0,0,https://news.naver.com/main/read.nhn?mode=LSD&mid=sec&sid1=106&oid=311&aid=0001054364,1
레드벨벳,레드벨벳 조이 '클로즈업에도 무결점'[엑's HD포토],연예,17,2019,10,03,6:11,3,3,0,0,0,0,0,0,0,0,0,https://news.naver.com/main/read.nhn?mode=LSD&mid=sec&sid1=106&oid=311&aid=0001054366,-1
레드벨벳,"레드벨벳, 스위스 프렌즈로 스위스 여행…'자연의 품에 안기다'",연예,17,2019,10,02,10:11,3,3,0,0,0,0,0,0,0,0,0,https://news.naver.com/main/read.nhn?mode=LSD&mid=sec&sid1=106&oid=015&aid=0004217567,1
레드벨벳,[★포토]레드벨벳만의 스위스 즐기기? 부띠크 타운부터 스릴워크까지,연예,17,2019,10,02,10:02,13,13,0,0,0,0,0,0,0,0,0,https://news.naver.com/main/read.nhn?mode=LSD&mid=sec&sid1=106&oid=468&aid=0000570557,1
레드벨벳,레드벨벳의 스위스 여행...꿈 같은 시간을 보내다,연예,17,2019,10,02,14:44,35,35,0,0,0,0,0,0,0,0,0,https://news.naver.com/main/read.nhn?mode=LSD&mid=sec&sid1=106&oid=312&aid=0000412748,1
레드벨벳,"레드벨벳, '스위스 홍보대사' 위촉...달콤한 여행 체험",연예,17,2019,10,02,13:12,4,4,0,0,0,0,0,0,0,0,0,https://news.naver.com/main/read.nhn?mode=LSD&mid=sec&sid1=106&oid=018&aid=0004481438,1
레드벨벳,레드벨벳 아이린,연예,18,2019,10,11,21:11,14,14,0,0,0,0,0,0,0,0,0,https://news.naver.com/main/read.nhn?mode=LSD&mid=sec&sid1=106&oid=001&aid=0011137735,1
레드벨벳,"레드벨벳 아이린, 쇄골 라인 드러낸 `섹시美`[똑똑SNS]",연예,18,2019,10,11,20:55,37,37,0,0,0,0,0,0,0,0,0,https://news.naver.com/main/read.nhn?mode=LSD&mid=sec&sid1=106&oid=410&aid=0000632368,1
레드벨벳,도레이첨단소재 '구미사랑 페스티벌' 개최…레드벨벳 등 공연,생활,18,2019,10,11,16:51,19,15,3,0,1,0,0,0,0,0,0,https://news.naver.com/main/read.nhn?mode=LSD&mid=sec&sid1=103&oid=001&aid=0011137383,1
레드벨벳,"레드벨벳, 몬스터엑스... 세계 케이팝 팬과 무대에 오른다",연예,18,2019,10,10,17:43,41,41,0,0,0,0,0,0,0,0,0,https://news.naver.com/main/read.nhn?mode=LSD&mid=sec&sid1=106&oid=047&aid=0002242997,1
레드벨벳,"'아는형님' 려욱 ""에프엑스 루나·레드벨벳·레인보우 지숙 면회왔다""",연예,18,2019,10,12,21:22,15,15,0,0,0,0,0,0,0,0,0,https://news.naver.com/main/read.nhn?mode=LSD&mid=sec&sid1=106&oid=117&aid=0003286022,-1
레드벨벳,레드벨벳 아이린,연예,18,2019,10,11,21:03,14,14,0,0,0,0,0,0,0,0,0,https://news.naver.com/main/read.nhn?mode=LSD&mid=sec&sid1=106&oid=001&aid=0011137729,1
레드벨벳,레드벨벳 '활짝',연예,18,2019,10,11,20:49,30,30,0,0,0,0,0,0,0,0,0,https://news.naver.com/main/read.nhn?mode=LSD&mid=sec&sid1=106&oid=001&aid=0011137704,1
레드벨벳,레드벨벳 아이린,연예,18,2019,10,11,21:03,54,54,0,0,0,0,0,0,0,0,0,https://news.naver.com/main/read.nhn?mode=LSD&mid=sec&sid1=106&oid=001&aid=0011137728,1
레드벨벳,"레드벨벳 아이린, 청초한 오프숄더 자태..매혹의 눈빛",연예,18,2019,10,11,14:52,74,72,0,2,0,0,0,0,0,0,0,https://news.naver.com/main/read.nhn?mode=LSD&mid=sec&sid1=106&oid=112&aid=0003222028,1
레드벨벳,"레드벨벳 아이린, 어깨 훤히 드러낸 의상 ‘쇄골에 물 고이겠어’[SNS★컷]",연예,18,2019,10,11,17:27,57,57,0,0,0,0,0,0,0,0,0,https://news.naver.com/main/read.nhn?mode=LSD&mid=sec&sid1=106&oid=609&aid=0000186347,1
레드벨벳,‘복면가왕’ 레드벨벳 아이린? 오정연? “엄청 유명한 셀럽 추정”,연예,19,2019,10,19,8:37,23,23,0,0,0,0,0,0,0,0,0,https://news.naver.com/main/read.nhn?mode=LSD&mid=sec&sid1=106&oid=382&aid=0000769794,-1
레드벨벳,"레드벨벳 예리, 침대 위에서도 `러블리 매력 폭발` [똑똑SNS]",연예,19,2019,10,15,10:09,24,23,0,1,0,0,0,0,0,0,0,https://news.naver.com/main/read.nhn?mode=LSD&mid=sec&sid1=106&oid=410&aid=0000633220,1
레드벨벳,1997년을 강타한 모던록 밴드 `레드플러스`의 `그녀는...`,생활,19,2019,10,19,6:02,1,0,0,0,0,1,0,0,0,0,0,https://news.naver.com/main/read.nhn?mode=LSD&mid=sec&sid1=103&oid=009&aid=0004447294,1
레드벨벳,"`복면가왕` 셀럽 추정 복면가수 대거 등장? ""레드벨벳 아이린? 오정연?""",연예,19,2019,10,19,10:47,5,5,0,0,0,0,0,0,0,0,0,https://news.naver.com/main/read.nhn?mode=LSD&mid=sec&sid1=106&oid=009&aid=0004447341,1
레드벨벳,"‘복면가왕’, ‘유명한 셀럽 추정’ 복면 가수 대거 등장…레드벨벳 아이린? 아나운서 오정연?",연예,19,2019,10,19,23:44,2,2,0,0,0,0,0,0,0,0,0,https://news.naver.com/main/read.nhn?mode=LSD&mid=sec&sid1=106&oid=469&aid=0000432242,-1
레드벨벳,"'복면가왕' 복면 가수, 신봉선 때문에 폭풍 오열 모두 당황",연예,19,2019,10,19,9:42,1,1,0,0,0,0,0,0,0,0,0,https://news.naver.com/main/read.nhn?mode=LSD&mid=sec&sid1=106&oid=015&aid=0004226278,1
레드벨벳,"'치킨로드' 강한나, '미식 모범생'이 선보인 뉴욕 치킨 먹방 품격",연예,19,2019,10,16,7:44,2,2,0,0,0,0,0,0,0,0,0,https://news.naver.com/main/read.nhn?mode=LSD&mid=sec&sid1=106&oid=076&aid=0003481947,1
레드벨벳,"'치킨로드' 강한나, '미식 모범생'이 선보인 다양한 뉴욕 치킨 먹방",연예,19,2019,10,16,7:49,2,2,0,0,0,0,0,0,0,0,0,https://news.naver.com/main/read.nhn?mode=LSD&mid=sec&sid1=106&oid=015&aid=0004224392,1
레드벨벳,"'치킨로드' 강한나, '미식 모범생'이 선보인 뉴욕 치킨 먹방 품격",연예,19,2019,10,16,7:06,2,2,0,0,0,0,0,0,0,0,0,https://news.naver.com/main/read.nhn?mode=LSD&mid=sec&sid1=106&oid=215&aid=0000816443,1
레드벨벳,"'치킨로드' 강한나, 뉴욕 치킨 먹방 품격..'미식 모범생'의 진면모",연예,19,2019,10,16,7:11,1,1,0,0,0,0,0,0,0,0,0,https://news.naver.com/main/read.nhn?mode=LSD&mid=sec&sid1=106&oid=011&aid=0003634913,1
레드벨벳,"[SW포토]레드벨벳, 가을밤 수 놓는 아름다운 화음",연예,20,2019,10,25,20:43,41,7,0,34,0,0,0,0,0,0,0,https://news.naver.com/main/read.nhn?mode=LSD&mid=sec&sid1=106&oid=396&aid=0000530350,1
레드벨벳,"레드벨벳, 세 번째 단독 콘서트 개최",생활,20,2019,10,22,14:16,30,16,12,0,2,0,0,0,0,0,0,https://news.naver.com/main/read.nhn?mode=LSD&mid=sec&sid1=103&oid=001&aid=0011159960,1
레드벨벳,"""요정의 환생""..레드벨벳 예리, 핑크색 머리로 뽐낸 또렷 이목구비",연예,20,2019,10,26,15:12,77,76,0,1,0,0,0,0,0,0,0,https://news.naver.com/main/read.nhn?mode=LSD&mid=sec&sid1=106&oid=112&aid=0003227734,-1
레드벨벳,"레드벨벳 조이, 뱅 앞머리+레드립의 고혹적 자태..""클레오파트라 비주얼""",연예,20,2019,10,25,18:32,102,101,0,1,0,0,0,0,0,0,0,https://news.naver.com/main/read.nhn?mode=LSD&mid=sec&sid1=106&oid=112&aid=0003227526,1
레드벨벳,[SW 창간 14주년 콘서트] 레드벨벳·김장훈·CLC… 가을 밤 빛낸 ★들,연예,20,2019,10,25,21:12,29,28,0,1,0,0,0,0,0,0,0,https://news.naver.com/main/read.nhn?mode=LSD&mid=sec&sid1=106&oid=396&aid=0000530353,1
레드벨벳,"레드벨벳 아이린, 고혹미 넘치는 가을 여신(화보)",연예,20,2019,10,24,13:49,10,10,0,0,0,0,0,0,0,0,0,https://news.naver.com/main/read.nhn?mode=LSD&mid=sec&sid1=106&oid=410&aid=0000636897,1
레드벨벳,"“보자마자 숨이 멎네”…’레드벨벳’ 아이린, 고혹적 분위기 [화보]",연예,20,2019,10,24,14:55,14,14,0,0,0,0,0,0,0,0,0,https://news.naver.com/main/read.nhn?mode=LSD&mid=sec&sid1=106&oid=382&aid=0000771339,-1
레드벨벳,"레드벨벳, 단독 콘서트 ‘La Rouge’ 11월 23~24일 개최",연예,20,2019,10,22,16:31,64,64,0,0,0,0,0,0,0,0,0,https://news.naver.com/main/read.nhn?mode=LSD&mid=sec&sid1=106&oid=021&aid=0002406059,-1
레드벨벳,"레드벨벳, 내달 세 번째 단독콘서트 '라 루즈' 개최",연예,20,2019,10,22,14:25,15,15,0,0,0,0,0,0,0,0,0,https://news.naver.com/main/read.nhn?mode=LSD&mid=sec&sid1=106&oid=079&aid=0003282811,1
레드벨벳,"레드벨벳, 세 번째 단독 콘서트 'La Rouge' 11월 23~24일 개최",연예,20,2019,10,22,14:31,34,33,0,1,0,0,0,0,0,0,0,https://news.naver.com/main/read.nhn?mode=LSD&mid=sec&sid1=106&oid=241&aid=0002971024,1
레드벨벳,"레드벨벳 예리, 설레는 표정 맞아? 범접불가 시크美[SNS★컷]",연예,20,2019,10,26,16:53,28,28,0,0,0,0,0,0,0,0,0,https://news.naver.com/main/read.nhn?mode=LSD&mid=sec&sid1=106&oid=609&aid=0000193712,1
레드벨벳,"레드벨벳 아이린, 주얼리 영상 속 그윽한 '눈빛'",연예,20,2019,10,24,24:00,26,26,0,0,0,0,0,0,0,0,0,https://news.naver.com/main/read.nhn?mode=LSD&mid=sec&sid1=106&oid=008&aid=0004297759,1
레드벨벳,"레드벨벳 아이린, 세련+고급미 물씬..'분위기 여신'의 가을 감성[화보]",연예,20,2019,10,24,10:17,33,33,0,0,0,0,0,0,0,0,0,https://news.naver.com/main/read.nhn?mode=LSD&mid=sec&sid1=106&oid=112&aid=0003226836,1
레드벨벳,"레드벨벳 조이 근황, 분위기 있는 가을 여신 변신",연예,21,2019,11,01,23:55,23,23,0,0,0,0,0,0,0,0,0,https://news.naver.com/main/read.nhn?mode=LSD&mid=sec&sid1=106&oid=469&aid=0000436433,1
레드벨벳,"""미모, 판타지""…레드벨벳 아이린, 바비 인형이 있다면 아이린이겠지 [★SHOT!]",연예,21,2019,11,02,8:27,19,19,0,0,0,0,0,0,0,0,0,https://news.naver.com/main/read.nhn?mode=LSD&mid=sec&sid1=106&oid=109&aid=0004113378,-1
레드벨벳,"레드벨벳 조이, 수수해도 이 구역 최강 미모",연예,21,2019,11,01,18:51,120,119,0,1,0,0,0,0,0,0,0,https://news.naver.com/main/read.nhn?mode=LSD&mid=sec&sid1=106&oid=108&aid=0002820844,1
레드벨벳,"레드벨벳 아이린, 예쁜 인사",연예,21,2019,11,01,15:03,14,14,0,0,0,0,0,0,0,0,0,https://news.naver.com/main/read.nhn?mode=LSD&mid=sec&sid1=106&oid=421&aid=0004282592,1
레드벨벳,[TEN PHOTO] 레드벨벳 아이린 '미모 맑음',연예,21,2019,11,01,14:34,13,13,0,0,0,0,0,0,0,0,0,https://news.naver.com/main/read.nhn?mode=LSD&mid=sec&sid1=106&oid=312&aid=0000418222,1
레드벨벳,"[포토] 레드벨벳 아이린, ‘오늘도 예쁨’",연예,21,2019,11,01,14:31,9,9,0,0,0,0,0,0,0,0,0,https://news.naver.com/main/read.nhn?mode=LSD&mid=sec&sid1=106&oid=014&aid=0004320203,-1
레드벨벳,[포토] 레드벨벳 아이린 '아름다운 미소',연예,21,2019,11,01,14:44,4,4,0,0,0,0,0,0,0,0,0,https://news.naver.com/main/read.nhn?mode=LSD&mid=sec&sid1=106&oid=022&aid=0003410765,1
레드벨벳,[MD포토] 아이린 '레드벨벳 과즙미 담당',연예,21,2019,11,01,14:32,59,59,0,0,0,0,0,0,0,0,0,https://news.naver.com/main/read.nhn?mode=LSD&mid=sec&sid1=106&oid=117&aid=0003295465,-1
레드벨벳,"[TF포토] 레드벨벳 아이린, '내 하트를 받아요!'",연예,21,2019,11,01,14:37,11,11,0,0,0,0,0,0,0,0,0,https://news.naver.com/main/read.nhn?mode=LSD&mid=sec&sid1=106&oid=629&aid=0000002813,1
레드벨벳,"레드벨벳 아이린, 독보적인 러블리함",연예,21,2019,11,02,8:45,85,85,0,0,0,0,0,0,0,0,0,https://news.naver.com/main/read.nhn?mode=LSD&mid=sec&sid1=106&oid=469&aid=0000436475,1
레드벨벳,"레드벨벳 조이, 오늘도 예쁘다…민낯이 이정도",연예,21,2019,11,01,16:55,29,29,0,0,0,0,0,0,0,0,0,https://news.naver.com/main/read.nhn?mode=LSD&mid=sec&sid1=106&oid=112&aid=0003230304,1
레드벨벳,"[포토] 레드벨벳 아이린, ‘아담해도 예쁜 비율’",연예,21,2019,11,01,14:48,4,4,0,0,0,0,0,0,0,0,0,https://news.naver.com/main/read.nhn?mode=LSD&mid=sec&sid1=106&oid=014&aid=0004320229,-1
레드벨벳,"레드벨벳 아이린, 움직이는 바비인형",연예,21,2019,11,01,14:36,14,13,0,1,0,0,0,0,0,0,0,https://news.naver.com/main/read.nhn?mode=LSD&mid=sec&sid1=106&oid=421&aid=0004282487,1
레드벨벳,"[포토] 레드벨벳 아이린, ‘화려한 미모’",연예,21,2019,11,01,14:46,5,5,0,0,0,0,0,0,0,0,0,https://news.naver.com/main/read.nhn?mode=LSD&mid=sec&sid1=106&oid=014&aid=0004320228,-1
레드벨벳,"레드벨벳 아이린, 감탄 절로 나는 꽃미모",연예,21,2019,11,01,15:03,5,5,0,0,0,0,0,0,0,0,0,https://news.naver.com/main/read.nhn?mode=LSD&mid=sec&sid1=106&oid=421&aid=0004282593,1
레드벨벳,"레드벨벳 아이린, 미세먼지 나쁨 속 '미모 맑음'",연예,21,2019,11,01,14:40,5,5,0,0,0,0,0,0,0,0,0,https://news.naver.com/main/read.nhn?mode=LSD&mid=sec&sid1=106&oid=421&aid=0004282491,1
레드벨벳,[TEN PHOTO] 레드벨벳 아이린 '예쁨을 담다',연예,21,2019,11,01,14:45,3,3,0,0,0,0,0,0,0,0,0,https://news.naver.com/main/read.nhn?mode=LSD&mid=sec&sid1=106&oid=312&aid=0000418228,1
레드벨벳,[TEN PHOTO] 레드벨벳 아이린 '특기는 예쁨',연예,21,2019,11,01,14:39,4,4,0,0,0,0,0,0,0,0,0,https://news.naver.com/main/read.nhn?mode=LSD&mid=sec&sid1=106&oid=312&aid=0000418224,-1
레드벨벳,[TEN PHOTO] 레드벨벳 아이린 '예쁨은 언제나 함께',연예,21,2019,11,01,14:47,2,2,0,0,0,0,0,0,0,0,0,https://news.naver.com/main/read.nhn?mode=LSD&mid=sec&sid1=106&oid=312&aid=0000418230,1
레드벨벳,[포토] 레드벨벳 아이린 ‘부끄러워요’,연예,21,2019,11,01,15:47,4,4,0,0,0,0,0,0,0,0,0,https://news.naver.com/main/read.nhn?mode=LSD&mid=sec&sid1=106&oid=382&aid=0000773644,-1
레드벨벳,[TEN PHOTO] 레드벨벳 아이린 '우유빛깔 아름다움',연예,21,2019,11,01,14:40,4,4,0,0,0,0,0,0,0,0,0,https://news.naver.com/main/read.nhn?mode=LSD&mid=sec&sid1=106&oid=312&aid=0000418226,1
레드벨벳,[TEN PHOTO] 레드벨벳 아이린 '아름다움 뿌리는 중',연예,21,2019,11,01,14:43,4,4,0,0,0,0,0,0,0,0,0,https://news.naver.com/main/read.nhn?mode=LSD&mid=sec&sid1=106&oid=312&aid=0000418227,-1
레드벨벳,[TEN PHOTO] 레드벨벳 아이린 '햇살보다 빛나는 미모',연예,21,2019,11,01,14:37,4,4,0,0,0,0,0,0,0,0,0,https://news.naver.com/main/read.nhn?mode=LSD&mid=sec&sid1=106&oid=312&aid=0000418223,1
레드벨벳,"레드벨벳 아이린, 옆모습도 완벽미모 [똑똑SNS]",연예,22,2019,11,09,15:48,16,16,0,0,0,0,0,0,0,0,0,https://news.naver.com/main/read.nhn?mode=LSD&mid=sec&sid1=106&oid=410&aid=0000642193,1
레드벨벳,AI 스피커 `누구` 레드벨벳 아이린 알람·에브리싱으로 노래,IT,22,2019,11,08,8:33,9,6,3,0,0,0,0,0,0,0,0,https://news.naver.com/main/read.nhn?mode=LSD&mid=sec&sid1=105&oid=029&aid=0002565733,1
레드벨벳,"레드벨벳 조이, 시크함이 철철..출구 없는 매력",연예,22,2019,11,08,14:43,32,32,0,0,0,0,0,0,0,0,0,https://news.naver.com/main/read.nhn?mode=LSD&mid=sec&sid1=106&oid=112&aid=0003233056,-1
레드벨벳,레드벨벳 슬기 '추위 달래는 하트'[엑's HD포토],연예,22,2019,11,08,7:00,10,10,0,0,0,0,0,0,0,0,0,https://news.naver.com/main/read.nhn?mode=LSD&mid=sec&sid1=106&oid=311&aid=0001071425,1
레드벨벳,[포토] 슬기 '레드벨벳 대표니까',연예,22,2019,11,07,20:31,8,8,0,0,0,0,0,0,0,0,0,https://news.naver.com/main/read.nhn?mode=LSD&mid=sec&sid1=106&oid=241&aid=0002977680,1
레드벨벳,"""이 미소, 치명적""…레드벨벳 아이린, 인형의 웃음 [★SHOT!]",연예,22,2019,11,09,13:30,74,74,0,0,0,0,0,0,0,0,0,https://news.naver.com/main/read.nhn?mode=LSD&mid=sec&sid1=106&oid=109&aid=0004117657,1
레드벨벳,"레드벨벳 아이린, 감탄 나오는 미모 클래스..오프숄더로 더한 우아미",연예,22,2019,11,09,13:31,28,28,0,0,0,0,0,0,0,0,0,https://news.naver.com/main/read.nhn?mode=LSD&mid=sec&sid1=106&oid=112&aid=0003233339,1
레드벨벳,"""자기야 일어나~"" 레드벨벳 아이린이 잠 깨워주는 SKT 누구셀럽 알람",경제,22,2019,11,08,9:18,7,5,2,0,0,0,0,0,0,0,0,https://news.naver.com/main/read.nhn?mode=LSD&mid=sec&sid1=101&oid=421&aid=0004293643,1
레드벨벳,"[MD포토] 레드벨벳 슬기, '하트는 새침하게'",연예,22,2019,11,07,20:06,3,3,0,0,0,0,0,0,0,0,0,https://news.naver.com/main/read.nhn?mode=LSD&mid=sec&sid1=106&oid=117&aid=0003298134,-1
레드벨벳,[포토] 레드벨벳 슬기 '빛을 이끌고 전진',연예,22,2019,11,07,20:28,2,2,0,0,0,0,0,0,0,0,0,https://news.naver.com/main/read.nhn?mode=LSD&mid=sec&sid1=106&oid=241&aid=0002977673,-1
레드벨벳,[포토] 레드벨벳 슬기 '입동전야의 고혹미',연예,22,2019,11,07,20:31,2,2,0,0,0,0,0,0,0,0,0,https://news.naver.com/main/read.nhn?mode=LSD&mid=sec&sid1=106&oid=241&aid=0002977675,-1
레드벨벳,[포토] 슬기 '레드 크로스',연예,22,2019,11,07,22:04,2,2,0,0,0,0,0,0,0,0,0,https://news.naver.com/main/read.nhn?mode=LSD&mid=sec&sid1=106&oid=241&aid=0002977724,-1
레드벨벳,"레드벨벳 조이,파격 메이크업에도 감출 수 없는 미모 [똑똑SNS]",연예,23,2019,11,16,19:22,14,14,0,0,0,0,0,0,0,0,0,https://news.naver.com/main/read.nhn?mode=LSD&mid=sec&sid1=106&oid=410&aid=0000644364,-1
레드벨벳,"레드벨벳 예리, 곰돌이 연상시키는 ‘러블리’",연예,23,2019,11,16,8:54,45,45,0,0,0,0,0,0,0,0,0,https://news.naver.com/main/read.nhn?mode=LSD&mid=sec&sid1=106&oid=469&aid=0000440499,-1
레드벨벳,"‘겟잇뷰티 2019’ 장윤주-레드벨벳 조이-아이린-은서, 출근길 포즈 대결",연예,23,2019,11,15,19:11,15,15,0,0,0,0,0,0,0,0,0,https://news.naver.com/main/read.nhn?mode=LSD&mid=sec&sid1=106&oid=382&aid=0000776911,-1
레드벨벳,"레드벨벳 조이 ""메이크업 내가 했다"" 금손 인증",연예,23,2019,11,15,15:14,59,58,0,1,0,0,0,0,0,0,0,https://news.naver.com/main/read.nhn?mode=LSD&mid=sec&sid1=106&oid=112&aid=0003235770,-1
레드벨벳,"레드벨벳 조이, 고혹적 메이크업 공개 '이번엔 입에 안 묻었네'",연예,23,2019,11,15,15:22,40,40,0,0,0,0,0,0,0,0,0,https://news.naver.com/main/read.nhn?mode=LSD&mid=sec&sid1=106&oid=108&aid=0002823974,-1
레드벨벳,"레드벨벳 예리, 레드 컬러 드레스 입고 '섹시+몽환美'",연예,23,2019,11,14,17:09,32,30,0,1,0,0,1,0,0,0,0,https://news.naver.com/main/read.nhn?mode=LSD&mid=sec&sid1=106&oid=468&aid=0000591989,1
레드벨벳,"레드벨벳 예리, 흑백 사진 속 미모의 ‘분위기 여신’ [똑똑SNS]",연예,23,2019,11,16,11:35,5,5,0,0,0,0,0,0,0,0,0,https://news.naver.com/main/read.nhn?mode=LSD&mid=sec&sid1=106&oid=410&aid=0000644205,1
레드벨벳,"레드벨벳 예리, 털코트 입은 아기 곰돌이 ‘귀엽고 깜찍해’[SNS★컷]",연예,23,2019,11,16,11:07,32,32,0,0,0,0,0,0,0,0,0,https://news.naver.com/main/read.nhn?mode=LSD&mid=sec&sid1=106&oid=609&aid=0000204017,1
레드벨벳,레드벨벳 웬디 '금발의 요정'[엑's HD포토],연예,23,2019,11,15,7:00,5,5,0,0,0,0,0,0,0,0,0,https://news.naver.com/main/read.nhn?mode=LSD&mid=sec&sid1=106&oid=311&aid=0001074692,-1
레드벨벳,레드벨벳 웬디 '상큼 윙크로 남심 저격'[엑's HD포토],연예,23,2019,11,15,7:00,3,3,0,0,0,0,0,0,0,0,0,https://news.naver.com/main/read.nhn?mode=LSD&mid=sec&sid1=106&oid=311&aid=0001074691,1
레드벨벳,레드벨벳 웬디 '롱패딩으로 완성한 패션'[엑's HD포토],연예,23,2019,11,15,7:00,5,5,0,0,0,0,0,0,0,0,0,https://news.naver.com/main/read.nhn?mode=LSD&mid=sec&sid1=106&oid=311&aid=0001074694,-1
레드벨벳,레드벨벳 웬디 '아담해도 완벽한 비율'[엑's HD포토],연예,23,2019,11,15,7:01,2,2,0,0,0,0,0,0,0,0,0,https://news.naver.com/main/read.nhn?mode=LSD&mid=sec&sid1=106&oid=311&aid=0001074695,-1
레드벨벳,"'섹시+몽환'…레드벨벳 예리, 성숙미 넘치는 자태",연예,23,2019,11,14,8:00,18,17,0,1,0,0,0,0,0,0,0,https://news.naver.com/main/read.nhn?mode=LSD&mid=sec&sid1=106&oid=117&aid=0003300531,1
레드벨벳,"레드벨벳 예리, 빨간 미니 드레스로 드러낸 고혹미 [★해시태그]",연예,23,2019,11,14,18:10,37,37,0,0,0,0,0,0,0,0,0,https://news.naver.com/main/read.nhn?mode=LSD&mid=sec&sid1=106&oid=311&aid=0001074563,1
레드벨벳,"레드벨벳, 오늘부터 세 번째 단독 콘서트 개최",연예,24,2019,11,23,13:33,97,97,0,0,0,0,0,0,0,0,0,https://news.naver.com/main/read.nhn?mode=LSD&mid=sec&sid1=106&oid=241&aid=0002982218,1
레드벨벳,"레드벨벳 예리, 러블리함 폭발",연예,24,2019,11,23,8:47,20,20,0,0,0,0,0,0,0,0,0,https://news.naver.com/main/read.nhn?mode=LSD&mid=sec&sid1=106&oid=469&aid=0000442593,1
레드벨벳,`겟잇뷰티 2019` 레드벨벳 조이 눕방 부른 수면템 대방출,연예,24,2019,11,22,16:47,4,4,0,0,0,0,0,0,0,0,0,https://news.naver.com/main/read.nhn?mode=LSD&mid=sec&sid1=106&oid=009&aid=0004468956,1
레드벨벳,"레드벨벳 예리, '메롱'도 귀엽네",연예,24,2019,11,22,24:14,28,28,0,0,0,0,0,0,0,0,0,https://news.naver.com/main/read.nhn?mode=LSD&mid=sec&sid1=106&oid=108&aid=0002825383,1
레드벨벳,"레드벨벳 조이, 더 아찔해진 '섹시 다이나마이트' [★SHOT!]",연예,24,2019,11,22,7:50,60,60,0,0,0,0,0,0,0,0,0,https://news.naver.com/main/read.nhn?mode=LSD&mid=sec&sid1=106&oid=109&aid=0004124127,-1
레드벨벳,[공식] 방탄소년단·트와이스·레드벨벳 '2019 SBS 가요대전' 1차 라인업,연예,24,2019,11,20,14:10,136,136,0,0,0,0,0,0,0,0,0,https://news.naver.com/main/read.nhn?mode=LSD&mid=sec&sid1=106&oid=076&aid=0003499328,1
레드벨벳,"레드벨벳 조이, 나른+퇴폐美 넘치는 면모 ""재미있었다""",연예,24,2019,11,22,16:46,53,53,0,0,0,0,0,0,0,0,0,https://news.naver.com/main/read.nhn?mode=LSD&mid=sec&sid1=106&oid=108&aid=0002825451,1
레드벨벳,"레드벨벳 조이, 아이돌 최강 꿀벅지 인증샷 [똑똑SNS]",연예,24,2019,11,22,9:15,20,20,0,0,0,0,0,0,0,0,0,https://news.naver.com/main/read.nhn?mode=LSD&mid=sec&sid1=106&oid=410&aid=0000645939,-1
레드벨벳,레드… 골드… 정열적이거나 화려하거나,,24,2019,11,22,3:05,1,1,0,0,0,0,0,0,0,0,0,https://news.naver.com/main/read.nhn?mode=LSD&mid=sec&sid1=004&oid=023&aid=0003488495,-1
레드벨벳,"레드벨벳, 세 번째 단독 콘서트 오늘부터 이틀간 개최",연예,24,2019,11,23,10:16,34,34,0,0,0,0,0,0,0,0,0,https://news.naver.com/main/read.nhn?mode=LSD&mid=sec&sid1=106&oid=468&aid=0000595570,1
레드벨벳,"레드벨벳, 단독 콘서트 ‘La Rouge’ 개최...""매혹적인 음악 색깔""",연예,24,2019,11,23,10:33,28,28,0,0,0,0,0,0,0,0,0,https://news.naver.com/main/read.nhn?mode=LSD&mid=sec&sid1=106&oid=076&aid=0003500636,1
레드벨벳,"레드벨벳, 오늘부터 이틀간 단독 콘서트 ‘La Rouge’ 개최",연예,24,2019,11,23,13:02,130,129,0,1,0,0,0,0,0,0,0,https://news.naver.com/main/read.nhn?mode=LSD&mid=sec&sid1=106&oid=408&aid=0000081907,-1
레드벨벳,"레드벨벳, 세 번째 단독 콘서트 ‘La Rouge’ 오늘부터 이틀간 개최",연예,24,2019,11,23,10:55,16,16,0,0,0,0,0,0,0,0,0,https://news.naver.com/main/read.nhn?mode=LSD&mid=sec&sid1=106&oid=410&aid=0000646164,1
레드벨벳,[투데이TV]'겟잇뷰티 2019' 레드벨벳 조이의 눕방 부른 꿀잠템 大방출,연예,24,2019,11,22,10:48,21,21,0,0,0,0,0,0,0,0,0,https://news.naver.com/main/read.nhn?mode=LSD&mid=sec&sid1=106&oid=112&aid=0003238482,1
레드벨벳,"""진짜 편하다"" 레드벨벳 조이가 눕방 시전한 사연은?('겟잇뷰티')",연예,24,2019,11,22,10:48,10,10,0,0,0,0,0,0,0,0,0,https://news.naver.com/main/read.nhn?mode=LSD&mid=sec&sid1=106&oid=117&aid=0003303918,1
레드벨벳,"‘겟잇뷰티’ 레드벨벳 조이 “진짜 아픈데 살 것 같다” 감탄, 독소빼는 숟가락 마사지 비법은? [채널예약]",연예,24,2019,11,22,24:12,5,5,0,0,0,0,0,0,0,0,0,https://news.naver.com/main/read.nhn?mode=LSD&mid=sec&sid1=106&oid=144&aid=0000643519,-1
레드벨벳,"레드벨벳 조이, '붉은 립스틱+크롭티' 퇴폐미 완성",연예,24,2019,11,22,24:15,61,61,0,0,0,0,0,0,0,0,0,https://news.naver.com/main/read.nhn?mode=LSD&mid=sec&sid1=106&oid=108&aid=0002825385,1
레드벨벳,"""방탄소년단·트와이스·레드벨벳""…'SBS 가요대전', 1차 라인업 공개 [공식입장]",연예,24,2019,11,20,13:39,121,121,0,0,0,0,0,0,0,0,0,https://news.naver.com/main/read.nhn?mode=LSD&mid=sec&sid1=106&oid=311&aid=0001077241,1
레드벨벳,"박명수, 레드벨벳 조이와 훈훈 투샷 ""딸이 너무 좋아해""",연예,25,2019,11,30,19:19,106,105,0,1,0,0,0,0,0,0,0,https://news.naver.com/main/read.nhn?mode=LSD&mid=sec&sid1=106&oid=241&aid=0002984310,1
레드벨벳,"동서식품, '오레오 샌드위치쿠키 레드벨벳' 정식 출시",경제,25,2019,11,26,11:58,5,4,1,0,0,0,0,0,0,0,0,https://news.naver.com/main/read.nhn?mode=LSD&mid=sec&sid1=101&oid=030&aid=0002853728,1
레드벨벳,"레드벨벳 조이, 장윤주 향해 ""너나 잘하세요"" 하극상?",연예,25,2019,11,29,16:19,7,7,0,0,0,0,0,0,0,0,0,https://news.naver.com/main/read.nhn?mode=LSD&mid=sec&sid1=106&oid=312&aid=0000423397,-1
레드벨벳,"레드벨벳 예리, 멤버들과 함께 찰칵..예리를 안고 있는 멤버는?",연예,25,2019,11,29,9:06,51,51,0,0,0,0,0,0,0,0,0,https://news.naver.com/main/read.nhn?mode=LSD&mid=sec&sid1=106&oid=108&aid=0002826938,1
레드벨벳,"레드벨벳 조이, 오늘도 미모 열일 중..과즙美 팡팡",연예,25,2019,11,30,15:53,27,26,0,1,0,0,0,0,0,0,0,https://news.naver.com/main/read.nhn?mode=LSD&mid=sec&sid1=106&oid=112&aid=0003241636,1
레드벨벳,"베이빌론, 레드벨벳 예리와 함께한 '너의 온기가 되어줄게' 공개 '겨울 힐링송'",연예,25,2019,11,30,17:18,35,35,0,0,0,0,0,0,0,0,0,https://news.naver.com/main/read.nhn?mode=LSD&mid=sec&sid1=106&oid=117&aid=0003306687,1
레드벨벳,"베이빌론X레드벨벳 예리, 30일 ‘너의 온기가 되어줄게’ 발매...""독보적 감성""",연예,25,2019,11,29,9:44,13,12,0,1,0,0,0,0,0,0,0,https://news.naver.com/main/read.nhn?mode=LSD&mid=sec&sid1=106&oid=076&aid=0003502993,1
레드벨벳,"레드벨벳 슬기 ""샤랄랄라"" '백조 같아'",연예,25,2019,11,29,7:21,13,12,0,1,0,0,0,0,0,0,0,https://news.naver.com/main/read.nhn?mode=LSD&mid=sec&sid1=106&oid=112&aid=0003241002,-1
레드벨벳,"박명수, 레드벨벳 조이와 투샷 “민서가 너무 좋아해”[SNS★컷]",연예,25,2019,11,30,15:11,73,73,0,0,0,0,0,0,0,0,0,https://news.naver.com/main/read.nhn?mode=LSD&mid=sec&sid1=106&oid=609&aid=0000211316,-1
레드벨벳,"'겟잇뷰티 2019' 레드벨벳 조이, ""너나 잘하세요""...귀여운 하극상",연예,25,2019,11,29,17:48,21,21,0,0,0,0,0,0,0,0,0,https://news.naver.com/main/read.nhn?mode=LSD&mid=sec&sid1=106&oid=011&aid=0003659441,1
레드벨벳,"'겟잇뷰티' 레드벨벳 조이, 장윤주 향해 ""너나 잘하세요"" [오늘밤TV]",연예,25,2019,11,29,17:36,5,5,0,0,0,0,0,0,0,0,0,https://news.naver.com/main/read.nhn?mode=LSD&mid=sec&sid1=106&oid=117&aid=0003306549,-1
레드벨벳,"레드벨벳 예리, 디즈니 공주님 비주얼..세련美 철철",연예,25,2019,11,29,11:30,20,20,0,0,0,0,0,0,0,0,0,https://news.naver.com/main/read.nhn?mode=LSD&mid=sec&sid1=106&oid=112&aid=0003241179,1
레드벨벳,"베이빌론, 레드벨벳 예리와 보이스 꿀케미..오늘(30일) ‘너의 온기가 되어줄게’ 발매",연예,25,2019,11,30,10:05,20,20,0,0,0,0,0,0,0,0,0,https://news.naver.com/main/read.nhn?mode=LSD&mid=sec&sid1=106&oid=109&aid=0004128033,1
레드벨벳,"베이빌론, 레드벨벳 예리와 콜라보…30일 ‘너의 온기가 되어줄게’ 발표",연예,25,2019,11,29,9:47,16,16,0,0,0,0,0,0,0,0,0,https://news.naver.com/main/read.nhn?mode=LSD&mid=sec&sid1=106&oid=382&aid=0000780100,-1
레드벨벳,"베이빌론, 30일 레드벨벳 예리와의 콜라보 ‘너의 온기가 되어줄게’ 발매",연예,25,2019,11,29,9:40,20,20,0,0,0,0,0,0,0,0,0,https://news.naver.com/main/read.nhn?mode=LSD&mid=sec&sid1=106&oid=215&aid=0000828054,1
레드벨벳,"베이빌론, 레드벨벳 예리가 시인과 작사한 ‘너의 온기가 되어줄게’ 발매",연예,25,2019,11,29,9:39,16,16,0,0,0,0,0,0,0,0,0,https://news.naver.com/main/read.nhn?mode=LSD&mid=sec&sid1=106&oid=312&aid=0000423249,1
레드벨벳,"베이빌론X레드벨벳 예리, 30일 콜라보 곡 '너의 온기가 되어줄게' 발매",연예,25,2019,11,29,10:27,13,13,0,0,0,0,0,0,0,0,0,https://news.naver.com/main/read.nhn?mode=LSD&mid=sec&sid1=106&oid=311&aid=0001081047,1
레드벨벳,"'고혹+우아美 끝판왕'…레드벨벳 슬기, 눈을 못 떼는 여신 미모",연예,25,2019,11,29,13:18,73,73,0,0,0,0,0,0,0,0,0,https://news.naver.com/main/read.nhn?mode=LSD&mid=sec&sid1=106&oid=117&aid=0003306358,1
