정준영,"'단톡방 친구들' 최종훈·정준영, 같은 날 법정선다…사건 병합",사회,0,2019,06,08,12:16,30,3,0,0,26,1,0,0,0,0,0,https://news.naver.com/main/read.nhn?mode=LSD&mid=sec&sid1=102&oid=018&aid=0004396791
정준영,"장재인, 정준영 단톡방 일침→남태현 양다리 폭로 '사이다 행보'",연예,0,2019,06,07,8:14,2,2,0,0,0,0,0,0,0,0,0,https://news.naver.com/main/read.nhn?mode=LSD&mid=sec&sid1=106&oid=416&aid=0000244718
정준영,"'집단성폭행 의혹' 정준영·최종훈, 함께 재판받는다…사건병합",사회,0,2019,06,05,16:16,5,0,0,0,5,0,0,0,0,0,0,https://news.naver.com/main/read.nhn?mode=LSD&mid=sec&sid1=102&oid=001&aid=0010871487
정준영,정준영·최종훈 법정에서 만나는 '단톡방 친구들' 집단성폭행 재판 병합(종합),사회,0,2019,06,05,16:35,15,1,1,2,11,0,0,0,0,0,0,https://news.naver.com/main/read.nhn?mode=LSD&mid=sec&sid1=102&oid=011&aid=0003565858
정준영,"'승리·정준영 단톡방' 최종훈, 집단성폭행 혐의 구속 기소",사회,0,2019,06,04,14:46,20,1,1,0,18,0,0,0,0,0,0,https://news.naver.com/main/read.nhn?mode=LSD&mid=sec&sid1=102&oid=015&aid=0004153121
정준영,'집단 성폭행 의혹' 정준영·최종훈 나란히 재판,사회,0,2019,06,06,9:48,15,5,0,0,8,2,0,0,0,0,0,https://news.naver.com/main/read.nhn?mode=LSD&mid=sec&sid1=102&oid=422&aid=0000378081
정준영,"'집단 성폭행' 최종훈, 구속 기소→절친 정준영과 재판도 함께 [종합]",연예,0,2019,06,04,20:59,1,1,0,0,0,0,0,0,0,0,0,https://news.naver.com/main/read.nhn?mode=LSD&mid=sec&sid1=106&oid=311&aid=0000999737
정준영,‘정준영 단톡방 몰카’ 등 디지털 성범죄 10년간 11배 넘게 늘었다,사회,0,2019,06,04,4:04,17,0,1,0,16,0,0,0,0,0,0,https://news.naver.com/main/read.nhn?mode=LSD&mid=sec&sid1=102&oid=005&aid=0001204549
정준영,'집단성폭행 의혹' 정준영·최종훈 같은 법정 선다…사건 병합,사회,0,2019,06,05,13:59,3,0,0,0,3,0,0,0,0,0,0,https://news.naver.com/main/read.nhn?mode=LSD&mid=sec&sid1=102&oid=421&aid=0004026770
정준영,"'사건병합', 정준영·최종훈, 함께 재판받는다…'좋은 친구들'?",연예,0,2019,06,05,21:44,2,0,0,2,0,0,0,0,0,0,0,https://news.naver.com/main/read.nhn?mode=LSD&mid=sec&sid1=106&oid=215&aid=0000779436
정준영,"'집단성폭행 의혹' 정준영·최종훈, 같이 재판 받는다",사회,0,2019,06,05,16:24,3,0,0,0,3,0,0,0,0,0,0,https://news.naver.com/main/read.nhn?mode=LSD&mid=sec&sid1=102&oid=015&aid=0004154044
정준영,"정준영·최종훈, 사건 병합...이젠 법정에서 만나나",연예,0,2019,06,05,16:34,2,1,0,1,0,0,0,0,0,0,0,https://news.naver.com/main/read.nhn?mode=LSD&mid=sec&sid1=106&oid=312&aid=0000391616
정준영,"‘집단 성폭행’ 정준영·최종훈, 재판도 함께 진행",연예,0,2019,06,05,16:44,5,4,0,1,0,0,0,0,0,0,0,https://news.naver.com/main/read.nhn?mode=LSD&mid=sec&sid1=106&oid=016&aid=0001543564
정준영,'몰카'→성폭행→재판까지 함께하는 '단톡방' 우정…정준영·최종훈 사건 병합[종합],연예,0,2019,06,05,17:44,3,2,0,1,0,0,0,0,0,0,0,https://news.naver.com/main/read.nhn?mode=LSD&mid=sec&sid1=106&oid=477&aid=0000187756
정준영,"이젠 법정멤버…'성폭행' 최종훈, 정준영과 함께 재판(종합)",사회,0,2019,06,04,18:26,4,1,0,0,1,2,0,0,0,0,0,https://news.naver.com/main/read.nhn?mode=LSD&mid=sec&sid1=102&oid=003&aid=0009269251
정준영,'집단 성폭행 혐의' 가수 최종훈 구속기소,사회,0,2019,06,04,14:11,149,8,1,2,132,6,0,0,0,0,0,https://news.naver.com/main/read.nhn?mode=LSD&mid=sec&sid1=102&oid=008&aid=0004228496
정준영,"[POP이슈]""정준영과 재판""..'집단 성폭행 혐의' 최종훈, 구속적부심 청구 기각",연예,0,2019,06,04,19:56,2,1,0,1,0,0,0,0,0,0,0,https://news.naver.com/main/read.nhn?mode=LSD&mid=sec&sid1=106&oid=112&aid=0003172299
정준영,"""쉽게쉽게 가자""…정준영 여친 불법촬영건 경찰이 덮었다",사회,1,2019,06,13,24:01,979,6,2,3,939,29,0,0,0,0,0,https://news.naver.com/main/read.nhn?mode=LSD&mid=sec&sid1=102&oid=079&aid=0003237829
정준영,‘정준영 살리기’ 17일간의 수사 재구성,사회,1,2019,06,13,16:39,532,1,3,5,506,17,0,0,0,0,0,https://news.naver.com/main/read.nhn?mode=LSD&mid=sec&sid1=102&oid=056&aid=0010711482
정준영,경찰관이 변호사와 짜고 '정준영 여친 불법촬영' 부실수사,사회,1,2019,06,13,15:07,620,5,1,2,600,12,0,0,0,0,0,https://news.naver.com/main/read.nhn?mode=LSD&mid=sec&sid1=102&oid=001&aid=0010888426
정준영,“쉽게쉽게 합시다”…3년 전 ‘정준영 불법촬영’ 부실 수사한 경찰관,사회,1,2019,06,13,14:16,57,0,0,0,56,1,0,0,0,0,0,https://news.naver.com/main/read.nhn?mode=LSD&mid=sec&sid1=102&oid=081&aid=0003006292
정준영,"""귀찮아서""...'정준영 몰카 사건' 덮은 경찰",사회,1,2019,06,13,13:08,"1,235",6,3,1,"1,197",28,0,0,0,0,0,https://news.naver.com/main/read.nhn?mode=LSD&mid=sec&sid1=102&oid=052&aid=0001306378
정준영,"""쉽게 갑시다""…'정준영 몰카' 경찰이 그렇게 덮었다",사회,1,2019,06,13,14:40,821,6,5,5,789,16,0,0,0,0,0,https://news.naver.com/main/read.nhn?mode=LSD&mid=sec&sid1=102&oid=003&aid=0009284710
정준영,"'2016 불법 동영상 유포' 정준영 사건, 성동署 경찰관 등 기소의견 송치",사회,1,2019,06,13,24:02,8,0,0,0,7,1,0,0,0,0,0,https://news.naver.com/main/read.nhn?mode=LSD&mid=sec&sid1=102&oid=014&aid=0004244517
정준영,"""3년 전 '정준영 불법 촬영' 수사, 부실 확인""",사회,1,2019,06,13,24:15,23,0,0,0,23,0,0,0,0,0,0,https://news.naver.com/main/read.nhn?mode=LSD&mid=sec&sid1=102&oid=214&aid=0000955837
정준영,‘정준영 불법촬영물에 여배우·걸그룹 등장’ 허위사실 유포자 7명 검거,사회,1,2019,06,12,13:41,35,5,2,0,24,4,0,0,0,0,0,https://news.naver.com/main/read.nhn?mode=LSD&mid=sec&sid1=102&oid=023&aid=0003453210
정준영,“쉽게 쉽게 갑시다” 정준영 측 변호사와 손잡은 경찰···‘부실수사’ 알고보니,사회,1,2019,06,13,24:01,412,6,2,1,392,11,0,0,0,0,0,https://news.naver.com/main/read.nhn?mode=LSD&mid=sec&sid1=102&oid=032&aid=0002945621
정준영,"3년전 '정준영 불법촬영' 담당경찰관, 얼렁뚱땅 봐주기 수사",사회,1,2019,06,13,24:00,106,2,1,0,103,0,0,0,0,0,0,https://news.naver.com/main/read.nhn?mode=LSD&mid=sec&sid1=102&oid=001&aid=0010887900
정준영,"""휴대폰 분실한 걸로 쉽게 가자""…정준영 몰카 사건, 경찰이 은폐 제안",사회,1,2019,06,13,16:58,424,6,2,0,406,10,0,0,0,0,0,https://news.naver.com/main/read.nhn?mode=LSD&mid=sec&sid1=102&oid=023&aid=0003453584
정준영,"""분실한 걸로 쉽게 갑시다""···정준영 황금폰, 경찰이 덮었다",사회,1,2019,06,13,24:36,609,3,2,3,589,12,0,0,0,0,0,https://news.naver.com/main/read.nhn?mode=LSD&mid=sec&sid1=102&oid=025&aid=0002914321
정준영,"3년 전 '정준영 불법 촬영' 담당 경찰관, 얼렁뚱땅 봐주기 수사",사회,1,2019,06,13,13:23,90,0,0,0,87,3,0,0,0,0,0,https://news.naver.com/main/read.nhn?mode=LSD&mid=sec&sid1=102&oid=055&aid=0000738122
정준영,"경찰이 놓친 정준영 불법촬영 휴대전화, 변호사 사무실에 있었다",사회,1,2019,06,13,24:05,"1,463",4,6,2,"1,408",43,0,0,0,0,0,https://news.naver.com/main/read.nhn?mode=LSD&mid=sec&sid1=102&oid=028&aid=0002457279
정준영,"경찰 ""폰 분실한 걸로 하자""…과거 '정준영 몰카' 수사 엉터리",사회,1,2019,06,13,21:25,126,0,0,0,125,1,0,0,0,0,0,https://news.naver.com/main/read.nhn?mode=LSD&mid=sec&sid1=102&oid=448&aid=0000275965
정준영,3년 전 ‘정준영 불법촬영’ 부실수사 확인…경찰·변호사 공모,사회,1,2019,06,13,24:22,131,1,1,1,126,2,0,0,0,0,0,https://news.naver.com/main/read.nhn?mode=LSD&mid=sec&sid1=102&oid=056&aid=0010711389
정준영,‘정준영 불법촬영’ 부실수사 확인…경찰·변호사가 공모,사회,1,2019,06,13,17:14,56,2,0,0,52,2,0,0,0,0,0,https://news.naver.com/main/read.nhn?mode=LSD&mid=sec&sid1=102&oid=056&aid=0010711491
정준영,경찰관이 변호사와 짜고 '정준영 여친 불법 촬영' 덮었다,사회,1,2019,06,13,15:21,"1,156",2,8,2,"1,110",34,0,0,0,0,0,https://news.naver.com/main/read.nhn?mode=LSD&mid=sec&sid1=102&oid=055&aid=0000738147
정준영,경찰관이 변호사와 짜고 `정준영 여친 불법촬영` 덮었다,사회,1,2019,06,13,15:56,3,0,1,0,2,0,0,0,0,0,0,https://news.naver.com/main/read.nhn?mode=LSD&mid=sec&sid1=102&oid=029&aid=0002533321
정준영,"'정준영 불법촬영' 부실수사 경찰·변호사 검찰송치…""휴대폰 분실 공모""",사회,1,2019,06,13,24:05,1,0,0,0,1,0,0,0,0,0,0,https://news.naver.com/main/read.nhn?mode=LSD&mid=sec&sid1=102&oid=421&aid=0004039633
정준영,"3년전 정준영 불법촬영 사건 덮은 경찰…""빨리 끝내고 싶었다""",사회,1,2019,06,13,15:11,152,2,2,1,143,4,0,0,0,0,0,https://news.naver.com/main/read.nhn?mode=LSD&mid=sec&sid1=102&oid=031&aid=0000496769
정준영,"경찰, 2016년 정준영에 ""휴대폰 분실한 걸로 하자""",사회,1,2019,06,13,24:20,194,1,1,1,186,5,0,0,0,0,0,https://news.naver.com/main/read.nhn?mode=LSD&mid=sec&sid1=102&oid=008&aid=0004232739
정준영,"“분실한 걸로 쉽게, 쉽게” 3년 전 정준영 불법촬영, 경찰이 덮어",사회,1,2019,06,13,17:00,125,1,1,0,122,1,0,0,0,0,0,https://news.naver.com/main/read.nhn?mode=LSD&mid=sec&sid1=102&oid=020&aid=0003222977
정준영,"경찰 어디서부터 문제인가…정준영 불법촬영 담당 경찰 ""폰 분실한 걸로 쉽게 가자""",사회,1,2019,06,13,15:24,294,4,0,0,286,4,0,0,0,0,0,https://news.naver.com/main/read.nhn?mode=LSD&mid=sec&sid1=102&oid=015&aid=0004158503
정준영,'정준영 몰카 사건' 덮은 경찰의 황당 이유,사회,1,2019,06,13,19:04,541,1,4,0,525,11,0,0,0,0,0,https://news.naver.com/main/read.nhn?mode=LSD&mid=sec&sid1=102&oid=052&aid=0001306554
정준영,'정준영 몰카 사건' 덮은 경찰의 황당 이유,사회,1,2019,06,13,22:09,186,0,0,0,175,11,0,0,0,0,0,https://news.naver.com/main/read.nhn?mode=LSD&mid=sec&sid1=102&oid=052&aid=0001306607
정준영,"""3년 전 정준영의 황금폰 은폐, 경찰-변호사가 있었다""",연예,1,2019,06,13,18:03,1,0,0,1,0,0,0,0,0,0,0,https://news.naver.com/main/read.nhn?mode=LSD&mid=sec&sid1=106&oid=416&aid=0000244960
정준영,"“쉽게, 쉽게 하자” 정준영 불법촬영 무마한 경찰과 변호사",사회,1,2019,06,13,15:53,343,6,2,2,326,7,0,0,0,0,0,https://news.naver.com/main/read.nhn?mode=LSD&mid=sec&sid1=102&oid=005&aid=0001207553
정준영,'정준영 몰카' 3년전 경찰수사 부실했다…은폐정황도,사회,1,2019,06,13,24:00,11,0,0,0,11,0,0,0,0,0,0,https://news.naver.com/main/read.nhn?mode=LSD&mid=sec&sid1=102&oid=003&aid=0009284373
정준영,경찰이 먼저 “잃어버린 것으로 하자”...3년전 ‘정준영 황금폰’ 수사 덮었다,사회,1,2019,06,13,24:46,304,1,1,0,295,7,0,0,0,0,0,https://news.naver.com/main/read.nhn?mode=LSD&mid=sec&sid1=102&oid=469&aid=0000396614
정준영,3년전 '정준영 불법동영상 유포' 부실수사였다,사회,1,2019,06,13,17:32,59,0,0,1,57,1,0,0,0,0,0,https://news.naver.com/main/read.nhn?mode=LSD&mid=sec&sid1=102&oid=014&aid=0004244790
정준영,"3년 전 부실했던 정준영 '불법촬영' 수사…수사팀장, 직무유기로 송치",사회,1,2019,06,13,24:13,2,0,0,0,2,0,0,0,0,0,0,https://news.naver.com/main/read.nhn?mode=LSD&mid=sec&sid1=102&oid=214&aid=0000955835
정준영,'가짜 정준영 리스트' 유포자 7명 경찰에 붙잡혀,사회,1,2019,06,12,24:00,9,0,0,1,8,0,0,0,0,0,0,https://news.naver.com/main/read.nhn?mode=LSD&mid=sec&sid1=102&oid=011&aid=0003568820
정준영,정준영 불법촬영물에 여배우 등장 허위사실 작성·유포한 7명 입건,사회,1,2019,06,12,24:00,206,20,4,1,174,7,0,0,0,0,0,https://news.naver.com/main/read.nhn?mode=LSD&mid=sec&sid1=102&oid=032&aid=0002945406
정준영,정준영 불법촬영물 여배우·아이돌 허위사실 유포男들 검거,사회,1,2019,06,12,15:40,101,11,1,0,86,3,0,0,0,0,0,https://news.naver.com/main/read.nhn?mode=LSD&mid=sec&sid1=102&oid=079&aid=0003237439
정준영,‘정준영 동영상’ 속 여배우는 모두 허위사실,사회,1,2019,06,12,24:18,140,6,3,2,128,1,0,0,0,0,0,https://news.naver.com/main/read.nhn?mode=LSD&mid=sec&sid1=102&oid=469&aid=0000396283
정준영,"'정준영 단톡방' 몸살, 편집·삭제·하차까지②",연예,2,2019,06,20,10:00,4,0,0,4,0,0,0,0,0,0,0,https://news.naver.com/main/read.nhn?mode=LSD&mid=sec&sid1=106&oid=108&aid=0002791410
정준영,"[가요 상반기 결산①] 승리 버닝썬→정준영 단톡방, ‘역대 최악’ 게이트",연예,2,2019,06,21,7:52,2,2,0,0,0,0,0,0,0,0,0,https://news.naver.com/main/read.nhn?mode=LSD&mid=sec&sid1=106&oid=469&aid=0000398812
정준영,정준영 휴대폰서 드러난 연예계·공권력 유착,,2,2019,06,19,15:26,1,0,0,0,1,0,0,0,0,0,0,https://news.naver.com/main/read.nhn?mode=LSD&mid=sec&sid1=004&oid=127&aid=0000028350
정준영,[주간 연예법정①] 경찰관이 변호사와 짜고 '정준영 여친 불법촬영' 덮었다,연예,2,2019,06,17,13:29,2,1,0,1,0,0,0,0,0,0,0,https://news.naver.com/main/read.nhn?mode=LSD&mid=sec&sid1=106&oid=427&aid=0000033818
정준영,정준영 스캔들..'몰카 쓰나미'로 뒤덮인 대한민국②,연예,2,2019,06,17,10:30,3,1,0,2,0,0,0,0,0,0,0,https://news.naver.com/main/read.nhn?mode=LSD&mid=sec&sid1=106&oid=108&aid=0002790704
정준영,"버닝썬 최초 제보자 김상교, 의미심장한 발언 ""그동한 고생했어""",사회,2,2019,06,21,21:44,6,0,0,2,4,0,0,0,0,0,0,https://news.naver.com/main/read.nhn?mode=LSD&mid=sec&sid1=102&oid=015&aid=0004163587
정준영,"'몰카 인정' 정준영, 성폭행 혐의는 부인…최종훈도 혐의 부인",사회,3,2019,06,27,24:05,253,6,2,2,231,12,0,0,0,0,0,https://news.naver.com/main/read.nhn?mode=LSD&mid=sec&sid1=102&oid=001&aid=0010917041
정준영,"정준영·최종훈, 직업 질문에 “무직”…정준영 측 “합의된 성관계”",사회,3,2019,06,27,11:34,114,6,1,4,100,3,0,0,0,0,0,https://news.naver.com/main/read.nhn?mode=LSD&mid=sec&sid1=102&oid=020&aid=0003225833
정준영,"검은 정장 입고 나온 정준영 ""합의에 의한 성관계"" 주장",사회,3,2019,06,27,14:15,147,0,2,3,141,1,0,0,0,0,0,https://news.naver.com/main/read.nhn?mode=LSD&mid=sec&sid1=102&oid=047&aid=0002231641
정준영,"정준영 측 ""피해자와 합의에 의한 성관계, 집단성폭행NO""",연예,3,2019,06,27,11:16,2,1,0,1,0,0,0,0,0,0,0,https://news.naver.com/main/read.nhn?mode=LSD&mid=sec&sid1=106&oid=076&aid=0003434503
정준영,"""정마담, 정준영 단톡방에도 세 차례 등장···승리가 양현석에 소개”",사회,3,2019,06,25,11:14,172,9,2,0,152,9,0,0,0,0,0,https://news.naver.com/main/read.nhn?mode=LSD&mid=sec&sid1=102&oid=032&aid=0002947664
정준영,법정서 눈도 안 마주친 정준영·최종훈… “강간 안 해” 전면 부인,사회,3,2019,06,28,12:06,152,5,1,1,143,2,0,0,0,0,0,https://news.naver.com/main/read.nhn?mode=LSD&mid=sec&sid1=102&oid=005&aid=0001211997
정준영,"'연예가중계' 정준영·최종훈 ""성폭행 안 해""…특수준강간 혐의 처벌 수위는?",연예,3,2019,06,29,12:00,1,0,0,1,0,0,0,0,0,0,0,https://news.naver.com/main/read.nhn?mode=LSD&mid=sec&sid1=106&oid=117&aid=0003238502
정준영,정마담 누구? “정준영 카톡방에도 나와” “5대 마담 중 No.2”,사회,3,2019,06,25,9:26,200,6,3,2,181,8,0,0,0,0,0,https://news.naver.com/main/read.nhn?mode=LSD&mid=sec&sid1=102&oid=025&aid=0002917102
정준영,정준영·최종훈 “집단성폭행 없었다” 혐의 부인,사회,3,2019,06,27,13:41,102,2,1,0,93,6,0,0,0,0,0,https://news.naver.com/main/read.nhn?mode=LSD&mid=sec&sid1=102&oid=081&aid=0003009740
정준영,정준영 “합의한 성관계” 준강간 혐의 부인···최종훈 “성관계 안했다”,사회,3,2019,06,27,16:41,388,11,0,6,367,4,0,0,0,0,0,https://news.naver.com/main/read.nhn?mode=LSD&mid=sec&sid1=102&oid=032&aid=0002948291
정준영,"정준영 ""합의하고 성관계""···최종훈 ""성관계 자체가 없었다""",사회,3,2019,06,27,24:36,230,4,2,3,219,2,0,0,0,0,0,https://news.naver.com/main/read.nhn?mode=LSD&mid=sec&sid1=102&oid=025&aid=0002917922
정준영,"정준영 몰카 혐의만 인정, 성폭행 혐의는 부인 “합의하고 성관계한 것”",사회,3,2019,06,27,13:49,29,0,0,0,29,0,0,0,0,0,0,https://news.naver.com/main/read.nhn?mode=LSD&mid=sec&sid1=102&oid=011&aid=0003577031
정준영,"정준영 ""직업은 무직"" 가수로서 영광 내려놓은 재판장 풍경",사회,3,2019,06,27,23:01,7,0,0,1,5,1,0,0,0,0,0,https://news.naver.com/main/read.nhn?mode=LSD&mid=sec&sid1=102&oid=015&aid=0004166871
정준영,"정준영·최종훈, 나란히 법정行…오늘(27일) 병합 재판 [MK체크]",연예,3,2019,06,27,5:02,1,1,0,0,0,0,0,0,0,0,0,https://news.naver.com/main/read.nhn?mode=LSD&mid=sec&sid1=106&oid=410&aid=0000599112
정준영,"정준영·최종훈, 오늘 병합 재판…법정서 만나나",연예,3,2019,06,27,9:41,2,0,0,2,0,0,0,0,0,0,0,https://news.naver.com/main/read.nhn?mode=LSD&mid=sec&sid1=106&oid=016&aid=0001551169
정준영,"정준영, 혐의 부인 “성관계는 합의에 의한 것”",연예,3,2019,06,27,16:01,1,0,0,1,0,0,0,0,0,0,0,https://news.naver.com/main/read.nhn?mode=LSD&mid=sec&sid1=106&oid=081&aid=0003009814
정준영,[DA:현장] 정준영-최종훈 강간 혐의 관련 전면 부인 (종합),연예,3,2019,06,27,24:11,2,0,0,2,0,0,0,0,0,0,0,https://news.naver.com/main/read.nhn?mode=LSD&mid=sec&sid1=106&oid=382&aid=0000742101
정준영,"'준강간혐의' 정준영측 ""피해자와 합의 하에 성관계""",연예,3,2019,06,27,11:14,2,0,0,2,0,0,0,0,0,0,0,https://news.naver.com/main/read.nhn?mode=LSD&mid=sec&sid1=106&oid=108&aid=0002793039
정준영,"방정현 변호사 ""정 마담, 정준영 단톡방에도 존재하는 인물""",사회,3,2019,06,25,16:50,82,0,0,1,76,5,0,0,0,0,0,https://news.naver.com/main/read.nhn?mode=LSD&mid=sec&sid1=102&oid=052&aid=0001311162
정준영,"“제2의 정준영 사건”…BJ열매, 우창범 상대 2차 폭로",사회,4,2019,07,04,8:39,88,9,1,1,71,6,0,0,0,0,0,https://news.naver.com/main/read.nhn?mode=LSD&mid=sec&sid1=102&oid=020&aid=0003227217
정준영,"BJ열매 “정준영, 술집서 본 뒤 계속 날 찾아”… 또 등장한 ‘정준영 카톡방’",사회,4,2019,07,04,4:01,"1,056",28,25,8,962,33,0,0,0,0,0,https://news.naver.com/main/read.nhn?mode=LSD&mid=sec&sid1=102&oid=005&aid=0001214241
정준영,"[종합]BJ열매 ""우창범이 정준영 단톡방에 성관계 영상 올렸다""",사회,4,2019,07,03,9:34,319,8,14,2,274,21,0,0,0,0,0,https://news.naver.com/main/read.nhn?mode=LSD&mid=sec&sid1=102&oid=011&aid=0003580133
정준영,"[SC리뷰] ""총기부액 1486만원""…'현지먹3' 정준영 논란 지우고 유종의 미 거뒀다",연예,4,2019,07,05,9:02,7,7,0,0,0,0,0,0,0,0,0,https://news.naver.com/main/read.nhn?mode=LSD&mid=sec&sid1=106&oid=076&aid=0003438035
정준영,"[종합]BJ열매 우창범 2차 폭로 ""술집 일하다 정준영 만났다""",사회,4,2019,07,04,7:58,14,2,0,0,11,1,0,0,0,0,0,https://news.naver.com/main/read.nhn?mode=LSD&mid=sec&sid1=102&oid=011&aid=0003580673
정준영,"BJ열매 ""정준영이 관심 보인 적 있다…'버닝썬 단톡방'에 영상 유출 됐을 것""",사회,4,2019,07,04,8:58,4,1,0,0,3,0,0,0,0,0,0,https://news.naver.com/main/read.nhn?mode=LSD&mid=sec&sid1=102&oid=015&aid=0004170197
정준영,BJ열매-우창범 연이은 폭로전…정준영에 갓세븐까지 소환 [종합],연예,4,2019,07,04,9:56,1,1,0,0,0,0,0,0,0,0,0,https://news.naver.com/main/read.nhn?mode=LSD&mid=sec&sid1=106&oid=144&aid=0000619233
정준영,"BJ열매, ""#몰카 #정준영"" 우창범 폭로ing…누리꾼 피로감 호소 [종합]",연예,4,2019,07,04,7:45,1,1,0,0,0,0,0,0,0,0,0,https://news.naver.com/main/read.nhn?mode=LSD&mid=sec&sid1=106&oid=311&aid=0001013505
정준영,"BJ열매 ""정준영, 마주친 뒤 나를 계속 찾아""…다시 주목받는 단톡방",사회,4,2019,07,04,12:01,357,8,6,8,321,14,0,0,0,0,0,https://news.naver.com/main/read.nhn?mode=LSD&mid=sec&sid1=102&oid=025&aid=0002919573
정준영,"BJ열매, 우창범 2차 폭로 ""성관계 영상 보유, 정준영과도 친해져"" [종합]",연예,4,2019,07,04,6:50,30,22,0,8,0,0,0,0,0,0,0,https://news.naver.com/main/read.nhn?mode=LSD&mid=sec&sid1=106&oid=117&aid=0003240736
정준영,"BJ 열매 ""우창범, 다른 여성 몰카 찍었다""..정준영과 친분도 폭로 [종합]",연예,4,2019,07,04,12:00,11,6,0,5,0,0,0,0,0,0,0,https://news.naver.com/main/read.nhn?mode=LSD&mid=sec&sid1=106&oid=109&aid=0004042828
정준영,"[종합]BJ열매 ""前남친 우창범, 성관계 영상 정준영에 유포"" 폭로→제2의 '버닝썬' 예고",연예,4,2019,07,03,14:43,2,2,0,0,0,0,0,0,0,0,0,https://news.naver.com/main/read.nhn?mode=LSD&mid=sec&sid1=106&oid=076&aid=0003437102
정준영,BJ들 연애사 폭로전에 '정준영 단톡방' 소환,연예,4,2019,07,03,9:16,1,0,0,1,0,0,0,0,0,0,0,https://news.naver.com/main/read.nhn?mode=LSD&mid=sec&sid1=106&oid=241&aid=0002932579
정준영,파도 파도 나오는 '정준영 카톡방'…BJ열매 폭로 예고[SS이슈],연예,4,2019,07,03,10:19,4,3,0,1,0,0,0,0,0,0,0,https://news.naver.com/main/read.nhn?mode=LSD&mid=sec&sid1=106&oid=468&aid=0000528906
정준영,"[전문]BJ열매 ""판결문 공개하자"" 우창범에 경고···변아영 ""연관 짓지 말길"" 불쾌감",사회,4,2019,07,04,8:35,202,8,2,1,186,5,0,0,0,0,0,https://news.naver.com/main/read.nhn?mode=LSD&mid=sec&sid1=102&oid=011&aid=0003580690
정준영,"우창범·BJ열매, 아프리카TV서 폭로전…'정준영 단톡방'까지 등장",사회,4,2019,07,03,9:34,38,1,1,0,35,1,0,0,0,0,0,https://news.naver.com/main/read.nhn?mode=LSD&mid=sec&sid1=102&oid=023&aid=0003458216
정준영,"BJ열매 ""정준영 단톡방에 성관계 영상을""…우창범 ""유포 안했다""",사회,4,2019,07,03,13:22,30,0,1,0,28,1,0,0,0,0,0,https://news.naver.com/main/read.nhn?mode=LSD&mid=sec&sid1=102&oid=025&aid=0002919449
정준영,"“정준영 단톡방 존재도 몰랐다”…우창범, ‘성관계 영상 유포’ 의혹 해명",사회,4,2019,07,03,9:50,42,0,1,0,40,1,0,0,0,0,0,https://news.naver.com/main/read.nhn?mode=LSD&mid=sec&sid1=102&oid=020&aid=0003226991
정준영,"[종합]""정준영 단톡방 영상 유포vs사실 아냐""…BJ열매vs우창범 진실공방",연예,4,2019,07,03,9:35,1,1,0,0,0,0,0,0,0,0,0,https://news.naver.com/main/read.nhn?mode=LSD&mid=sec&sid1=106&oid=076&aid=0003436948
정준영,"BJ열매 ""우창범이 '정준영 단톡방'서 성관계 영상 유포"" 폭로 예고 파장",연예,4,2019,07,03,10:37,2,1,0,0,0,0,0,0,0,1,0,https://news.naver.com/main/read.nhn?mode=LSD&mid=sec&sid1=106&oid=076&aid=0003436973
정준영,"BJ 열매 ""정준영 단톡방에 동영상 유포"" vs 우창범 ""합의하에 촬영, 공유한 적 없어""",사회,4,2019,07,03,11:31,42,4,1,0,37,0,0,0,0,0,0,https://news.naver.com/main/read.nhn?mode=LSD&mid=sec&sid1=102&oid=015&aid=0004169618
정준영,"정준영→김성준→강지환, 잇따른 연예계 성추문…씁쓸 [MK★초점]",연예,5,2019,07,10,14:17,1,1,0,0,0,0,0,0,0,0,0,https://news.naver.com/main/read.nhn?mode=LSD&mid=sec&sid1=106&oid=410&aid=0000603324
정준영,"‘집단 성폭행 혐의’ 정준영·최종훈, 오늘 첫 공판",사회,6,2019,07,16,10:12,32,1,1,4,19,7,0,0,0,0,0,https://news.naver.com/main/read.nhn?mode=LSD&mid=sec&sid1=102&oid=020&aid=0003229463
정준영,"정준영 측 “카카오톡 대화 위법 수집, 증거능력 없다”",사회,6,2019,07,16,16:26,559,27,4,3,518,7,0,0,0,0,0,https://news.naver.com/main/read.nhn?mode=LSD&mid=sec&sid1=102&oid=081&aid=0003014514
정준영,"“카톡방 내용 불법수집해 증거능력 없다” 정준영 측 주장, 법정서 수용 여부 주목",사회,6,2019,07,19,4:44,28,5,0,1,19,3,0,0,0,0,0,https://news.naver.com/main/read.nhn?mode=LSD&mid=sec&sid1=102&oid=469&aid=0000406763
정준영,정준영 측 “'정준영 카톡방 대화'는 위법수집…증거 능력 없다”,사회,6,2019,07,16,16:03,638,24,7,2,597,8,0,0,0,0,0,https://news.naver.com/main/read.nhn?mode=LSD&mid=sec&sid1=102&oid=023&aid=0003461120
정준영,"정준영-최종훈 1차공판, ""집단성폭행NO, 합의하에 성관계""",연예,6,2019,07,16,14:51,2,2,0,0,0,0,0,0,0,0,0,https://news.naver.com/main/read.nhn?mode=LSD&mid=sec&sid1=106&oid=076&aid=0003442686
정준영,"[주간 연예법정③] ""평생 반성한다더니""…정준영, 증거무효 주장 '왜?'",연예,6,2019,07,19,14:07,4,2,0,2,0,0,0,0,0,0,0,https://news.naver.com/main/read.nhn?mode=LSD&mid=sec&sid1=106&oid=427&aid=0000034007
정준영,'성폭행 혐의' 정준영·최종훈 정식재판 시작,,6,2019,07,16,9:40,1,0,0,0,1,0,0,0,0,0,0,https://news.naver.com/main/read.nhn?mode=LSD&mid=sec&sid1=004&oid=214&aid=0000964254
정준영,"'집단 성폭행' 정준영 최종훈, 오늘(16일) 첫 재판 시작",연예,6,2019,07,16,10:18,1,0,0,1,0,0,0,0,0,0,0,https://news.naver.com/main/read.nhn?mode=LSD&mid=sec&sid1=106&oid=468&aid=0000534960
정준영,[DA:이슈] 카톡 증거 흔든 정준영-“강간 NO” 최종훈 (종합),연예,6,2019,07,16,16:43,9,6,0,3,0,0,0,0,0,0,0,https://news.naver.com/main/read.nhn?mode=LSD&mid=sec&sid1=106&oid=382&aid=0000746996
정준영,"정준영·최종훈, 집단 성폭행 혐의 부인…“계획한 적 없어”",사회,6,2019,07,16,16:44,16,1,0,0,15,0,0,0,0,0,0,https://news.naver.com/main/read.nhn?mode=LSD&mid=sec&sid1=102&oid=020&aid=0003229515
정준영,"정준영-최종훈, 집단 성폭행 혐의 첫 재판…혐의 부인할까?",연예,6,2019,07,16,9:10,2,2,0,0,0,0,0,0,0,0,0,https://news.naver.com/main/read.nhn?mode=LSD&mid=sec&sid1=106&oid=416&aid=0000246218
정준영,"[종합] 집단성폭행 첫재판, 정준영 ""합의했다"" 최종훈 ""성관계 없었다""",사회,6,2019,07,16,18:12,208,3,2,2,195,6,0,0,0,0,0,https://news.naver.com/main/read.nhn?mode=LSD&mid=sec&sid1=102&oid=011&aid=0003587321
정준영,"""죄송하다""던 정준영-최종훈, 기소 내용은 대부분 부인",사회,6,2019,07,16,16:11,105,1,1,0,100,3,0,0,0,0,0,https://news.naver.com/main/read.nhn?mode=LSD&mid=sec&sid1=102&oid=047&aid=0002233738
정준영,"'성관계 촬영' 정준영 측 ""카톡 대화 위법수집…증거능력 없다""",사회,6,2019,07,16,15:54,416,16,0,3,393,4,0,0,0,0,0,https://news.naver.com/main/read.nhn?mode=LSD&mid=sec&sid1=102&oid=001&aid=0010957431
정준영,"'성관계 촬영' 정준영 측 ""카톡 대화 위법수집…증거능력 없다""",사회,6,2019,07,16,15:59,487,14,2,1,464,6,0,0,0,0,0,https://news.naver.com/main/read.nhn?mode=LSD&mid=sec&sid1=102&oid=055&aid=0000745392
정준영,"정준영·최종훈, 성폭력 혐의 부인…""카톡대화 위법 수집"" 주장",사회,6,2019,07,16,21:26,119,2,1,1,114,1,0,0,0,0,0,https://news.naver.com/main/read.nhn?mode=LSD&mid=sec&sid1=102&oid=437&aid=0000215114
정준영,"정준영 측 ""카톡대화 위법 수집‥증거능력 없다""",사회,6,2019,07,16,16:15,22,2,0,0,19,1,0,0,0,0,0,https://news.naver.com/main/read.nhn?mode=LSD&mid=sec&sid1=102&oid=215&aid=0000794198
정준영,"정준영 ""불법촬영 인정하지만 집단 성폭행 안했다""",연예,6,2019,07,16,16:31,1,0,0,1,0,0,0,0,0,0,0,https://news.naver.com/main/read.nhn?mode=LSD&mid=sec&sid1=106&oid=416&aid=0000246256
정준영,"정준영, 집단강간 혐의 부인 “불법 수집된 카톡 증거 능력 無” [MK★현장]",연예,6,2019,07,16,15:22,1,1,0,0,0,0,0,0,0,0,0,https://news.naver.com/main/read.nhn?mode=LSD&mid=sec&sid1=106&oid=410&aid=0000605405
정준영,"[종합]""억울하다""는 정준영X최종훈, '카톡 증거 불충분+성관계NO' 항변",연예,6,2019,07,16,18:48,5,4,0,1,0,0,0,0,0,0,0,https://news.naver.com/main/read.nhn?mode=LSD&mid=sec&sid1=106&oid=076&aid=0003442827
정준영,"정준영 ""성관계 촬영은 했지만, 성폭행은 아냐"" 혐의 일부 부인",사회,6,2019,07,16,15:53,20,2,1,1,15,1,0,0,0,0,0,https://news.naver.com/main/read.nhn?mode=LSD&mid=sec&sid1=102&oid=014&aid=0004262315
정준영,'집단 성폭행 혐의' 정준영·최종훈 정식재판 시작,사회,6,2019,07,16,7:09,3,0,0,0,2,1,0,0,0,0,0,https://news.naver.com/main/read.nhn?mode=LSD&mid=sec&sid1=102&oid=214&aid=0000964162
정준영,"'카톡방 멤버' 정준영·최종훈, 성폭행 혐의 본격 재판",사회,6,2019,07,16,6:00,13,0,0,0,11,2,0,0,0,0,0,https://news.naver.com/main/read.nhn?mode=LSD&mid=sec&sid1=102&oid=003&aid=0009345303
정준영,정준영 통편집에 이민우 VOD 중지까지…상처뿐인 '현지먹3' [종합],연예,7,2019,07,23,17:16,1,0,0,1,0,0,0,0,0,0,0,https://news.naver.com/main/read.nhn?mode=LSD&mid=sec&sid1=106&oid=241&aid=0002941126
정준영,[DA:이슈] 정준영에 이민우까지…대략 난감한 ‘현지먹3’ (종합),연예,7,2019,07,23,11:53,1,0,0,1,0,0,0,0,0,0,0,https://news.naver.com/main/read.nhn?mode=LSD&mid=sec&sid1=106&oid=382&aid=0000748923
정준영,"""카톡 대화 증거 안된다"" 정준영측 반격 카드는 '독수독과론'",사회,7,2019,07,21,6:33,297,9,1,2,273,12,0,0,0,0,0,https://news.naver.com/main/read.nhn?mode=LSD&mid=sec&sid1=102&oid=025&aid=0002923713
정준영,"특종만큼 중요한 공익신고자 보호, 언론의 역할은",사회,7,2019,07,24,18:54,3,3,0,0,0,0,0,0,0,0,0,https://news.naver.com/main/read.nhn?mode=LSD&mid=sec&sid1=102&oid=006&aid=0000097937
정준영,'딥페이크 포르노'까지 상품처럼…사각지대 놓인 '性학대',사회,7,2019,07,23,11:01,15,0,1,0,11,3,0,0,0,0,0,https://news.naver.com/main/read.nhn?mode=LSD&mid=sec&sid1=102&oid=079&aid=0003251867
정준영,"김준호, 내기 골프 의혹 ""혐의 없음""➝4개월 만에 '서울메이트3' 방송 복귀[종합]",연예,7,2019,07,27,24:31,37,37,0,0,0,0,0,0,0,0,0,https://news.naver.com/main/read.nhn?mode=LSD&mid=sec&sid1=106&oid=109&aid=0004057216
정준영,"경찰, ‘버닝썬 폭로’ 김상교 신변보호 결정…“살해 협박 시달려”",사회,7,2019,07,25,10:03,116,19,2,7,85,3,0,0,0,0,0,https://news.naver.com/main/read.nhn?mode=LSD&mid=sec&sid1=102&oid=018&aid=0004432182
정준영,"‘현지먹3’ 정준영→이민우, 출연자 논란에 몸살",연예,7,2019,07,23,18:16,1,1,0,0,0,0,0,0,0,0,0,https://news.naver.com/main/read.nhn?mode=LSD&mid=sec&sid1=106&oid=609&aid=0000144144
정준영,"‘현지에서 먹힐까3’ 이민우, 성추행 논란에도 편집 NO…뒤늦은 VOD 중단 [종합]",연예,7,2019,07,23,14:34,3,2,0,1,0,0,0,0,0,0,0,https://news.naver.com/main/read.nhn?mode=LSD&mid=sec&sid1=106&oid=213&aid=0001120582
정준영,"'강제추행 혐의' 이민우, 방송 퇴출수순…'현지먹' VOD 중단",사회,7,2019,07,23,14:25,95,6,3,4,77,5,0,0,0,0,0,https://news.naver.com/main/read.nhn?mode=LSD&mid=sec&sid1=102&oid=015&aid=0004180294
정준영,‘현지에서 먹힐까 시즌3’측 “이민우 모습 담긴 VOD 중단”,연예,7,2019,07,23,13:42,1,1,0,0,0,0,0,0,0,0,0,https://news.naver.com/main/read.nhn?mode=LSD&mid=sec&sid1=106&oid=016&aid=0001560976
정준영,"[공식입장] '자숙' 김준호, 4개월만에 '서울메이트3'로 복귀 ""활동 재개""",연예,7,2019,07,27,10:44,26,26,0,0,0,0,0,0,0,0,0,https://news.naver.com/main/read.nhn?mode=LSD&mid=sec&sid1=106&oid=421&aid=0004116972
정준영,"[단독]'혐의없음' 김준호, '서울메이트3'으로 방송 복귀",연예,7,2019,07,27,8:30,91,91,0,0,0,0,0,0,0,0,0,https://news.naver.com/main/read.nhn?mode=LSD&mid=sec&sid1=106&oid=108&aid=0002799899
정준영,"김준호, 내기 골프 무혐의→자숙→4개월만 방송 복귀..""복귀작은 '서울메이트3'""[종합]",연예,7,2019,07,27,16:35,36,36,0,0,0,0,0,0,0,0,0,https://news.naver.com/main/read.nhn?mode=LSD&mid=sec&sid1=106&oid=112&aid=0003193261
정준영,'내기 골프 논란' 김준호 警 '혐의 없음'에 '방송 활동 복귀,연예,7,2019,07,27,15:11,14,13,0,1,0,0,0,0,0,0,0,https://news.naver.com/main/read.nhn?mode=LSD&mid=sec&sid1=106&oid=022&aid=0003384185
정준영,"경찰, ‘버닝썬 게이트 폭로’ 김상교 신변보호 결정",사회,7,2019,07,25,15:08,1,1,0,0,0,0,0,0,0,0,0,https://news.naver.com/main/read.nhn?mode=LSD&mid=sec&sid1=102&oid=018&aid=0004432447
정준영,"""경찰 오지말라""던 '버닝썬사태' 촉발 김상교 이번엔 보호요청",사회,7,2019,07,25,10:06,35,23,0,1,6,5,0,0,0,0,0,https://news.naver.com/main/read.nhn?mode=LSD&mid=sec&sid1=102&oid=421&aid=0004112931
정준영,"정준영→이민우→강지환→강성욱, 반복되는 연예계 성추문 '씁쓸'[SS이슈]",연예,8,2019,07,31,9:37,2,2,0,0,0,0,0,0,0,0,0,https://news.naver.com/main/read.nhn?mode=LSD&mid=sec&sid1=106&oid=468&aid=0000542004
정준영,"[군산 유소년] '내 신장은 128cm' 정준영 ""내 꿈은 농구 선수다""",스포츠,8,2019,07,28,11:18,26,17,0,0,8,0,0,0,0,0,1,http://sports.news.naver.com/basketball/news/read.nhn?oid=351&aid=0000042404
정준영,"티파니→홍자→정준영·최종훈→김규종, 연이은 '사과문 진정성' 논란 [종합]",연예,8,2019,07,28,11:45,12,12,0,0,0,0,0,0,0,0,0,https://news.naver.com/main/read.nhn?mode=LSD&mid=sec&sid1=106&oid=213&aid=0001121322
정준영,"""나도 이제는..."" 36년 만에 '예능 도전' 전인화의 결심",연예,8,2019,08,02,18:31,6,6,0,0,0,0,0,0,0,0,0,https://news.naver.com/main/read.nhn?mode=LSD&mid=sec&sid1=106&oid=047&aid=0002235662
정준영,“별일 없다는 말에 또 속았다”…예능 제작진 ‘인성과의 전쟁’,생활,8,2019,08,01,19:10,755,39,8,23,638,47,0,0,0,0,0,https://news.naver.com/main/read.nhn?mode=LSD&mid=sec&sid1=103&oid=028&aid=0002463230
정준영,"유일용 PD, 정준영 질문 회피…언급 없었다",연예,8,2019,08,02,15:36,1,1,0,0,0,0,0,0,0,0,0,https://news.naver.com/main/read.nhn?mode=LSD&mid=sec&sid1=106&oid=382&aid=0000751475
정준영,"'자연스럽게' 유일용PD, '1박2일' 정준영 질문에 당혹…답변 피했다",연예,8,2019,08,02,16:23,4,4,0,0,0,0,0,0,0,0,0,https://news.naver.com/main/read.nhn?mode=LSD&mid=sec&sid1=106&oid=477&aid=0000199325
정준영,"유일용 PD, 정준영 ‘1박 2일’ 복귀 책임 묻는 질문에 당혹 ‘답변 無’",연예,8,2019,08,02,17:01,2,2,0,0,0,0,0,0,0,0,0,https://news.naver.com/main/read.nhn?mode=LSD&mid=sec&sid1=106&oid=609&aid=0000149270
정준영,위기의 대형마트 vs 잘나가는 편의점…유통구조 재편되나,경제,9,2019,08,10,19:33,12,4,0,3,3,2,0,0,0,0,0,https://news.naver.com/main/read.nhn?mode=LSD&mid=sec&sid1=101&oid=448&aid=0000279603
정준영,‘다시 시작하는’ 정암학당 플라톤 전집,생활,9,2019,08,09,6:05,1,1,0,0,0,0,0,0,0,0,0,https://news.naver.com/main/read.nhn?mode=LSD&mid=sec&sid1=103&oid=028&aid=0002464067
정준영,금값 연일 최고가 행진…줄 잇는 금 매입 행렬,경제,9,2019,08,08,21:33,15,4,1,0,9,1,0,0,0,0,0,https://news.naver.com/main/read.nhn?mode=LSD&mid=sec&sid1=101&oid=448&aid=0000279497
정준영,"우창범, 원정도박 BJ철구와 동행? 한달새 또 구설수",사회,9,2019,08,08,19:22,141,4,1,3,131,2,0,0,0,0,0,https://news.naver.com/main/read.nhn?mode=LSD&mid=sec&sid1=102&oid=008&aid=0004261221
정준영,원화가치 하락에 환전 비상…유학생·여행객 '울상',경제,9,2019,08,07,21:37,55,6,1,0,46,2,0,0,0,0,0,https://news.naver.com/main/read.nhn?mode=LSD&mid=sec&sid1=101&oid=448&aid=0000279436
정준영,환율 1215원 '통화 패닉'…中은 11년만에 달러당 7위안 돌파,경제,9,2019,08,05,21:04,28,2,1,0,24,1,0,0,0,0,0,https://news.naver.com/main/read.nhn?mode=LSD&mid=sec&sid1=101&oid=448&aid=0000279297
정준영,남자 연예인의 사생활 문제... 무엇이 원인일까?,사회,9,2019,08,05,12:24,76,20,0,1,49,6,0,0,0,0,0,https://news.naver.com/main/read.nhn?mode=LSD&mid=sec&sid1=102&oid=018&aid=0004438373
정준영,정준영 몰카 파문 '1박2일' PD 사표 제출,연예,10,2019,08,13,15:14,11,6,0,5,0,0,0,0,0,0,0,https://news.naver.com/main/read.nhn?mode=LSD&mid=sec&sid1=106&oid=422&aid=0000387948
정준영,"‘1박2일’ 김성PD, KBS 사표…정준영 사태·김준호 골프내기 때문?",연예,10,2019,08,13,10:04,4,3,0,1,0,0,0,0,0,0,0,https://news.naver.com/main/read.nhn?mode=LSD&mid=sec&sid1=106&oid=022&aid=0003388727
정준영,"논란 속 제작중단 '1박 2일', 방글이 PD와 시즌4 갈까 [종합] ",연예,10,2019,08,13,14:50,6,6,0,0,0,0,0,0,0,0,0,https://news.naver.com/main/read.nhn?mode=LSD&mid=sec&sid1=106&oid=311&aid=0001032184
정준영,"KBS 간판 예능 '1박 2일', 시즌4로 부활할까",연예,10,2019,08,14,18:27,53,51,0,2,0,0,0,0,0,0,0,https://news.naver.com/main/read.nhn?mode=LSD&mid=sec&sid1=106&oid=312&aid=0000404300
정준영,"미중 분쟁에 중국車 시장 급랭…현대차 성적, 16년만에 최악",경제,10,2019,08,16,21:39,131,65,7,5,48,6,0,0,0,0,0,https://news.naver.com/main/read.nhn?mode=LSD&mid=sec&sid1=101&oid=448&aid=0000280025
정준영,주고 받고 팽팽했던 경희대VS제주관광대,스포츠,10,2019,08,16,14:25,5,1,0,0,0,1,0,0,0,0,3,http://sports.news.naver.com/general/news/read.nhn?oid=573&aid=0000004213
정준영,'1억 비단잉어' '고대어' '민물 가오리'…신기한 관상어 총출동,경제,10,2019,08,17,19:34,12,6,0,0,2,4,0,0,0,0,0,https://news.naver.com/main/read.nhn?mode=LSD&mid=sec&sid1=101&oid=448&aid=0000280079
정준영,“연인 사이라 찍었겠지” “동의했겠지”라는 수사기관 인식이 문제,사회,10,2019,08,17,4:05,76,12,0,3,56,5,0,0,0,0,0,https://news.naver.com/main/read.nhn?mode=LSD&mid=sec&sid1=102&oid=005&aid=0001229876
정준영,잠정중단 '1박2일' 마지막 PD 사표…수장 여전히 공석,생활,10,2019,08,13,10:31,2,2,0,0,0,0,0,0,0,0,0,https://news.naver.com/main/read.nhn?mode=LSD&mid=sec&sid1=103&oid=001&aid=0011016063
정준영,"잠정중단 '1박2일' 마지막 PD 사표…""방송 재개는 전해진 바 없다""",연예,10,2019,08,13,16:01,6,5,0,1,0,0,0,0,0,0,0,https://news.naver.com/main/read.nhn?mode=LSD&mid=sec&sid1=106&oid=023&aid=0003466980
정준영,"'1박2일' 공식입장 ""후임PD·방송재개 여부 아직 미정""",연예,10,2019,08,13,16:26,7,7,0,0,0,0,0,0,0,0,0,https://news.naver.com/main/read.nhn?mode=LSD&mid=sec&sid1=106&oid=215&aid=0000802791
정준영,"[POP이슈]""정해진 것 無""..'1박 2일' 논란 속 잠정 중단→시즌4로 돌아올까",연예,10,2019,08,13,11:49,1,1,0,0,0,0,0,0,0,0,0,https://news.naver.com/main/read.nhn?mode=LSD&mid=sec&sid1=106&oid=112&aid=0003199645
정준영,"[단독]'1박2일' 김성PD, 사표 제출 KBS 떠난다..MBN 논의중",연예,10,2019,08,13,7:30,35,7,0,28,0,0,0,0,0,0,0,https://news.naver.com/main/read.nhn?mode=LSD&mid=sec&sid1=106&oid=108&aid=0002803586
정준영,KBS 측 “김성 PD 사표 제출..‘1박2일’ 재개? 확정된 바 없다” (공식),연예,10,2019,08,13,10:12,1,1,0,0,0,0,0,0,0,0,0,https://news.naver.com/main/read.nhn?mode=LSD&mid=sec&sid1=106&oid=410&aid=0000613704
정준영,"""정해진 바 없다""..'1박2일' 방글이 PD와 시즌4 돌아올까[종합]",연예,10,2019,08,13,11:37,24,20,0,4,0,0,0,0,0,0,0,https://news.naver.com/main/read.nhn?mode=LSD&mid=sec&sid1=106&oid=109&aid=0004067100
정준영,"KBS 측 ""'1박2일' 방송 재개·PD 내정? 정해진 바 없다""[공식입장]",연예,10,2019,08,13,9:49,3,3,0,0,0,0,0,0,0,0,0,https://news.naver.com/main/read.nhn?mode=LSD&mid=sec&sid1=106&oid=477&aid=0000201294
정준영,"“정해진 것 NO”..‘1박2일’, 제작 중단→폐지위기 속 5개월만 방송 재개설·방글이PD 연출설[종합]",연예,10,2019,08,13,13:45,2,1,0,1,0,0,0,0,0,0,0,https://news.naver.com/main/read.nhn?mode=LSD&mid=sec&sid1=106&oid=109&aid=0004067149
정준영,"KBS ""'1박2일' 측 방송 재개? 검토 중인 상황은 맞지만, 정해진 것 없다""[공식입장]",연예,10,2019,08,13,11:13,5,5,0,0,0,0,0,0,0,0,0,https://news.naver.com/main/read.nhn?mode=LSD&mid=sec&sid1=106&oid=076&aid=0003453929
정준영,[맞장토론] '불법 음란물 유포' 솜방망이 처벌 논란,사회,11,2019,08,23,9:24,67,5,0,0,52,10,0,0,0,0,0,https://news.naver.com/main/read.nhn?mode=LSD&mid=sec&sid1=102&oid=437&aid=0000218112
정준영,"정준영·최종훈 2차 공판, 집단 성폭행 혐의 재차 부인할까",사회,11,2019,08,19,14:48,45,0,1,0,39,5,0,0,0,0,0,https://news.naver.com/main/read.nhn?mode=LSD&mid=sec&sid1=102&oid=015&aid=0004194503
정준영,"""가장 친한 연예인 정준영""…'파경 위기' 안재현, 과거 발언 눈길",연예,11,2019,08,22,8:31,8,1,0,7,0,0,0,0,0,0,0,https://news.naver.com/main/read.nhn?mode=LSD&mid=sec&sid1=106&oid=468&aid=0000551747
정준영,"[주간 연예법정④] 최종훈, 2차 공판 앞두고 반성문 제출…왜?",연예,11,2019,08,21,14:42,1,0,0,1,0,0,0,0,0,0,0,https://news.naver.com/main/read.nhn?mode=LSD&mid=sec&sid1=106&oid=427&aid=0000034179
정준영,"'성폭행 혐의' 정준영·최종훈, 오늘(19일) 2차 공판…비공개 진행",연예,11,2019,08,19,10:45,3,3,0,0,0,0,0,0,0,0,0,https://news.naver.com/main/read.nhn?mode=LSD&mid=sec&sid1=106&oid=468&aid=0000550142
정준영,"""구혜선에게 잡혀살아""… 안재현, 정준영 절친이었어?",연예,11,2019,08,22,8:05,8,6,0,2,0,0,0,0,0,0,0,https://news.naver.com/main/read.nhn?mode=LSD&mid=sec&sid1=106&oid=417&aid=0000440877
정준영,정준영 파문에도…‘1박2일’ 결국 부활,연예,12,2019,08,29,17:55,5,4,0,1,0,0,0,0,0,0,0,https://news.naver.com/main/read.nhn?mode=LSD&mid=sec&sid1=106&oid=016&aid=0001573870
정준영,"'정준영 사태'로 중단된 KBS2'1박 2일', 시즌 4 준비 중",연예,12,2019,08,29,18:03,13,13,0,0,0,0,0,0,0,0,0,https://news.naver.com/main/read.nhn?mode=LSD&mid=sec&sid1=106&oid=079&aid=0003264667
정준영,"[가요초점] 이종현, 이럴 거였으면 '정준영 사태' 때 탈퇴하지",연예,12,2019,08,29,18:49,3,2,0,1,0,0,0,0,0,0,0,https://news.naver.com/main/read.nhn?mode=LSD&mid=sec&sid1=106&oid=079&aid=0003264682
정준영,"""정준영 논란도 버텼는데"" 씨엔블루 이종현, 뱃살 망언에 결국 OUT [MD포커스]",연예,12,2019,08,30,7:46,11,7,0,4,0,0,0,0,0,0,0,https://news.naver.com/main/read.nhn?mode=LSD&mid=sec&sid1=106&oid=117&aid=0003267484
정준영,"'정준영 단톡방' 이종현 ""부적절한 언행으로 사과… 씨엔블루 탈퇴 결정""[전문]",연예,12,2019,08,28,21:31,1,1,0,0,0,0,0,0,0,0,0,https://news.naver.com/main/read.nhn?mode=LSD&mid=sec&sid1=106&oid=015&aid=0004200233
정준영,"'1박2일' 결국 귀환…""가족 예능 부활, 최우선 가치로""",생활,12,2019,08,29,17:20,7,5,0,0,2,0,0,0,0,0,0,https://news.naver.com/main/read.nhn?mode=LSD&mid=sec&sid1=103&oid=001&aid=0011049332
정준영,"KBS 측 ""'1박2일 시즌4' 하반기 방송 목표, 방송일‧출연진 미정""(전문)",연예,12,2019,08,29,17:42,8,8,0,0,0,0,0,0,0,0,0,https://news.naver.com/main/read.nhn?mode=LSD&mid=sec&sid1=106&oid=468&aid=0000555518
정준영,"""가족 예능 부활""…'1박2일' 정준영 사태 5개월 만에 재개 결정 [종합]",연예,12,2019,08,29,16:37,19,19,0,0,0,0,0,0,0,0,0,https://news.naver.com/main/read.nhn?mode=LSD&mid=sec&sid1=106&oid=241&aid=0002953288
정준영,"'""다시 초심으로""…'1박2일', 정준영 논란→제작중단→시즌4 재개(종합)",연예,12,2019,08,29,16:16,11,11,0,0,0,0,0,0,0,0,0,https://news.naver.com/main/read.nhn?mode=LSD&mid=sec&sid1=106&oid=421&aid=0004170351
정준영,"[POP이슈]""초심으로""…'1박2일' 정준영 논란→제작 중단→시즌4 기획(종합)",연예,12,2019,08,29,19:22,7,7,0,0,0,0,0,0,0,0,0,https://news.naver.com/main/read.nhn?mode=LSD&mid=sec&sid1=106&oid=112&aid=0003206254
정준영,"""정준영 쇼크 지웠나""..'1박2일' 시즌4→KBS 국민예능 탈환?(종합)[Oh!쎈 이슈]",연예,12,2019,08,29,20:50,29,28,0,1,0,0,0,0,0,0,0,https://news.naver.com/main/read.nhn?mode=LSD&mid=sec&sid1=106&oid=109&aid=0004076956
정준영,"이종현, 정준영 단톡방 논란→박민정 메시지…5개월 만 씨엔블루 탈퇴 [종합]",연예,12,2019,08,29,12:24,5,3,0,2,0,0,0,0,0,0,0,https://news.naver.com/main/read.nhn?mode=LSD&mid=sec&sid1=106&oid=213&aid=0001127944
정준영,"[MK이슈]이종현, 정준영 카톡방→BJ DM논란 끝 탈퇴…씨엔블루 미래는?",연예,12,2019,08,29,9:04,5,4,0,1,0,0,0,0,0,0,0,https://news.naver.com/main/read.nhn?mode=LSD&mid=sec&sid1=106&oid=009&aid=0004418288
정준영,"BJ 박민정 ""이종현 '뱃살' 메시지 불쾌감 느껴""→이종현 씨엔블루 '탈퇴' [전문]",사회,12,2019,08,29,9:05,2,0,0,0,2,0,0,0,0,0,0,https://news.naver.com/main/read.nhn?mode=LSD&mid=sec&sid1=102&oid=015&aid=0004200396
정준영,"'정준영 단톡방' 이종현 근황, 유튜버 박민정에 ""뱃살 너무 귀여워요"" 메시지",연예,12,2019,08,28,11:50,10,6,0,4,0,0,0,0,0,0,0,https://news.naver.com/main/read.nhn?mode=LSD&mid=sec&sid1=106&oid=076&aid=0003461136
정준영,"'정준영 단톡방' 이종현, 유튜버 박민정에 DM을? ""뱃살 귀여워""",연예,12,2019,08,28,13:34,9,7,0,2,0,0,0,0,0,0,0,https://news.naver.com/main/read.nhn?mode=LSD&mid=sec&sid1=106&oid=468&aid=0000554773
정준영,"[종합] ""뱃살 귀엽다""…'정준영 단톡방' 이종현, 유튜버 박민정에 '적극 DM'",연예,12,2019,08,28,15:14,25,21,0,4,0,0,0,0,0,0,0,https://news.naver.com/main/read.nhn?mode=LSD&mid=sec&sid1=106&oid=076&aid=0003461227
정준영,'1박2일' 시즌4 라인업 누구?..부활시킬 영웅 or 독이 든 성배 [종합],연예,12,2019,08,30,7:37,46,44,0,2,0,0,0,0,0,0,0,https://news.naver.com/main/read.nhn?mode=LSD&mid=sec&sid1=106&oid=109&aid=0004077108
정준영,"[종합]""면목없다""…이종현, 정준영 단톡방→'뱃살' DM→9년만 씨엔블루 불명예 탈퇴 [전문]",연예,12,2019,08,29,12:31,5,4,0,1,0,0,0,0,0,0,0,https://news.naver.com/main/read.nhn?mode=LSD&mid=sec&sid1=106&oid=076&aid=0003461505
정준영,"이종현, 정준영 단톡방→자숙 중 박민정에 DM→씨엔블루 불명예 탈퇴(종합)",연예,12,2019,08,29,7:07,1,0,0,1,0,0,0,0,0,0,0,https://news.naver.com/main/read.nhn?mode=LSD&mid=sec&sid1=106&oid=468&aid=0000555175
정준영,"‘정준영 단톡방→BJ 뱃살 칭찬’ 씨엔블루 이종현, 9년만 자초한 불명예 탈퇴(종합)",연예,12,2019,08,28,21:30,1,1,0,0,0,0,0,0,0,0,0,https://news.naver.com/main/read.nhn?mode=LSD&mid=sec&sid1=106&oid=609&aid=0000162489
정준영,"'유튜버 박민정에 DM 논란' 이종현, 결국 씨엔블루 탈퇴 ""부끄럽고 면목 없다""[전문]",연예,12,2019,08,28,21:23,1,0,0,1,0,0,0,0,0,0,0,https://news.naver.com/main/read.nhn?mode=LSD&mid=sec&sid1=106&oid=404&aid=0000251271
정준영,‘정준영 대화방’ 이종현 근황?…여성 BJ가 공개한 메시지,연예,12,2019,08,28,9:46,2,1,0,1,0,0,0,0,0,0,0,https://news.naver.com/main/read.nhn?mode=LSD&mid=sec&sid1=106&oid=005&aid=0001233406
정준영,이종현 여성BJ 뱃살 칭찬? 정준영 단톡방 멤버다운 근황,연예,12,2019,08,28,13:51,1,1,0,0,0,0,0,0,0,0,0,https://news.naver.com/main/read.nhn?mode=LSD&mid=sec&sid1=106&oid=382&aid=0000757541
정준영,안재현 측 정준영과 절친 의혹에…“카톡 대화 없었다”,연예,13,2019,09,06,6:39,1,1,0,0,0,0,0,0,0,0,0,https://news.naver.com/main/read.nhn?mode=LSD&mid=sec&sid1=106&oid=016&aid=0001576609
정준영,"안재현측 ""구혜선 상대 이혼 소송 제기…형사고소는 안해""",생활,13,2019,09,05,17:00,"2,553","1,838",24,113,537,41,0,0,0,0,0,https://news.naver.com/main/read.nhn?mode=LSD&mid=sec&sid1=103&oid=001&aid=0011065005
정준영,"[SW이슈] 안재현, 이혼소송 제기… ‘귀책사유’, ‘정준영 연관’ 부인",연예,13,2019,09,07,15:04,116,105,0,11,0,0,0,0,0,0,0,https://news.naver.com/main/read.nhn?mode=LSD&mid=sec&sid1=106&oid=396&aid=0000525476
정준영,"[이슈IS] 안재현, '정준영 단톡방 변호사' 선임한 이유",연예,13,2019,09,05,19:43,52,50,0,2,0,0,0,0,0,0,0,https://news.naver.com/main/read.nhn?mode=LSD&mid=sec&sid1=106&oid=241&aid=0002955301
정준영,장고끝 복귀 '1박2일' 악전고투냐 전화위복이냐,생활,13,2019,09,07,8:00,16,6,0,0,9,1,0,0,0,0,0,https://news.naver.com/main/read.nhn?mode=LSD&mid=sec&sid1=103&oid=001&aid=0011068660
정준영,"[Y이슈] 진흙탕 싸움 끝 결국 소송...구혜선·안재현, 비극으로 끝난 사랑(종합)",연예,13,2019,09,06,9:40,5,3,0,2,0,0,0,0,0,0,0,https://news.naver.com/main/read.nhn?mode=LSD&mid=sec&sid1=106&oid=052&aid=0001339584
정준영,"이재용, MB 2심 재판부가 맡는다…정준영 판사 누구?",사회,13,2019,09,04,16:51,44,7,1,1,33,2,0,0,0,0,0,https://news.naver.com/main/read.nhn?mode=LSD&mid=sec&sid1=102&oid=008&aid=0004273474
정준영,"정준영·최종훈, 집단 성폭행 혐의 오늘(2일)오전 나란히 공판",연예,13,2019,09,02,9:10,1,1,0,0,0,0,0,0,0,0,0,https://news.naver.com/main/read.nhn?mode=LSD&mid=sec&sid1=106&oid=468&aid=0000556854
정준영,"[전문]""정준영 루머 바로잡고 싶다"" 안재현, 방정현 변호사 선임",연예,13,2019,09,05,20:31,10,10,0,0,0,0,0,0,0,0,0,https://news.naver.com/main/read.nhn?mode=LSD&mid=sec&sid1=106&oid=277&aid=0004532054
정준영,"안재현, 변호사 선임 ""구혜선과 이혼소송...여배우·정준영 루머도 법적대응""(전문)",연예,13,2019,09,05,17:27,12,12,0,0,0,0,0,0,0,0,0,https://news.naver.com/main/read.nhn?mode=LSD&mid=sec&sid1=106&oid=052&aid=0001339380
정준영,"안재현 측 ""구혜선에 이혼소송 제기…정준영+여배우 루머 강경 대응""[전문]",연예,13,2019,09,05,17:18,16,16,0,0,0,0,0,0,0,0,0,https://news.naver.com/main/read.nhn?mode=LSD&mid=sec&sid1=106&oid=241&aid=0002955273
정준영,"안재현 측 ""구혜선에 이혼소송 제기…'정준영 절친'은 루머일뿐""[전문]",연예,13,2019,09,05,18:46,1,1,0,0,0,0,0,0,0,0,0,https://news.naver.com/main/read.nhn?mode=LSD&mid=sec&sid1=106&oid=416&aid=0000248497
정준영,안재현이 ‘정준영 단톡방 신고자’ 방정현 변호사 찾아간 이유,연예,13,2019,09,06,5:35,5,4,0,1,0,0,0,0,0,0,0,https://news.naver.com/main/read.nhn?mode=LSD&mid=sec&sid1=106&oid=005&aid=0001236880
정준영,"안재현 이혼소송, '정준영 공익제보자' 방정현 변호사가 맡는 이유",연예,13,2019,09,05,18:05,18,18,0,0,0,0,0,0,0,0,0,https://news.naver.com/main/read.nhn?mode=LSD&mid=sec&sid1=106&oid=015&aid=0004204780
정준영,"안재현, 결국 이혼소송 제기…“정준영·염문설도 바로잡을 것”",사회,13,2019,09,05,18:10,60,36,1,2,18,3,0,0,0,0,0,https://news.naver.com/main/read.nhn?mode=LSD&mid=sec&sid1=102&oid=025&aid=0002935243
정준영,"안재현, '정준영 단톡방 사건' 방정현 변호사 선임 ""구혜선 상대로 이혼소송""[공식]",연예,13,2019,09,05,18:39,20,20,0,0,0,0,0,0,0,0,0,https://news.naver.com/main/read.nhn?mode=LSD&mid=sec&sid1=106&oid=404&aid=0000251755
정준영,안재현 측 “구혜선 상대 이혼 소송 제기…정준영 절친 루머도 바로잡겠다”,연예,13,2019,09,05,17:27,673,649,0,24,0,0,0,0,0,0,0,https://news.naver.com/main/read.nhn?mode=LSD&mid=sec&sid1=106&oid=144&aid=0000630088
정준영,"[종합] ""혼인 이미 파탄""..구혜선, 폭로전→안재현, 이혼소송..끝은 결국 파국(전문)",연예,13,2019,09,06,7:46,2,2,0,0,0,0,0,0,0,0,0,https://news.naver.com/main/read.nhn?mode=LSD&mid=sec&sid1=106&oid=076&aid=0003465126
정준영,"[종합] ""구혜선, 외도 사진 제출하길"" 안재현, 결국 이혼 소송…女배우 루머 '강경 대응'",연예,13,2019,09,06,1:12,28,22,0,6,0,0,0,0,0,0,0,https://news.naver.com/main/read.nhn?mode=LSD&mid=sec&sid1=106&oid=076&aid=0003465108
정준영,"안재현, 정준영 단톡방 멤버? 카톡 다시 찾아보니…",사회,13,2019,09,06,8:06,25,8,0,0,15,2,0,0,0,0,0,https://news.naver.com/main/read.nhn?mode=LSD&mid=sec&sid1=102&oid=008&aid=0004274378
정준영,"[POP초점]안재현, 구혜선에 이혼 소송 제기..진실공방 쟁점 ""귀책사유→외도설""",연예,13,2019,09,07,18:32,27,11,0,16,0,0,0,0,0,0,0,https://news.naver.com/main/read.nhn?mode=LSD&mid=sec&sid1=106&oid=112&aid=0003209783
정준영,#귀책사유 #외도 #정준영…안재현이 밝힌 '구혜선 이혼소송' 쟁점3,연예,13,2019,09,07,24:00,84,65,0,19,0,0,0,0,0,0,0,https://news.naver.com/main/read.nhn?mode=LSD&mid=sec&sid1=106&oid=477&aid=0000206209
정준영,"폭로가 불러온 소송장…구혜선, 드디어 SNS 셔터 내렸나[종합]",연예,13,2019,09,07,6:46,292,98,0,194,0,0,0,0,0,0,0,https://news.naver.com/main/read.nhn?mode=LSD&mid=sec&sid1=106&oid=477&aid=0000206182
정준영,"방정현 변호사 “안재현, 정준영 카톡방에 없었다”",사회,13,2019,09,05,18:56,11,9,1,0,1,0,0,0,0,0,0,https://news.naver.com/main/read.nhn?mode=LSD&mid=sec&sid1=102&oid=081&aid=0003026936
정준영,"안재현, 방정현 변호사 선임…""정준영 루머 바로잡고 싶어""",연예,13,2019,09,05,18:02,7,7,0,0,0,0,0,0,0,0,0,https://news.naver.com/main/read.nhn?mode=LSD&mid=sec&sid1=106&oid=009&aid=0004423114
정준영,"안재현 측 '정준영 절친 의혹' 입 열었다 ""두 사람 카톡 대화 없었다""",연예,13,2019,09,05,17:46,8,6,0,2,0,0,0,0,0,0,0,https://news.naver.com/main/read.nhn?mode=LSD&mid=sec&sid1=106&oid=421&aid=0004183463
정준영,"[종합]""구혜선과 혼인파탄"" 안재현, 폭로전→여배우 염문설→결국 이혼 소송",연예,13,2019,09,06,12:50,251,209,0,42,0,0,0,0,0,0,0,https://news.naver.com/main/read.nhn?mode=LSD&mid=sec&sid1=106&oid=076&aid=0003465106
정준영,'국정농단' 이재용 운명 다시 판단할 정준영 부장판사 누구?,사회,13,2019,09,04,16:17,81,4,2,2,71,2,0,0,0,0,0,https://news.naver.com/main/read.nhn?mode=LSD&mid=sec&sid1=102&oid=421&aid=0004180742
정준영,"방정현 변호사 ""안재현, 정준영과 카톡 대화 없었다""",연예,14,2019,09,10,21:25,39,39,0,0,0,0,0,0,0,0,0,https://news.naver.com/main/read.nhn?mode=LSD&mid=sec&sid1=106&oid=108&aid=0002809541
정준영,"조국 부인 '표창장 위조' 사건, '정준영 단톡방' 재판부가 맡는다",사회,14,2019,09,11,14:35,7,6,0,0,1,0,0,0,0,0,0,https://news.naver.com/main/read.nhn?mode=LSD&mid=sec&sid1=102&oid=014&aid=0004292671
정준영,"방정현 변호사 ""안재현, '정준영 단톡방' 멤버 아냐..대화 無 """,연예,14,2019,09,11,8:53,7,6,0,1,0,0,0,0,0,0,0,https://news.naver.com/main/read.nhn?mode=LSD&mid=sec&sid1=106&oid=018&aid=0004467015
정준영,"안재현 변호사 ""정준영 단톡방 멤버 아니다…친분 없어""",연예,14,2019,09,10,23:00,48,46,0,2,0,0,0,0,0,0,0,https://news.naver.com/main/read.nhn?mode=LSD&mid=sec&sid1=106&oid=082&aid=0000940512
정준영,"안재현, '정준영 단톡방' 멤버 아니다 ""대화 없어""",연예,14,2019,09,11,8:32,26,26,0,0,0,0,0,0,0,0,0,https://news.naver.com/main/read.nhn?mode=LSD&mid=sec&sid1=106&oid=417&aid=0000448407
정준영,"[연예법정 Q&A②] 안재현, 악성 루머 대응…이혼 소송에 영향 미칠까",연예,14,2019,09,09,11:04,53,52,0,1,0,0,0,0,0,0,0,https://news.naver.com/main/read.nhn?mode=LSD&mid=sec&sid1=106&oid=427&aid=0000034314
정준영,"구혜선 SNS에서 보초 서는 누리꾼…""업로드는 그만, 법정에서 싸우자""[종합]",연예,14,2019,09,08,10:22,21,10,0,11,0,0,0,0,0,0,0,https://news.naver.com/main/read.nhn?mode=LSD&mid=sec&sid1=106&oid=477&aid=0000206331
정준영,"'한밤' 방정현 변호사 ""안재현과 정준영 친분? 2015년 이후 끊겨""",연예,14,2019,09,10,21:27,1,1,0,0,0,0,0,0,0,0,0,https://news.naver.com/main/read.nhn?mode=LSD&mid=sec&sid1=106&oid=117&aid=0003272257
정준영,"'한밤' 방정현 변호사 ""안재현·정준영 카톡 대화 없어…2015년 친분 끊긴 듯""",연예,14,2019,09,10,21:41,5,5,0,0,0,0,0,0,0,0,0,https://news.naver.com/main/read.nhn?mode=LSD&mid=sec&sid1=106&oid=311&aid=0001044413
정준영,"'조국 딸 표창장 의혹' 사건, '정준영 단톡방' 재판부로 배당",사회,14,2019,09,11,19:20,7,5,0,0,1,1,0,0,0,0,0,https://news.naver.com/main/read.nhn?mode=LSD&mid=sec&sid1=102&oid=119&aid=0002351845
정준영,"SNS 폭로는 '신랄', 인터뷰는 '거절'…구혜선 측, '한밤' 파경 인터뷰 거절[종합]",연예,14,2019,09,11,10:51,3,0,0,3,0,0,0,0,0,0,0,https://news.naver.com/main/read.nhn?mode=LSD&mid=sec&sid1=106&oid=477&aid=0000206874
정준영,"""둘 중 하나는 거짓"" '한밤' 안재현vs구혜선, 파경 폭로전→법정 싸움[종합]",연예,14,2019,09,11,6:50,2,2,0,0,0,0,0,0,0,0,0,https://news.naver.com/main/read.nhn?mode=LSD&mid=sec&sid1=106&oid=076&aid=0003466869
정준영,"'한밤' 방정현 변호사 ""안재현, 정준영과 친분 끊겨"" vs 구혜선 측 ""인터뷰 사절""",연예,14,2019,09,10,22:01,11,9,0,2,0,0,0,0,0,0,0,https://news.naver.com/main/read.nhn?mode=LSD&mid=sec&sid1=106&oid=109&aid=0004083487
정준영,"""외도다""vs""아니다"" '한밤' 안재현-구혜선 파경 폭로→법적공방 예고 [종합]",연예,14,2019,09,10,22:52,21,6,0,15,0,0,0,0,0,0,0,https://news.naver.com/main/read.nhn?mode=LSD&mid=sec&sid1=106&oid=076&aid=0003466840
정준영,"'한밤' 구혜선-안재현 파경…변호사 사무실서 전한 구혜선 공식입장은 ""모르겠다""",연예,14,2019,09,10,21:45,8,7,0,1,0,0,0,0,0,0,0,https://news.naver.com/main/read.nhn?mode=LSD&mid=sec&sid1=106&oid=477&aid=0000206799
정준영,구혜선 변호사 사무소 측 “어떤 매체와도 인터뷰 안 해..정중히 거절”,연예,14,2019,09,10,21:29,14,6,0,8,0,0,0,0,0,0,0,https://news.naver.com/main/read.nhn?mode=LSD&mid=sec&sid1=106&oid=609&aid=0000169309
정준영,"'집단 성폭행 의혹' 정준영·최종훈, 오늘 6차 공판 출석 예정",사회,15,2019,09,16,8:55,22,0,0,1,17,4,0,0,0,0,0,https://news.naver.com/main/read.nhn?mode=LSD&mid=sec&sid1=102&oid=011&aid=0003618755
정준영,"[단독]’정준영 단톡방’ 언급한 안재현측 변호사, 변호사법 위반 혐의",사회,15,2019,09,16,7:00,146,46,0,2,93,5,0,0,0,0,0,https://news.naver.com/main/read.nhn?mode=LSD&mid=sec&sid1=102&oid=008&aid=0004277874
정준영,"[주간 연예법정③] '집단 성폭행 혐의' 정준영·최종훈, 유무죄 판단 기준은?",연예,15,2019,09,19,11:37,1,1,0,0,0,0,0,0,0,0,0,https://news.naver.com/main/read.nhn?mode=LSD&mid=sec&sid1=106&oid=427&aid=0000034363
정준영,"""잊혀질 줄 알았지?"" 이종현 ·최종훈→로이킴·용준형·에디킴까지 '정준영 단톡방 현주소' [추석특집]",연예,15,2019,09,15,24:20,23,18,0,5,0,0,0,0,0,0,0,https://news.naver.com/main/read.nhn?mode=LSD&mid=sec&sid1=106&oid=117&aid=0003273552
정준영,"경기북부 6곳 돼지열병 중점관리…""3주간 반출 금지""",경제,15,2019,09,19,7:33,15,0,0,1,14,0,0,0,0,0,0,https://news.naver.com/main/read.nhn?mode=LSD&mid=sec&sid1=101&oid=448&aid=0000282414
정준영,"[주간 연예법정②] 안재현 변호사, 변호사법 위반 해당될까?",연예,15,2019,09,19,11:37,4,4,0,0,0,0,0,0,0,0,0,https://news.naver.com/main/read.nhn?mode=LSD&mid=sec&sid1=106&oid=427&aid=0000034362
정준영,조국의 민정수석실 입김 있었나… 검찰 ‘버닝썬 스캔들’ 다시 겨냥,사회,15,2019,09,21,4:44,738,707,1,1,14,15,0,0,0,0,0,https://news.naver.com/main/read.nhn?mode=LSD&mid=sec&sid1=102&oid=469&aid=0000424046
정준영,"‘집단 성폭행 혐의’ 정준영·최종훈, 16일 공판기일 나란히 출석 [MK★이슈]",연예,15,2019,09,16,8:06,1,1,0,0,0,0,0,0,0,0,0,https://news.naver.com/main/read.nhn?mode=LSD&mid=sec&sid1=106&oid=410&aid=0000623574
정준영,[MK이슈]`집단성폭행 혐의` 정준영·최종훈 오늘(16일) 6차 공판 출석,연예,15,2019,09,16,7:02,4,0,0,4,0,0,0,0,0,0,0,https://news.naver.com/main/read.nhn?mode=LSD&mid=sec&sid1=106&oid=009&aid=0004427383
정준영,"'집단 성폭행 혐의' 정준영·최종훈, 오늘(16일) 5차 공판 출석",연예,15,2019,09,16,8:46,1,0,0,1,0,0,0,0,0,0,0,https://news.naver.com/main/read.nhn?mode=LSD&mid=sec&sid1=106&oid=468&aid=0000562019
정준영,"‘단톡방 절친’ 정준영·최종훈, 오늘(16일) 법정서 재회",사회,15,2019,09,16,9:34,8,0,0,2,3,3,0,0,0,0,0,https://news.naver.com/main/read.nhn?mode=LSD&mid=sec&sid1=102&oid=018&aid=0004468507
정준영,"안재현 이혼소송 변호사, 정준영 단톡방 거론→""변호사법 위반소지"" 지적",연예,15,2019,09,16,11:07,4,4,0,0,0,0,0,0,0,0,0,https://news.naver.com/main/read.nhn?mode=LSD&mid=sec&sid1=106&oid=117&aid=0003273831
정준영,"안재현변호사, 변호사법 위반…이혼 소송에 정준영 단톡방 거론해",연예,15,2019,09,16,9:35,4,4,0,0,0,0,0,0,0,0,0,https://news.naver.com/main/read.nhn?mode=LSD&mid=sec&sid1=106&oid=029&aid=0002552887
정준영,"안재현 변호사, 변호사법 위반… '정준영 단톡방' 언급 때문?",사회,15,2019,09,16,9:10,10,6,0,0,3,1,0,0,0,0,0,https://news.naver.com/main/read.nhn?mode=LSD&mid=sec&sid1=102&oid=417&aid=0000449210
정준영,"'집단 성폭행 혐의' 정준영·최종훈, 증인신문 출석 ""피해자 우려로 비공개""[SS현장]",연예,16,2019,09,23,10:24,2,0,0,2,0,0,0,0,0,0,0,https://news.naver.com/main/read.nhn?mode=LSD&mid=sec&sid1=106&oid=468&aid=0000565884
정준영,‘사회면서 그만 봤음 하는 연예인’ 1위 승리…뒤이어 정준영·박유천 불명예,연예,16,2019,09,23,24:07,8,6,0,2,0,0,0,0,0,0,0,https://news.naver.com/main/read.nhn?mode=LSD&mid=sec&sid1=106&oid=144&aid=0000632886
정준영,"""가정 지킬것→이혼소송에 반소""…말바꾼 구혜선, 법정서 진짜 '다시 시작'[종합]",연예,16,2019,09,24,17:21,5,2,0,3,0,0,0,0,0,0,0,https://news.naver.com/main/read.nhn?mode=LSD&mid=sec&sid1=106&oid=477&aid=0000209235
정준영,"[주간 연예법정①] '성폭행 혐의' 최종훈, 미결수→기결수…왜?",연예,16,2019,09,26,11:40,1,0,0,1,0,0,0,0,0,0,0,https://news.naver.com/main/read.nhn?mode=LSD&mid=sec&sid1=106&oid=427&aid=0000034419
정준영,"안재현, 지난주 구혜선 상대로 이혼 소장 제출…법정으로 가는 '사랑꾼 부부'[종합]",연예,16,2019,09,24,14:29,6,3,0,3,0,0,0,0,0,0,0,https://news.naver.com/main/read.nhn?mode=LSD&mid=sec&sid1=106&oid=477&aid=0000209159
정준영,"구혜선 ""다시 시작""…안재현 잊었나",연예,16,2019,09,23,13:52,7,7,0,0,0,0,0,0,0,0,0,https://news.naver.com/main/read.nhn?mode=LSD&mid=sec&sid1=106&oid=015&aid=0004212886
정준영,"검찰, 버닝썬 '윤 총경' 관련 경찰청 전격 압수수색",사회,16,2019,09,27,10:32,386,378,6,0,0,2,0,0,0,0,0,https://news.naver.com/main/read.nhn?mode=LSD&mid=sec&sid1=102&oid=055&aid=0000761481
정준영,'로또 아파트'에 1만명씩 우르르…현금부자만 신났다,경제,16,2019,09,27,21:32,530,18,5,8,494,5,0,0,0,0,0,https://news.naver.com/main/read.nhn?mode=LSD&mid=sec&sid1=101&oid=448&aid=0000283038
정준영,"검찰, '버닝썬 의혹' 경찰청 압수수색",,16,2019,09,27,15:39,2,2,0,0,0,0,0,0,0,0,0,https://news.naver.com/main/read.nhn?mode=LSD&mid=sec&sid1=004&oid=586&aid=0000008980
정준영,"[MK이슈]정준영·최종훈, 오늘(23일) 공판 출석 `집단성폭행 혐의`",연예,16,2019,09,23,7:02,1,0,0,1,0,0,0,0,0,0,0,https://news.naver.com/main/read.nhn?mode=LSD&mid=sec&sid1=106&oid=009&aid=0004431613
정준영,[투데이IS] '성폭행 등 혐의' 정준영·최종훈 등 6차 공판,연예,16,2019,09,23,7:28,4,0,0,4,0,0,0,0,0,0,0,https://news.naver.com/main/read.nhn?mode=LSD&mid=sec&sid1=106&oid=241&aid=0002959768
정준영,"[종합] 정준영-최종훈, '집단성폭행' 6차공판 참석…피해자 보호 비공개",연예,16,2019,09,23,14:41,2,0,0,2,0,0,0,0,0,0,0,https://news.naver.com/main/read.nhn?mode=LSD&mid=sec&sid1=106&oid=076&aid=0003471545
정준영,"[현장IS] 정준영·최종훈 등 증인석 앉는다…""사생활 보호 위해 비공개""",연예,16,2019,09,23,10:32,3,0,0,3,0,0,0,0,0,0,0,https://news.naver.com/main/read.nhn?mode=LSD&mid=sec&sid1=106&oid=241&aid=0002959817
정준영,"승리, 사회면에서 그만 봤으면 하는 스타 1위..정준영 2위",연예,16,2019,09,23,11:58,11,11,0,0,0,0,0,0,0,0,0,https://news.naver.com/main/read.nhn?mode=LSD&mid=sec&sid1=106&oid=011&aid=0003622712
정준영,"'성폭행 혐의' 최종훈, 푸른색 수의 입고 등장…기결수 됐다",사회,16,2019,09,23,15:50,5,3,0,1,0,1,0,0,0,0,0,https://news.naver.com/main/read.nhn?mode=LSD&mid=sec&sid1=102&oid=018&aid=0004474472
정준영,"최종훈, '뇌물공여' 혐의 확정됐나…기결수 신분 '푸른 수의' 포착",연예,16,2019,09,23,16:37,1,0,0,1,0,0,0,0,0,0,0,https://news.naver.com/main/read.nhn?mode=LSD&mid=sec&sid1=106&oid=468&aid=0000566112
정준영,`성폭행혐의` 최종훈 `뇌물공여` 기결수 됐나…푸른 수의 `눈길`,연예,16,2019,09,23,14:59,2,2,0,0,0,0,0,0,0,0,0,https://news.naver.com/main/read.nhn?mode=LSD&mid=sec&sid1=106&oid=009&aid=0004432002
정준영,"안재현·구혜선, 결국 이혼 소장 접수…SNS 폭로전→법정공방",생활,16,2019,09,24,14:32,3,0,1,0,2,0,0,0,0,0,0,https://news.naver.com/main/read.nhn?mode=LSD&mid=sec&sid1=103&oid=015&aid=0004213567
정준영,구혜선 측 “가정 지키기 어렵다고 판단…증거 사진 포함 반소 제출할 것”,연예,16,2019,09,24,17:27,31,17,0,14,0,0,0,0,0,0,0,https://news.naver.com/main/read.nhn?mode=LSD&mid=sec&sid1=106&oid=144&aid=0000633140
정준영,"구혜선vs안재현, 본격 이혼소송 돌입 ""사진 포함 증거 제출""[종합]",연예,16,2019,09,24,18:45,8,7,0,1,0,0,0,0,0,0,0,https://news.naver.com/main/read.nhn?mode=LSD&mid=sec&sid1=106&oid=108&aid=0002812428
정준영,"[주간 연예법정②] '성폭행 혐의 부인' 최종훈, 반성문 제출 이유는?",연예,16,2019,09,26,11:41,2,1,0,1,0,0,0,0,0,0,0,https://news.naver.com/main/read.nhn?mode=LSD&mid=sec&sid1=106&oid=427&aid=0000034420
정준영,"검찰, 이번엔 ‘윤 총경 의혹’ 정조준… 영장 재청구 끝 경찰 압수수색",사회,16,2019,09,27,17:06,795,33,1,1,750,10,0,0,0,0,0,https://news.naver.com/main/read.nhn?mode=LSD&mid=sec&sid1=102&oid=469&aid=0000426039
정준영,"검찰, '버닝썬 사건' 윤 모 총경 관련 경찰청 압수수색",사회,16,2019,09,27,9:28,"1,170","1,135",8,1,19,7,0,0,0,0,0,https://news.naver.com/main/read.nhn?mode=LSD&mid=sec&sid1=102&oid=055&aid=0000761459
정준영,'버닝썬 윤 총경' 본격 수사…서울지방경찰청 압수수색,사회,16,2019,09,27,17:23,326,308,10,0,2,6,0,0,0,0,0,https://news.naver.com/main/read.nhn?mode=LSD&mid=sec&sid1=102&oid=055&aid=0000761586
정준영,"검찰, '버닝썬 의혹' 경찰청 압수수색…윤총경 자료 확보",연예,16,2019,09,27,11:11,26,26,0,0,0,0,0,0,0,0,0,https://news.naver.com/main/read.nhn?mode=LSD&mid=sec&sid1=106&oid=241&aid=0002961418
정준영,"[종합IS] ""정준영 노래 추천""…멜론, 은퇴한 물의연예인 뒤늦게 배제",연예,17,2019,10,03,7:57,5,1,0,4,0,0,0,0,0,0,0,https://news.naver.com/main/read.nhn?mode=LSD&mid=sec&sid1=106&oid=241&aid=0002963598
정준영,"정진운, 정준영 단톡방 해명 ""영상 돌려본 적 없다""(전문)",사회,17,2019,10,02,12:56,40,8,1,1,30,0,0,0,0,0,0,https://news.naver.com/main/read.nhn?mode=LSD&mid=sec&sid1=102&oid=018&aid=0004481008
정준영,"멜론 측 ""정준영 앨범 추천? 자동 완성 시스템…논란 아티스트 제외 예정"" [공식]",연예,17,2019,10,02,10:51,2,1,0,1,0,0,0,0,0,0,0,https://news.naver.com/main/read.nhn?mode=LSD&mid=sec&sid1=106&oid=076&aid=0003475840
정준영,정진운 단톡방 해명 '정준영 멤버' 의혹에 6개월만에 입 열어 [공식입장],연예,17,2019,10,03,3:41,4,2,0,2,0,0,0,0,0,0,0,https://news.naver.com/main/read.nhn?mode=LSD&mid=sec&sid1=106&oid=015&aid=0004217986
정준영,"""실력이 무기"" 지코, 루머 정면돌파한 8년만 첫 정규",연예,17,2019,10,02,8:00,68,67,0,1,0,0,0,0,0,0,0,https://news.naver.com/main/read.nhn?mode=LSD&mid=sec&sid1=106&oid=241&aid=0002963195
정준영,"“그런 영상 본 적 없어” 지코, 신곡으로 ‘정준영 황금폰’ 해명?",연예,17,2019,10,01,10:45,16,16,0,0,0,0,0,0,0,0,0,https://news.naver.com/main/read.nhn?mode=LSD&mid=sec&sid1=106&oid=005&aid=0001244657
정준영,"[전문] 정진운, '정준영 단톡방' 의혹 부인 ""영상 돌려본 적 없어""",연예,17,2019,10,02,10:05,1,1,0,0,0,0,0,0,0,0,0,https://news.naver.com/main/read.nhn?mode=LSD&mid=sec&sid1=106&oid=421&aid=0004226945
정준영,[스브스타] '정준영 단톡방' 연루 의혹에 정진운이 뒤늦게 밝힌 입장,연예,17,2019,10,02,16:49,4,0,0,4,0,0,0,0,0,0,0,https://news.naver.com/main/read.nhn?mode=LSD&mid=sec&sid1=106&oid=055&aid=0000762667
정준영,멜론 정준영추천 논란…`포유` 노이즈마케팅?,연예,17,2019,10,02,9:33,3,3,0,0,0,0,0,0,0,0,0,https://news.naver.com/main/read.nhn?mode=LSD&mid=sec&sid1=106&oid=009&aid=0004437496
정준영,"멜론 앨범추천 논란, 정준영 데뷔 앨범 등장",연예,17,2019,10,02,1:00,3,2,0,1,0,0,0,0,0,0,0,https://news.naver.com/main/read.nhn?mode=LSD&mid=sec&sid1=106&oid=082&aid=0000945934
정준영,"멜론, '정준영 앨범 추천' 배너 논란...""풀에서 제외할 것""(공식)",연예,17,2019,10,02,10:58,2,2,0,0,0,0,0,0,0,0,0,https://news.naver.com/main/read.nhn?mode=LSD&mid=sec&sid1=106&oid=052&aid=0001349263
정준영,[Pick] '정준영 데뷔 9주년 앨범' 추천한 음원 사이트 멜론 '뭇매',사회,17,2019,10,01,17:35,15,3,0,2,7,3,0,0,0,0,0,https://news.naver.com/main/read.nhn?mode=LSD&mid=sec&sid1=102&oid=055&aid=0000762414
정준영,"정진운, '정준영 단톡방' 루머 해명 ""영상 돌려본 적 없다""[종합]",연예,17,2019,10,03,6:46,1,1,0,0,0,0,0,0,0,0,0,https://news.naver.com/main/read.nhn?mode=LSD&mid=sec&sid1=106&oid=477&aid=0000210911
정준영,"정진운, '정준영 단톡방' 해명 ""잘 기억 안나지만...""[전문]",연예,17,2019,10,01,18:08,10,7,0,3,0,0,0,0,0,0,0,https://news.naver.com/main/read.nhn?mode=LSD&mid=sec&sid1=106&oid=108&aid=0002814168
정준영,"정진운, '정준영 단톡방' 멤버? ""방송 촬영용, 답답함 알아줬으면"" [전문]",연예,17,2019,10,01,20:26,5,4,0,1,0,0,0,0,0,0,0,https://news.naver.com/main/read.nhn?mode=LSD&mid=sec&sid1=106&oid=213&aid=0001133396
정준영,"정진운, 6개월 만에 '정준영 단톡방' 논란 해명 ""불편한 영상 본 적 없다"" [전문]",연예,17,2019,10,01,20:33,5,4,0,1,0,0,0,0,0,0,0,https://news.naver.com/main/read.nhn?mode=LSD&mid=sec&sid1=106&oid=076&aid=0003475647
정준영,"정진운 해명 ""'정준영 단톡방' 멤버? 불편한 영상 돌려본 적 없다""",연예,17,2019,10,01,23:39,5,4,0,1,0,0,0,0,0,0,0,https://news.naver.com/main/read.nhn?mode=LSD&mid=sec&sid1=106&oid=082&aid=0000945929
정준영,“자동 추천 ‘큐레이션’ 목록에 미투 영화감독ㆍ정준영이 떠요”,생활,18,2019,10,11,4:43,18,0,0,2,12,4,0,0,0,0,0,https://news.naver.com/main/read.nhn?mode=LSD&mid=sec&sid1=103&oid=469&aid=0000429754
정준영,"[MK이슈]정준영·최종훈, 오늘(7일) 집단성폭행 혐의 7차 공판 출석",연예,18,2019,10,07,8:17,5,2,0,3,0,0,0,0,0,0,0,https://news.naver.com/main/read.nhn?mode=LSD&mid=sec&sid1=106&oid=009&aid=0004439883
정준영,WTO 분쟁 첫 절차 '양자합의'…11일 제네바서 한일 첫 대면,경제,18,2019,10,10,14:18,12,0,0,0,12,0,0,0,0,0,0,https://news.naver.com/main/read.nhn?mode=LSD&mid=sec&sid1=101&oid=448&aid=0000283900
정준영,"구혜선, 인스타에 또 안재현 글… ""할 만큼 분풀이 해""",연예,18,2019,10,11,19:41,3,0,0,3,0,0,0,0,0,0,0,https://news.naver.com/main/read.nhn?mode=LSD&mid=sec&sid1=106&oid=079&aid=0003279381
정준영,"윤 총경 “검찰, 조국 공격하기 위해 수사 벌였다” 별건수사 주장",사회,18,2019,10,10,21:31,991,12,1,0,974,4,0,0,0,0,0,https://news.naver.com/main/read.nhn?mode=LSD&mid=sec&sid1=102&oid=025&aid=0002943850
정준영,"구혜선, 소속사 대표에게 보낸 문자 공개 ""계약해지해주세요""",연예,18,2019,10,07,19:30,6,4,0,2,0,0,0,0,0,0,0,https://news.naver.com/main/read.nhn?mode=LSD&mid=sec&sid1=106&oid=079&aid=0003277876
정준영,"정준영·최종훈, 집단 성폭행 혐의 오늘 7차 공판…증인 신문",연예,18,2019,10,07,6:00,2,1,0,1,0,0,0,0,0,0,0,https://news.naver.com/main/read.nhn?mode=LSD&mid=sec&sid1=106&oid=421&aid=0004234376
정준영,"‘집단 성폭행 의혹’ 정준영·최종훈, 오늘(7일) 7차 공판",연예,18,2019,10,07,10:37,2,0,0,2,0,0,0,0,0,0,0,https://news.naver.com/main/read.nhn?mode=LSD&mid=sec&sid1=106&oid=469&aid=0000428531
정준영,"'버닝썬 연루' 윤총경, 구속 심사 종료…""의혹, 사실 아니다""",사회,18,2019,10,10,15:53,85,0,0,0,84,1,0,0,0,0,0,https://news.naver.com/main/read.nhn?mode=LSD&mid=sec&sid1=102&oid=015&aid=0004221610
정준영,'보이는 대로 사살'…민통선 멧돼지 'ASF 비상',경제,19,2019,10,14,8:03,51,2,0,3,46,0,0,0,0,0,0,https://news.naver.com/main/read.nhn?mode=LSD&mid=sec&sid1=101&oid=448&aid=0000284119
정준영,음란 영역으로 엇나간 '딥페이크'…피해자 25%는 한국 여성 연예인,사회,19,2019,10,19,15:02,76,8,8,0,54,6,0,0,0,0,0,https://news.naver.com/main/read.nhn?mode=LSD&mid=sec&sid1=102&oid=022&aid=0003406893
정준영,민통선 멧돼지 'ASF 비상'…'북한강 방어선' 구축,경제,19,2019,10,13,19:15,30,1,0,1,25,3,0,0,0,0,0,https://news.naver.com/main/read.nhn?mode=LSD&mid=sec&sid1=101&oid=448&aid=0000284098
정준영,[단독] 화력발전소에 엉터리 저감시설…산업부는 '예산낭비' 지적 뭉갰다,경제,19,2019,10,17,21:41,24,1,0,0,22,1,0,0,0,0,0,https://news.naver.com/main/read.nhn?mode=LSD&mid=sec&sid1=101&oid=448&aid=0000284422
정준영,빚 혼냈다고 엄마 죽인 딸 5년 감형…법이 주목한 슬픈 사연,사회,19,2019,10,16,12:12,"1,650",15,5,163,"1,454",13,0,0,0,0,0,https://news.naver.com/main/read.nhn?mode=LSD&mid=sec&sid1=102&oid=025&aid=0002945048
정준영,"'2025년 하늘 날고, 2027년엔 손 떼고 운전'…미래차 시대 앞당긴다",경제,19,2019,10,15,21:45,35,2,0,0,32,1,0,0,0,0,0,https://news.naver.com/main/read.nhn?mode=LSD&mid=sec&sid1=101&oid=448&aid=0000284262
정준영,"정준영 재판장 “51세에 이건희는 신경영 선언, 이재용 선언은 뭔가”",사회,20,2019,10,25,11:53,73,15,0,1,57,0,0,0,0,0,0,https://news.naver.com/main/read.nhn?mode=LSD&mid=sec&sid1=102&oid=032&aid=0002970726
정준영,"'집단 성폭행 혐의' 정준영·최종훈, 오늘(21일) 8차 공판…증인신문 예정",연예,20,2019,10,21,9:37,2,0,0,2,0,0,0,0,0,0,0,https://news.naver.com/main/read.nhn?mode=LSD&mid=sec&sid1=106&oid=468&aid=0000579364
정준영,'1박2일 4' 정준영 쇼크 딛고 재개할까..연정훈·문세윤 출연+날짜 확정NO(공식)[종합],연예,20,2019,10,23,18:52,30,29,0,1,0,0,0,0,0,0,0,https://news.naver.com/main/read.nhn?mode=LSD&mid=sec&sid1=106&oid=109&aid=0004107093
정준영,승리·정준영처럼…'단톡방'서 성폭행 사진 공유한 30대 남성 구속,사회,20,2019,10,24,15:21,21,0,0,0,17,4,0,0,0,0,0,https://news.naver.com/main/read.nhn?mode=LSD&mid=sec&sid1=102&oid=079&aid=0003283753
정준영,[부고] 정준영(전 연합뉴스 정보통신국장)씨 별세,IT,20,2019,10,21,18:36,2,0,0,2,0,0,0,0,0,0,0,https://news.naver.com/main/read.nhn?mode=LSD&mid=sec&sid1=105&oid=001&aid=0011158211
정준영,"[연예계 핫뉴스①] '성폭행 혐의' 정준영·최종훈, 8차 공판…유·무죄 판단 근거는?",연예,20,2019,10,24,10:23,5,0,0,5,0,0,0,0,0,0,0,https://news.naver.com/main/read.nhn?mode=LSD&mid=sec&sid1=106&oid=427&aid=0000034636
정준영,"정준영 판사, 이재용에 당부 ""어떤 결과든 겸허한 자세로 임해주길""",사회,20,2019,10,25,13:17,6,1,0,0,5,0,0,0,0,0,0,https://news.naver.com/main/read.nhn?mode=LSD&mid=sec&sid1=102&oid=082&aid=0000952166
정준영,'51세 이건희' 거론하며···이재용 향한 재판부의 이례적 질문,사회,20,2019,10,25,14:43,754,37,2,10,696,9,0,0,0,0,0,https://news.naver.com/main/read.nhn?mode=LSD&mid=sec&sid1=102&oid=025&aid=0002947701
정준영,"삼성 이재용, “심려끼쳐 죄송”…법원장, “총수 역할” 당부",경제,20,2019,10,25,19:09,1,0,0,1,0,0,0,0,0,0,0,https://news.naver.com/main/read.nhn?mode=LSD&mid=sec&sid1=101&oid=082&aid=0000952304
정준영,"'특수 준강간 혐의' 정준영·최종훈, 8차 공판…""성폭행 NO"" 주장 고수할까",사회,20,2019,10,21,9:53,8,0,0,1,4,3,0,0,0,0,0,https://news.naver.com/main/read.nhn?mode=LSD&mid=sec&sid1=102&oid=015&aid=0004226790
정준영,"정준영·최종훈, 오늘(21일) 집단 성폭행 혐의 8차 공판…증인신문 예정",연예,20,2019,10,21,9:29,2,0,0,2,0,0,0,0,0,0,0,https://news.naver.com/main/read.nhn?mode=LSD&mid=sec&sid1=106&oid=144&aid=0000637818
정준영,[MK이슈]정준영-최종훈 오늘(21일) `집단 성폭행` 혐의 8차 공판…비공개 심리,연예,20,2019,10,21,8:15,1,0,0,1,0,0,0,0,0,0,0,https://news.naver.com/main/read.nhn?mode=LSD&mid=sec&sid1=106&oid=009&aid=0004447835
정준영,정준영·최종훈 등 특수 준강간 혐의로 8차 공판…증인신문 예정,연예,20,2019,10,21,7:50,4,1,0,3,0,0,0,0,0,0,0,https://news.naver.com/main/read.nhn?mode=LSD&mid=sec&sid1=106&oid=241&aid=0002970258
정준영,[POP이슈]'1박2일' 김종민·연정훈·문세윤 합류설...국민 예능 귀환에 쏠리는 관심[종합],연예,20,2019,10,23,19:41,18,14,0,4,0,0,0,0,0,0,0,https://news.naver.com/main/read.nhn?mode=LSD&mid=sec&sid1=106&oid=112&aid=0003226681
정준영,"'1박2일' 측 ""연정훈·김종민 합류·12월 방송? 확정된 바 없다""[공식]",연예,20,2019,10,23,16:11,2,2,0,0,0,0,0,0,0,0,0,https://news.naver.com/main/read.nhn?mode=LSD&mid=sec&sid1=106&oid=109&aid=0004106945
정준영,[노트북을 열며] ‘회복적 사법’ 정준영 판사의 믿음,오피니언,21,2019,10,31,1:52,38,22,0,0,16,0,0,0,0,0,0,https://news.naver.com/main/read.nhn?mode=LSD&mid=sec&sid1=110&oid=025&aid=0002949174
정준영,"'이건희 신경영' 인용, 이재용 훈계…정준영 부장판사는 누구",사회,21,2019,10,27,20:03,87,11,1,0,73,2,0,0,0,0,0,https://news.naver.com/main/read.nhn?mode=LSD&mid=sec&sid1=102&oid=421&aid=0004272431
정준영,"[종합]""황금폰 논란 억울해""..지코, 허위사실 유포 피해에 법적대응 선포",연예,21,2019,10,29,16:49,34,33,0,1,0,0,0,0,0,0,0,https://news.naver.com/main/read.nhn?mode=LSD&mid=sec&sid1=106&oid=112&aid=0003228772
정준영,"‘바람잘날없는 보이그룹’ 강성훈→원호, 올해 탈퇴만 9명[이슈와치]",연예,21,2019,11,01,10:50,3,2,0,1,0,0,0,0,0,0,0,https://news.naver.com/main/read.nhn?mode=LSD&mid=sec&sid1=106&oid=609&aid=0000196662
정준영,"[SW이슈] 지코, ‘악플’과의 전쟁 선포",연예,21,2019,10,30,10:33,24,24,0,0,0,0,0,0,0,0,0,https://news.naver.com/main/read.nhn?mode=LSD&mid=sec&sid1=106&oid=396&aid=0000530688
정준영,"[SC초점]'""연정훈→라비""…'1박2일' 시즌4로 귀환, 정준영 악몽 지우고 재도약할까(종합)",연예,22,2019,11,05,14:27,4,4,0,0,0,0,0,0,0,0,0,https://news.naver.com/main/read.nhn?mode=LSD&mid=sec&sid1=106&oid=076&aid=0003492024
정준영,"'1박2일' 시즌4 김종민→연정훈 6人, '정준영 쇼크' 딛고 12월 새 출발[종합]",연예,22,2019,11,05,14:56,17,16,0,1,0,0,0,0,0,0,0,https://news.naver.com/main/read.nhn?mode=LSD&mid=sec&sid1=106&oid=109&aid=0004114927
정준영,"[SW이슈] ‘1박2일’, 새 6人 확정… ‘국민 예능’으로 귀환할까",연예,22,2019,11,06,13:39,7,5,0,2,0,0,0,0,0,0,0,https://news.naver.com/main/read.nhn?mode=LSD&mid=sec&sid1=106&oid=396&aid=0000531255
정준영,"[POP초점]""올해만 8명 탈퇴""‥용준형·비아이→원호까지, 논란과 위기의 남돌",연예,22,2019,11,04,22:25,5,1,0,4,0,0,0,0,0,0,0,https://news.naver.com/main/read.nhn?mode=LSD&mid=sec&sid1=106&oid=112&aid=0003231326
정준영,음주뺑소니 30대 남성에게…법관·검사·변호사가 박수쳤다,사회,22,2019,11,08,18:23,33,4,1,0,24,4,0,0,0,0,0,https://news.naver.com/main/read.nhn?mode=LSD&mid=sec&sid1=102&oid=023&aid=0003485574
정준영,"[POP이슈]1박2일 시즌4, 캐스팅 완료→12월8일 첫방송..국민 예능 명성 이어갈까",연예,22,2019,11,05,18:40,25,24,0,1,0,0,0,0,0,0,0,https://news.naver.com/main/read.nhn?mode=LSD&mid=sec&sid1=106&oid=112&aid=0003231748
정준영,"[단독]'1박2일' 시즌4, 연정훈→라비 합류..12월 8일 첫방송 [종합]",연예,22,2019,11,05,13:59,229,215,0,14,0,0,0,0,0,0,0,https://news.naver.com/main/read.nhn?mode=LSD&mid=sec&sid1=106&oid=108&aid=0002821617
정준영,"방글이PD ""시즌4, 지금껏 본 적 없는 NEW '1박 2일'""",연예,22,2019,11,05,11:28,3,3,0,0,0,0,0,0,0,0,0,https://news.naver.com/main/read.nhn?mode=LSD&mid=sec&sid1=106&oid=108&aid=0002821567
정준영,"[단독]'1박2일' 새단장, 맏형 연정훈→막내 라비까지[종합]",연예,22,2019,11,05,10:18,512,491,0,21,0,0,0,0,0,0,0,https://news.naver.com/main/read.nhn?mode=LSD&mid=sec&sid1=106&oid=108&aid=0002821549
정준영,몰카파문 장기결방 '1박2일' 9개월만에 재개,생활,22,2019,11,05,11:34,12,1,0,1,10,0,0,0,0,0,0,https://news.naver.com/main/read.nhn?mode=LSD&mid=sec&sid1=103&oid=001&aid=0011190386
정준영,'몰카 파문' 장기결방 '1박2일' 다음달 재개,연예,22,2019,11,05,22:38,1,1,0,0,0,0,0,0,0,0,0,https://news.naver.com/main/read.nhn?mode=LSD&mid=sec&sid1=106&oid=422&aid=0000399937
정준영,‘1박2일’ 9개월 만에 재개…‘연정훈→김선호’ 6명 시즌4 합류,연예,22,2019,11,05,15:04,12,12,0,0,0,0,0,0,0,0,0,https://news.naver.com/main/read.nhn?mode=LSD&mid=sec&sid1=106&oid=144&aid=0000640614
정준영,'1박2일' 멤버 확정…터줏대감 김종민 제외한 새 얼굴은 누구?,연예,22,2019,11,06,4:51,551,511,0,40,0,0,0,0,0,0,0,https://news.naver.com/main/read.nhn?mode=LSD&mid=sec&sid1=106&oid=015&aid=0004236714
정준영,"'퐁당퐁당' 흥행 '1박2일', 시즌4에 거는 기대와 우려[이슈S]",연예,22,2019,11,06,16:34,3,3,0,0,0,0,0,0,0,0,0,https://news.naver.com/main/read.nhn?mode=LSD&mid=sec&sid1=106&oid=477&aid=0000216884
정준영,"'1박 2일' 시즌4, 웃음 가득 담은 '만선' 되려면 [장우영의 단짠단짠]",연예,22,2019,11,06,8:01,4,3,0,1,0,0,0,0,0,0,0,https://news.naver.com/main/read.nhn?mode=LSD&mid=sec&sid1=106&oid=109&aid=0004115321
정준영,"김선호-빅스 라비 합류, '1박 2일' 시즌 4 멤버 완성",연예,22,2019,11,05,11:53,25,25,0,0,0,0,0,0,0,0,0,https://news.naver.com/main/read.nhn?mode=LSD&mid=sec&sid1=106&oid=079&aid=0003287624
정준영,[종합]'1박2일' 연정훈·김선호→라비 합류…9개월만에 시즌4로 컴백,연예,22,2019,11,05,14:35,3,3,0,0,0,0,0,0,0,0,0,https://news.naver.com/main/read.nhn?mode=LSD&mid=sec&sid1=106&oid=076&aid=0003492028
정준영,"연정훈→김선호 `1박2일` 시즌4 멤버 확정, 기대와 우려 사이[MK이슈]",연예,22,2019,11,05,14:35,13,11,0,2,0,0,0,0,0,0,0,https://news.naver.com/main/read.nhn?mode=LSD&mid=sec&sid1=106&oid=009&aid=0004457894
정준영,매일밤 술 안마신 모습 동영상 보낸 음주뺑소니… 법정서 박수세례,사회,22,2019,11,08,16:58,61,43,2,0,13,3,0,0,0,0,0,https://news.naver.com/main/read.nhn?mode=LSD&mid=sec&sid1=102&oid=277&aid=0004569216
정준영,"법정서 음주뺑소니 피고인에 박수…법원 ""성실히 프로그램 이행""",사회,22,2019,11,08,14:16,32,1,1,0,30,0,0,0,0,0,0,https://news.naver.com/main/read.nhn?mode=LSD&mid=sec&sid1=102&oid=001&aid=0011199140
정준영,"가수 정준영에 징역 7년 구형…""도덕적으로 미안하게 생각""",사회,23,2019,11,13,16:59,499,25,3,11,442,18,0,0,0,0,0,https://news.naver.com/main/read.nhn?mode=LSD&mid=sec&sid1=102&oid=055&aid=0000771960
정준영,檢 ‘집단 성폭행’ 정준영에 징역 7년 구형,사회,23,2019,11,14,5:07,121,41,4,1,68,7,0,0,0,0,0,https://news.naver.com/main/read.nhn?mode=LSD&mid=sec&sid1=102&oid=081&aid=0003043561
정준영,"檢, '집단 성폭행' 정준영·최종훈에 징역 7년·5년 구형",사회,23,2019,11,13,17:21,22,4,0,0,17,1,0,0,0,0,0,https://news.naver.com/main/read.nhn?mode=LSD&mid=sec&sid1=102&oid=011&aid=0003650903
정준영,[이주의 검색툰] ‘성폭행 혐의’ 정준영에 7년 구형,사회,23,2019,11,16,20:01,2,0,0,0,2,0,0,0,0,0,0,https://news.naver.com/main/read.nhn?mode=LSD&mid=sec&sid1=102&oid=005&aid=0001259820
정준영,"'소녀시대 유리 오빠' 권모씨, 정준영·최종훈보다 높은 '징역 10년' 구형",사회,23,2019,11,14,9:19,6,0,0,0,6,0,0,0,0,0,0,https://news.naver.com/main/read.nhn?mode=LSD&mid=sec&sid1=102&oid=015&aid=0004241242
정준영,소시 유리 오빠 징역 10년 구형·정준영은 7년…전자발찌 착용 여부는?,사회,23,2019,11,14,7:25,511,37,8,4,442,20,0,0,0,0,0,https://news.naver.com/main/read.nhn?mode=LSD&mid=sec&sid1=102&oid=009&aid=0004463445
정준영,'집단 성폭행 혐의' 정준영·최종훈의 최후진술,사회,23,2019,11,13,18:53,520,18,3,3,477,19,0,0,0,0,0,https://news.naver.com/main/read.nhn?mode=LSD&mid=sec&sid1=102&oid=052&aid=0001365268
정준영,"'집단성폭행' 정준영, 징역 7년 구형…""어리석음 후회""(종합)",사회,23,2019,11,13,18:09,134,18,2,2,106,6,0,0,0,0,0,https://news.naver.com/main/read.nhn?mode=LSD&mid=sec&sid1=102&oid=003&aid=0009556079
정준영,"가수 정준영에 징역 7년 구형…""도덕적으로 미안하게 생각""(종합)",사회,23,2019,11,13,17:48,"2,101",87,18,41,"1,917",38,0,0,0,0,0,https://news.naver.com/main/read.nhn?mode=LSD&mid=sec&sid1=102&oid=001&aid=0011210009
정준영,"7년 구형 정준영 ""죄송"" 10년 구형 권씨 ""공인 동생에 죄를···""",사회,23,2019,11,13,19:49,"1,522",31,13,24,"1,418",36,0,0,0,0,0,https://news.naver.com/main/read.nhn?mode=LSD&mid=sec&sid1=102&oid=025&aid=0002952550
정준영,"정준영·최종훈, 징역 7년·5년 구형…""도덕적으로 미안하게 생각""",사회,23,2019,11,13,18:01,260,10,3,0,239,8,0,0,0,0,0,https://news.naver.com/main/read.nhn?mode=LSD&mid=sec&sid1=102&oid=215&aid=0000823885
정준영,"징역 7년 구형된 정준영…“너무 후회, 도덕적으로 미안”",사회,23,2019,11,13,17:25,464,36,3,9,398,18,0,0,0,0,0,https://news.naver.com/main/read.nhn?mode=LSD&mid=sec&sid1=102&oid=005&aid=0001258908
정준영,"'유리오빠' 권씨, 정준영·최종훈보다 형량 높은 이유",연예,23,2019,11,14,8:51,3,2,0,1,0,0,0,0,0,0,0,https://news.naver.com/main/read.nhn?mode=LSD&mid=sec&sid1=106&oid=119&aid=0002364153
정준영,소녀시대 유리 오빠 징역 10년·정준영 7년·최종훈 5년 구형,연예,23,2019,11,14,9:22,1,1,0,0,0,0,0,0,0,0,0,https://news.naver.com/main/read.nhn?mode=LSD&mid=sec&sid1=106&oid=408&aid=0000081227
정준영,"""동생·약혼자에 상처 미안"" 유리 오빠, 정준영·최종훈보다 무거운 '징역 10년 구형' [종합]",연예,23,2019,11,14,10:33,1,1,0,0,0,0,0,0,0,0,0,https://news.naver.com/main/read.nhn?mode=LSD&mid=sec&sid1=106&oid=076&aid=0003496514
정준영,"집단성폭행 혐의 정준영 징역 7년, 최종훈 5년 구형",사회,23,2019,11,13,19:59,170,16,1,2,142,9,0,0,0,0,0,https://news.naver.com/main/read.nhn?mode=LSD&mid=sec&sid1=102&oid=629&aid=0000003734
정준영,'집단 성폭행' 가수 정준영 징역 7년 구형,사회,23,2019,11,13,19:59,142,8,2,5,123,4,0,0,0,0,0,https://news.naver.com/main/read.nhn?mode=LSD&mid=sec&sid1=102&oid=214&aid=0000993430
정준영,"檢, ‘집단성폭행 혐의’ 정준영 징역 7년·최종훈 5년 구형",사회,23,2019,11,13,17:42,208,51,3,1,146,7,0,0,0,0,0,https://news.naver.com/main/read.nhn?mode=LSD&mid=sec&sid1=102&oid=020&aid=0003253125
정준영,"정준영·최종훈, 최후진술서 ""방탕한 생활 맞지만..""",사회,23,2019,11,14,12:44,325,8,4,4,301,8,0,0,0,0,0,https://news.naver.com/main/read.nhn?mode=LSD&mid=sec&sid1=102&oid=018&aid=0004516117
정준영,'유리 오빠' 권씨 10년·정준영 7년·최종훈 5년 구형…적용 혐의는,사회,23,2019,11,14,7:22,2,0,0,0,2,0,0,0,0,0,0,https://news.naver.com/main/read.nhn?mode=LSD&mid=sec&sid1=102&oid=082&aid=0000957765
정준영,"집단성폭행 혐의, 소녀시대 유리 오빠가 정준영·최종훈보다 형량 많다?",사회,23,2019,11,14,14:02,2,0,0,1,1,0,0,0,0,0,0,https://news.naver.com/main/read.nhn?mode=LSD&mid=sec&sid1=102&oid=011&aid=0003651438
정준영,"정준영 7년·최종훈 5년 구형…""특수준강간 죄명 너무 무겁고 억울해""[종합]",연예,23,2019,11,14,6:50,3,3,0,0,0,0,0,0,0,0,0,https://news.naver.com/main/read.nhn?mode=LSD&mid=sec&sid1=106&oid=076&aid=0003496359
정준영,소녀시대 유리 오빠가 정준영·최종훈보다 형량 높은 이유,사회,23,2019,11,14,5:15,"2,997",71,28,25,"2,798",75,0,0,0,0,0,https://news.naver.com/main/read.nhn?mode=LSD&mid=sec&sid1=102&oid=005&aid=0001259060
정준영,"정준영 7년·최종훈 5년인데…유리 오빠 권씨, 10년 구형 이유는?",사회,23,2019,11,14,16:27,4,3,0,0,1,0,0,0,0,0,0,https://news.naver.com/main/read.nhn?mode=LSD&mid=sec&sid1=102&oid=015&aid=0004241642
정준영,"[뉴스브리핑] '성폭행 혐의' 정준영, 징역 7년 구형…""죄질 고려""",사회,23,2019,11,13,21:44,17,3,2,0,10,2,0,0,0,0,0,https://news.naver.com/main/read.nhn?mode=LSD&mid=sec&sid1=102&oid=437&aid=0000224202
정준영,"'집단성폭행·몰카 혐의' 정준영, 징역 7년 구형…""피해자에게 죄송""",사회,23,2019,11,13,19:09,222,14,0,7,198,3,0,0,0,0,0,https://news.naver.com/main/read.nhn?mode=LSD&mid=sec&sid1=102&oid=014&aid=0004327085
정준영,"'집단성폭행' 정준영, 징역 7년 구형…검찰 ""죄질고려""",사회,23,2019,11,13,17:00,635,52,8,9,546,20,0,0,0,0,0,https://news.naver.com/main/read.nhn?mode=LSD&mid=sec&sid1=102&oid=003&aid=0009555964
정준영,"'집단 성폭행 혐의' 정준영 재판 재개…檢, 보호관찰명령 청구",사회,24,2019,11,23,22:03,45,3,0,0,36,6,0,0,0,0,0,https://news.naver.com/main/read.nhn?mode=LSD&mid=sec&sid1=102&oid=421&aid=0004321460
정준영,정진운 측 “정준영 단톡방 관련 조사조차 안 받았다”,연예,24,2019,11,18,16:55,1,1,0,0,0,0,0,0,0,0,0,https://news.naver.com/main/read.nhn?mode=LSD&mid=sec&sid1=106&oid=025&aid=0002953649
정준영,"""정진운은 '정준영 단톡방'과 무관…비방에 법적조치""",연예,24,2019,11,18,15:38,2,2,0,0,0,0,0,0,0,0,0,https://news.naver.com/main/read.nhn?mode=LSD&mid=sec&sid1=106&oid=001&aid=0011219871
정준영,"[투데이 연예톡톡] 정진운 ""정준영 단체 대화방과 무관""",연예,24,2019,11,19,6:57,1,1,0,0,0,0,0,0,0,0,0,https://news.naver.com/main/read.nhn?mode=LSD&mid=sec&sid1=106&oid=214&aid=0000994598
정준영,"정진운 측 ""정준영 단톡방'과 무관…악의적 비방 법적조치""",연예,24,2019,11,18,15:51,3,2,0,1,0,0,0,0,0,0,0,https://news.naver.com/main/read.nhn?mode=LSD&mid=sec&sid1=106&oid=014&aid=0004329305
정준영,"정진운 측, 법적 조치 예고 ""'정준영 카톡방'과 관련 없다""",연예,24,2019,11,18,21:33,1,1,0,0,0,0,0,0,0,0,0,https://news.naver.com/main/read.nhn?mode=LSD&mid=sec&sid1=106&oid=215&aid=0000825062
정준영,"정진운 측 ""정준영 단톡방 관련 조사조차 받지 않아""",생활,24,2019,11,18,13:22,28,6,0,1,18,3,0,0,0,0,0,https://news.naver.com/main/read.nhn?mode=LSD&mid=sec&sid1=103&oid=018&aid=0004518992
정준영,"""경각심 잃지 않겠다""…'1박 2일 시즌4', 출연진 검증 문제를 향한 시선 [엑's 현장]",연예,24,2019,11,18,13:51,60,55,0,5,0,0,0,0,0,0,0,https://news.naver.com/main/read.nhn?mode=LSD&mid=sec&sid1=106&oid=311&aid=0001076179
정준영,'집단 성폭행' 정준영 1심서 징역 6년 실형…최종훈은 5년,사회,25,2019,11,29,11:52,727,214,17,14,469,13,0,0,0,0,0,https://news.naver.com/main/read.nhn?mode=LSD&mid=sec&sid1=102&oid=055&aid=0000775430
정준영,'집단성폭행·불법촬영' 가수 정준영 1심서 징역 6년 실형,사회,25,2019,11,29,11:55,122,70,4,4,39,5,0,0,0,0,0,https://news.naver.com/main/read.nhn?mode=LSD&mid=sec&sid1=102&oid=001&aid=0011246255
정준영,"정준영·최종훈 '중형' 선고…""여성을 쾌락 도구로""",사회,25,2019,11,30,6:41,23,3,0,4,16,0,0,0,0,0,0,https://news.naver.com/main/read.nhn?mode=LSD&mid=sec&sid1=102&oid=214&aid=0000997364
정준영,"'집단성폭행' 정준영 징역 6년·최종훈 5년…""여성을 쾌락 도구로""",사회,25,2019,11,30,10:53,298,40,4,5,245,4,0,0,0,0,0,https://news.naver.com/main/read.nhn?mode=LSD&mid=sec&sid1=102&oid=448&aid=0000287235
정준영,‘집단성폭행’ 정준영 6년·최종훈 5년刑,사회,25,2019,11,29,24:21,412,55,4,8,332,13,0,0,0,0,0,https://news.naver.com/main/read.nhn?mode=LSD&mid=sec&sid1=102&oid=021&aid=0002409742
정준영,"[속보] ‘불법촬영·집단성폭행’ 가수 정준영, 징역 6년 실형 선고",사회,25,2019,11,29,24:15,289,68,2,0,215,4,0,0,0,0,0,https://news.naver.com/main/read.nhn?mode=LSD&mid=sec&sid1=102&oid=028&aid=0002476594
정준영,'집단 성폭행' 정준영 징역 6년·최종훈 징역 5년 실형 선고,사회,25,2019,11,29,24:13,277,67,5,2,199,4,0,0,0,0,0,https://news.naver.com/main/read.nhn?mode=LSD&mid=sec&sid1=102&oid=052&aid=0001371314
정준영,‘집단성폭행’ 정준영 징역 6년·최종훈 5년…판결 후 울음,사회,25,2019,11,29,13:37,504,113,15,16,350,10,0,0,0,0,0,https://news.naver.com/main/read.nhn?mode=LSD&mid=sec&sid1=102&oid=449&aid=0000182135
정준영,‘불법촬영·집단성폭행 혐의’ 정준영·최종훈 오늘 1심 선고,사회,25,2019,11,29,8:42,67,1,0,5,56,5,0,0,0,0,0,https://news.naver.com/main/read.nhn?mode=LSD&mid=sec&sid1=102&oid=081&aid=0003047402
정준영,"""왜곡된 성의식으로 중대 범행""… 6년 실형에 펑펑 운 정준영",사회,25,2019,11,30,3:09,"1,448",151,24,17,"1,228",28,0,0,0,0,0,https://news.naver.com/main/read.nhn?mode=LSD&mid=sec&sid1=102&oid=023&aid=0003490371
정준영,"정준영 징역 6년·최종훈 5년…法 ""여성 쾌락도구로 여겨""",사회,25,2019,11,29,21:30,279,142,7,9,105,16,0,0,0,0,0,https://news.naver.com/main/read.nhn?mode=LSD&mid=sec&sid1=102&oid=448&aid=0000287217
정준영,'집단 성폭행' 정준영 1심서 징역 6년 실형…최종훈은 5년(종합),사회,25,2019,11,29,24:48,"1,052",147,20,17,846,22,0,0,0,0,0,https://news.naver.com/main/read.nhn?mode=LSD&mid=sec&sid1=102&oid=001&aid=0011246347
정준영,"'집단성폭행' 정준영 징역 6년·최종훈 5년…""범행 중대해 엄벌""(종합2보)",사회,25,2019,11,29,15:27,169,53,3,1,107,5,0,0,0,0,0,https://news.naver.com/main/read.nhn?mode=LSD&mid=sec&sid1=102&oid=001&aid=0011246903
정준영,실형 선고에 눈시울 붉어진 정준영… 오열한 최종훈,사회,25,2019,11,29,14:35,"3,933","2,416",86,83,"1,227",121,0,0,0,0,0,https://news.naver.com/main/read.nhn?mode=LSD&mid=sec&sid1=102&oid=005&aid=0001264005
정준영,가수 정준영 징역 6년·최종훈 5년…중형 선고에 '오열',사회,25,2019,11,29,24:27,489,288,18,14,152,17,0,0,0,0,0,https://news.naver.com/main/read.nhn?mode=LSD&mid=sec&sid1=102&oid=215&aid=0000828134
정준영,집단성폭행 가수 정준영에 징역 6년,사회,25,2019,11,29,24:01,122,75,6,1,38,2,0,0,0,0,0,https://news.naver.com/main/read.nhn?mode=LSD&mid=sec&sid1=102&oid=469&aid=0000444433
정준영,'집단성폭행·불법촬영' 정준영 1심서 징역 6년…최종훈 5년,사회,25,2019,11,29,24:05,18,3,1,0,11,3,0,0,0,0,0,https://news.naver.com/main/read.nhn?mode=LSD&mid=sec&sid1=102&oid=082&aid=0000961958
정준영,'불법촬영·집단 성폭행' 가수 정준영 징역 6년·최종훈 징역 5년(상보),사회,25,2019,11,29,11:59,46,20,1,3,19,3,0,0,0,0,0,https://news.naver.com/main/read.nhn?mode=LSD&mid=sec&sid1=102&oid=018&aid=0004527625
정준영,"‘집단 성폭행 혐의 등’ 정준영 징역 6년, 최종훈 징역 5년 선고",사회,25,2019,11,30,6:27,17,1,1,0,15,0,0,0,0,0,0,https://news.naver.com/main/read.nhn?mode=LSD&mid=sec&sid1=102&oid=056&aid=0010768889
정준영,‘집단 성폭행’ 정준영 징역 6년·최종훈 5년…“너무나 당연한 결과”,사회,25,2019,11,30,14:36,586,79,16,12,463,16,0,0,0,0,0,https://news.naver.com/main/read.nhn?mode=LSD&mid=sec&sid1=102&oid=081&aid=0003047658
정준영,"정준영·최종훈 '중형' 선고…""여성을 쾌락 도구로""",사회,25,2019,11,30,7:15,370,39,8,11,299,13,0,0,0,0,0,https://news.naver.com/main/read.nhn?mode=LSD&mid=sec&sid1=102&oid=214&aid=0000997383
정준영,"'실형' 정준영·최종훈…스타로 얻은 명성, 이젠 책임져야할 때[SS이슈]",연예,25,2019,11,29,13:22,14,13,0,1,0,0,0,0,0,0,0,https://news.naver.com/main/read.nhn?mode=LSD&mid=sec&sid1=106&oid=468&aid=0000598290
정준영,"가수 정준영, 집단 성폭행 등 혐의에 1심 징역 6년 선고",사회,25,2019,11,29,11:59,86,11,0,0,71,4,0,0,0,0,0,https://news.naver.com/main/read.nhn?mode=LSD&mid=sec&sid1=102&oid=002&aid=0002112844
정준영,"‘집단 성폭행·동영상 유포 혐의’ 정준영 징역 6년, 최종훈 징역 5년",사회,25,2019,11,29,17:08,76,26,3,2,41,4,0,0,0,0,0,https://news.naver.com/main/read.nhn?mode=LSD&mid=sec&sid1=102&oid=020&aid=0003256122
정준영,'집단 성폭행' 정준영 징역6년·최종훈 징역5년,사회,25,2019,11,29,16:43,159,71,5,3,71,9,0,0,0,0,0,https://news.naver.com/main/read.nhn?mode=LSD&mid=sec&sid1=102&oid=422&aid=0000403484
정준영,"‘집단 성폭행’ 정준영, 1심서 징역 6년...“반성한 점 감안”",사회,25,2019,11,29,24:22,196,15,1,4,173,3,0,0,0,0,0,https://news.naver.com/main/read.nhn?mode=LSD&mid=sec&sid1=102&oid=081&aid=0003047494
정준영,"""여성을 쾌락 도구로 여겨""...정준영·최종훈 실형 선고",사회,25,2019,11,29,14:14,161,63,4,3,87,4,0,0,0,0,0,https://news.naver.com/main/read.nhn?mode=LSD&mid=sec&sid1=102&oid=052&aid=0001371349
정준영,"""여성을 성적 쾌락도구로 여겨""…정준영 1심 징역 6년",사회,25,2019,11,29,18:21,259,19,10,5,214,11,0,0,0,0,0,https://news.naver.com/main/read.nhn?mode=LSD&mid=sec&sid1=102&oid=422&aid=0000403497
정준영,[속보] '집단 성폭행' 가수 정준영 1심 징역 6년 선고,사회,25,2019,11,29,11:55,40,9,1,0,30,0,0,0,0,0,0,https://news.naver.com/main/read.nhn?mode=LSD&mid=sec&sid1=102&oid=052&aid=0001371307
정준영,"""집단 성폭행은 중대하고 심각한 범죄""…정준영 6년·최종훈 5년 실형",사회,25,2019,11,30,8:54,3,0,0,0,3,0,0,0,0,0,0,https://news.naver.com/main/read.nhn?mode=LSD&mid=sec&sid1=102&oid=009&aid=0004473477
