트와이스,"트와이스 '왓 이즈 러브' 뮤비, 3억뷰 돌파…아시아 원톱 위엄[공식]",연예,0,2019,06,08,10:09,50,50,0,0,0,0,0,0,0,0,0,https://news.naver.com/main/read.nhn?mode=LSD&mid=sec&sid1=106&oid=468&aid=0000517723
트와이스,"야노 시호, 트와이스 미나와 '예쁨 가득' 인증샷 ""우연히 만나""[★SNS]",연예,0,2019,06,06,10:19,64,64,0,0,0,0,0,0,0,0,0,https://news.naver.com/main/read.nhn?mode=LSD&mid=sec&sid1=106&oid=404&aid=0000245309
트와이스,"야노 시호, 트와이스 미나와 특급 만남…미모 가득 셀카",연예,0,2019,06,05,20:35,114,114,0,0,0,0,0,0,0,0,0,https://news.naver.com/main/read.nhn?mode=LSD&mid=sec&sid1=106&oid=112&aid=0003172719
트와이스,트와이스 '왓 이즈 러브?' 유튜브 3억뷰 돌파,연예,0,2019,06,08,24:05,88,88,0,0,0,0,0,0,0,0,0,https://news.naver.com/main/read.nhn?mode=LSD&mid=sec&sid1=106&oid=001&aid=0010875952
트와이스,"트와이스, ‘What is Love?’ MV 3억뷰 돌파…통산 5번째 기록",연예,0,2019,06,08,10:27,58,58,0,0,0,0,0,0,0,0,0,https://news.naver.com/main/read.nhn?mode=LSD&mid=sec&sid1=106&oid=410&aid=0000592924
트와이스,"트와이스, 'What is Love?' 뮤비 3억뷰 돌파…통산 5번째 기록[공식]",연예,0,2019,06,08,10:11,45,44,0,1,0,0,0,0,0,0,0,https://news.naver.com/main/read.nhn?mode=LSD&mid=sec&sid1=106&oid=076&aid=0003426599
트와이스,"트와이스, 'What is Love?' MV 3억뷰 돌파…통산 5번째 기록 달성",연예,0,2019,06,08,13:02,81,81,0,0,0,0,0,0,0,0,0,https://news.naver.com/main/read.nhn?mode=LSD&mid=sec&sid1=106&oid=015&aid=0004155323
트와이스,트와이스 정연 '미모 되니 셀카 못 찍어도 이 정도',연예,0,2019,06,04,13:02,81,81,0,0,0,0,0,0,0,0,0,https://news.naver.com/main/read.nhn?mode=LSD&mid=sec&sid1=106&oid=117&aid=0003225632
트와이스,"다시 또 긴머리..트와이스 정연, 얼굴 제대로 쓴 비주얼 폭발 셀카[★SNS]",연예,0,2019,06,04,15:05,30,27,0,3,0,0,0,0,0,0,0,https://news.naver.com/main/read.nhn?mode=LSD&mid=sec&sid1=106&oid=404&aid=0000245155
트와이스,"""뭘 해도 예뻐"" 트와이스 정연, 반전 매력 셀카 [★SHOT!]",연예,0,2019,06,04,24:54,89,89,0,0,0,0,0,0,0,0,0,https://news.naver.com/main/read.nhn?mode=LSD&mid=sec&sid1=106&oid=109&aid=0004022400
트와이스,"트와이스 정연, 정면으로 찍어도 굴욕 없는 셀카 [EN스타]",연예,0,2019,06,04,16:31,37,37,0,0,0,0,0,0,0,0,0,https://news.naver.com/main/read.nhn?mode=LSD&mid=sec&sid1=106&oid=081&aid=0003004148
트와이스,"야노시호, ""오늘 카페에서 우연히 트와이스 미나짱을 만났어요♥""",연예,0,2019,06,06,7:21,56,56,0,0,0,0,0,0,0,0,0,https://news.naver.com/main/read.nhn?mode=LSD&mid=sec&sid1=106&oid=117&aid=0003226700
트와이스,야노시호와 트와이스 미나가 만났을 때 “예쁨이 두 배”,연예,0,2019,06,05,21:01,66,66,0,0,0,0,0,0,0,0,0,https://news.naver.com/main/read.nhn?mode=LSD&mid=sec&sid1=106&oid=213&aid=0001110497
트와이스,"""만나서 반가워요""…야노 시호, 트와이스 미나와 특급 만남 [★SHOT!]",연예,0,2019,06,05,19:53,122,122,0,0,0,0,0,0,0,0,0,https://news.naver.com/main/read.nhn?mode=LSD&mid=sec&sid1=106&oid=109&aid=0004023669
트와이스,"[TD영상] 트와이스 ""마주치면 심쿵!""",연예,1,2019,06,12,19:46,144,144,0,0,0,0,0,0,0,0,0,https://news.naver.com/main/read.nhn?mode=LSD&mid=sec&sid1=106&oid=440&aid=0000019725
트와이스,"트와이스, 日싱글 4·5집 음원 선공개 후 차트 1·2위 석권",연예,1,2019,06,12,13:19,13,13,0,0,0,0,0,0,0,0,0,https://news.naver.com/main/read.nhn?mode=LSD&mid=sec&sid1=106&oid=052&aid=0001305937
트와이스,[TEN PHOTO]트와이스 쯔위 '데뷔후 첫 앞머리 내림',연예,1,2019,06,13,20:15,57,57,0,0,0,0,0,0,0,0,0,https://news.naver.com/main/read.nhn?mode=LSD&mid=sec&sid1=106&oid=312&aid=0000392923
트와이스,"트와이스 쯔위 근황, 일상도 화보처럼(in 캄보디아)",연예,1,2019,06,15,19:28,21,21,0,0,0,0,0,0,0,0,0,https://news.naver.com/main/read.nhn?mode=LSD&mid=sec&sid1=106&oid=057&aid=0001359248
트와이스,[HAPPY B하인드] 6월 14일 오늘의 아이돌은? 트와이스(TWICE) '쯔위',연예,1,2019,06,14,12:02,206,206,0,0,0,0,0,0,0,0,0,https://news.naver.com/main/read.nhn?mode=LSD&mid=sec&sid1=106&oid=408&aid=0000074039
트와이스,"'여자도 반하겠어'…트와이스 정연, 넘치는 잘생김",연예,1,2019,06,13,11:24,49,48,0,1,0,0,0,0,0,0,0,https://news.naver.com/main/read.nhn?mode=LSD&mid=sec&sid1=106&oid=117&aid=0003229876
트와이스,"[Oh! 모션]트와이스(TWICE), ‘트와이스는 사랑입니다’",,1,2019,06,12,20:23,28,18,9,0,1,0,0,0,0,0,0,https://news.naver.com/main/read.nhn?mode=LSD&mid=sec&sid1=004&oid=109&aid=0004028057
트와이스,"트와이스, 7월 공개 日싱글 음악차트 석권… 반전美 통했다",연예,1,2019,06,12,11:11,37,37,0,0,0,0,0,0,0,0,0,https://news.naver.com/main/read.nhn?mode=LSD&mid=sec&sid1=106&oid=076&aid=0003428089
트와이스,"트와이스, 日 싱글 4·5집 선공개곡 라인뮤직 1·2위…완벽 반전美 통했다",연예,1,2019,06,12,11:47,47,47,0,0,0,0,0,0,0,0,0,https://news.naver.com/main/read.nhn?mode=LSD&mid=sec&sid1=106&oid=015&aid=0004157564
트와이스,"트와이스, 日 4·5집 선공개 후 현지 차트 1·2위 석권",연예,1,2019,06,12,24:43,139,139,0,0,0,0,0,0,0,0,0,https://news.naver.com/main/read.nhn?mode=LSD&mid=sec&sid1=106&oid=421&aid=0004037386
트와이스,"트와이스, 日 싱글 선공개하자 현지 차트 1·2위 싹쓸이",연예,1,2019,06,12,24:15,88,88,0,0,0,0,0,0,0,0,0,https://news.naver.com/main/read.nhn?mode=LSD&mid=sec&sid1=106&oid=404&aid=0000245748
트와이스,[TEN PHOTO]트와이스 쯔위 '청치마+흰티로 남심저격',연예,1,2019,06,13,18:36,52,52,0,0,0,0,0,0,0,0,0,https://news.naver.com/main/read.nhn?mode=LSD&mid=sec&sid1=106&oid=312&aid=0000392888
트와이스,[TEN PHOTO]트와이스 미나 '사색중',연예,1,2019,06,13,18:47,84,84,0,0,0,0,0,0,0,0,0,https://news.naver.com/main/read.nhn?mode=LSD&mid=sec&sid1=106&oid=312&aid=0000392897
트와이스,[TEN PHOTO]트와이스 모모 '졸려요~',연예,1,2019,06,13,18:32,33,33,0,0,0,0,0,0,0,0,0,https://news.naver.com/main/read.nhn?mode=LSD&mid=sec&sid1=106&oid=312&aid=0000392887
트와이스,[TEN PHOTO]트와이스 미나 '시크한 차도녀',연예,1,2019,06,13,19:47,6,6,0,0,0,0,0,0,0,0,0,https://news.naver.com/main/read.nhn?mode=LSD&mid=sec&sid1=106&oid=312&aid=0000392920
트와이스,"트와이스 쯔위, 캄보디아에 뜬 여신..감탄 부르는 비주얼[SNS★컷]",연예,1,2019,06,15,14:39,212,212,0,0,0,0,0,0,0,0,0,https://news.naver.com/main/read.nhn?mode=LSD&mid=sec&sid1=106&oid=609&aid=0000124155
트와이스,트와이스 '엠스테' 통산 10번째 출연'…엠스테 단골 게스트',연예,2,2019,06,22,15:13,83,83,0,0,0,0,0,0,0,0,0,https://news.naver.com/main/read.nhn?mode=LSD&mid=sec&sid1=106&oid=015&aid=0004163722
트와이스,"트와이스, 방콕 점령…월드투어 공연 성공적으로 마쳐",연예,2,2019,06,17,14:31,215,215,0,0,0,0,0,0,0,0,0,https://news.naver.com/main/read.nhn?mode=LSD&mid=sec&sid1=106&oid=021&aid=0002394176
트와이스,"방탄소년단, 아차랭킹 10주째 1위..블랙핑크·트와이스·전소미까지 [공식]",연예,2,2019,06,21,11:19,75,75,0,0,0,0,0,0,0,0,0,https://news.naver.com/main/read.nhn?mode=LSD&mid=sec&sid1=106&oid=109&aid=0004033952
트와이스,"슈주·트와이스·갓세븐… K팝스타, 전 세계 ★ 되다",연예,2,2019,06,18,18:01,97,97,0,0,0,0,0,0,0,0,0,https://news.naver.com/main/read.nhn?mode=LSD&mid=sec&sid1=106&oid=029&aid=0002534333
트와이스,"트와이스, 7월 5일 ‘엠스테’ 통산 10번째 출연",연예,2,2019,06,22,9:20,78,77,0,1,0,0,0,0,0,0,0,https://news.naver.com/main/read.nhn?mode=LSD&mid=sec&sid1=106&oid=382&aid=0000740737
트와이스,"트와이스, 7월 5일 日'엠스테' 10번째 출연…더블 싱글 발매",연예,2,2019,06,22,10:55,170,170,0,0,0,0,0,0,0,0,0,https://news.naver.com/main/read.nhn?mode=LSD&mid=sec&sid1=106&oid=241&aid=0002928267
트와이스,"트와이스, 日 '엠스테' 10번째 출연 확정…7월 싱글 4-5집 발매",연예,2,2019,06,22,9:11,56,55,0,1,0,0,0,0,0,0,0,https://news.naver.com/main/read.nhn?mode=LSD&mid=sec&sid1=106&oid=076&aid=0003432449
트와이스,"트와이스, 7월 5일 '엠스테' 통산 10번째 출연…역시 '엠스테 단골 게스트'",연예,2,2019,06,22,9:08,57,57,0,0,0,0,0,0,0,0,0,https://news.naver.com/main/read.nhn?mode=LSD&mid=sec&sid1=106&oid=015&aid=0004163639
트와이스,"트와이스, 월드투어 'TWICELIGHTS' 방콕공연 성료…8000여 현지팬 매료",연예,2,2019,06,17,11:55,31,31,0,0,0,0,0,0,0,0,0,https://news.naver.com/main/read.nhn?mode=LSD&mid=sec&sid1=106&oid=030&aid=0002820890
트와이스,"트와이스, 2019 월드투어 방콕 공연 성료…8000여 관객과 함께한 시간",연예,2,2019,06,17,11:31,68,68,0,0,0,0,0,0,0,0,0,https://news.naver.com/main/read.nhn?mode=LSD&mid=sec&sid1=106&oid=241&aid=0002926318
트와이스,"트와이스, 2019 월드투어 방콕 공연 성료… 8천여 팬들과 꿈같은 시간",연예,2,2019,06,17,10:24,33,33,0,0,0,0,0,0,0,0,0,https://news.naver.com/main/read.nhn?mode=LSD&mid=sec&sid1=106&oid=076&aid=0003430138
트와이스,"동아오츠카, 포카리스웨트X트와이스 광고 스틸컷 공개",경제,3,2019,06,28,16:37,16,11,3,0,1,1,0,0,0,0,0,https://news.naver.com/main/read.nhn?mode=LSD&mid=sec&sid1=101&oid=030&aid=0002824335
트와이스,[TEN PHOTO]트와이스 모모 '등장부터 시선강탈',연예,3,2019,06,28,7:55,23,23,0,0,0,0,0,0,0,0,0,https://news.naver.com/main/read.nhn?mode=LSD&mid=sec&sid1=106&oid=312&aid=0000395555
트와이스,[포토]트와이스 월드투어 떠나요,연예,3,2019,06,28,8:40,15,15,0,0,0,0,0,0,0,0,0,https://news.naver.com/main/read.nhn?mode=LSD&mid=sec&sid1=106&oid=241&aid=0002930731
트와이스,"[포토] 트와이스 모모, ‘햇볕 스포트라이트’",연예,3,2019,06,28,9:01,14,14,0,0,0,0,0,0,0,0,0,https://news.naver.com/main/read.nhn?mode=LSD&mid=sec&sid1=106&oid=014&aid=0004252440
트와이스,"'대리라고 불러주세요'…트와이스 사나X나연, 회사원으로 변신",연예,3,2019,06,28,14:58,43,43,0,0,0,0,0,0,0,0,0,https://news.naver.com/main/read.nhn?mode=LSD&mid=sec&sid1=106&oid=117&aid=0003238271
트와이스,"""인형의 실사판""..트와이스 모모, 청초美의 정석",연예,3,2019,06,28,8:56,57,57,0,0,0,0,0,0,0,0,0,https://news.naver.com/main/read.nhn?mode=LSD&mid=sec&sid1=106&oid=112&aid=0003181618
트와이스,"동아오츠카, 트와이스 광고 스틸컷 공개",경제,3,2019,06,28,16:03,13,9,3,0,1,0,0,0,0,0,0,https://news.naver.com/main/read.nhn?mode=LSD&mid=sec&sid1=101&oid=123&aid=0002207808
트와이스,[TEN PHOTO]트와이스 사나 '내가 누구게~?',연예,3,2019,06,28,8:40,31,31,0,0,0,0,0,0,0,0,0,https://news.naver.com/main/read.nhn?mode=LSD&mid=sec&sid1=106&oid=312&aid=0000395589
트와이스,[TEN PHOTO]트와이스 모모 '굿모닝 하트',연예,3,2019,06,28,7:52,32,32,0,0,0,0,0,0,0,0,0,https://news.naver.com/main/read.nhn?mode=LSD&mid=sec&sid1=106&oid=312&aid=0000395553
트와이스,[TEN PHOTO]트와이스 나연 '앙~ 졸려요~',연예,3,2019,06,28,6:54,38,38,0,0,0,0,0,0,0,0,0,https://news.naver.com/main/read.nhn?mode=LSD&mid=sec&sid1=106&oid=312&aid=0000395540
트와이스,[TEN PHOTO]트와이스 모모 '공항을 ?히는 미모 ',연예,3,2019,06,28,6:49,11,11,0,0,0,0,0,0,0,0,0,https://news.naver.com/main/read.nhn?mode=LSD&mid=sec&sid1=106&oid=312&aid=0000395538
트와이스,"[포토] 트와이스 쯔위, ‘청순미 갑’",연예,3,2019,06,28,7:09,43,43,0,0,0,0,0,0,0,0,0,https://news.naver.com/main/read.nhn?mode=LSD&mid=sec&sid1=106&oid=014&aid=0004252405
트와이스,"[포토]트와이스, '일본 일정 마치고 입국'",연예,4,2019,07,06,11:46,34,34,0,0,0,0,0,0,0,0,0,https://news.naver.com/main/read.nhn?mode=LSD&mid=sec&sid1=106&oid=241&aid=0002934048
트와이스,[TD영상] 트와이스 ‘볼수록 반하는 매력만점 트둥이들’,연예,4,2019,07,06,24:23,189,187,0,2,0,0,0,0,0,0,0,https://news.naver.com/main/read.nhn?mode=LSD&mid=sec&sid1=106&oid=440&aid=0000019849
트와이스,"[N현장] 허니팝콘 유아 ""K팝 좋아…트와이스 사나 팬""",연예,4,2019,07,05,16:37,25,25,0,0,0,0,0,0,0,0,0,https://news.naver.com/main/read.nhn?mode=LSD&mid=sec&sid1=106&oid=421&aid=0004078715
트와이스,"[사진]트와이스 쯔위, '여신의 인사'",연예,4,2019,07,05,8:55,10,10,0,0,0,0,0,0,0,0,0,https://news.naver.com/main/read.nhn?mode=LSD&mid=sec&sid1=106&oid=109&aid=0004043899
트와이스,[포토] 트와이스 정연 '눈에 힘 잔뜩 준 채',연예,4,2019,07,05,10:01,8,8,0,0,0,0,0,0,0,0,0,https://news.naver.com/main/read.nhn?mode=LSD&mid=sec&sid1=106&oid=241&aid=0002933625
트와이스,트와이스 곡에 맞춰 추는 케이팝 댄스,사회,4,2019,07,05,13:01,2,1,0,0,1,0,0,0,0,0,0,https://news.naver.com/main/read.nhn?mode=LSD&mid=sec&sid1=102&oid=001&aid=0010934936
트와이스,나도 트와이스!,생활,4,2019,07,05,24:52,10,5,4,0,1,0,0,0,0,0,0,https://news.naver.com/main/read.nhn?mode=LSD&mid=sec&sid1=103&oid=003&aid=0009326577
트와이스,케이팝 플래시몹 '트와이스 안무 따라해요',사회,4,2019,07,05,13:01,2,1,0,0,1,0,0,0,0,0,0,https://news.naver.com/main/read.nhn?mode=LSD&mid=sec&sid1=102&oid=001&aid=0010934937
트와이스,"트와이스 나연, '군계일학'",연예,4,2019,07,05,15:53,17,16,0,1,0,0,0,0,0,0,0,https://news.naver.com/main/read.nhn?mode=LSD&mid=sec&sid1=106&oid=421&aid=0004078594
트와이스,"허니팝콘 유아 “트와이스 팬, 사나 제일 좋아해” 애정",연예,4,2019,07,05,16:54,19,19,0,0,0,0,0,0,0,0,0,https://news.naver.com/main/read.nhn?mode=LSD&mid=sec&sid1=106&oid=009&aid=0004386838
트와이스,"'쇼케이스' 허니팝콘 ""좋아하는 한국 가수? 트와이스·여자친구..""",,4,2019,07,05,17:16,5,5,0,0,0,0,0,0,0,0,0,https://news.naver.com/main/read.nhn?mode=LSD&mid=sec&sid1=004&oid=450&aid=0000053205
트와이스,[포토] 트와이스 쯔위 '후딱 다녀올게요',연예,4,2019,07,05,8:10,21,21,0,0,0,0,0,0,0,0,0,https://news.naver.com/main/read.nhn?mode=LSD&mid=sec&sid1=106&oid=241&aid=0002933545
트와이스,"트와이스 쯔위, 아침에도 '세젤예'",연예,4,2019,07,05,8:10,23,23,0,0,0,0,0,0,0,0,0,https://news.naver.com/main/read.nhn?mode=LSD&mid=sec&sid1=106&oid=421&aid=0004077375
트와이스,"트와이스 쯔위, 청순한 미소",연예,4,2019,07,05,15:46,10,10,0,0,0,0,0,0,0,0,0,https://news.naver.com/main/read.nhn?mode=LSD&mid=sec&sid1=106&oid=421&aid=0004078580
트와이스,"트와이스 쯔위, 아침부터 안구정화",연예,4,2019,07,05,8:18,13,13,0,0,0,0,0,0,0,0,0,https://news.naver.com/main/read.nhn?mode=LSD&mid=sec&sid1=106&oid=421&aid=0004077386
트와이스,[포토] 트와이스 정연 '마스크 하나면 끝',연예,4,2019,07,05,8:28,23,23,0,0,0,0,0,0,0,0,0,https://news.naver.com/main/read.nhn?mode=LSD&mid=sec&sid1=106&oid=241&aid=0002933564
트와이스,"트와이스 정연, 수수한 출국길",연예,4,2019,07,05,8:13,8,8,0,0,0,0,0,0,0,0,0,https://news.naver.com/main/read.nhn?mode=LSD&mid=sec&sid1=106&oid=421&aid=0004077379
트와이스,나도 트와이스처럼!,생활,4,2019,07,05,24:52,1,0,0,0,1,0,0,0,0,0,0,https://news.naver.com/main/read.nhn?mode=LSD&mid=sec&sid1=103&oid=003&aid=0009326570
트와이스,'트와이스 노래에 맞춰서' 케이팝 플래시몹,사회,4,2019,07,05,13:01,6,4,1,0,1,0,0,0,0,0,0,https://news.naver.com/main/read.nhn?mode=LSD&mid=sec&sid1=102&oid=001&aid=0010934933
트와이스,[TEN PHOTO]트와이스 사나 '아 눈부셔',연예,5,2019,07,12,8:22,53,53,0,0,0,0,0,0,0,0,0,https://news.naver.com/main/read.nhn?mode=LSD&mid=sec&sid1=106&oid=312&aid=0000398224
트와이스,"트와이스 팬들, 미나 월드투어 불참 소식에 응원 “건강하게 돌아와”[MK★이슈]",연예,5,2019,07,11,16:50,177,2,0,175,0,0,0,0,0,0,0,https://news.naver.com/main/read.nhn?mode=LSD&mid=sec&sid1=106&oid=410&aid=0000603812
트와이스,"트와이스 미나, 극도로 심리 불안…“의료 기관에 확인 중”",연예,5,2019,07,11,14:47,27,0,0,27,0,0,0,0,0,0,0,https://news.naver.com/main/read.nhn?mode=LSD&mid=sec&sid1=106&oid=020&aid=0003228634
트와이스,"[포토] 트와이스 다현, ‘귀여움 머금고’",연예,5,2019,07,12,8:30,184,182,0,2,0,0,0,0,0,0,0,https://news.naver.com/main/read.nhn?mode=LSD&mid=sec&sid1=106&oid=014&aid=0004260285
트와이스,"트와이스 다현(TWICE DA HYUN), 오늘 사나(SANA)는 내가 챙김! (인천공항) [SS쇼캠]",연예,5,2019,07,12,8:59,86,86,0,0,0,0,0,0,0,0,0,https://news.naver.com/main/read.nhn?mode=LSD&mid=sec&sid1=106&oid=468&aid=0000533382
트와이스,트와이스 '월드투어 떠나요~'[엑's HD포토],연예,5,2019,07,12,8:05,24,24,0,0,0,0,0,0,0,0,0,https://news.naver.com/main/read.nhn?mode=LSD&mid=sec&sid1=106&oid=311&aid=0001017401
트와이스,"[포토] 트와이스 다현, ‘깜찍한 총총걸음’",연예,5,2019,07,12,8:33,55,54,0,1,0,0,0,0,0,0,0,https://news.naver.com/main/read.nhn?mode=LSD&mid=sec&sid1=106&oid=014&aid=0004260288
트와이스,"[포토] 트와이스 채영, ‘입술아래 매력점’",연예,5,2019,07,12,8:10,31,31,0,0,0,0,0,0,0,0,0,https://news.naver.com/main/read.nhn?mode=LSD&mid=sec&sid1=106&oid=014&aid=0004260271
트와이스,[TEN PHOTO]트와이스 쯔위 '아직 졸려요',연예,5,2019,07,12,8:48,9,9,0,0,0,0,0,0,0,0,0,https://news.naver.com/main/read.nhn?mode=LSD&mid=sec&sid1=106&oid=312&aid=0000398238
트와이스,[TEN PHOTO]트와이스 모모 '아침부터 덥네요',연예,5,2019,07,12,8:30,3,3,0,0,0,0,0,0,0,0,0,https://news.naver.com/main/read.nhn?mode=LSD&mid=sec&sid1=106&oid=312&aid=0000398228
트와이스,"'월드투어 불참' 트와이스 미나, 독보적 춤선 비밀은? 11년 배운 OO※",연예,5,2019,07,12,14:03,8,7,0,1,0,0,0,0,0,0,0,https://news.naver.com/main/read.nhn?mode=LSD&mid=sec&sid1=106&oid=404&aid=0000248125
트와이스,"트와이스 미나, 건강 문제로 월드투어 불참...""절대 안정 필요""",연예,5,2019,07,11,15:02,80,2,0,78,0,0,0,0,0,0,0,https://news.naver.com/main/read.nhn?mode=LSD&mid=sec&sid1=106&oid=023&aid=0003460108
트와이스,"“절대적 안정 필요”…트와이스 미나, 건강 문제로 월드투어 불참",연예,5,2019,07,11,14:59,86,3,0,83,0,0,0,0,0,0,0,https://news.naver.com/main/read.nhn?mode=LSD&mid=sec&sid1=106&oid=144&aid=0000620502
트와이스,"트와이스 미나, 월드투어 불참…""심리적 불안감 겪어""",생활,5,2019,07,11,16:31,23,0,0,21,2,0,0,0,0,0,0,https://news.naver.com/main/read.nhn?mode=LSD&mid=sec&sid1=103&oid=001&aid=0010946623
트와이스,"트와이스 미나, 건강 문제로 월드투어 불참 ""큰 불안감 겪는 中""(전문)",연예,5,2019,07,11,13:55,70,0,0,70,0,0,0,0,0,0,0,https://news.naver.com/main/read.nhn?mode=LSD&mid=sec&sid1=106&oid=468&aid=0000532963
트와이스,"트와이스 미나, 월드투어 불참…""극도의 긴장·불안""",연예,5,2019,07,11,15:22,74,2,0,72,0,0,0,0,0,0,0,https://news.naver.com/main/read.nhn?mode=LSD&mid=sec&sid1=106&oid=079&aid=0003247825
트와이스,"트와이스 미나, 건강 문제로 월드투어 불참 ""극도의 심리적 긴장""",연예,5,2019,07,11,14:09,58,2,0,56,0,0,0,0,0,0,0,https://news.naver.com/main/read.nhn?mode=LSD&mid=sec&sid1=106&oid=052&aid=0001317610
트와이스,"트와이스 미나, 월드투어 불참 ""극도의 심리적 긴장"" [전문]",연예,5,2019,07,11,13:07,811,31,0,780,0,0,0,0,0,0,0,https://news.naver.com/main/read.nhn?mode=LSD&mid=sec&sid1=106&oid=241&aid=0002935896
트와이스,"트와이스, 美 LA ‘더 포럼’ 공연 매진 1만 1000여 팬 열광",연예,6,2019,07,19,9:11,91,91,0,0,0,0,0,0,0,0,0,https://news.naver.com/main/read.nhn?mode=LSD&mid=sec&sid1=106&oid=215&aid=0000795179
트와이스,"7개 도시서 12회…트와이스, 오는 10월 일본 아레나 투어",연예,6,2019,07,17,16:02,14,14,0,0,0,0,0,0,0,0,0,https://news.naver.com/main/read.nhn?mode=LSD&mid=sec&sid1=106&oid=468&aid=0000535778
트와이스,JYP '쌍두마차' 트와이스·ITZY로 국내외 동시 공략,연예,6,2019,07,20,7:39,222,221,0,1,0,0,0,0,0,0,0,https://news.naver.com/main/read.nhn?mode=LSD&mid=sec&sid1=106&oid=018&aid=0004429225
트와이스,"월드투어 中 트와이스, 아시아 찍고 북미로",연예,6,2019,07,15,21:39,117,117,0,0,0,0,0,0,0,0,0,https://news.naver.com/main/read.nhn?mode=LSD&mid=sec&sid1=106&oid=241&aid=0002937565
트와이스,"[문화광장] 트와이스, 10월부터 日 7개 도시 투어",연예,6,2019,07,18,7:03,13,13,0,0,0,0,0,0,0,0,0,https://news.naver.com/main/read.nhn?mode=LSD&mid=sec&sid1=106&oid=056&aid=0010723190
트와이스,"트와이스, 美 LA '더 포럼' 공연 매진…첫 미주 투어 성공적 출발",연예,6,2019,07,19,10:27,195,195,0,0,0,0,0,0,0,0,0,https://news.naver.com/main/read.nhn?mode=LSD&mid=sec&sid1=106&oid=468&aid=0000536986
트와이스,"트와이스, 美 LA '더 포럼' 공연 매진…첫 미주 투어 성공적 스타트",생활,6,2019,07,19,9:12,17,13,1,0,3,0,0,0,0,0,0,https://news.naver.com/main/read.nhn?mode=LSD&mid=sec&sid1=103&oid=015&aid=0004178471
트와이스,"트와이스, 美 LA 더포럼 공연 매진…첫 미주 투어 성공적 포문",연예,6,2019,07,19,9:14,71,71,0,0,0,0,0,0,0,0,0,https://news.naver.com/main/read.nhn?mode=LSD&mid=sec&sid1=106&oid=382&aid=0000747951
트와이스,"트와이스, 10월 日 7개 도시 12회 아레나 투어",연예,6,2019,07,17,15:44,73,72,0,1,0,0,0,0,0,0,0,https://news.naver.com/main/read.nhn?mode=LSD&mid=sec&sid1=106&oid=312&aid=0000399139
트와이스,"트와이스, 2019 월드투어 일환 日 7개 도시 12회 아레나 투어 개최",연예,6,2019,07,17,13:26,65,64,0,1,0,0,0,0,0,0,0,https://news.naver.com/main/read.nhn?mode=LSD&mid=sec&sid1=106&oid=011&aid=0003587738
트와이스,"트와이스, 日 7개 도시 12회 아레나 투어 개최",연예,6,2019,07,17,13:12,163,163,0,0,0,0,0,0,0,0,0,https://news.naver.com/main/read.nhn?mode=LSD&mid=sec&sid1=106&oid=215&aid=0000794378
트와이스,"트와이스, 日 7개 도시 12회 아레나 투어 개최 & 현지 싱글 4집 발표",연예,6,2019,07,17,13:03,85,85,0,0,0,0,0,0,0,0,0,https://news.naver.com/main/read.nhn?mode=LSD&mid=sec&sid1=106&oid=011&aid=0003587735
트와이스,"트와이스, 월드투어 亞공연 성료…미나 빈자리에 눈물",연예,6,2019,07,15,10:43,64,19,0,45,0,0,0,0,0,0,0,https://news.naver.com/main/read.nhn?mode=LSD&mid=sec&sid1=106&oid=052&aid=0001318848
트와이스,트와이스 “미나 그립다”…미국 LA·북미 투어 출발,연예,6,2019,07,15,17:51,10,10,0,0,0,0,0,0,0,0,0,https://news.naver.com/main/read.nhn?mode=LSD&mid=sec&sid1=106&oid=382&aid=0000746729
트와이스,"트와이스, 2019 월드투어 亞공연 성료…'불참' 미나 빈자리에 '눈물'",연예,6,2019,07,15,10:37,44,13,0,31,0,0,0,0,0,0,0,https://news.naver.com/main/read.nhn?mode=LSD&mid=sec&sid1=106&oid=076&aid=0003442157
트와이스,"트와이스, 2019 월드투어 아시아 공연 성료…미국 LA 및 북미 투어 출발",생활,6,2019,07,15,10:21,6,4,1,0,1,0,0,0,0,0,0,https://news.naver.com/main/read.nhn?mode=LSD&mid=sec&sid1=103&oid=015&aid=0004175799
트와이스,"트와이스, 또 일본 아레나 투어···7개 도시 12회 콘서트",연예,6,2019,07,18,9:40,84,84,0,0,0,0,0,0,0,0,0,https://news.naver.com/main/read.nhn?mode=LSD&mid=sec&sid1=106&oid=003&aid=0009350657
트와이스,"JYP ""트와이스 미나, 악플⋅루머 고소 조치...제보 부탁""",생활,7,2019,07,26,15:22,13,5,4,1,3,0,0,0,0,0,0,https://news.naver.com/main/read.nhn?mode=LSD&mid=sec&sid1=103&oid=023&aid=0003463485
트와이스,"트와이스, 첫 미주 투어에 현지 언론 호평",연예,7,2019,07,23,14:30,84,84,0,0,0,0,0,0,0,0,0,https://news.naver.com/main/read.nhn?mode=LSD&mid=sec&sid1=106&oid=215&aid=0000796427
트와이스,"JYP, 10대 작곡가 찾는다…갓세븐·트와이스·있지 타이틀곡 주인공",연예,7,2019,07,25,14:57,47,46,0,0,0,0,0,0,1,0,0,https://news.naver.com/main/read.nhn?mode=LSD&mid=sec&sid1=106&oid=052&aid=0001323220
트와이스,"[포토]트와이스,정연 상큼눈빛",연예,7,2019,07,25,17:42,34,34,0,0,0,0,0,0,0,0,0,https://news.naver.com/main/read.nhn?mode=LSD&mid=sec&sid1=106&oid=241&aid=0002941911
트와이스,"트와이스 (TWICE), 한 명 한 명 모두 다 소중해 (인천공항) [SS쇼캠]",연예,7,2019,07,25,17:48,103,103,0,0,0,0,0,0,0,0,0,https://news.naver.com/main/read.nhn?mode=LSD&mid=sec&sid1=106&oid=468&aid=0000539809
트와이스,"트와이스, 첫 미주투어서 4만여팬 동원…떼창 호응",연예,7,2019,07,26,9:23,159,159,0,0,0,0,0,0,0,0,0,https://news.naver.com/main/read.nhn?mode=LSD&mid=sec&sid1=106&oid=421&aid=0004115054
트와이스,"트와이스, 첫 미주투어 4만 팬 동원 대성공 ""내년에도 오겠다""",연예,7,2019,07,26,11:23,87,87,0,0,0,0,0,0,0,0,0,https://news.naver.com/main/read.nhn?mode=LSD&mid=sec&sid1=106&oid=241&aid=0002942204
트와이스,"트와이스, 첫 美투어 4만 1000여팬 동원 대성공' ""내년에도 돌아오겠다""",연예,7,2019,07,26,9:12,74,74,0,0,0,0,0,0,0,0,0,https://news.naver.com/main/read.nhn?mode=LSD&mid=sec&sid1=106&oid=076&aid=0003446745
트와이스,"트와이스, 첫 미주투어 4만 1000여팬 동원 대성공...'K팝 대표 걸그룹' 위상 증명",연예,7,2019,07,26,9:29,41,41,0,0,0,0,0,0,0,0,0,https://news.naver.com/main/read.nhn?mode=LSD&mid=sec&sid1=106&oid=468&aid=0000540013
트와이스,"JYP, 트와이스 미나 향한 악성 루머에 칼 빼들었다 ""고소 조치"" [공식입장]",연예,7,2019,07,26,14:08,11,9,0,2,0,0,0,0,0,0,0,https://news.naver.com/main/read.nhn?mode=LSD&mid=sec&sid1=106&oid=015&aid=0004182264
트와이스,"[공식] JYP ""트와이스 미나 악플러 고소조치""",연예,7,2019,07,26,11:26,77,77,0,0,0,0,0,0,0,0,0,https://news.naver.com/main/read.nhn?mode=LSD&mid=sec&sid1=106&oid=076&aid=0003446813
트와이스,"JYP 고소 “트와이스 미나 관련 악성 댓글, 민·형사상 조치 진행”(전문)",연예,7,2019,07,26,13:17,69,69,0,0,0,0,0,0,0,0,0,https://news.naver.com/main/read.nhn?mode=LSD&mid=sec&sid1=106&oid=410&aid=0000608628
트와이스,"""K팝 걸그룹 자부심"" 트와이스, 데뷔 첫 美투어 현지 호평",연예,7,2019,07,23,13:55,242,241,0,1,0,0,0,0,0,0,0,https://news.naver.com/main/read.nhn?mode=LSD&mid=sec&sid1=106&oid=052&aid=0001322223
트와이스,"美 언론, 트와이스 첫 미주투어에 호평 일색 ""K팝 자존심""",연예,7,2019,07,23,14:25,54,54,0,0,0,0,0,0,0,0,0,https://news.naver.com/main/read.nhn?mode=LSD&mid=sec&sid1=106&oid=416&aid=0000246528
트와이스,"""다이내믹"" 트와이스 첫 미주투어, 현지 언론 호평세례",연예,7,2019,07,23,22:18,76,76,0,0,0,0,0,0,0,0,0,https://news.naver.com/main/read.nhn?mode=LSD&mid=sec&sid1=106&oid=241&aid=0002941253
트와이스,"트와이스, 첫 미주 투어 호평…K팝 대표 걸그룹 위상",연예,7,2019,07,23,17:04,225,225,0,0,0,0,0,0,0,0,0,https://news.naver.com/main/read.nhn?mode=LSD&mid=sec&sid1=106&oid=421&aid=0004109971
트와이스,"JYP, 네이버와 손잡고 GOT7·트와이스·ITZY 타이틀곡 만들 10대 작곡가 찾는다",연예,7,2019,07,25,13:17,45,43,0,2,0,0,0,0,0,0,0,https://news.naver.com/main/read.nhn?mode=LSD&mid=sec&sid1=106&oid=312&aid=0000400568
트와이스,"JYP, GOT7·트와이스 타이틀곡 만들 10대 작곡가 찾는다",경제,7,2019,07,25,14:22,29,23,3,0,3,0,0,0,0,0,0,https://news.naver.com/main/read.nhn?mode=LSD&mid=sec&sid1=101&oid=008&aid=0004254007
트와이스,"JYP, GOT7-트와이스-ITZY 타이틀곡 만들 10대 작곡가 찾는다",연예,7,2019,07,25,14:16,36,36,0,0,0,0,0,0,0,0,0,https://news.naver.com/main/read.nhn?mode=LSD&mid=sec&sid1=106&oid=215&aid=0000797391
트와이스,"JYP, 트와이스·있지 타이틀곡 만들 10대 작곡가 오디션 개최",연예,7,2019,07,25,13:25,17,17,0,0,0,0,0,0,0,0,0,https://news.naver.com/main/read.nhn?mode=LSD&mid=sec&sid1=106&oid=009&aid=0004398493
트와이스,"트와이스 나연, 러블리 입장 (2019 MGMA)",연예,8,2019,08,02,10:29,16,16,0,0,0,0,0,0,0,0,0,https://news.naver.com/main/read.nhn?mode=LSD&mid=sec&sid1=106&oid=011&aid=0003597071
트와이스,"'건강 회복 집중' 미나, 연습생 시절 트와이스 멤버들과 데이트♥※",연예,8,2019,08,02,18:45,18,17,0,1,0,0,0,0,0,0,0,https://news.naver.com/main/read.nhn?mode=LSD&mid=sec&sid1=106&oid=404&aid=0000249490
트와이스,[TEN PHOTO] 트와이스 정연-다현 '심쿵사 투샷',연예,8,2019,08,01,18:51,4,4,0,0,0,0,0,0,0,0,0,https://news.naver.com/main/read.nhn?mode=LSD&mid=sec&sid1=106&oid=312&aid=0000401842
트와이스,"[st&이슈] 트와이스 미나 입국…""초췌한 모습에 눈물까지""",,8,2019,08,01,16:07,17,0,2,14,1,0,0,0,0,0,0,https://news.naver.com/main/read.nhn?mode=LSD&mid=sec&sid1=004&oid=450&aid=0000054581
트와이스,"트와이스 미나, 입국 중 눈물…소속사 ""건강 회복 집중""",연예,8,2019,08,01,18:09,66,18,0,48,0,0,0,0,0,0,0,https://news.naver.com/main/read.nhn?mode=LSD&mid=sec&sid1=106&oid=052&aid=0001326143
트와이스,"트와이스, 여자 그룹상 수상 ""미나와 함께 나타나겠다"" [2019 MGMA]",연예,8,2019,08,01,21:07,21,20,0,1,0,0,0,0,0,0,0,https://news.naver.com/main/read.nhn?mode=LSD&mid=sec&sid1=106&oid=311&aid=0001027056
트와이스,"방탄소년단·트와이스·폴킴, 'MGMA' 대상 영예",연예,8,2019,08,02,15:14,323,323,0,0,0,0,0,0,0,0,0,https://news.naver.com/main/read.nhn?mode=LSD&mid=sec&sid1=106&oid=416&aid=0000246994
트와이스,"BTS·트와이스·폴킴, 'MGMA' 대상 주인공",연예,8,2019,08,02,9:19,116,116,0,0,0,0,0,0,0,0,0,https://news.naver.com/main/read.nhn?mode=LSD&mid=sec&sid1=106&oid=079&aid=0003255415
트와이스,"[2019 MGMA 결산]방탄소년단, 대상2개 포함 6관왕 독식...폴킴-트와이스도 대상 영예",연예,8,2019,08,02,6:50,115,115,0,0,0,0,0,0,0,0,0,https://news.naver.com/main/read.nhn?mode=LSD&mid=sec&sid1=106&oid=112&aid=0003195339
트와이스,"트와이스 쯔위, 눈부신 미모 (2019 MGMA)",연예,8,2019,08,02,10:52,40,40,0,0,0,0,0,0,0,0,0,https://news.naver.com/main/read.nhn?mode=LSD&mid=sec&sid1=106&oid=011&aid=0003597104
트와이스,"트와이스 다현, 심쿵 몸짓 (2019 MGMA)",연예,8,2019,08,02,10:47,10,10,0,0,0,0,0,0,0,0,0,https://news.naver.com/main/read.nhn?mode=LSD&mid=sec&sid1=106&oid=011&aid=0003597096
트와이스,"[팝업★]""너를 기다려""…트와이스 미나, 韓 입국→멤버-팬 응원 ing",연예,8,2019,08,02,10:19,58,46,0,12,0,0,0,0,0,0,0,https://news.naver.com/main/read.nhn?mode=LSD&mid=sec&sid1=106&oid=112&aid=0003195500
트와이스,"[종합]""활동재개 NO""…트와이스 미나, 건강상 휴식→韓 입국 중 눈물",연예,8,2019,08,01,18:31,138,21,0,117,0,0,0,0,0,0,0,https://news.naver.com/main/read.nhn?mode=LSD&mid=sec&sid1=106&oid=076&aid=0003449106
트와이스,"[공식입장]'활동 중단' 트와이스 미나, 입국길에 '눈물'···""힘들어 보여"" 응원 쇄도",사회,8,2019,08,01,17:14,822,37,17,542,215,11,0,0,0,0,0,https://news.naver.com/main/read.nhn?mode=LSD&mid=sec&sid1=102&oid=011&aid=0003596678
트와이스,"""활동 재개는 아냐""…트와이스 미나, 韓 깜짝 입국→쾌유에 쏟아지는 응원 [종합]",연예,8,2019,08,01,20:14,90,55,0,35,0,0,0,0,0,0,0,https://news.naver.com/main/read.nhn?mode=LSD&mid=sec&sid1=106&oid=076&aid=0003449217
트와이스,[TEN PHOTO] 트와이스 정연-다현 '귀여움 두 배',연예,8,2019,08,01,19:04,6,6,0,0,0,0,0,0,0,0,0,https://news.naver.com/main/read.nhn?mode=LSD&mid=sec&sid1=106&oid=312&aid=0000401847
트와이스,[TEN PHOTO] 트와이스 정연-다현 '러블리 트윈룩',연예,8,2019,08,01,19:10,2,2,0,0,0,0,0,0,0,0,0,https://news.naver.com/main/read.nhn?mode=LSD&mid=sec&sid1=106&oid=312&aid=0000401849
트와이스,"'심리적 긴장' 트와이스 미나, 日휴식→ 韓입국 중 눈물",연예,8,2019,08,01,15:33,43,1,0,42,0,0,0,0,0,0,0,https://news.naver.com/main/read.nhn?mode=LSD&mid=sec&sid1=106&oid=468&aid=0000542860
트와이스,"트와이스 미나, 일본 오사카서 휴식 끝내고 부축 받으며 입국",생활,8,2019,08,01,15:35,11,1,0,7,3,0,0,0,0,0,0,https://news.naver.com/main/read.nhn?mode=LSD&mid=sec&sid1=103&oid=015&aid=0004185447
트와이스,"트와이스 미나, 부축 받으며 입국 '눈물까지'…JYP ""활동재개 아냐""[종합]",연예,8,2019,08,01,17:11,21,1,0,20,0,0,0,0,0,0,0,https://news.naver.com/main/read.nhn?mode=LSD&mid=sec&sid1=106&oid=076&aid=0003449063
트와이스,"트와이스 미나, 부축 받으며 입국-눈물까지 “현재 상태는?”",연예,8,2019,08,01,16:41,8,2,0,6,0,0,0,0,0,0,0,https://news.naver.com/main/read.nhn?mode=LSD&mid=sec&sid1=106&oid=081&aid=0003018604
트와이스,"트와이스 미나, 건강상 휴식→눈물 보인 입국…“활동 재개 NO”(종합)",연예,8,2019,08,01,16:20,9,0,0,9,0,0,0,0,0,0,0,https://news.naver.com/main/read.nhn?mode=LSD&mid=sec&sid1=106&oid=410&aid=0000610414
트와이스,"[공식입장]JYP ""트와이스 미나 입국, 활동 재개No…건강 회복 바랄뿐""",연예,8,2019,08,01,16:41,31,2,0,29,0,0,0,0,0,0,0,https://news.naver.com/main/read.nhn?mode=LSD&mid=sec&sid1=106&oid=076&aid=0003449046
트와이스,"트와이스 미나 입국했지만…소속사 ""일정 참여 어려워""",연예,8,2019,08,01,16:58,31,7,0,24,0,0,0,0,0,0,0,https://news.naver.com/main/read.nhn?mode=LSD&mid=sec&sid1=106&oid=079&aid=0003255284
트와이스,"JYP 측 ""트와이스 미나 입국? 활동재개 NO, 건강 회복 집중""[공식]",연예,8,2019,08,01,16:53,30,7,0,23,0,0,0,0,0,0,0,https://news.naver.com/main/read.nhn?mode=LSD&mid=sec&sid1=106&oid=468&aid=0000542927
트와이스,"[MGMA] 트와이스, 女그룹상 ""오늘은 8명, 미나야 우리 상 받았어""",연예,8,2019,08,01,21:05,38,37,0,1,0,0,0,0,0,0,0,https://news.naver.com/main/read.nhn?mode=LSD&mid=sec&sid1=106&oid=009&aid=0004403011
트와이스,"""미나 우리 상받았어""..트와이스, 여자그룹상 영예 [2019 MGMA]",연예,8,2019,08,01,21:09,36,35,0,1,0,0,0,0,0,0,0,https://news.naver.com/main/read.nhn?mode=LSD&mid=sec&sid1=106&oid=109&aid=0004060341
트와이스,"[2019 MGMA]트와이스, 여자 그룹상 수상...""곧 미나와 함께 멋지게 돌아오겠다""",연예,8,2019,08,01,21:11,21,21,0,0,0,0,0,0,0,0,0,https://news.naver.com/main/read.nhn?mode=LSD&mid=sec&sid1=106&oid=112&aid=0003195279
트와이스,"‘2019 MGMA’ 트와이스, 여자그룹상 수상..참석 못한 미나 언급",연예,8,2019,08,01,21:29,56,53,0,3,0,0,0,0,0,0,0,https://news.naver.com/main/read.nhn?mode=LSD&mid=sec&sid1=106&oid=057&aid=0001372231
트와이스,별들의 축제 '2019 MGMA' 방탄소년단·폴킴·트와이스 대상 영예,연예,8,2019,08,02,24:05,162,162,0,0,0,0,0,0,0,0,0,https://news.naver.com/main/read.nhn?mode=LSD&mid=sec&sid1=106&oid=076&aid=0003449523
트와이스,'트와이스가 디자인한 카카오프렌즈 제품' 30여종 출시,연예,9,2019,08,09,8:43,115,115,0,0,0,0,0,0,0,0,0,https://news.naver.com/main/read.nhn?mode=LSD&mid=sec&sid1=106&oid=001&aid=0011010301
트와이스,"슈퍼주니어 김희철·트와이스 모모, 열애설 보도에 “사실 무근”",생활,9,2019,08,06,24:54,516,70,7,8,406,25,0,0,0,0,0,https://news.naver.com/main/read.nhn?mode=LSD&mid=sec&sid1=103&oid=032&aid=0002955647
트와이스,"카카오프렌즈, 트와이스 손잡고 글로벌 팬심 잡는다",IT,9,2019,08,10,22:16,35,24,6,0,5,0,0,0,0,0,0,https://news.naver.com/main/read.nhn?mode=LSD&mid=sec&sid1=105&oid=014&aid=0004275366
트와이스,"'10주년 아육대', 전현무·트와이스 다현·이특 MC 발탁",연예,9,2019,08,09,10:57,45,45,0,0,0,0,0,0,0,0,0,https://news.naver.com/main/read.nhn?mode=LSD&mid=sec&sid1=106&oid=015&aid=0004190143
트와이스,"트와이스, 컴백 준비 중 ""신곡 뮤직비디오 촬영""",연예,9,2019,08,08,20:31,42,42,0,0,0,0,0,0,0,0,0,https://news.naver.com/main/read.nhn?mode=LSD&mid=sec&sid1=106&oid=241&aid=0002946139
트와이스,"강다니엘·트와이스, 열애설 효과?…아이돌차트 아차랭킹 나란히 1·2위",연예,9,2019,08,09,11:30,25,25,0,0,0,0,0,0,0,0,0,https://news.naver.com/main/read.nhn?mode=LSD&mid=sec&sid1=106&oid=312&aid=0000403245
트와이스,트와이스 컴백 준비 중이지만 미나 합류는 확인 불가,연예,9,2019,08,09,10:44,41,34,0,7,0,0,0,0,0,0,0,https://news.naver.com/main/read.nhn?mode=LSD&mid=sec&sid1=106&oid=029&aid=0002545453
트와이스,"JYP 측 ""트와이스, MV 촬영중…컴백 시기-미나 합류? 확인 불가"" [공식]",연예,9,2019,08,08,19:39,202,184,0,18,0,0,0,0,0,0,0,https://news.naver.com/main/read.nhn?mode=LSD&mid=sec&sid1=106&oid=076&aid=0003452354
트와이스,여름휴가 함께가고 싶은 연예인은?…'BTS+트와이스',연예,9,2019,08,08,16:44,207,207,0,0,0,0,0,0,0,0,0,https://news.naver.com/main/read.nhn?mode=LSD&mid=sec&sid1=106&oid=031&aid=0000504448
트와이스,"트와이스 지효·강다니엘, 열애 인정 “호감 갖고 만나는 사이”",생활,9,2019,08,05,13:44,669,329,27,18,282,13,0,0,0,0,0,https://news.naver.com/main/read.nhn?mode=LSD&mid=sec&sid1=103&oid=032&aid=0002955429
트와이스,트와이스가 디자인 한 카카오프렌즈 제품 나온다,IT,9,2019,08,09,9:10,66,46,15,0,5,0,0,0,0,0,0,https://news.naver.com/main/read.nhn?mode=LSD&mid=sec&sid1=105&oid=031&aid=0000504502
트와이스,"트와이스, 디자이너 변신..새로운 굿즈 만든다",연예,9,2019,08,09,8:51,7,7,0,0,0,0,0,0,0,0,0,https://news.naver.com/main/read.nhn?mode=LSD&mid=sec&sid1=106&oid=018&aid=0004441586
트와이스,"10주년 '아육대'... 전현무X이특X트와이스 다현, 3MC 출격(공식)",연예,9,2019,08,09,9:44,27,27,0,0,0,0,0,0,0,0,0,https://news.naver.com/main/read.nhn?mode=LSD&mid=sec&sid1=106&oid=052&aid=0001329064
트와이스,"[공식]전현무·트와이스 다현·이특, 추석 특집 '아육대' 3MC 확정",연예,9,2019,08,09,9:18,25,25,0,0,0,0,0,0,0,0,0,https://news.naver.com/main/read.nhn?mode=LSD&mid=sec&sid1=106&oid=076&aid=0003452549
트와이스,"전현무·이특·트와이스 다현, 추석특집 '아육대' MC 확정",연예,9,2019,08,09,8:07,45,45,0,0,0,0,0,0,0,0,0,https://news.naver.com/main/read.nhn?mode=LSD&mid=sec&sid1=106&oid=241&aid=0002946224
트와이스,"전현무X이특X트와이스 다현, '아육대' MC 확정",연예,9,2019,08,09,8:25,13,13,0,0,0,0,0,0,0,0,0,https://news.naver.com/main/read.nhn?mode=LSD&mid=sec&sid1=106&oid=312&aid=0000403165
트와이스,"JYP 측 ""트와이스 뮤비 촬영 맞다…컴백 일정 미정""",연예,9,2019,08,08,18:00,95,94,0,1,0,0,0,0,0,0,0,https://news.naver.com/main/read.nhn?mode=LSD&mid=sec&sid1=106&oid=009&aid=0004406992
트와이스,"[POP이슈]트와이스, 컴백 초읽기‥MV 촬영중→미나 합류·시기 확인 불가(종합)",연예,9,2019,08,08,20:46,181,174,0,7,0,0,0,0,0,0,0,https://news.naver.com/main/read.nhn?mode=LSD&mid=sec&sid1=106&oid=112&aid=0003197908
트와이스,"트와이스 측 ""신곡 MV 촬영中‥컴백 시기는 아직 오픈 불가""[공식입장]",연예,9,2019,08,08,18:47,38,38,0,0,0,0,0,0,0,0,0,https://news.naver.com/main/read.nhn?mode=LSD&mid=sec&sid1=106&oid=112&aid=0003197887
트와이스,"JYP ""트와이스 신곡 뮤비 촬영중…컴백일 공개 불가"" [공식]",연예,9,2019,08,08,18:43,25,25,0,0,0,0,0,0,0,0,0,https://news.naver.com/main/read.nhn?mode=LSD&mid=sec&sid1=106&oid=213&aid=0001123313
트와이스,"강다니엘, 아이돌차트 아차랭킹 1위…트와이스 2위",연예,9,2019,08,09,11:43,350,350,0,0,0,0,0,0,0,0,0,https://news.naver.com/main/read.nhn?mode=LSD&mid=sec&sid1=106&oid=215&aid=0000802217
트와이스,"“열애 효과?” 강다니엘-트와이스, 아차랭킹 나란히 1·2위",연예,9,2019,08,09,11:26,42,40,0,2,0,0,0,0,0,0,0,https://news.naver.com/main/read.nhn?mode=LSD&mid=sec&sid1=106&oid=081&aid=0003020408
트와이스,"강다니엘·트와이스, 아이돌차트 아차랭킹 나란히 1·2위…ITZY 4위",연예,9,2019,08,09,11:13,90,90,0,0,0,0,0,0,0,0,0,https://news.naver.com/main/read.nhn?mode=LSD&mid=sec&sid1=106&oid=015&aid=0004190160
트와이스,"JYP ""트와이스 신곡MV 촬영 중… 미나 합류? 확인 불가""",연예,9,2019,08,09,9:44,38,33,0,5,0,0,0,0,0,0,0,https://news.naver.com/main/read.nhn?mode=LSD&mid=sec&sid1=106&oid=022&aid=0003387843
트와이스,"'컴백 준비' 트와이스 ""뮤비 촬영 중""...미나 합류는 오리무중 [공식입장]",,9,2019,08,09,10:18,8,2,0,3,2,1,0,0,0,0,0,https://news.naver.com/main/read.nhn?mode=LSD&mid=sec&sid1=004&oid=450&aid=0000054902
트와이스,"트와이스, 4개월만 국내 컴백 ""9일 뮤비 촬영…미나 합류 '물음표'""",연예,9,2019,08,09,10:04,96,69,0,27,0,0,0,0,0,0,0,https://news.naver.com/main/read.nhn?mode=LSD&mid=sec&sid1=106&oid=468&aid=0000546524
트와이스,"트와이스 컴백 “뮤비 촬영 중, 미나 합류 확인 불가” [공식입장]",연예,9,2019,08,08,20:46,33,31,0,2,0,0,0,0,0,0,0,https://news.naver.com/main/read.nhn?mode=LSD&mid=sec&sid1=106&oid=382&aid=0000752986
트와이스,"JYP 측 ""트와이스 신곡 MV 촬영""…미나 합류 할까",연예,9,2019,08,08,21:09,116,110,0,6,0,0,0,0,0,0,0,https://news.naver.com/main/read.nhn?mode=LSD&mid=sec&sid1=106&oid=117&aid=0003257693
트와이스,"트와이스, 14개월 연속 기부천사 선정..역대급 기록",연예,10,2019,08,16,13:06,119,119,0,0,0,0,0,0,0,0,0,https://news.naver.com/main/read.nhn?mode=LSD&mid=sec&sid1=106&oid=011&aid=0003604084
트와이스,"[펀펀한 현장]트와이스, 'Fancy'한 월드투어 출국길",연예,10,2019,08,17,8:13,238,238,0,0,0,0,0,0,0,0,0,https://news.naver.com/main/read.nhn?mode=LSD&mid=sec&sid1=106&oid=416&aid=0000247656
트와이스,"강다니엘, 아이돌차트 아차랭킹 2주 연속 1위…2위 트와이스·3위 방탄소년단",연예,10,2019,08,16,24:35,"1,326","1,326",0,0,0,0,0,0,0,0,0,https://news.naver.com/main/read.nhn?mode=LSD&mid=sec&sid1=106&oid=015&aid=0004193549
트와이스,"'아는형님' 김희철X트와이스 모모 열애설 언급…민경훈 ""실망했다""",연예,10,2019,08,17,21:12,10,10,0,0,0,0,0,0,0,0,0,https://news.naver.com/main/read.nhn?mode=LSD&mid=sec&sid1=106&oid=117&aid=0003261389
트와이스,"[포토] 트와이스 사나-채영, 서로를 바라보며!",연예,10,2019,08,16,10:10,14,14,0,0,0,0,0,0,0,0,0,https://news.naver.com/main/read.nhn?mode=LSD&mid=sec&sid1=106&oid=076&aid=0003455448
트와이스,"트와이스 다현, 내 눈에 하트",연예,10,2019,08,16,9:48,7,7,0,0,0,0,0,0,0,0,0,https://news.naver.com/main/read.nhn?mode=LSD&mid=sec&sid1=106&oid=421&aid=0004147527
트와이스,"[포토] 트와이스 쯔위-다현-채영, 심쿵!",연예,10,2019,08,16,10:01,11,11,0,0,0,0,0,0,0,0,0,https://news.naver.com/main/read.nhn?mode=LSD&mid=sec&sid1=106&oid=076&aid=0003455429
트와이스,"""트와이스, 美캘리포니아 1회 공연으로 16억 이상 티켓 매출""",연예,10,2019,08,16,13:40,236,236,0,0,0,0,0,0,0,0,0,https://news.naver.com/main/read.nhn?mode=LSD&mid=sec&sid1=106&oid=241&aid=0002948575
트와이스,"[포토] 트와이스 다현, 도도한 눈빛!",연예,10,2019,08,16,10:03,5,5,0,0,0,0,0,0,0,0,0,https://news.naver.com/main/read.nhn?mode=LSD&mid=sec&sid1=106&oid=076&aid=0003455430
트와이스,"[포토] 트와이스 지효, 사랑하면 예뻐져요!",연예,10,2019,08,16,10:08,14,14,0,0,0,0,0,0,0,0,0,https://news.naver.com/main/read.nhn?mode=LSD&mid=sec&sid1=106&oid=076&aid=0003455442
트와이스,"'아이돌차트' 강다니엘, 2주 연속 1위…트와이스 2위-방탄소년단 3위",연예,10,2019,08,16,11:15,"1,162","1,162",0,0,0,0,0,0,0,0,0,https://news.naver.com/main/read.nhn?mode=LSD&mid=sec&sid1=106&oid=112&aid=0003200828
트와이스,"'아는형님' 김희철, 트와이스 모모와의 열애설 언급...""민경훈이 좋아""",연예,10,2019,08,17,21:42,22,22,0,0,0,0,0,0,0,0,0,https://news.naver.com/main/read.nhn?mode=LSD&mid=sec&sid1=106&oid=112&aid=0003201359
트와이스,"[E포토]트와이스 다현, '귀여운 미소'",연예,10,2019,08,16,10:04,5,5,0,0,0,0,0,0,0,0,0,https://news.naver.com/main/read.nhn?mode=LSD&mid=sec&sid1=106&oid=416&aid=0000247590
트와이스,"[E포토]트와이스 쯔위, '심쿵 눈맞춤'",연예,10,2019,08,16,10:15,13,13,0,0,0,0,0,0,0,0,0,https://news.naver.com/main/read.nhn?mode=LSD&mid=sec&sid1=106&oid=416&aid=0000247598
트와이스,트와이스 '라이키' MV 4억뷰 돌파...'TT' 이어 두번째,연예,11,2019,08,23,10:22,24,24,0,0,0,0,0,0,0,0,0,https://news.naver.com/main/read.nhn?mode=LSD&mid=sec&sid1=106&oid=023&aid=0003469092
트와이스,"트와이스, 소리바다어워즈 3관왕 ""미나와 기쁨 함께""",연예,11,2019,08,23,14:17,118,118,0,0,0,0,0,0,0,0,0,https://news.naver.com/main/read.nhn?mode=LSD&mid=sec&sid1=106&oid=079&aid=0003262497
트와이스,[TD직캠] 트와이스 사나는 마음 정했어! 원스가 대답할 차례 ‘YES or YES’,연예,11,2019,08,23,11:25,143,143,0,0,0,0,0,0,0,0,0,https://news.naver.com/main/read.nhn?mode=LSD&mid=sec&sid1=106&oid=440&aid=0000020212
트와이스,"트와이스, 한류문화대상 수상",생활,11,2019,08,23,10:47,102,79,19,0,4,0,0,0,0,0,0,https://news.naver.com/main/read.nhn?mode=LSD&mid=sec&sid1=103&oid=003&aid=0009414213
트와이스,"[종합IS] ""미나와 기쁨 함께하고파""..트와이스, '소리바다어워즈'서 3관왕",연예,11,2019,08,22,22:02,180,178,0,2,0,0,0,0,0,0,0,https://news.naver.com/main/read.nhn?mode=LSD&mid=sec&sid1=106&oid=241&aid=0002950900
트와이스,[MD포토] 트와이스 '사랑스러운 패션',연예,11,2019,08,22,17:14,11,11,0,0,0,0,0,0,0,0,0,https://news.naver.com/main/read.nhn?mode=LSD&mid=sec&sid1=106&oid=117&aid=0003263667
트와이스,'트와이스 주인공' 유튜브 오리지널 만든다,연예,11,2019,08,20,18:55,160,160,0,0,0,0,0,0,0,0,0,https://news.naver.com/main/read.nhn?mode=LSD&mid=sec&sid1=106&oid=438&aid=0000025563
트와이스,"트와이스, 유튜브 4억뷰 뮤비 2편…'라이키'도 돌파",생활,11,2019,08,23,9:42,23,12,10,0,1,0,0,0,0,0,0,https://news.naver.com/main/read.nhn?mode=LSD&mid=sec&sid1=103&oid=001&aid=0011034965
트와이스,"트와이스, 'LIKEY' MV 4억뷰 돌파…아시아 원톱 걸그룹 입증",연예,11,2019,08,23,7:49,23,23,0,0,0,0,0,0,0,0,0,https://news.naver.com/main/read.nhn?mode=LSD&mid=sec&sid1=106&oid=015&aid=0004197050
트와이스,"트와이스, '라이키' 뮤직비디오 4억뷰 돌파…2번째 기록",연예,11,2019,08,23,7:06,35,35,0,0,0,0,0,0,0,0,0,https://news.naver.com/main/read.nhn?mode=LSD&mid=sec&sid1=106&oid=241&aid=0002950918
트와이스,"트와이스 'LIKEY' MV, 4억뷰 돌파…'TT'에 이은 통산 2번째 4억뷰[공식]",연예,11,2019,08,23,7:37,25,25,0,0,0,0,0,0,0,0,0,https://news.naver.com/main/read.nhn?mode=LSD&mid=sec&sid1=106&oid=076&aid=0003458862
트와이스,‘2019 SOBA’ 1일차 축제 성료…트와이스-마마무 등 수상 영예,연예,11,2019,08,23,15:19,65,65,0,0,0,0,0,0,0,0,0,https://news.naver.com/main/read.nhn?mode=LSD&mid=sec&sid1=106&oid=382&aid=0000756445
트와이스,한류문화대상 수상한 그룹 트와이스,연예,11,2019,08,23,11:11,26,26,0,0,0,0,0,0,0,0,0,https://news.naver.com/main/read.nhn?mode=LSD&mid=sec&sid1=106&oid=003&aid=0009414291
트와이스,"[뉴시스 한류엑스포]트와이스 ""큰상 감사, 세계 팬들의 사랑 덕분인 듯""",연예,11,2019,08,23,13:15,78,78,0,0,0,0,0,0,0,0,0,https://news.naver.com/main/read.nhn?mode=LSD&mid=sec&sid1=106&oid=003&aid=0009414601
트와이스,"그룹 트와이스, 뉴시스 한류 엑스포 한류문화대상 수상",연예,11,2019,08,23,11:07,10,10,0,0,0,0,0,0,0,0,0,https://news.naver.com/main/read.nhn?mode=LSD&mid=sec&sid1=106&oid=003&aid=0009414274
트와이스,뉴시스 한류문화대상 수상한 트와이스,생활,11,2019,08,23,16:12,3,2,1,0,0,0,0,0,0,0,0,https://news.naver.com/main/read.nhn?mode=LSD&mid=sec&sid1=103&oid=003&aid=0009415219
트와이스,"'2019 소리바다 어워즈' 트와이스 3관왕 영예…""미나야 사랑해""(종합)",연예,11,2019,08,22,23:30,146,145,0,1,0,0,0,0,0,0,0,https://news.naver.com/main/read.nhn?mode=LSD&mid=sec&sid1=106&oid=421&aid=0004158716
트와이스,"트와이스, 소리바다 어워즈 3관왕 기염",연예,11,2019,08,22,22:22,13,13,0,0,0,0,0,0,0,0,0,https://news.naver.com/main/read.nhn?mode=LSD&mid=sec&sid1=106&oid=003&aid=0009413694
트와이스,[MD포토] 트와이스 '원스를 웃게 만드는 미소',연예,11,2019,08,22,17:48,5,5,0,0,0,0,0,0,0,0,0,https://news.naver.com/main/read.nhn?mode=LSD&mid=sec&sid1=106&oid=117&aid=0003263722
트와이스,"JYP, 유튜브와 트와이스 유튜브 오리지널 제작",연예,11,2019,08,20,14:21,203,202,0,1,0,0,0,0,0,0,0,https://news.naver.com/main/read.nhn?mode=LSD&mid=sec&sid1=106&oid=021&aid=0002400383
트와이스,"JYP, 유튜브와 트와이스 유튜브 오리지널 제작",연예,11,2019,08,20,9:10,24,24,0,0,0,0,0,0,0,0,0,https://news.naver.com/main/read.nhn?mode=LSD&mid=sec&sid1=106&oid=241&aid=0002949591
트와이스,‘아는 형님’ 공승연 “동생 트와이스 정연에 인지도 굴욕”,연예,12,2019,08,31,16:06,13,12,0,1,0,0,0,0,0,0,0,https://news.naver.com/main/read.nhn?mode=LSD&mid=sec&sid1=106&oid=081&aid=0003025602
트와이스,"트와이스, 'YES or YES' MV 2억뷰 돌파..통산 9번째(공식)",연예,12,2019,08,29,9:35,68,67,0,1,0,0,0,0,0,0,0,https://news.naver.com/main/read.nhn?mode=LSD&mid=sec&sid1=106&oid=468&aid=0000555259
트와이스,"[단독영상] ‘소리바다 어워즈’ 트와이스, 3관왕 달성 “원스들의 세상 받고 싶어요!”",연예,12,2019,08,31,15:13,108,108,0,0,0,0,0,0,0,0,0,https://news.naver.com/main/read.nhn?mode=LSD&mid=sec&sid1=106&oid=440&aid=0000020362
트와이스,"트와이스, 2억뷰 뮤비 9개…'예스 오어 예스'도 돌파",연예,12,2019,08,29,11:29,16,16,0,0,0,0,0,0,0,0,0,https://news.naver.com/main/read.nhn?mode=LSD&mid=sec&sid1=106&oid=001&aid=0011047700
트와이스,‘아는 형님’ 공승연 “동생=트와이스 정연 때문에 인지도 굴욕 당해”,연예,12,2019,08,30,17:34,10,10,0,0,0,0,0,0,0,0,0,https://news.naver.com/main/read.nhn?mode=LSD&mid=sec&sid1=106&oid=410&aid=0000619295
트와이스,"방탄소년단, 8월 아이돌그룹 100대 브랜드평판 1위…트와이스 2위",연예,12,2019,08,31,9:00,534,534,0,0,0,0,0,0,0,0,0,https://news.naver.com/main/read.nhn?mode=LSD&mid=sec&sid1=106&oid=015&aid=0004201627
트와이스,"방탄소년단, 아이돌그룹 100대 브랜드평판 1위…트와이스 2위·레드벨벳 3위",연예,12,2019,08,31,9:00,62,62,0,0,0,0,0,0,0,0,0,https://news.naver.com/main/read.nhn?mode=LSD&mid=sec&sid1=106&oid=009&aid=0004419738
트와이스,"방탄소년단, 아이돌그룹 브랜드평판 1위…트와이스 2위",연예,12,2019,08,31,8:46,427,426,0,1,0,0,0,0,0,0,0,https://news.naver.com/main/read.nhn?mode=LSD&mid=sec&sid1=106&oid=311&aid=0001040243
트와이스,"'아는형님' 공승연 ""동생 트와이스 정연에 인지도 굴욕…서운하기보다 뿌듯해""",연예,12,2019,08,31,22:00,47,47,0,0,0,0,0,0,0,0,0,https://news.naver.com/main/read.nhn?mode=LSD&mid=sec&sid1=106&oid=076&aid=0003462842
트와이스,"'아는 형님' 공승연 ""인기 많은 동생 트와이스 정연, 뿌듯하다""",연예,12,2019,08,31,21:29,124,124,0,0,0,0,0,0,0,0,0,https://news.naver.com/main/read.nhn?mode=LSD&mid=sec&sid1=106&oid=421&aid=0004173174
트와이스,공승연 인지도굴욕 “친동생 트와이스 정연 때문에 인지도 굴욕”,연예,12,2019,08,31,17:23,25,24,0,1,0,0,0,0,0,0,0,https://news.naver.com/main/read.nhn?mode=LSD&mid=sec&sid1=106&oid=382&aid=0000758284
트와이스,"트와이스, 10개월만 'YES or YES' M/V 2억뷰 돌파",연예,12,2019,08,29,21:01,119,119,0,0,0,0,0,0,0,0,0,https://news.naver.com/main/read.nhn?mode=LSD&mid=sec&sid1=106&oid=241&aid=0002953455
트와이스,"트와이스, 'YES or YES' MV 2억뷰 돌파..'통산 9번째'",연예,12,2019,08,29,13:11,2,2,0,0,0,0,0,0,0,0,0,https://news.naver.com/main/read.nhn?mode=LSD&mid=sec&sid1=106&oid=011&aid=0003610750
트와이스,"'끝없는 기록' 트와이스, 'YES or YES' MV 2억뷰 돌파…통산 9번째",연예,12,2019,08,29,13:32,62,61,0,1,0,0,0,0,0,0,0,https://news.naver.com/main/read.nhn?mode=LSD&mid=sec&sid1=106&oid=015&aid=0004200563
트와이스,트와이스 `YES or YES` MV 2억뷰 돌파 `끝없는 기록 행진`,연예,12,2019,08,29,13:08,15,15,0,0,0,0,0,0,0,0,0,https://news.naver.com/main/read.nhn?mode=LSD&mid=sec&sid1=106&oid=410&aid=0000618825
트와이스,"트와이스 '예스오어예스'도 넘겼다, 2억뷰 뮤비만 9편",연예,12,2019,08,29,13:02,117,117,0,0,0,0,0,0,0,0,0,https://news.naver.com/main/read.nhn?mode=LSD&mid=sec&sid1=106&oid=003&aid=0009425285
트와이스,트와이스 ‘예스 오어 예스’ MV 유튜브 2억뷰 돌파…활동곡 11연속 2억뷰 간다,연예,12,2019,08,29,9:17,23,23,0,0,0,0,0,0,0,0,0,https://news.naver.com/main/read.nhn?mode=LSD&mid=sec&sid1=106&oid=144&aid=0000628629
트와이스,‘아는 형님’ 공승연 “친동생 트와이스 정연에 인지도 굴욕 당해”,연예,12,2019,08,30,17:33,16,16,0,0,0,0,0,0,0,0,0,https://news.naver.com/main/read.nhn?mode=LSD&mid=sec&sid1=106&oid=469&aid=0000418112
트와이스,"[N컷] '아는 형님' 공승연 ""동생 트와이스 정연에 인지도 굴욕""",연예,12,2019,08,30,15:56,55,55,0,0,0,0,0,0,0,0,0,https://news.naver.com/main/read.nhn?mode=LSD&mid=sec&sid1=106&oid=421&aid=0004172130
트와이스,"‘아는 형님’ 공승연 고백 ""동생 트와이스 정연에게 인지도 굴욕 당한다""",연예,12,2019,08,30,16:25,7,7,0,0,0,0,0,0,0,0,0,https://news.naver.com/main/read.nhn?mode=LSD&mid=sec&sid1=106&oid=009&aid=0004419503
트와이스,[문화광장] 트와이스 ‘Yes or Yes’ 뮤직비디오 유튜브 조회 수 2억 돌파,연예,12,2019,08,30,7:03,43,43,0,0,0,0,0,0,0,0,0,https://news.naver.com/main/read.nhn?mode=LSD&mid=sec&sid1=106&oid=056&aid=0010737776
트와이스,"‘개묘한 여행’ 박시후, 트와이스 MV 촬영지 구경..삼촌 미소",연예,13,2019,09,07,20:30,64,64,0,0,0,0,0,0,0,0,0,https://news.naver.com/main/read.nhn?mode=LSD&mid=sec&sid1=106&oid=410&aid=0000621609
트와이스,트와이스 모모 ‘상큼함이 팡!팡!’[포토엔HD],연예,13,2019,09,07,18:12,9,9,0,0,0,0,0,0,0,0,0,https://news.naver.com/main/read.nhn?mode=LSD&mid=sec&sid1=106&oid=609&aid=0000167855
트와이스,트와이스 사나 ‘도도한 금발 미녀’[포토엔HD],연예,13,2019,09,07,9:02,27,27,0,0,0,0,0,0,0,0,0,https://news.naver.com/main/read.nhn?mode=LSD&mid=sec&sid1=106&oid=609&aid=0000167665
트와이스,[TEN PHOTO] 트와이스 다현 '투명한 꿀피부',연예,13,2019,09,07,8:25,44,44,0,0,0,0,0,0,0,0,0,https://news.naver.com/main/read.nhn?mode=LSD&mid=sec&sid1=106&oid=312&aid=0000408445
트와이스,"트와이스(TWICE) 출국, 태풍이 와도 '원스' 만나러 갑니다! [공항패션]",연예,13,2019,09,07,8:34,72,72,0,0,0,0,0,0,0,0,0,https://news.naver.com/main/read.nhn?mode=LSD&mid=sec&sid1=106&oid=477&aid=0000206193
트와이스,[TEN PHOTO] 트와이스 쯔위 '잘 다녀올게요',연예,13,2019,09,07,8:05,40,40,0,0,0,0,0,0,0,0,0,https://news.naver.com/main/read.nhn?mode=LSD&mid=sec&sid1=106&oid=312&aid=0000408435
트와이스,[TEN PHOTO] 트와이스 정연 '예쁨용량 초과',연예,13,2019,09,07,8:17,16,16,0,0,0,0,0,0,0,0,0,https://news.naver.com/main/read.nhn?mode=LSD&mid=sec&sid1=106&oid=312&aid=0000408441
트와이스,[TEN PHOTO] 트와이스 지효 '미모 맑음',연예,13,2019,09,07,8:12,85,85,0,0,0,0,0,0,0,0,0,https://news.naver.com/main/read.nhn?mode=LSD&mid=sec&sid1=106&oid=312&aid=0000408438
트와이스,[TEN PHOTO] 트와이스 모모 '바라보면 심쿵',연예,13,2019,09,07,8:03,32,32,0,0,0,0,0,0,0,0,0,https://news.naver.com/main/read.nhn?mode=LSD&mid=sec&sid1=106&oid=312&aid=0000408434
트와이스,[TEN PHOTO] 트와이스 쯔위 '미모 말하면 입아파',연예,13,2019,09,07,8:07,22,22,0,0,0,0,0,0,0,0,0,https://news.naver.com/main/read.nhn?mode=LSD&mid=sec&sid1=106&oid=312&aid=0000408436
트와이스,트와이스 쯔위 ‘천사의 손짓’[포토엔HD],연예,13,2019,09,07,8:02,216,213,0,3,0,0,0,0,0,0,0,https://news.naver.com/main/read.nhn?mode=LSD&mid=sec&sid1=106&oid=609&aid=0000167636
트와이스,트와이스 쯔위 ‘천상계 미모’[포토엔HD],연예,13,2019,09,07,8:01,27,27,0,0,0,0,0,0,0,0,0,https://news.naver.com/main/read.nhn?mode=LSD&mid=sec&sid1=106&oid=609&aid=0000167635
트와이스,트와이스 나연 ‘찰랑이는 머릿결’[포토엔HD],연예,13,2019,09,07,8:04,42,42,0,0,0,0,0,0,0,0,0,https://news.naver.com/main/read.nhn?mode=LSD&mid=sec&sid1=106&oid=609&aid=0000167639
트와이스,트와이스 정연 ‘우유 빛깔 유정연’[포토엔HD],연예,13,2019,09,07,8:46,18,18,0,0,0,0,0,0,0,0,0,https://news.naver.com/main/read.nhn?mode=LSD&mid=sec&sid1=106&oid=609&aid=0000167660
트와이스,트와이스 다현 ‘지적인 귀여움’[포토엔HD],연예,13,2019,09,07,7:58,24,24,0,0,0,0,0,0,0,0,0,https://news.naver.com/main/read.nhn?mode=LSD&mid=sec&sid1=106&oid=609&aid=0000167633
트와이스,트와이스 다현 ‘모범생 비주얼’[포토엔HD],연예,13,2019,09,07,8:28,8,8,0,0,0,0,0,0,0,0,0,https://news.naver.com/main/read.nhn?mode=LSD&mid=sec&sid1=106&oid=609&aid=0000167649
트와이스,트와이스 다현 ‘반짝이는 앵두 입술’[포토엔HD],연예,13,2019,09,07,8:00,26,26,0,0,0,0,0,0,0,0,0,https://news.naver.com/main/read.nhn?mode=LSD&mid=sec&sid1=106&oid=609&aid=0000167634
트와이스,트와이스 다현 ‘쫀득쫀득 찹살떡 미모’[포토엔HD],연예,13,2019,09,07,8:31,5,5,0,0,0,0,0,0,0,0,0,https://news.naver.com/main/read.nhn?mode=LSD&mid=sec&sid1=106&oid=609&aid=0000167650
트와이스,[TEN PHOTO] 트와이스 지효 '블랙홀 아이즈',연예,13,2019,09,07,8:14,69,69,0,0,0,0,0,0,0,0,0,https://news.naver.com/main/read.nhn?mode=LSD&mid=sec&sid1=106&oid=312&aid=0000408440
트와이스,"""물기 머금은 눈빛""…트와이스 미나, 'Feel Special' 티저 공개",연예,14,2019,09,14,8:13,36,36,0,0,0,0,0,0,0,0,0,https://news.naver.com/main/read.nhn?mode=LSD&mid=sec&sid1=106&oid=015&aid=0004208358
트와이스,"트와이스 지효-미나-사나, 비주얼 매력 가득 티저 이미지 공개",연예,14,2019,09,14,13:44,31,31,0,0,0,0,0,0,0,0,0,https://news.naver.com/main/read.nhn?mode=LSD&mid=sec&sid1=106&oid=468&aid=0000561529
트와이스,"[공식] 트와이스 지효, 'Feel Special' 티저 공개 '고혹적 자태'",연예,14,2019,09,13,8:40,37,36,0,1,0,0,0,0,0,0,0,https://news.naver.com/main/read.nhn?mode=LSD&mid=sec&sid1=106&oid=076&aid=0003467493
트와이스,"""비현실적 인형 미모"" 트와이스 사나, 신곡 티저 비주얼",연예,14,2019,09,12,9:40,21,21,0,0,0,0,0,0,0,0,0,https://news.naver.com/main/read.nhn?mode=LSD&mid=sec&sid1=106&oid=241&aid=0002956951
트와이스,"트와이스 사나, 신곡 ‘Feel Special’ 티저서 비현실적 인형 비주얼 자랑",연예,14,2019,09,12,13:26,11,11,0,0,0,0,0,0,0,0,0,https://news.naver.com/main/read.nhn?mode=LSD&mid=sec&sid1=106&oid=408&aid=0000077828
트와이스,"트와이스 지효, 신곡 ‘Feel Special’ 티저 공개…화려한 비주얼 ‘시선집중’",연예,14,2019,09,13,8:22,17,17,0,0,0,0,0,0,0,0,0,https://news.naver.com/main/read.nhn?mode=LSD&mid=sec&sid1=106&oid=469&aid=0000421855
트와이스,"트와이스 사나, 신곡 ’Feel Special’ 티저…우수에 젖은 눈빛",연예,14,2019,09,12,10:53,30,30,0,0,0,0,0,0,0,0,0,https://news.naver.com/main/read.nhn?mode=LSD&mid=sec&sid1=106&oid=382&aid=0000760839
트와이스,"트와이스 사나, 신곡 'Feel Special' 티저 공개..비현실적 인형 비주얼",연예,14,2019,09,12,8:50,51,51,0,0,0,0,0,0,0,0,0,https://news.naver.com/main/read.nhn?mode=LSD&mid=sec&sid1=106&oid=011&aid=0003618028
트와이스,"트와이스 미나, 'Feel Special' 컴백 티저 공개…새 앨범 합류 결정",연예,14,2019,09,14,9:41,73,73,0,0,0,0,0,0,0,0,0,https://news.naver.com/main/read.nhn?mode=LSD&mid=sec&sid1=106&oid=076&aid=0003467694
트와이스,"트와이스 미나, 'Feel Special' 컴백 티저 공개…새 앨범 합류 결정",연예,14,2019,09,14,9:05,390,379,0,11,0,0,0,0,0,0,0,https://news.naver.com/main/read.nhn?mode=LSD&mid=sec&sid1=106&oid=468&aid=0000561476
트와이스,"돌아온 트와이스 미나, 더 촉촉해진 눈빛",연예,14,2019,09,14,8:06,23,23,0,0,0,0,0,0,0,0,0,https://news.naver.com/main/read.nhn?mode=LSD&mid=sec&sid1=106&oid=312&aid=0000409368
트와이스,"트와이스 미나, 신곡 티저 '애틋한 눈빛'",연예,14,2019,09,14,11:58,38,38,0,0,0,0,0,0,0,0,0,https://news.naver.com/main/read.nhn?mode=LSD&mid=sec&sid1=106&oid=119&aid=0002352039
트와이스,"'트와이스 복귀' 미나, 사나·지효 함께 티저 이미지 공개 '청초'",연예,14,2019,09,14,16:14,76,76,0,0,0,0,0,0,0,0,0,https://news.naver.com/main/read.nhn?mode=LSD&mid=sec&sid1=106&oid=421&aid=0004195265
트와이스,"[DAY컷] 트와이스 사나·지효·미나, 찬란한 비주얼… 23일 전격 컴백",연예,14,2019,09,14,13:06,199,195,0,4,0,0,0,0,0,0,0,https://news.naver.com/main/read.nhn?mode=LSD&mid=sec&sid1=106&oid=382&aid=0000760949
트와이스,"특별한 무엇 되는 순간 트와이스 사나-지효-미나, 찬란한 컴백",연예,14,2019,09,14,21:03,63,63,0,0,0,0,0,0,0,0,0,https://news.naver.com/main/read.nhn?mode=LSD&mid=sec&sid1=106&oid=015&aid=0004208504
트와이스,"트와이스 사나·지효·미나, 찬란한 컴백 비주얼…23일 신곡 공개",연예,14,2019,09,14,13:34,37,36,0,1,0,0,0,0,0,0,0,https://news.naver.com/main/read.nhn?mode=LSD&mid=sec&sid1=106&oid=076&aid=0003467720
트와이스,"트와이스, 새 앨범 'Feel Special' 작사 참여+초호화 작가진 공개",연예,14,2019,09,13,12:15,87,87,0,0,0,0,0,0,0,0,0,https://news.naver.com/main/read.nhn?mode=LSD&mid=sec&sid1=106&oid=011&aid=0003618142
트와이스,"트와이스 지효, 'Feel Special' 티저서 고혹매력 과시",연예,14,2019,09,13,11:55,12,12,0,0,0,0,0,0,0,0,0,https://news.naver.com/main/read.nhn?mode=LSD&mid=sec&sid1=106&oid=030&aid=0002840537
트와이스,"트와이스 지효, 타이틀곡 'Feel Special' 티저 공개…고혹적 자태",연예,14,2019,09,13,8:21,20,20,0,0,0,0,0,0,0,0,0,https://news.naver.com/main/read.nhn?mode=LSD&mid=sec&sid1=106&oid=468&aid=0000561342
트와이스,"""매혹적 자태"" 트와이스 지효, 타이틀곡 'Feel Special' 티저 공개",연예,14,2019,09,13,8:24,15,15,0,0,0,0,0,0,0,0,0,https://news.naver.com/main/read.nhn?mode=LSD&mid=sec&sid1=106&oid=015&aid=0004208159
트와이스,"[공식] 트와이스 사나, 신곡 'Feel Special' 티저 영상 공개 '인형 비주얼'",연예,14,2019,09,12,10:00,6,6,0,0,0,0,0,0,0,0,0,https://news.naver.com/main/read.nhn?mode=LSD&mid=sec&sid1=106&oid=076&aid=0003467364
트와이스,"""멤버들 직접 참여"" 트와이스 'Feel Special' 초호화 작가진 공개[공식]",연예,14,2019,09,12,13:33,34,34,0,0,0,0,0,0,0,0,0,https://news.naver.com/main/read.nhn?mode=LSD&mid=sec&sid1=106&oid=241&aid=0002957014
트와이스,"트와이스, 새 앨범 초호화 작가진 공개…박진영부터 멤버 전원 참여",연예,14,2019,09,12,13:08,45,45,0,0,0,0,0,0,0,0,0,https://news.naver.com/main/read.nhn?mode=LSD&mid=sec&sid1=106&oid=468&aid=0000561272
트와이스,"[공식] 트와이스, 새 앨범 '필 스페셜' 작사 참여 ""팬편지에 대한 답가""",연예,14,2019,09,12,13:46,35,35,0,0,0,0,0,0,0,0,0,https://news.naver.com/main/read.nhn?mode=LSD&mid=sec&sid1=106&oid=076&aid=0003467387
트와이스,"트와이스, 'Feel Special' 하이라이트 공개..12연속 히트할까",연예,15,2019,09,21,8:05,76,76,0,0,0,0,0,0,0,0,0,https://news.naver.com/main/read.nhn?mode=LSD&mid=sec&sid1=106&oid=241&aid=0002959319
트와이스,"트와이스, 새 앨범 발매부터 팬미팅·해외 활동까지 하반기도 접수",연예,15,2019,09,21,15:01,57,57,0,0,0,0,0,0,0,0,0,https://news.naver.com/main/read.nhn?mode=LSD&mid=sec&sid1=106&oid=382&aid=0000762765
트와이스,"""음원차트 지각변동"" 트와이스·지코 등…쏟아지는 강자들",연예,15,2019,09,20,11:19,21,21,0,0,0,0,0,0,0,0,0,https://news.naver.com/main/read.nhn?mode=LSD&mid=sec&sid1=106&oid=421&aid=0004205674
트와이스,트와이스 신곡 'Feel Special' MV 티저…실루엣만으로도 '심쿵',연예,15,2019,09,19,8:26,54,54,0,0,0,0,0,0,0,0,0,https://news.naver.com/main/read.nhn?mode=LSD&mid=sec&sid1=106&oid=076&aid=0003469760
트와이스,"트와이스, 선이 돋보이는 안무…실루엣만으로도 'Feel Special'",연예,15,2019,09,19,8:38,39,39,0,0,0,0,0,0,0,0,0,https://news.naver.com/main/read.nhn?mode=LSD&mid=sec&sid1=106&oid=241&aid=0002958567
트와이스,"트와이스, 'Feel Special' MV 티저 공개! 어둠 속에서도 빛나는 꽃미모",연예,15,2019,09,19,10:28,9,9,0,0,0,0,0,0,0,0,0,https://news.naver.com/main/read.nhn?mode=LSD&mid=sec&sid1=106&oid=408&aid=0000078106
트와이스,레드벨벳×트와이스×있지 등 ‘2019 AAA’ 출연 라인업 합류,연예,15,2019,09,19,15:42,30,30,0,0,0,0,0,0,0,0,0,https://news.naver.com/main/read.nhn?mode=LSD&mid=sec&sid1=106&oid=382&aid=0000762305
트와이스,트와이스 ‘Feel Special’ 뮤비 티저…어둠 속 심쿵 실루엣,연예,15,2019,09,19,8:08,37,37,0,0,0,0,0,0,0,0,0,https://news.naver.com/main/read.nhn?mode=LSD&mid=sec&sid1=106&oid=382&aid=0000762149
트와이스,"트와이스, 'Feel Special' 앨범 하이라이트 음원 최초 공개",연예,15,2019,09,21,10:35,50,50,0,0,0,0,0,0,0,0,0,https://news.naver.com/main/read.nhn?mode=LSD&mid=sec&sid1=106&oid=215&aid=0000811153
트와이스,트와이스 ‘Feel Special’ 앨범 하이라이트 음원 최초 공개,연예,15,2019,09,21,9:04,20,20,0,0,0,0,0,0,0,0,0,https://news.naver.com/main/read.nhn?mode=LSD&mid=sec&sid1=106&oid=382&aid=0000762736
트와이스,트와이스 ‘Feel Special’=귀 호강 예약…앨범 하이라이트 음원 공개,연예,15,2019,09,21,11:06,43,43,0,0,0,0,0,0,0,0,0,https://news.naver.com/main/read.nhn?mode=LSD&mid=sec&sid1=106&oid=410&aid=0000625557
트와이스,"트와이스, 새 앨범 발매+ 팬미팅+ 해외 활동..2019년 하반기도 접수예고",연예,15,2019,09,21,17:28,175,173,0,2,0,0,0,0,0,0,0,https://news.naver.com/main/read.nhn?mode=LSD&mid=sec&sid1=106&oid=408&aid=0000078228
트와이스,"""하반기도 접수""…트와이스, 새앨범 발매→팬미팅→해외 활동",연예,15,2019,09,21,19:28,104,104,0,0,0,0,0,0,0,0,0,https://news.naver.com/main/read.nhn?mode=LSD&mid=sec&sid1=106&oid=311&aid=0001048922
트와이스,"2019년 하반기에도 트와이스, 국내외 꽉찬 활동",연예,15,2019,09,21,14:31,150,149,0,1,0,0,0,0,0,0,0,https://news.naver.com/main/read.nhn?mode=LSD&mid=sec&sid1=106&oid=241&aid=0002959456
트와이스,"트와이스, '필 스페셜' 발매+팬미팅+日 활동..'K팝 원톱 걸그룹'의 하반기 접수",연예,15,2019,09,21,13:13,63,62,0,1,0,0,0,0,0,0,0,https://news.naver.com/main/read.nhn?mode=LSD&mid=sec&sid1=106&oid=112&aid=0003214427
트와이스,'컴백 D-3' 트와이스의 귀환…화룡점정 비주얼 티저 공개,연예,15,2019,09,20,8:20,21,21,0,0,0,0,0,0,0,0,0,https://news.naver.com/main/read.nhn?mode=LSD&mid=sec&sid1=106&oid=076&aid=0003470490
트와이스,"컴백 트와이스, 우아함의 정석…비주얼 정점 찍은 컴백 포토",연예,15,2019,09,20,10:26,47,47,0,0,0,0,0,0,0,0,0,https://news.naver.com/main/read.nhn?mode=LSD&mid=sec&sid1=106&oid=015&aid=0004211643
트와이스,"트와이스 컴백, '필 스페셜' 화룡점정 비주얼 티저 공개",연예,15,2019,09,20,8:56,22,22,0,0,0,0,0,0,0,0,0,https://news.naver.com/main/read.nhn?mode=LSD&mid=sec&sid1=106&oid=076&aid=0003470516
트와이스,"'K팝 퀸' 트와이스, 눈부신 비주얼로 알린 특별함",연예,15,2019,09,20,8:19,46,46,0,0,0,0,0,0,0,0,0,https://news.naver.com/main/read.nhn?mode=LSD&mid=sec&sid1=106&oid=241&aid=0002958999
트와이스,"'Feel Special' 트와이스, 뮤직비디오 티저 공개…실루엣 만으로 심쿵",연예,15,2019,09,19,8:29,43,43,0,0,0,0,0,0,0,0,0,https://news.naver.com/main/read.nhn?mode=LSD&mid=sec&sid1=106&oid=468&aid=0000564094
트와이스,"트와이스, 신곡 'Feel Special' MV 티저 공개…곡·안무 일부까지",연예,15,2019,09,19,8:25,14,14,0,0,0,0,0,0,0,0,0,https://news.naver.com/main/read.nhn?mode=LSD&mid=sec&sid1=106&oid=416&aid=0000248997
트와이스,"'음악중심' 볼빨간 사춘기, 무대 없이 1위 영광…트와이스·악동뮤지션 컴백[종합]",연예,16,2019,09,28,16:46,15,15,0,0,0,0,0,0,0,0,0,https://news.naver.com/main/read.nhn?mode=LSD&mid=sec&sid1=106&oid=112&aid=0003217130
트와이스,백지영X트와이스 다현·모모X황제성 '안녕하세요' 시즌1 마지막 게스트,연예,16,2019,09,28,11:37,12,12,0,0,0,0,0,0,0,0,0,https://news.naver.com/main/read.nhn?mode=LSD&mid=sec&sid1=106&oid=241&aid=0002961748
트와이스,"트와이스, 트둥이들의 화려한 귀환",연예,16,2019,09,28,16:42,72,72,0,0,0,0,0,0,0,0,0,https://news.naver.com/main/read.nhn?mode=LSD&mid=sec&sid1=106&oid=312&aid=0000412069
트와이스,"방탄소년단, 9월 아이돌그룹 브랜드 평판 1위...트와이스 2위·오마이걸 3위",연예,16,2019,09,28,9:59,94,94,0,0,0,0,0,0,0,0,0,https://news.naver.com/main/read.nhn?mode=LSD&mid=sec&sid1=106&oid=076&aid=0003473998
트와이스,"'도레미' 트와이스, 허당미 과시하며 '추어 요리' 먹방 성공(종합)",연예,16,2019,09,28,21:20,89,83,0,6,0,0,0,0,0,0,0,https://news.naver.com/main/read.nhn?mode=LSD&mid=sec&sid1=106&oid=421&aid=0004220724
트와이스,"[뮤직IS] '톱그룹' 트와이스, 끝없는 진화…""노래에 담은 공감""",연예,16,2019,09,27,9:15,143,143,0,0,0,0,0,0,0,0,0,https://news.naver.com/main/read.nhn?mode=LSD&mid=sec&sid1=106&oid=241&aid=0002961373
트와이스,"[공식]트와이스, 'K팝 원톱 걸그룹'의 끝없는 진화…공감 높인 'Feel Special' 호평",연예,16,2019,09,27,9:55,136,135,0,1,0,0,0,0,0,0,0,https://news.naver.com/main/read.nhn?mode=LSD&mid=sec&sid1=106&oid=076&aid=0003473641
트와이스,"트와이스, 'K팝 원톱 걸그룹'의 끝없는 진화…공감 높인 'Feel Special' 호평",연예,16,2019,09,27,9:18,37,37,0,0,0,0,0,0,0,0,0,https://news.naver.com/main/read.nhn?mode=LSD&mid=sec&sid1=106&oid=215&aid=0000812588
트와이스,"트와이스, 타이틀 곡 'Feel Special'(필 스페셜)'으로 새로운 매력 선사",연예,16,2019,09,27,14:26,75,75,0,0,0,0,0,0,0,0,0,https://news.naver.com/main/read.nhn?mode=LSD&mid=sec&sid1=106&oid=011&aid=0003625891
트와이스,"'놀라운 토요일' 트와이스 나연X지효X채영, '놀토' 마니아의 받아쓰기 실력은?",연예,16,2019,09,28,10:46,5,5,0,0,0,0,0,0,0,0,0,https://news.naver.com/main/read.nhn?mode=LSD&mid=sec&sid1=106&oid=015&aid=0004215638
트와이스,"'놀토-도레미 마켓' 트와이스 나연X지효X채영, 팬심 고백 ""대기실서 봐""",연예,16,2019,09,28,10:28,26,26,0,0,0,0,0,0,0,0,0,https://news.naver.com/main/read.nhn?mode=LSD&mid=sec&sid1=106&oid=112&aid=0003217047
트와이스,"""승부욕↑"" 트와이스 나연·지효·채영, 오늘(28일) '도레미마켓' 출격",연예,16,2019,09,28,11:34,83,83,0,0,0,0,0,0,0,0,0,https://news.naver.com/main/read.nhn?mode=LSD&mid=sec&sid1=106&oid=241&aid=0002961744
트와이스,"'놀토' 트와이스 지효·나연·채영, 역대급 난이도에 당황...""다이어트 하는 날""",연예,16,2019,09,28,11:03,28,28,0,0,0,0,0,0,0,0,0,https://news.naver.com/main/read.nhn?mode=LSD&mid=sec&sid1=106&oid=076&aid=0003474011
트와이스,"‘음악중심’ 볼빨간사춘기 2주 연속 1위, 트와이스·악뮤 컴백(종합)",연예,16,2019,09,28,16:49,7,7,0,0,0,0,0,0,0,0,0,https://news.naver.com/main/read.nhn?mode=LSD&mid=sec&sid1=106&oid=609&aid=0000178831
트와이스,"볼빨간 사춘기, 출연없이 '음중' 1위…트와이스·악뮤 컴백 [종합]",연예,16,2019,09,28,16:48,10,5,0,5,0,0,0,0,0,0,0,https://news.naver.com/main/read.nhn?mode=LSD&mid=sec&sid1=106&oid=117&aid=0003279504
트와이스,"트와이스 나연·채영, 방탄소년단 ‘불타오르네’ 가사 적중 ‘환호’(놀라운 토요일)",연예,16,2019,09,28,20:02,29,29,0,0,0,0,0,0,0,0,0,https://news.naver.com/main/read.nhn?mode=LSD&mid=sec&sid1=106&oid=410&aid=0000627875
트와이스,"'안녕하세요', 30일 시즌1 종료...백지영·트와이스 다현·모모·황제성 출격",연예,16,2019,09,28,10:16,19,19,0,0,0,0,0,0,0,0,0,https://news.naver.com/main/read.nhn?mode=LSD&mid=sec&sid1=106&oid=076&aid=0003474004
트와이스,"'안녕하세요' 백지영, 트와이스 다현＆모모→황제성…시즌1 마지막 방송 함께한다",연예,16,2019,09,28,10:09,4,4,0,0,0,0,0,0,0,0,0,https://news.naver.com/main/read.nhn?mode=LSD&mid=sec&sid1=106&oid=015&aid=0004215630
트와이스,"방탄소년단, 9월 아이돌그룹 브랜드평판 1위…2위 트와이스·3위 오마이걸",연예,16,2019,09,28,9:45,514,514,0,0,0,0,0,0,0,0,0,https://news.naver.com/main/read.nhn?mode=LSD&mid=sec&sid1=106&oid=112&aid=0003217038
트와이스,"[종합]'뮤뱅in강릉' 트와이스, 악뮤 제치고 1위…장우혁·백지영 컴백",연예,17,2019,10,04,19:45,81,81,0,0,0,0,0,0,0,0,0,https://news.naver.com/main/read.nhn?mode=LSD&mid=sec&sid1=106&oid=076&aid=0003477027
트와이스,[뮤직뱅크] 클래스가 다른 트와이스♡ 보기만 해도 기분 UP! UP! <Feel Special> 1위,,17,2019,10,04,23:25,12,8,3,0,1,0,0,0,0,0,0,https://news.naver.com/main/read.nhn?mode=LSD&mid=sec&sid1=004&oid=438&aid=0000026142
트와이스,"악뮤vs트와이스, '엠카운트다운' 1위 트로피 대결",연예,17,2019,10,03,18:18,69,69,0,0,0,0,0,0,0,0,0,https://news.naver.com/main/read.nhn?mode=LSD&mid=sec&sid1=106&oid=241&aid=0002963799
트와이스,"‘2019 AAA in 베트남’ 티켓 오픈, 트와이스→이광수·옹성우까지 총출동",연예,17,2019,10,05,11:27,6,6,0,0,0,0,0,0,0,0,0,https://news.naver.com/main/read.nhn?mode=LSD&mid=sec&sid1=106&oid=410&aid=0000630028
트와이스,"'뮤직뱅크' 10월 첫째 주, 악뮤 vs 트와이스 1위 대격돌",연예,17,2019,10,04,18:29,34,34,0,0,0,0,0,0,0,0,0,https://news.naver.com/main/read.nhn?mode=LSD&mid=sec&sid1=106&oid=112&aid=0003219500
트와이스,"""트와이스·청하 5G로 감상""…KT, 슈퍼콘서트에 5G망 제공",IT,17,2019,10,04,9:39,1,0,0,0,1,0,0,0,0,0,0,https://news.naver.com/main/read.nhn?mode=LSD&mid=sec&sid1=105&oid=421&aid=0004230761
트와이스,"""미나 고마워""…'뮤직뱅크 in 강릉' 트와이스 1위, 백지영·장우혁 컴백 [종합]",연예,17,2019,10,04,19:44,37,36,0,1,0,0,0,0,0,0,0,https://news.naver.com/main/read.nhn?mode=LSD&mid=sec&sid1=106&oid=311&aid=0001055235
트와이스,"'뮤직뱅크' 트와이스, 1위 3관왕 ""미나에게 고맙다""…백지영·장우혁·정세운 컴백(종합)",연예,17,2019,10,04,19:44,55,55,0,0,0,0,0,0,0,0,0,https://news.naver.com/main/read.nhn?mode=LSD&mid=sec&sid1=106&oid=112&aid=0003219515
트와이스,"""미나 고마워"" '뮤뱅 in 강릉' 트와이스, 1위 3관왕..백지영⋅장우혁⋅정세운 컴백[종합]",연예,17,2019,10,04,19:43,497,495,0,2,0,0,0,0,0,0,0,https://news.naver.com/main/read.nhn?mode=LSD&mid=sec&sid1=106&oid=109&aid=0004095973
트와이스,"'뮤뱅' 트와이스, 악뮤 제치고 1위…장우혁X백지영 컴백 [콕TV]",연예,17,2019,10,04,19:45,49,49,0,0,0,0,0,0,0,0,0,https://news.naver.com/main/read.nhn?mode=LSD&mid=sec&sid1=106&oid=213&aid=0001134027
트와이스,"'뮤직뱅크' 트와이스, 'Feel Special' 1위 3관왕…""미나 고마워"" (종합)",연예,17,2019,10,04,19:46,95,95,0,0,0,0,0,0,0,0,0,https://news.naver.com/main/read.nhn?mode=LSD&mid=sec&sid1=106&oid=117&aid=0003282540
트와이스,'뮤직뱅크' 트와이스 'Feel Special' 3관왕..1위 독주[★밤Tview],연예,17,2019,10,04,19:48,135,135,0,0,0,0,0,0,0,0,0,https://news.naver.com/main/read.nhn?mode=LSD&mid=sec&sid1=106&oid=108&aid=0002814959
트와이스,"'엠카운트다운' 트와이스, 1위 2관왕‥백지영·장우혁·정세운 컴백[종합]",연예,17,2019,10,03,19:41,104,104,0,0,0,0,0,0,0,0,0,https://news.naver.com/main/read.nhn?mode=LSD&mid=sec&sid1=106&oid=112&aid=0003219037
트와이스,[종합]'음악중심' 장우혁·백지영·첸 컴백…트와이스 '굿바이',연예,18,2019,10,12,16:35,84,79,0,5,0,0,0,0,0,0,0,https://news.naver.com/main/read.nhn?mode=LSD&mid=sec&sid1=106&oid=076&aid=0003480440
트와이스,"트와이스 쯔위, 고혹적인 아름다움",연예,18,2019,10,11,14:16,46,46,0,0,0,0,0,0,0,0,0,https://news.naver.com/main/read.nhn?mode=LSD&mid=sec&sid1=106&oid=421&aid=0004243554
트와이스,"'잘생쁨의 정석'…트와이스 정연, 여자도 반할 미모",연예,18,2019,10,11,19:29,109,109,0,0,0,0,0,0,0,0,0,https://news.naver.com/main/read.nhn?mode=LSD&mid=sec&sid1=106&oid=117&aid=0003285721
트와이스,[포토]트와이스 정연 언니 공승연의 미소,연예,18,2019,10,11,19:28,1,1,0,0,0,0,0,0,0,0,0,https://news.naver.com/main/read.nhn?mode=LSD&mid=sec&sid1=106&oid=241&aid=0002966888
트와이스,"트와이스, 명불허전 여신 미모",연예,18,2019,10,11,14:17,4,4,0,0,0,0,0,0,0,0,0,https://news.naver.com/main/read.nhn?mode=LSD&mid=sec&sid1=106&oid=421&aid=0004243556
트와이스,"트와이스 쯔위, 돋보이는 청순 미모",연예,18,2019,10,11,14:30,41,41,0,0,0,0,0,0,0,0,0,https://news.naver.com/main/read.nhn?mode=LSD&mid=sec&sid1=106&oid=421&aid=0004243599
트와이스,"트와이스 쯔위, 청순 여신의 심쿵 하트",연예,18,2019,10,11,14:30,7,7,0,0,0,0,0,0,0,0,0,https://news.naver.com/main/read.nhn?mode=LSD&mid=sec&sid1=106&oid=421&aid=0004243601
트와이스,트와이스 쯔위 '천상계 미모'[엑's HD포토],연예,18,2019,10,12,6:10,3,3,0,0,0,0,0,0,0,0,0,https://news.naver.com/main/read.nhn?mode=LSD&mid=sec&sid1=106&oid=311&aid=0001058482
트와이스,'음악중심' 백지영·장우혁·첸 컴백…트와이스 굿바이 무대,연예,18,2019,10,12,13:54,37,37,0,0,0,0,0,0,0,0,0,https://news.naver.com/main/read.nhn?mode=LSD&mid=sec&sid1=106&oid=241&aid=0002967051
트와이스,‘음악중심’ 장우혁·백지영·첸 컴백X트와이스 굿바이 [종합],연예,18,2019,10,12,16:50,32,32,0,0,0,0,0,0,0,0,0,https://news.naver.com/main/read.nhn?mode=LSD&mid=sec&sid1=106&oid=213&aid=0001135269
트와이스,'음악중심' 백지영·장우혁·첸 컴백…트와이스 굿바이 무대 [종합],연예,18,2019,10,12,16:45,11,11,0,0,0,0,0,0,0,0,0,https://news.naver.com/main/read.nhn?mode=LSD&mid=sec&sid1=106&oid=311&aid=0001058598
트와이스,[TEN PHOTO] 트와이스 쯔위 '미모 대장',연예,18,2019,10,11,14:26,34,34,0,0,0,0,0,0,0,0,0,https://news.naver.com/main/read.nhn?mode=LSD&mid=sec&sid1=106&oid=312&aid=0000414172
트와이스,[TEN PHOTO] 트와이스 쯔위 '입덕유발 예쁨',연예,18,2019,10,11,14:26,19,19,0,0,0,0,0,0,0,0,0,https://news.naver.com/main/read.nhn?mode=LSD&mid=sec&sid1=106&oid=312&aid=0000414173
트와이스,트와이스 쯔위 '요정의 인사'[엑's HD포토],연예,18,2019,10,12,6:10,3,3,0,0,0,0,0,0,0,0,0,https://news.naver.com/main/read.nhn?mode=LSD&mid=sec&sid1=106&oid=311&aid=0001058484
트와이스,트와이스 쯔위 '블랙도 청순하다'[엑's HD포토],연예,18,2019,10,12,6:10,3,3,0,0,0,0,0,0,0,0,0,https://news.naver.com/main/read.nhn?mode=LSD&mid=sec&sid1=106&oid=311&aid=0001058481
트와이스,"트와이스 정연, 심쿵 하트",연예,19,2019,10,18,15:07,21,21,0,0,0,0,0,0,0,0,0,https://news.naver.com/main/read.nhn?mode=LSD&mid=sec&sid1=106&oid=421&aid=0004256998
트와이스,[MD포토] 트와이스 정연 '눈부신 미모',연예,19,2019,10,18,14:27,46,46,0,0,0,0,0,0,0,0,0,https://news.naver.com/main/read.nhn?mode=LSD&mid=sec&sid1=106&oid=117&aid=0003288609
트와이스,[TEN PHOTO]트와이스 정연 '한쪽 어깨 활짝 오픈~',연예,19,2019,10,18,14:29,2,2,0,0,0,0,0,0,0,0,0,https://news.naver.com/main/read.nhn?mode=LSD&mid=sec&sid1=106&oid=312&aid=0000415413
트와이스,[포토] 트와이스 정연 '반짝반짝',연예,19,2019,10,18,15:40,8,8,0,0,0,0,0,0,0,0,0,https://news.naver.com/main/read.nhn?mode=LSD&mid=sec&sid1=106&oid=241&aid=0002969642
트와이스,"'귀티가 철철 흘러'…트와이스 정연, 고급스러운 분위기",연예,19,2019,10,19,13:43,61,61,0,0,0,0,0,0,0,0,0,https://news.naver.com/main/read.nhn?mode=LSD&mid=sec&sid1=106&oid=117&aid=0003288948
트와이스,범접 불가한 미모 트와이스 ‘정연’,연예,19,2019,10,18,14:55,14,14,0,0,0,0,0,0,0,0,0,https://news.naver.com/main/read.nhn?mode=LSD&mid=sec&sid1=106&oid=005&aid=0001250320
트와이스,[포토] 정연 '트와이스 데표로 참석',연예,19,2019,10,18,14:57,8,8,0,0,0,0,0,0,0,0,0,https://news.naver.com/main/read.nhn?mode=LSD&mid=sec&sid1=106&oid=241&aid=0002969598
트와이스,[TEN PHOTO]트와이스 정연 '세젤예 애교 하트',연예,19,2019,10,18,14:34,2,2,0,0,0,0,0,0,0,0,0,https://news.naver.com/main/read.nhn?mode=LSD&mid=sec&sid1=106&oid=312&aid=0000415416
트와이스,"트와이스 정연, 인형의 하트",연예,19,2019,10,18,15:20,1,1,0,0,0,0,0,0,0,0,0,https://news.naver.com/main/read.nhn?mode=LSD&mid=sec&sid1=106&oid=421&aid=0004257032
트와이스,"트와이스 정연, 눈부신 인사",연예,19,2019,10,18,15:20,39,39,0,0,0,0,0,0,0,0,0,https://news.naver.com/main/read.nhn?mode=LSD&mid=sec&sid1=106&oid=421&aid=0004257030
트와이스,"트와이스 정연, 시크한 눈빛",연예,19,2019,10,18,14:36,17,17,0,0,0,0,0,0,0,0,0,https://news.naver.com/main/read.nhn?mode=LSD&mid=sec&sid1=106&oid=421&aid=0004256909
트와이스,[TEN PHOTO]트와이스 정연 '가을볕 받은 미모',연예,19,2019,10,18,14:27,2,2,0,0,0,0,0,0,0,0,0,https://news.naver.com/main/read.nhn?mode=LSD&mid=sec&sid1=106&oid=312&aid=0000415412
트와이스,"트와이스 정연, 살짝 드러낸 어깨라인",연예,19,2019,10,18,14:28,1,1,0,0,0,0,0,0,0,0,0,https://news.naver.com/main/read.nhn?mode=LSD&mid=sec&sid1=106&oid=421&aid=0004256893
트와이스,"[이슈] 트와이스, 'DX: 신세기의 전쟁' CM 메이킹 필름서 매력 발산",IT,19,2019,10,18,18:46,58,39,14,0,5,0,0,0,0,0,0,https://news.naver.com/main/read.nhn?mode=LSD&mid=sec&sid1=105&oid=347&aid=0000136492
트와이스,[포토] 트와이스 정연 '하트가 반짝',연예,19,2019,10,18,14:25,2,2,0,0,0,0,0,0,0,0,0,https://news.naver.com/main/read.nhn?mode=LSD&mid=sec&sid1=106&oid=241&aid=0002969578
트와이스,트와이스 정연 '백옥 피부'[엑's HD포토],연예,19,2019,10,19,6:11,3,3,0,0,0,0,0,0,0,0,0,https://news.naver.com/main/read.nhn?mode=LSD&mid=sec&sid1=106&oid=311&aid=0001061682
트와이스,트와이스 정연 '큐트 섹시'[엑's HD포토],연예,19,2019,10,19,6:11,2,2,0,0,0,0,0,0,0,0,0,https://news.naver.com/main/read.nhn?mode=LSD&mid=sec&sid1=106&oid=311&aid=0001061676
트와이스,트와이스 정연 '이러니 안 반해?'[엑's HD포토],연예,19,2019,10,19,6:11,1,1,0,0,0,0,0,0,0,0,0,https://news.naver.com/main/read.nhn?mode=LSD&mid=sec&sid1=106&oid=311&aid=0001061675
트와이스,트와이스 정연 '상큼 비타민 미소'[엑's HD포토],연예,19,2019,10,19,6:11,1,1,0,0,0,0,0,0,0,0,0,https://news.naver.com/main/read.nhn?mode=LSD&mid=sec&sid1=106&oid=311&aid=0001061684
트와이스,[포토] 트와이스 정연 '유연한 턴어라운드',연예,19,2019,10,18,15:40,1,1,0,0,0,0,0,0,0,0,0,https://news.naver.com/main/read.nhn?mode=LSD&mid=sec&sid1=106&oid=241&aid=0002969644
트와이스,"트와이스 측 ""악플러 고소, 협의·선처 없다""",연예,20,2019,10,23,18:47,151,150,0,1,0,0,0,0,0,0,0,https://news.naver.com/main/read.nhn?mode=LSD&mid=sec&sid1=106&oid=079&aid=0003283438
트와이스,[포토] 트와이스 다현 '까만 눈동자',연예,20,2019,10,24,17:52,28,28,0,0,0,0,0,0,0,0,0,https://news.naver.com/main/read.nhn?mode=LSD&mid=sec&sid1=106&oid=076&aid=0003486391
트와이스,"JYP, '트와이스' 악성 댓글 게시자 고소 조치",연예,20,2019,10,23,16:48,57,57,0,0,0,0,0,0,0,0,0,https://news.naver.com/main/read.nhn?mode=LSD&mid=sec&sid1=106&oid=023&aid=0003481936
트와이스,트와이스 미나 ‘언제나 씩씩하게’[포토엔HD],연예,20,2019,10,26,20:43,35,35,0,0,0,0,0,0,0,0,0,https://news.naver.com/main/read.nhn?mode=LSD&mid=sec&sid1=106&oid=609&aid=0000193815
트와이스,"트와이스 정연, 세련·깔끔…매력 발산 화보",연예,20,2019,10,23,10:32,18,18,0,0,0,0,0,0,0,0,0,https://news.naver.com/main/read.nhn?mode=LSD&mid=sec&sid1=106&oid=005&aid=0001251740
트와이스,"트와이스, 너무 예뻐서 ‘너무해 너무해’ [뉴스엔TV]",연예,20,2019,10,26,19:51,119,111,0,8,0,0,0,0,0,0,0,https://news.naver.com/main/read.nhn?mode=LSD&mid=sec&sid1=106&oid=609&aid=0000193790
트와이스,트와이스 지효 ‘청순한 그녀’[포토엔HD],연예,20,2019,10,26,19:50,53,53,0,0,0,0,0,0,0,0,0,https://news.naver.com/main/read.nhn?mode=LSD&mid=sec&sid1=106&oid=609&aid=0000193788
트와이스,트와이스 쯔위 ‘심쿵 하트 뿅!’[포토엔HD],연예,20,2019,10,26,20:06,59,59,0,0,0,0,0,0,0,0,0,https://news.naver.com/main/read.nhn?mode=LSD&mid=sec&sid1=106&oid=609&aid=0000193804
트와이스,트와이스 다현 ‘친절한 인사’[포토엔HD],연예,20,2019,10,26,19:38,75,75,0,0,0,0,0,0,0,0,0,https://news.naver.com/main/read.nhn?mode=LSD&mid=sec&sid1=106&oid=609&aid=0000193775
트와이스,트와이스 나연 ‘오늘 컨셉은 섹시!’[포토엔HD],연예,20,2019,10,26,19:19,92,92,0,0,0,0,0,0,0,0,0,https://news.naver.com/main/read.nhn?mode=LSD&mid=sec&sid1=106&oid=609&aid=0000193758
트와이스,"트와이스, 악플러 8명 고소 진행… 추가 고소 예정",연예,20,2019,10,23,15:40,169,168,0,0,0,0,1,0,0,0,0,https://news.naver.com/main/read.nhn?mode=LSD&mid=sec&sid1=106&oid=241&aid=0002971615
트와이스,"[공식]트와이스 측 ""악플러 8명 고소…선처 없이 강력 대응""",연예,20,2019,10,23,17:12,56,56,0,0,0,0,0,0,0,0,0,https://news.naver.com/main/read.nhn?mode=LSD&mid=sec&sid1=106&oid=076&aid=0003485398
트와이스,가수 트와이스 악플러 8명 고소…경찰 수사 중,사회,20,2019,10,23,19:51,22,15,4,0,3,0,0,0,0,0,0,https://news.naver.com/main/read.nhn?mode=LSD&mid=sec&sid1=102&oid=422&aid=0000397933
트와이스,"트와이스 악플러 처단 돌입 ""앞으로도 협의·선처 없을 것""",연예,20,2019,10,23,15:36,30,30,0,0,0,0,0,0,0,0,0,https://news.naver.com/main/read.nhn?mode=LSD&mid=sec&sid1=106&oid=082&aid=0000951484
트와이스,"[사진]트와이스 다현,'커다란 눈망울'",연예,20,2019,10,24,18:33,18,18,0,0,0,0,0,0,0,0,0,https://news.naver.com/main/read.nhn?mode=LSD&mid=sec&sid1=106&oid=109&aid=0004107982
트와이스,[포토] 트와이스 다현 '반짝이는 눈동자',연예,20,2019,10,24,17:54,8,8,0,0,0,0,0,0,0,0,0,https://news.naver.com/main/read.nhn?mode=LSD&mid=sec&sid1=106&oid=076&aid=0003486393
트와이스,"JYP, 트와이스에 악성댓글 고소…""최대한 강경 조치""",생활,20,2019,10,23,15:56,103,84,11,0,8,0,0,0,0,0,0,https://news.naver.com/main/read.nhn?mode=LSD&mid=sec&sid1=103&oid=055&aid=0000767119
트와이스,"JYP, 트와이스에 악성댓글 고소…""최대한 강경 조치""",생활,20,2019,10,23,15:43,17,12,3,0,2,0,0,0,0,0,0,https://news.naver.com/main/read.nhn?mode=LSD&mid=sec&sid1=103&oid=001&aid=0011163365
트와이스,"JYP, 트와이스 악성 댓글 게시자 고소…“최대한 강경 조치”",생활,20,2019,10,23,17:51,22,18,2,0,2,0,0,0,0,0,0,https://news.naver.com/main/read.nhn?mode=LSD&mid=sec&sid1=103&oid=056&aid=0010756137
트와이스,트와이스 미나 ‘눈이 부신 미모’[포토엔HD],연예,20,2019,10,26,20:44,99,98,0,1,0,0,0,0,0,0,0,https://news.naver.com/main/read.nhn?mode=LSD&mid=sec&sid1=106&oid=609&aid=0000193816
트와이스,트와이스 미나 ‘여신과의 눈맞춤’[포토엔HD],연예,20,2019,10,26,20:19,48,48,0,0,0,0,0,0,0,0,0,https://news.naver.com/main/read.nhn?mode=LSD&mid=sec&sid1=106&oid=609&aid=0000193811
트와이스,트와이스 미나 ‘청아한 아름다움’[포토엔HD],연예,20,2019,10,26,20:16,47,47,0,0,0,0,0,0,0,0,0,https://news.naver.com/main/read.nhn?mode=LSD&mid=sec&sid1=106&oid=609&aid=0000193810
트와이스,트와이스 미나 ‘엄마랑 맞춘듯한 패션’[포토엔HD],연예,20,2019,10,26,20:15,12,12,0,0,0,0,0,0,0,0,0,https://news.naver.com/main/read.nhn?mode=LSD&mid=sec&sid1=106&oid=609&aid=0000193809
트와이스,정연 “트와이스로 살며 ‘배려’ 배우게 돼”(화보),연예,20,2019,10,23,10:22,16,16,0,0,0,0,0,0,0,0,0,https://news.naver.com/main/read.nhn?mode=LSD&mid=sec&sid1=106&oid=312&aid=0000416319
트와이스,"트와이스 정연 ""멤버들 중 모난 사람 없다""[화보]",연예,20,2019,10,23,13:15,72,71,0,1,0,0,0,0,0,0,0,https://news.naver.com/main/read.nhn?mode=LSD&mid=sec&sid1=106&oid=404&aid=0000254968
트와이스,"정연 ""트와이스 삶.. 배려 배울 수 있는 시간""",연예,20,2019,10,23,11:03,84,84,0,0,0,0,0,0,0,0,0,https://news.naver.com/main/read.nhn?mode=LSD&mid=sec&sid1=106&oid=018&aid=0004498351
트와이스,"dx트와이스, 영상 속 지효가 들고 있는 것은? ‘정답은..’",사회,21,2019,11,01,15:42,31,9,2,0,20,0,0,0,0,0,0,https://news.naver.com/main/read.nhn?mode=LSD&mid=sec&sid1=102&oid=081&aid=0003040455
트와이스,"강다니엘·스키즈·트와이스, ‘2019 AAA’ 인기상 1차 투표 중간집계 최다 득표",연예,21,2019,11,01,10:37,126,126,0,0,0,0,0,0,0,0,0,https://news.naver.com/main/read.nhn?mode=LSD&mid=sec&sid1=106&oid=410&aid=0000639722
트와이스,"트와이스 정연X사나, 미모 폭발..눈부신 우정샷 ""생일 축하♥""[★SHOT!]",연예,21,2019,11,01,19:39,121,121,0,0,0,0,0,0,0,0,0,https://news.naver.com/main/read.nhn?mode=LSD&mid=sec&sid1=106&oid=109&aid=0004113133
트와이스,"트와이스 지효, 정연 생일 축하글 `훈훈`[똑똑SNS]",연예,21,2019,11,02,24:23,19,19,0,0,0,0,0,0,0,0,0,https://news.naver.com/main/read.nhn?mode=LSD&mid=sec&sid1=106&oid=410&aid=0000639984
트와이스,방탄소년단·트와이스·뉴이스트 등 '2019 KBS 가요대축제' 총출동,연예,21,2019,11,01,10:05,201,199,0,2,0,0,0,0,0,0,0,https://news.naver.com/main/read.nhn?mode=LSD&mid=sec&sid1=106&oid=241&aid=0002975334
트와이스,"""우리 9명, 건강하자♥"" 트와이스 지효X사나, 정연 생일 축하",연예,21,2019,11,01,19:56,119,119,0,0,0,0,0,0,0,0,0,https://news.naver.com/main/read.nhn?mode=LSD&mid=sec&sid1=106&oid=076&aid=0003490666
트와이스,'DX 트와이스 ㅆㄱㅊ' 퀴즈…정답 공개(캐시슬라이드),경제,21,2019,11,01,14:05,51,22,13,1,15,0,0,0,0,0,0,https://news.naver.com/main/read.nhn?mode=LSD&mid=sec&sid1=101&oid=311&aid=0001068542
트와이스,‘DX 트와이스’ 캐시슬라이드 초성 퀴즈…‘ㅆㄱㅊ’ 정답 공개,경제,21,2019,11,01,14:02,14,5,0,0,8,1,0,0,0,0,0,https://news.naver.com/main/read.nhn?mode=LSD&mid=sec&sid1=101&oid=144&aid=0000639971
트와이스,"강다니엘·스트레이키즈·트와이스, '2019 AAA' 인기상 1차 투표 부문별 선두 질주",연예,21,2019,11,01,10:50,555,554,0,1,0,0,0,0,0,0,0,https://news.naver.com/main/read.nhn?mode=LSD&mid=sec&sid1=106&oid=312&aid=0000418190
트와이스,'2019 AAA' 스타15 인기상 1차 투표 중간집계..강다니엘→트와이스 최다 득표,연예,21,2019,11,01,10:08,236,236,0,0,0,0,0,0,0,0,0,https://news.naver.com/main/read.nhn?mode=LSD&mid=sec&sid1=106&oid=108&aid=0002820737
트와이스,"강다니엘･스트레이 키즈･트와이스, ‘AAA’ 스타15 인기상 각 부문 최다득표[공식]",연예,21,2019,11,01,14:06,246,246,0,0,0,0,0,0,0,0,0,https://news.naver.com/main/read.nhn?mode=LSD&mid=sec&sid1=106&oid=109&aid=0004112978
트와이스,"트와이스 정연 23번째 생일…사나 “내 115 정연, 샤랑행”",연예,21,2019,11,01,17:39,56,56,0,0,0,0,0,0,0,0,0,https://news.naver.com/main/read.nhn?mode=LSD&mid=sec&sid1=106&oid=022&aid=0003410825
트와이스,"""생일 축하해 ♥""...트와이스 정연X사나 백허그 우정샷",연예,21,2019,11,01,18:10,97,96,0,1,0,0,0,0,0,0,0,https://news.naver.com/main/read.nhn?mode=LSD&mid=sec&sid1=106&oid=312&aid=0000418308
트와이스,"트와이스 사나X정연, 바라만 봐도 흐뭇·훈훈 백허그",연예,21,2019,11,01,21:46,93,93,0,0,0,0,0,0,0,0,0,https://news.naver.com/main/read.nhn?mode=LSD&mid=sec&sid1=106&oid=108&aid=0002820869
트와이스,방탄소년단·트와이스·갓세븐…KBS '가요대축제' 호화 라인업 발표,연예,21,2019,11,01,8:21,230,229,0,1,0,0,0,0,0,0,0,https://news.naver.com/main/read.nhn?mode=LSD&mid=sec&sid1=106&oid=421&aid=0004281564
트와이스,방탄소년단부터 트와이스까지…톱 아이돌 '2019 KBS 가요대축제' 참여,연예,21,2019,11,01,8:21,40,40,0,0,0,0,0,0,0,0,0,https://news.naver.com/main/read.nhn?mode=LSD&mid=sec&sid1=106&oid=312&aid=0000418114
트와이스,"“우리 벌써 24살” 트와이스 지효, 정연 생일 축하",연예,21,2019,11,01,17:41,46,45,0,1,0,0,0,0,0,0,0,https://news.naver.com/main/read.nhn?mode=LSD&mid=sec&sid1=106&oid=469&aid=0000436372
트와이스,[TD영상] 트와이스 '이런 비주얼로 마주치면..심쿵',연예,22,2019,11,08,14:16,101,101,0,0,0,0,0,0,0,0,0,https://news.naver.com/main/read.nhn?mode=LSD&mid=sec&sid1=106&oid=440&aid=0000020997
트와이스,"트와이스 사나, 핑크머리도 찰떡···귀여운 미모 '눈길'",연예,22,2019,11,08,16:42,51,51,0,0,0,0,0,0,0,0,0,https://news.naver.com/main/read.nhn?mode=LSD&mid=sec&sid1=106&oid=312&aid=0000419575
트와이스,"'원스들 심장 조심'…트와이스 지효·다현, 깜찍 눈웃음",연예,22,2019,11,08,8:42,76,76,0,0,0,0,0,0,0,0,0,https://news.naver.com/main/read.nhn?mode=LSD&mid=sec&sid1=106&oid=117&aid=0003298380
트와이스,"[사진]트와이스 모모, '선물 고마워요'",연예,22,2019,11,08,13:33,12,12,0,0,0,0,0,0,0,0,0,https://news.naver.com/main/read.nhn?mode=LSD&mid=sec&sid1=106&oid=109&aid=0004116986
트와이스,[사진]트와이스 '피곤한 기색이 역력',연예,22,2019,11,08,13:37,6,6,0,0,0,0,0,0,0,0,0,https://news.naver.com/main/read.nhn?mode=LSD&mid=sec&sid1=106&oid=008&aid=0004306775
트와이스,"[사진]트와이스, '한 줄로 나란히'",연예,22,2019,11,08,13:47,14,14,0,0,0,0,0,0,0,0,0,https://news.naver.com/main/read.nhn?mode=LSD&mid=sec&sid1=106&oid=109&aid=0004117004
트와이스,"트와이스, 완전체는 오랜만이지? ""사랑해"" 애정 과시",연예,22,2019,11,07,19:30,233,232,0,1,0,0,0,0,0,0,0,https://news.naver.com/main/read.nhn?mode=LSD&mid=sec&sid1=106&oid=108&aid=0002822276
트와이스,"[사진]트와이스 채영-다현, '귀요미 패션'",연예,22,2019,11,08,13:39,13,13,0,0,0,0,0,0,0,0,0,https://news.naver.com/main/read.nhn?mode=LSD&mid=sec&sid1=106&oid=109&aid=0004116994
트와이스,"트와이스(TWICE), ‘모모 생일 축하 받으며~’ [뉴스엔TV]",연예,22,2019,11,08,13:49,15,15,0,0,0,0,0,0,0,0,0,https://news.naver.com/main/read.nhn?mode=LSD&mid=sec&sid1=106&oid=609&aid=0000200165
트와이스,"트와이스 사나, 요정 미모 폭발…핑크 헤어 찰떡 소화 [★해시태그]",연예,22,2019,11,08,17:48,100,100,0,0,0,0,0,0,0,0,0,https://news.naver.com/main/read.nhn?mode=LSD&mid=sec&sid1=106&oid=311&aid=0001071849
트와이스,"트와이스 사나, 셀카 '폭풍 업로드'의 바람직한 예시",연예,22,2019,11,08,16:37,23,23,0,0,0,0,0,0,0,0,0,https://news.naver.com/main/read.nhn?mode=LSD&mid=sec&sid1=106&oid=108&aid=0002822481
트와이스,"""미모 무엇""…트와이스 사나, 핑크와 사나는 찰떡이지요 [★SHOT!]",연예,22,2019,11,08,16:01,113,113,0,0,0,0,0,0,0,0,0,https://news.naver.com/main/read.nhn?mode=LSD&mid=sec&sid1=106&oid=109&aid=0004117148
트와이스,"트와이스 지효X정연, 눈이 맑아지는 찹쌀떡 피부[똑똑SNS]",연예,22,2019,11,08,24:52,10,10,0,0,0,0,0,0,0,0,0,https://news.naver.com/main/read.nhn?mode=LSD&mid=sec&sid1=106&oid=410&aid=0000641844
트와이스,"[사진]트와이스 지효-다현, '미소가 귀여워'",연예,22,2019,11,08,13:54,27,27,0,0,0,0,0,0,0,0,0,https://news.naver.com/main/read.nhn?mode=LSD&mid=sec&sid1=106&oid=109&aid=0004117013
트와이스,"트와이스 완전체, 미나까지 함께 ""트둥이들 사랑해♥""",연예,22,2019,11,08,12:15,35,35,0,0,0,0,0,0,0,0,0,https://news.naver.com/main/read.nhn?mode=LSD&mid=sec&sid1=106&oid=082&aid=0000956179
트와이스,"트와이스 모모, 9일 생일 앞두고 물오른 `꽃미모`",연예,22,2019,11,08,15:57,59,58,0,1,0,0,0,0,0,0,0,https://news.naver.com/main/read.nhn?mode=LSD&mid=sec&sid1=106&oid=009&aid=0004460445
트와이스,"[사진]트와이스 모모, '감탄 부르는 라인'",연예,22,2019,11,08,13:28,23,23,0,0,0,0,0,0,0,0,0,https://news.naver.com/main/read.nhn?mode=LSD&mid=sec&sid1=106&oid=109&aid=0004116978
트와이스,"[사진]트와이스 모모, '손만 얹어도 화보'",연예,22,2019,11,08,13:48,10,10,0,0,0,0,0,0,0,0,0,https://news.naver.com/main/read.nhn?mode=LSD&mid=sec&sid1=106&oid=109&aid=0004117007
트와이스,"[사진]트와이스 모모, '팬 반기는 환한 미소'",연예,22,2019,11,08,13:50,11,11,0,0,0,0,0,0,0,0,0,https://news.naver.com/main/read.nhn?mode=LSD&mid=sec&sid1=106&oid=109&aid=0004117009
트와이스,"[사진]트와이스 쯔위, '요정 미모'",연예,22,2019,11,08,14:01,26,26,0,0,0,0,0,0,0,0,0,https://news.naver.com/main/read.nhn?mode=LSD&mid=sec&sid1=106&oid=109&aid=0004117022
트와이스,"[사진]트와이스 쯔위, '찰나의 눈맞춤'",연예,22,2019,11,08,13:25,39,39,0,0,0,0,0,0,0,0,0,https://news.naver.com/main/read.nhn?mode=LSD&mid=sec&sid1=106&oid=109&aid=0004116973
트와이스,"[사진]트와이스, '멀리서 봐도 트둥이들'",연예,22,2019,11,08,13:30,7,7,0,0,0,0,0,0,0,0,0,https://news.naver.com/main/read.nhn?mode=LSD&mid=sec&sid1=106&oid=109&aid=0004116981
트와이스,"[사진]트와이스 쯔위, '짧은 가죽 스커트'",연예,22,2019,11,08,13:41,22,22,0,0,0,0,0,0,0,0,0,https://news.naver.com/main/read.nhn?mode=LSD&mid=sec&sid1=106&oid=109&aid=0004116996
트와이스,"트와이스, 완전체 인증샷 “트둥이 사랑해♥”",연예,22,2019,11,07,14:54,169,168,0,1,0,0,0,0,0,0,0,https://news.naver.com/main/read.nhn?mode=LSD&mid=sec&sid1=106&oid=312&aid=0000419272
트와이스,"트와이스, 미나까지 완전체 뭉쳐 상큼 발랄 매력 [★해시태그]",연예,22,2019,11,07,18:44,271,271,0,0,0,0,0,0,0,0,0,https://news.naver.com/main/read.nhn?mode=LSD&mid=sec&sid1=106&oid=311&aid=0001071216
트와이스,"트와이스, 미나 포함 완전체 모여 ""트둥이 사둥행♥""",연예,22,2019,11,07,13:55,22,22,0,0,0,0,0,0,0,0,0,https://news.naver.com/main/read.nhn?mode=LSD&mid=sec&sid1=106&oid=108&aid=0002822197
트와이스,"[사진]트와이스 채영, '과감한 스타일링'",연예,22,2019,11,08,13:36,13,13,0,0,0,0,0,0,0,0,0,https://news.naver.com/main/read.nhn?mode=LSD&mid=sec&sid1=106&oid=109&aid=0004116991
트와이스,"혐한 뚫은 인기…트와이스, NHK 홍백전 3년 연속 출연",연예,23,2019,11,14,17:05,143,142,0,1,0,0,0,0,0,0,0,https://news.naver.com/main/read.nhn?mode=LSD&mid=sec&sid1=106&oid=001&aid=0011213042
트와이스,"[포토]트와이스 쯔,빠져드는 눈빛",연예,23,2019,11,15,20:01,6,6,0,0,0,0,0,0,0,0,0,https://news.naver.com/main/read.nhn?mode=LSD&mid=sec&sid1=106&oid=241&aid=0002980126
트와이스,[★화보]트와이스 '화보같은 출국길',연예,23,2019,11,15,20:16,22,22,0,0,0,0,0,0,0,0,0,https://news.naver.com/main/read.nhn?mode=LSD&mid=sec&sid1=106&oid=108&aid=0002824010
트와이스,"[사진]트와이스 쯔위,'아름다워'",연예,23,2019,11,15,19:55,32,32,0,0,0,0,0,0,0,0,0,https://news.naver.com/main/read.nhn?mode=LSD&mid=sec&sid1=106&oid=109&aid=0004120911
트와이스,"[포토]트와이스 모모, 잘 다녀오겠습니다",연예,23,2019,11,15,19:49,3,3,0,0,0,0,0,0,0,0,0,https://news.naver.com/main/read.nhn?mode=LSD&mid=sec&sid1=106&oid=241&aid=0002980115
트와이스,"[포토]트와이스 사나, 미소가 너무 예뻐",연예,23,2019,11,15,20:07,37,37,0,0,0,0,0,0,0,0,0,https://news.naver.com/main/read.nhn?mode=LSD&mid=sec&sid1=106&oid=241&aid=0002980134
트와이스,"[뉴스체크｜문화] 트와이스, NHK 홍백전 3년째 출연",생활,23,2019,11,15,7:46,23,13,9,0,1,0,0,0,0,0,0,https://news.naver.com/main/read.nhn?mode=LSD&mid=sec&sid1=103&oid=437&aid=0000224323
트와이스,"트와이스 모모 근황, 눈부신 우윳빛 피부[똑똑SNS]",연예,23,2019,11,14,22:07,6,6,0,0,0,0,0,0,0,0,0,https://news.naver.com/main/read.nhn?mode=LSD&mid=sec&sid1=106&oid=410&aid=0000643772
트와이스,"[사진]트와이스 다현,'설레는 발걸음'",연예,23,2019,11,15,20:10,2,2,0,0,0,0,0,0,0,0,0,https://news.naver.com/main/read.nhn?mode=LSD&mid=sec&sid1=106&oid=109&aid=0004120936
트와이스,"트와이스, 3년 연속 日 NHK '홍백가합전' 출연 확정[공식]",연예,23,2019,11,15,8:19,16,16,0,0,0,0,0,0,0,0,0,https://news.naver.com/main/read.nhn?mode=LSD&mid=sec&sid1=106&oid=468&aid=0000592182
트와이스,"트와이스, 日 '홍백가합전' 3년 연속 출연 확정",연예,23,2019,11,15,9:02,35,34,0,1,0,0,0,0,0,0,0,https://news.naver.com/main/read.nhn?mode=LSD&mid=sec&sid1=106&oid=079&aid=0003291637
트와이스,"트와이스, 2019 NHK '홍백가합전' 출연 확정…3년 연속",연예,23,2019,11,15,24:13,17,17,0,0,0,0,0,0,0,0,0,https://news.naver.com/main/read.nhn?mode=LSD&mid=sec&sid1=106&oid=030&aid=0002851886
트와이스,"걸그룹 '트와이스', 3년 연속 NHK '홍백가합전' 출연 확정",연예,23,2019,11,15,10:18,46,46,0,0,0,0,0,0,0,0,0,https://news.naver.com/main/read.nhn?mode=LSD&mid=sec&sid1=106&oid=011&aid=0003651931
트와이스,걸그룹 트와이스 일본 NHK ‘홍백가합전’ 3년 연속 출연,연예,23,2019,11,14,18:09,72,72,0,0,0,0,0,0,0,0,0,https://news.naver.com/main/read.nhn?mode=LSD&mid=sec&sid1=106&oid=144&aid=0000642208
트와이스,"트와이스, 日 홍백가합전 3년 연속 출연 'K팝 걸그룹 최초'",연예,23,2019,11,14,18:27,66,66,0,0,0,0,0,0,0,0,0,https://news.naver.com/main/read.nhn?mode=LSD&mid=sec&sid1=106&oid=312&aid=0000420686
트와이스,"트와이스, 日 NHK 홍백전 3년 연속 출연",연예,23,2019,11,14,17:35,74,73,0,1,0,0,0,0,0,0,0,https://news.naver.com/main/read.nhn?mode=LSD&mid=sec&sid1=106&oid=009&aid=0004464001
트와이스,"트와이스, 日 '홍백가합전' 3년 연속 출연 '韓 걸그룹 최초'",생활,23,2019,11,14,16:28,69,45,22,0,2,0,0,0,0,0,0,https://news.naver.com/main/read.nhn?mode=LSD&mid=sec&sid1=103&oid=018&aid=0004516890
트와이스,"[사진]트와이스 쯔위,'상큼 하트'",연예,23,2019,11,15,19:57,36,36,0,0,0,0,0,0,0,0,0,https://news.naver.com/main/read.nhn?mode=LSD&mid=sec&sid1=106&oid=109&aid=0004120913
트와이스,"[사진]트와이스 쯔위,'살아있는 인형'",연예,23,2019,11,15,19:44,66,66,0,0,0,0,0,0,0,0,0,https://news.naver.com/main/read.nhn?mode=LSD&mid=sec&sid1=106&oid=109&aid=0004120894
트와이스,"[사진]트와이스 쯔위,'우아함이 철철'",연예,23,2019,11,15,19:53,29,29,0,0,0,0,0,0,0,0,0,https://news.naver.com/main/read.nhn?mode=LSD&mid=sec&sid1=106&oid=109&aid=0004120908
트와이스,"[사진]트와이스 쯔위,'여신의 출국길'",연예,23,2019,11,15,19:52,29,29,0,0,0,0,0,0,0,0,0,https://news.naver.com/main/read.nhn?mode=LSD&mid=sec&sid1=106&oid=109&aid=0004120906
트와이스,"[사진]트와이스 다현,'귀여워 귀여워'",연예,23,2019,11,15,20:09,23,23,0,0,0,0,0,0,0,0,0,https://news.naver.com/main/read.nhn?mode=LSD&mid=sec&sid1=106&oid=109&aid=0004120934
트와이스,"[사진]트와이스 다현,'심쿵 눈맞춤'",연예,23,2019,11,15,19:37,44,44,0,0,0,0,0,0,0,0,0,https://news.naver.com/main/read.nhn?mode=LSD&mid=sec&sid1=106&oid=109&aid=0004120883
트와이스,"[사진]트와이스 다현,'귀여운 금발'",연예,23,2019,11,15,19:36,40,40,0,0,0,0,0,0,0,0,0,https://news.naver.com/main/read.nhn?mode=LSD&mid=sec&sid1=106&oid=109&aid=0004120881
트와이스,"[사진]트와이스 다현,'사랑스런 손인사'",연예,23,2019,11,15,19:36,4,4,0,0,0,0,0,0,0,0,0,https://news.naver.com/main/read.nhn?mode=LSD&mid=sec&sid1=106&oid=109&aid=0004120880
트와이스,[포토]트와이스-다현 빠져드는 눈빛,연예,24,2019,11,23,15:10,45,45,0,0,0,0,0,0,0,0,0,https://news.naver.com/main/read.nhn?mode=LSD&mid=sec&sid1=106&oid=241&aid=0002982227
트와이스,[TEN PHOTO] 트와이스 모모 '안녕~',연예,24,2019,11,23,15:18,42,42,0,0,0,0,0,0,0,0,0,https://news.naver.com/main/read.nhn?mode=LSD&mid=sec&sid1=106&oid=312&aid=0000422306
트와이스,일본 스케줄 마친 트와이스 [MK포토],연예,24,2019,11,23,15:08,20,20,0,0,0,0,0,0,0,0,0,https://news.naver.com/main/read.nhn?mode=LSD&mid=sec&sid1=106&oid=410&aid=0000646207
트와이스,트와이스 정연 '비니쓰고 귀국'[엑's HD포토],연예,24,2019,11,23,15:05,7,7,0,0,0,0,0,0,0,0,0,https://news.naver.com/main/read.nhn?mode=LSD&mid=sec&sid1=106&oid=311&aid=0001078618
트와이스,"트와이스 정연, 여신 미모 폭발 “쯔위가 1등으로 예쁘다고 했다”[★SHOT!]",연예,24,2019,11,23,15:18,101,100,0,1,0,0,0,0,0,0,0,https://news.naver.com/main/read.nhn?mode=LSD&mid=sec&sid1=106&oid=109&aid=0004124712
트와이스,[포토]트와이스-다현예쁜 눈동자,연예,24,2019,11,23,15:10,38,38,0,0,0,0,0,0,0,0,0,https://news.naver.com/main/read.nhn?mode=LSD&mid=sec&sid1=106&oid=241&aid=0002982228
트와이스,"트와이스 일본 2집, 오리콘 앨범차트 1위",연예,24,2019,11,21,14:49,77,77,0,0,0,0,0,0,0,0,0,https://news.naver.com/main/read.nhn?mode=LSD&mid=sec&sid1=106&oid=001&aid=0011228085
트와이스,트와이스 지효 `팬레터 감사합니다` [MK포토],연예,24,2019,11,23,15:02,31,31,0,0,0,0,0,0,0,0,0,https://news.naver.com/main/read.nhn?mode=LSD&mid=sec&sid1=106&oid=410&aid=0000646199
트와이스,[TEN PHOTO] 트와이스 다현 '반짝 반짝 눈빛',연예,24,2019,11,23,15:20,47,47,0,0,0,0,0,0,0,0,0,https://news.naver.com/main/read.nhn?mode=LSD&mid=sec&sid1=106&oid=312&aid=0000422307
트와이스,[포토]트와이스-모모 성큼성큼 발걸음,연예,24,2019,11,23,15:07,34,34,0,0,0,0,0,0,0,0,0,https://news.naver.com/main/read.nhn?mode=LSD&mid=sec&sid1=106&oid=241&aid=0002982225
트와이스,[TEN PHOTO] 트와이스 모모 '명품 비주얼',연예,24,2019,11,23,15:16,33,33,0,0,0,0,0,0,0,0,0,https://news.naver.com/main/read.nhn?mode=LSD&mid=sec&sid1=106&oid=312&aid=0000422304
트와이스,[TEN PHOTO] 트와이스 모모 '등장만으로 심쿵',연예,24,2019,11,23,15:26,3,3,0,0,0,0,0,0,0,0,0,https://news.naver.com/main/read.nhn?mode=LSD&mid=sec&sid1=106&oid=312&aid=0000422309
트와이스,트와이스 정연 `멋낸 공항패션` [MK포토],연예,24,2019,11,23,15:11,8,8,0,0,0,0,0,0,0,0,0,https://news.naver.com/main/read.nhn?mode=LSD&mid=sec&sid1=106&oid=410&aid=0000646209
트와이스,트와이스 나연 `편안한 패션이 최고` [MK포토],연예,24,2019,11,23,15:09,9,9,0,0,0,0,0,0,0,0,0,https://news.naver.com/main/read.nhn?mode=LSD&mid=sec&sid1=106&oid=410&aid=0000646208
트와이스,트와이스 정연 `털모자로 공항패션 완성` [MK포토],연예,24,2019,11,23,15:15,5,5,0,0,0,0,0,0,0,0,0,https://news.naver.com/main/read.nhn?mode=LSD&mid=sec&sid1=106&oid=410&aid=0000646215
트와이스,트와이스 다현 `캐주얼한 공항패션이 최고` [MK포토],연예,24,2019,11,23,15:05,4,4,0,0,0,0,0,0,0,0,0,https://news.naver.com/main/read.nhn?mode=LSD&mid=sec&sid1=106&oid=410&aid=0000646203
트와이스,"트와이스, 日 신보 '&TWICE' 통해 오리콘 데일리 정상",연예,24,2019,11,21,18:36,11,11,0,0,0,0,0,0,0,0,0,https://news.naver.com/main/read.nhn?mode=LSD&mid=sec&sid1=106&oid=030&aid=0002853134
트와이스,"트와이스, 日신보 '&TWICE' 오리콘 데일리 앨범 1위",연예,24,2019,11,21,15:33,35,35,0,0,0,0,0,0,0,0,0,https://news.naver.com/main/read.nhn?mode=LSD&mid=sec&sid1=106&oid=416&aid=0000251678
트와이스,"[Y이슈] 외교 영향 無…트와이스, 일본서 인기 여전 '오리콘 앨범 1위'",연예,24,2019,11,21,11:38,116,116,0,0,0,0,0,0,0,0,0,https://news.naver.com/main/read.nhn?mode=LSD&mid=sec&sid1=106&oid=052&aid=0001368205
트와이스,"트와이스, 일본 새 앨범 '&TWICE' 오리콘 데일리 앨범 랭킹 정상",연예,24,2019,11,21,15:57,40,40,0,0,0,0,0,0,0,0,0,https://news.naver.com/main/read.nhn?mode=LSD&mid=sec&sid1=106&oid=468&aid=0000595018
트와이스,트와이스 지효 `다니엘이 반한 미모` [MK포토],연예,24,2019,11,23,15:14,12,12,0,0,0,0,0,0,0,0,0,https://news.naver.com/main/read.nhn?mode=LSD&mid=sec&sid1=106&oid=410&aid=0000646214
트와이스,"""진영아!""…'아는형님' 트와이스 다현, 박진영에 '반말+분노'",연예,25,2019,11,30,24:17,8,8,0,0,0,0,0,0,0,0,0,https://news.naver.com/main/read.nhn?mode=LSD&mid=sec&sid1=106&oid=076&aid=0003503312
트와이스,"트와이스 일본 신보, 오리콘 주간차트 정상…통산 5번째(종합)",생활,25,2019,11,28,15:00,8,6,2,0,0,0,0,0,0,0,0,https://news.naver.com/main/read.nhn?mode=LSD&mid=sec&sid1=103&oid=001&aid=0011244312
트와이스,"'아형' 박진영 ""저작권료 효자곡=트와이스 노래, 과거엔 '노바디'""",연예,25,2019,11,30,21:46,49,49,0,0,0,0,0,0,0,0,0,https://news.naver.com/main/read.nhn?mode=LSD&mid=sec&sid1=106&oid=241&aid=0002984405
트와이스,"[투데이 연예톡톡] 트와이스, 日 오리콘 주간 차트 5번째 1위",연예,25,2019,11,29,6:57,18,18,0,0,0,0,0,0,0,0,0,https://news.naver.com/main/read.nhn?mode=LSD&mid=sec&sid1=106&oid=214&aid=0000997121
트와이스,‘아는형님’ 박진영 “트와이스 나연은 사석에서부터 웃겨”,연예,25,2019,11,30,21:18,59,59,0,0,0,0,0,0,0,0,0,https://news.naver.com/main/read.nhn?mode=LSD&mid=sec&sid1=106&oid=057&aid=0001399880
트와이스,"'아는형님' 박진영 ""트와이스 나연, 실물 보면 놀란다...정말 예뻐""",연예,25,2019,11,30,21:44,58,57,0,1,0,0,0,0,0,0,0,https://news.naver.com/main/read.nhn?mode=LSD&mid=sec&sid1=106&oid=312&aid=0000423577
트와이스,만화로 읽는다…걸그룹 트와이스의 성장담,생활,25,2019,11,29,8:31,57,41,14,0,2,0,0,0,0,0,0,https://news.naver.com/main/read.nhn?mode=LSD&mid=sec&sid1=103&oid=421&aid=0004332339
트와이스,"트와이스, 데뷔 1500일 자축 ""2000일에는 더 행복하자""",연예,25,2019,11,28,19:12,104,103,0,1,0,0,0,0,0,0,0,https://news.naver.com/main/read.nhn?mode=LSD&mid=sec&sid1=106&oid=108&aid=0002826832
트와이스,"`아는 형님` 트와이스 나연, 길에서 연락처 따인 사연 공개",연예,25,2019,11,30,22:20,52,52,0,0,0,0,0,0,0,0,0,https://news.naver.com/main/read.nhn?mode=LSD&mid=sec&sid1=106&oid=009&aid=0004473676
트와이스,"‘아는 형님’ 트와이스 다현, 박진영에 분노? “진영아!”",연예,25,2019,11,30,13:57,4,4,0,0,0,0,0,0,0,0,0,https://news.naver.com/main/read.nhn?mode=LSD&mid=sec&sid1=106&oid=081&aid=0003047651
트와이스,"‘아는 형님’ 트와이스 다현, 박진영에게 반말하며 분노한 이유는",연예,25,2019,11,30,13:49,19,19,0,0,0,0,0,0,0,0,0,https://news.naver.com/main/read.nhn?mode=LSD&mid=sec&sid1=106&oid=015&aid=0004249948
트와이스,"'아는 형님' 트와이스 다현, JYP 수장 박진영에 대노 ""진영아""",연예,25,2019,11,30,16:34,59,59,0,0,0,0,0,0,0,0,0,https://news.naver.com/main/read.nhn?mode=LSD&mid=sec&sid1=106&oid=421&aid=0004334486
트와이스,"트와이스, 일본 새 앨범 '&TWICE' 오리콘 주간 앨범 랭킹 정상",연예,25,2019,11,28,9:13,23,23,0,0,0,0,0,0,0,0,0,https://news.naver.com/main/read.nhn?mode=LSD&mid=sec&sid1=106&oid=215&aid=0000827657
트와이스,"트와이스, 새 앨범으로 日 음악차트 정상 휩쓸어",연예,25,2019,11,28,24:19,65,65,0,0,0,0,0,0,0,0,0,https://news.naver.com/main/read.nhn?mode=LSD&mid=sec&sid1=106&oid=079&aid=0003296542
트와이스,"트와이스 일본 신보, 오리콘 주간차트 정상…통산 5번째",생활,25,2019,11,28,9:42,9,6,3,0,0,0,0,0,0,0,0,https://news.naver.com/main/read.nhn?mode=LSD&mid=sec&sid1=103&oid=001&aid=0011242952
트와이스,"트와이스, 일본 새 앨범 '&TWICE' 오리콘 주간 앨범 랭킹 정상",연예,25,2019,11,28,9:47,31,31,0,0,0,0,0,0,0,0,0,https://news.naver.com/main/read.nhn?mode=LSD&mid=sec&sid1=106&oid=468&aid=0000597743
트와이스,"‘아는형님’ 박진영 “트와이스 곡, 저작권료 효자곡...이전에는 ‘노바디’”",연예,25,2019,11,30,21:30,6,6,0,0,0,0,0,0,0,0,0,https://news.naver.com/main/read.nhn?mode=LSD&mid=sec&sid1=106&oid=410&aid=0000648385
트와이스,"'아는형님' 박진영 ""저작권료 효도곡은 트와이스..예전엔 '노바디'""",연예,25,2019,11,30,21:29,43,43,0,0,0,0,0,0,0,0,0,https://news.naver.com/main/read.nhn?mode=LSD&mid=sec&sid1=106&oid=213&aid=0001142985
트와이스,"트와이스, 일본 새 앨범 '&TWICE' 오리콘 주간 앨범 랭킹 정상",연예,25,2019,11,29,2:36,96,96,0,0,0,0,0,0,0,0,0,https://news.naver.com/main/read.nhn?mode=LSD&mid=sec&sid1=106&oid=011&aid=0003659006
트와이스,"트와이스 나연 “할머니가 박진영 팬, 휴대전화 배경 화면 해놓을 정도”",연예,25,2019,11,30,21:31,18,18,0,0,0,0,0,0,0,0,0,https://news.naver.com/main/read.nhn?mode=LSD&mid=sec&sid1=106&oid=609&aid=0000211492
트와이스,"트와이스 채영, 딸기 공주가 전한 1500일 축하 손편지..""축하해요""",연예,25,2019,11,29,8:30,126,125,0,0,0,0,1,0,0,0,0,https://news.naver.com/main/read.nhn?mode=LSD&mid=sec&sid1=106&oid=108&aid=0002826918
트와이스,"트와이스 지효·나연·사나, 데뷔 1500일 자축 ""원스와 함께해 행복""",연예,25,2019,11,28,17:11,60,60,0,0,0,0,0,0,0,0,0,https://news.naver.com/main/read.nhn?mode=LSD&mid=sec&sid1=106&oid=241&aid=0002983716
트와이스,"""원스, 함께 가자""...트와이스 지효·나연·사나, 1500일 자축",연예,25,2019,11,28,18:34,57,57,0,0,0,0,0,0,0,0,0,https://news.naver.com/main/read.nhn?mode=LSD&mid=sec&sid1=106&oid=312&aid=0000423184
