신소율,"'김지철♥'신소율, 빈틈 없는 이목구비...상큼美 철철",연예,0,2019,06,07,21:20,4,4,0,0,0,0,0,0,0,0,0,https://news.naver.com/main/read.nhn?mode=LSD&mid=sec&sid1=106&oid=112&aid=0003173442
신소율,"'김지철♥'신소율, 작은 얼굴 꽉 찬 이목구비…세련美 철철",연예,0,2019,06,05,11:07,1,1,0,0,0,0,0,0,0,0,0,https://news.naver.com/main/read.nhn?mode=LSD&mid=sec&sid1=106&oid=112&aid=0003172481
신소율,[MD포토] 신소율 '야구장 응원 대신 포토월 참석',연예,3,2019,06,26,21:24,1,1,0,0,0,0,0,0,0,0,0,https://news.naver.com/main/read.nhn?mode=LSD&mid=sec&sid1=106&oid=117&aid=0003237110
신소율,"살롱형 페스티벌 ‘크레이지튜드 2019’, 맥앤로건-비키정 콜라보 환상",생활,4,2019,07,01,11:52,3,2,0,1,0,0,0,0,0,0,0,https://news.naver.com/main/read.nhn?mode=LSD&mid=sec&sid1=103&oid=020&aid=0003226526
신소율,"맥앤로건-비키정, 살롱형 페스티벌 ‘크레이지튜드 2019’ 열려",생활,4,2019,07,01,14:02,1,1,0,0,0,0,0,0,0,0,0,https://news.naver.com/main/read.nhn?mode=LSD&mid=sec&sid1=103&oid=016&aid=0001552699
신소율,"신소율, 확 달라졌다…몽환적인 금발여신",연예,4,2019,07,05,8:32,9,8,0,1,0,0,0,0,0,0,0,https://news.naver.com/main/read.nhn?mode=LSD&mid=sec&sid1=106&oid=213&aid=0001116681
신소율,"신소율, 한복 입으니 단아한 비주얼..더위 날리는 시원한 이목구비",연예,5,2019,07,08,24:13,6,6,0,0,0,0,0,0,0,0,0,https://news.naver.com/main/read.nhn?mode=LSD&mid=sec&sid1=106&oid=112&aid=0003185441
신소율,"박해진∙지창욱∙김재원∙이청아 등, '2019 SOBA' 시상자 3차 라인업 합류",연예,6,2019,07,18,11:01,12,12,0,0,0,0,0,0,0,0,0,https://news.naver.com/main/read.nhn?mode=LSD&mid=sec&sid1=106&oid=015&aid=0004177849
신소율,[공식] '2019 SOBA' 박해진·지창욱·김재원 등 시상자 3차 라인업 합류,연예,6,2019,07,19,6:20,5,5,0,0,0,0,0,0,0,0,0,https://news.naver.com/main/read.nhn?mode=LSD&mid=sec&sid1=106&oid=011&aid=0003588882
신소율,정유미·박해진·지창욱 등 '2019 SOBA' 시상자 라인업 합류,연예,6,2019,07,18,11:10,66,66,0,0,0,0,0,0,0,0,0,https://news.naver.com/main/read.nhn?mode=LSD&mid=sec&sid1=106&oid=117&aid=0003247769
신소율,"‘2019 SOBA’, 박해진→지창욱 최정상급 배우 군단 출격(공식)",연예,6,2019,07,18,10:47,8,8,0,0,0,0,0,0,0,0,0,https://news.naver.com/main/read.nhn?mode=LSD&mid=sec&sid1=106&oid=009&aid=0004394258
신소율,"박해진∙지창욱∙김재원∙이청아, '소리바다 어워즈' 시상자 라인업 합류 [공식]",연예,6,2019,07,18,10:47,10,10,0,0,0,0,0,0,0,0,0,https://news.naver.com/main/read.nhn?mode=LSD&mid=sec&sid1=106&oid=109&aid=0004052193
신소율,"박해진·지창욱·김재원·이청아 등, ‘소리바다 어워즈’ 시상자 3차 라인업[공식]",연예,6,2019,07,18,10:52,5,5,0,0,0,0,0,0,0,0,0,https://news.naver.com/main/read.nhn?mode=LSD&mid=sec&sid1=106&oid=382&aid=0000747614
신소율,"""청순하고 또 청순해""… 신소율, 근황 공개",연예,7,2019,07,26,21:17,9,8,0,1,0,0,0,0,0,0,0,https://news.naver.com/main/read.nhn?mode=LSD&mid=sec&sid1=106&oid=117&aid=0003251698
신소율,"[공식] 박하나·김소유, ‘소리바다 어워즈’ 시상자 라인업 확정",연예,8,2019,07,31,4:25,25,25,0,0,0,0,0,0,0,0,0,https://news.naver.com/main/read.nhn?mode=LSD&mid=sec&sid1=106&oid=011&aid=0003595492
신소율,"박하나X김소유, '2019 SOBA' 시상자 합류…축제의 장 완성",연예,8,2019,07,30,15:57,1,1,0,0,0,0,0,0,0,0,0,https://news.naver.com/main/read.nhn?mode=LSD&mid=sec&sid1=106&oid=213&aid=0001121649
신소율,"[기획; 소셜테이너①] 달라진 소셜테이너의 의미, 일상으로 확대된 ‘발언’",생활,9,2019,08,05,13:35,1,0,0,0,1,0,0,0,0,0,0,https://news.naver.com/main/read.nhn?mode=LSD&mid=sec&sid1=103&oid=016&aid=0001565437
신소율,"""소이 봉태규 신소율""…'위안부' 피해자 기림의 날을 잊지 않은 ★들[종합]",연예,10,2019,08,14,7:46,7,7,0,0,0,0,0,0,0,0,0,https://news.naver.com/main/read.nhn?mode=LSD&mid=sec&sid1=106&oid=112&aid=0003199976
신소율,"[투데이 연예톡톡] 한지민, 위안부 피해자 유족 편지 낭독",연예,10,2019,08,15,6:56,3,3,0,0,0,0,0,0,0,0,0,https://news.naver.com/main/read.nhn?mode=LSD&mid=sec&sid1=106&oid=214&aid=0000972242
신소율,"신소율, 예쁜 미소",연예,11,2019,08,22,16:19,1,1,0,0,0,0,0,0,0,0,0,https://news.naver.com/main/read.nhn?mode=LSD&mid=sec&sid1=106&oid=421&aid=0004158055
신소율,[MD포토] 신소율 '시상자로 참석해요',연예,11,2019,08,22,16:38,1,1,0,0,0,0,0,0,0,0,0,https://news.naver.com/main/read.nhn?mode=LSD&mid=sec&sid1=106&oid=117&aid=0003263618
신소율,[포토] 신소율 '향긋한 미소',연예,11,2019,08,22,20:15,2,2,0,0,0,0,0,0,0,0,0,https://news.naver.com/main/read.nhn?mode=LSD&mid=sec&sid1=106&oid=241&aid=0002950833
신소율,"[포토] 신소율, 시원한 바캉스룩!",연예,11,2019,08,22,16:21,2,2,0,0,0,0,0,0,0,0,0,https://news.naver.com/main/read.nhn?mode=LSD&mid=sec&sid1=106&oid=076&aid=0003458507
신소율,"[e포토] 신소율, 남다른 패션",연예,11,2019,08,22,17:03,1,1,0,0,0,0,0,0,0,0,0,https://news.naver.com/main/read.nhn?mode=LSD&mid=sec&sid1=106&oid=404&aid=0000250857
신소율,신소율 `시싱삭 왔어요` [MK포토],연예,11,2019,08,22,18:29,1,1,0,0,0,0,0,0,0,0,0,https://news.naver.com/main/read.nhn?mode=LSD&mid=sec&sid1=106&oid=410&aid=0000616726
신소율,[TEN PHOTO] 신소율 '분위기 있는 포즈',연예,11,2019,08,22,16:41,1,1,0,0,0,0,0,0,0,0,0,https://news.naver.com/main/read.nhn?mode=LSD&mid=sec&sid1=106&oid=312&aid=0000405682
신소율,"신소율, 소리바다 시상식 미소퀸",연예,11,2019,08,22,17:54,1,1,0,0,0,0,0,0,0,0,0,https://news.naver.com/main/read.nhn?mode=LSD&mid=sec&sid1=106&oid=421&aid=0004158334
신소율,"[포토S] 신소율, 시원시원한 패션",연예,11,2019,08,22,17:38,2,2,0,0,0,0,0,0,0,0,0,https://news.naver.com/main/read.nhn?mode=LSD&mid=sec&sid1=106&oid=477&aid=0000203186
신소율,"조태관X허영지, 연극 ‘운빨로맨스’ 캐스팅 확정(공식입장)",연예,12,2019,08,27,8:37,5,5,0,0,0,0,0,0,0,0,0,https://news.naver.com/main/read.nhn?mode=LSD&mid=sec&sid1=106&oid=609&aid=0000161384
신소율,"조태관X허영지, 연극 ‘운빨로맨스’ 캐스팅 확정",연예,12,2019,08,27,9:11,4,4,0,0,0,0,0,0,0,0,0,https://news.naver.com/main/read.nhn?mode=LSD&mid=sec&sid1=106&oid=009&aid=0004416656
신소율,"김종수, 반가운 인사 [포토엔HD]",연예,13,2019,09,06,18:44,3,3,0,0,0,0,0,0,0,0,0,https://news.naver.com/main/read.nhn?mode=LSD&mid=sec&sid1=106&oid=609&aid=0000167417
신소율,"신소율-송재희, 러블리한 선남선녀 MC의 손하트 [포토엔HD]",연예,13,2019,09,06,19:11,1,1,0,0,0,0,0,0,0,0,0,https://news.naver.com/main/read.nhn?mode=LSD&mid=sec&sid1=106&oid=609&aid=0000167454
신소율,신소율 '제5회 서울국제음식영화제' 개막식 사회자 확정,연예,13,2019,09,06,13:25,1,1,0,0,0,0,0,0,0,0,0,https://news.naver.com/main/read.nhn?mode=LSD&mid=sec&sid1=106&oid=417&aid=0000446882
신소율,"신소율-송재희, 서울국제음식영화제 개막식 MC 맡았어요~ [포토엔HD]",연예,13,2019,09,06,19:10,2,2,0,0,0,0,0,0,0,0,0,https://news.naver.com/main/read.nhn?mode=LSD&mid=sec&sid1=106&oid=609&aid=0000167451
신소율,"신소율, 초롱초롱한 눈망울 [포토엔HD]",연예,13,2019,09,06,19:07,27,25,0,2,0,0,0,0,0,0,0,https://news.naver.com/main/read.nhn?mode=LSD&mid=sec&sid1=106&oid=609&aid=0000167445
신소율,"신소율, 우아한 청록 슬림 드레스 [포토엔HD]",연예,13,2019,09,06,19:08,3,3,0,0,0,0,0,0,0,0,0,https://news.naver.com/main/read.nhn?mode=LSD&mid=sec&sid1=106&oid=609&aid=0000167448
신소율,"임원희 “‘신과함께’ 뒷풀이서 내게 술 따라준 수지, 못 알아봤다”",연예,13,2019,09,03,24:12,8,8,0,0,0,0,0,0,0,0,0,https://news.naver.com/main/read.nhn?mode=LSD&mid=sec&sid1=106&oid=609&aid=0000165027
신소율,"김종수, 국제음식영화제 왔어요~ [포토엔HD]",연예,13,2019,09,06,19:01,1,1,0,0,0,0,0,0,0,0,0,https://news.naver.com/main/read.nhn?mode=LSD&mid=sec&sid1=106&oid=609&aid=0000167438
신소율,"'김지철♥'신소율, 빈틈 없는 이목구비...상큼美 철철",연예,0,2019,06,07,21:20,4,4,0,0,0,0,0,0,0,0,0,https://news.naver.com/main/read.nhn?mode=LSD&mid=sec&sid1=106&oid=112&aid=0003173442
신소율,"'김지철♥'신소율, 작은 얼굴 꽉 찬 이목구비…세련美 철철",연예,0,2019,06,05,11:07,1,1,0,0,0,0,0,0,0,0,0,https://news.naver.com/main/read.nhn?mode=LSD&mid=sec&sid1=106&oid=112&aid=0003172481
신소율,[MD포토] 신소율 '야구장 응원 대신 포토월 참석',연예,3,2019,06,26,21:24,1,1,0,0,0,0,0,0,0,0,0,https://news.naver.com/main/read.nhn?mode=LSD&mid=sec&sid1=106&oid=117&aid=0003237110
신소율,"살롱형 페스티벌 ‘크레이지튜드 2019’, 맥앤로건-비키정 콜라보 환상",생활,4,2019,07,01,11:52,3,2,0,1,0,0,0,0,0,0,0,https://news.naver.com/main/read.nhn?mode=LSD&mid=sec&sid1=103&oid=020&aid=0003226526
신소율,"맥앤로건-비키정, 살롱형 페스티벌 ‘크레이지튜드 2019’ 열려",생활,4,2019,07,01,14:02,1,1,0,0,0,0,0,0,0,0,0,https://news.naver.com/main/read.nhn?mode=LSD&mid=sec&sid1=103&oid=016&aid=0001552699
신소율,"신소율, 확 달라졌다…몽환적인 금발여신",연예,4,2019,07,05,8:32,9,8,0,1,0,0,0,0,0,0,0,https://news.naver.com/main/read.nhn?mode=LSD&mid=sec&sid1=106&oid=213&aid=0001116681
신소율,"신소율, 한복 입으니 단아한 비주얼..더위 날리는 시원한 이목구비",연예,5,2019,07,08,24:13,6,6,0,0,0,0,0,0,0,0,0,https://news.naver.com/main/read.nhn?mode=LSD&mid=sec&sid1=106&oid=112&aid=0003185441
신소율,"박해진∙지창욱∙김재원∙이청아 등, '2019 SOBA' 시상자 3차 라인업 합류",연예,6,2019,07,18,11:01,12,12,0,0,0,0,0,0,0,0,0,https://news.naver.com/main/read.nhn?mode=LSD&mid=sec&sid1=106&oid=015&aid=0004177849
신소율,[공식] '2019 SOBA' 박해진·지창욱·김재원 등 시상자 3차 라인업 합류,연예,6,2019,07,19,6:20,5,5,0,0,0,0,0,0,0,0,0,https://news.naver.com/main/read.nhn?mode=LSD&mid=sec&sid1=106&oid=011&aid=0003588882
신소율,정유미·박해진·지창욱 등 '2019 SOBA' 시상자 라인업 합류,연예,6,2019,07,18,11:10,66,66,0,0,0,0,0,0,0,0,0,https://news.naver.com/main/read.nhn?mode=LSD&mid=sec&sid1=106&oid=117&aid=0003247769
신소율,"‘2019 SOBA’, 박해진→지창욱 최정상급 배우 군단 출격(공식)",연예,6,2019,07,18,10:47,8,8,0,0,0,0,0,0,0,0,0,https://news.naver.com/main/read.nhn?mode=LSD&mid=sec&sid1=106&oid=009&aid=0004394258
신소율,"박해진∙지창욱∙김재원∙이청아, '소리바다 어워즈' 시상자 라인업 합류 [공식]",연예,6,2019,07,18,10:47,10,10,0,0,0,0,0,0,0,0,0,https://news.naver.com/main/read.nhn?mode=LSD&mid=sec&sid1=106&oid=109&aid=0004052193
신소율,"박해진·지창욱·김재원·이청아 등, ‘소리바다 어워즈’ 시상자 3차 라인업[공식]",연예,6,2019,07,18,10:52,5,5,0,0,0,0,0,0,0,0,0,https://news.naver.com/main/read.nhn?mode=LSD&mid=sec&sid1=106&oid=382&aid=0000747614
신소율,"""청순하고 또 청순해""… 신소율, 근황 공개",연예,7,2019,07,26,21:17,9,8,0,1,0,0,0,0,0,0,0,https://news.naver.com/main/read.nhn?mode=LSD&mid=sec&sid1=106&oid=117&aid=0003251698
신소율,"[공식] 박하나·김소유, ‘소리바다 어워즈’ 시상자 라인업 확정",연예,8,2019,07,31,4:25,25,25,0,0,0,0,0,0,0,0,0,https://news.naver.com/main/read.nhn?mode=LSD&mid=sec&sid1=106&oid=011&aid=0003595492
신소율,"박하나X김소유, '2019 SOBA' 시상자 합류…축제의 장 완성",연예,8,2019,07,30,15:57,1,1,0,0,0,0,0,0,0,0,0,https://news.naver.com/main/read.nhn?mode=LSD&mid=sec&sid1=106&oid=213&aid=0001121649
신소율,"[기획; 소셜테이너①] 달라진 소셜테이너의 의미, 일상으로 확대된 ‘발언’",생활,9,2019,08,05,13:35,1,0,0,0,1,0,0,0,0,0,0,https://news.naver.com/main/read.nhn?mode=LSD&mid=sec&sid1=103&oid=016&aid=0001565437
신소율,"""소이 봉태규 신소율""…'위안부' 피해자 기림의 날을 잊지 않은 ★들[종합]",연예,10,2019,08,14,7:46,7,7,0,0,0,0,0,0,0,0,0,https://news.naver.com/main/read.nhn?mode=LSD&mid=sec&sid1=106&oid=112&aid=0003199976
신소율,"[투데이 연예톡톡] 한지민, 위안부 피해자 유족 편지 낭독",연예,10,2019,08,15,6:56,3,3,0,0,0,0,0,0,0,0,0,https://news.naver.com/main/read.nhn?mode=LSD&mid=sec&sid1=106&oid=214&aid=0000972242
신소율,"신소율, 예쁜 미소",연예,11,2019,08,22,16:19,1,1,0,0,0,0,0,0,0,0,0,https://news.naver.com/main/read.nhn?mode=LSD&mid=sec&sid1=106&oid=421&aid=0004158055
신소율,[MD포토] 신소율 '시상자로 참석해요',연예,11,2019,08,22,16:38,1,1,0,0,0,0,0,0,0,0,0,https://news.naver.com/main/read.nhn?mode=LSD&mid=sec&sid1=106&oid=117&aid=0003263618
신소율,[포토] 신소율 '향긋한 미소',연예,11,2019,08,22,20:15,2,2,0,0,0,0,0,0,0,0,0,https://news.naver.com/main/read.nhn?mode=LSD&mid=sec&sid1=106&oid=241&aid=0002950833
신소율,"[포토] 신소율, 시원한 바캉스룩!",연예,11,2019,08,22,16:21,2,2,0,0,0,0,0,0,0,0,0,https://news.naver.com/main/read.nhn?mode=LSD&mid=sec&sid1=106&oid=076&aid=0003458507
신소율,"[e포토] 신소율, 남다른 패션",연예,11,2019,08,22,17:03,1,1,0,0,0,0,0,0,0,0,0,https://news.naver.com/main/read.nhn?mode=LSD&mid=sec&sid1=106&oid=404&aid=0000250857
신소율,신소율 `시싱삭 왔어요` [MK포토],연예,11,2019,08,22,18:29,1,1,0,0,0,0,0,0,0,0,0,https://news.naver.com/main/read.nhn?mode=LSD&mid=sec&sid1=106&oid=410&aid=0000616726
신소율,[TEN PHOTO] 신소율 '분위기 있는 포즈',연예,11,2019,08,22,16:41,1,1,0,0,0,0,0,0,0,0,0,https://news.naver.com/main/read.nhn?mode=LSD&mid=sec&sid1=106&oid=312&aid=0000405682
신소율,"신소율, 소리바다 시상식 미소퀸",연예,11,2019,08,22,17:54,1,1,0,0,0,0,0,0,0,0,0,https://news.naver.com/main/read.nhn?mode=LSD&mid=sec&sid1=106&oid=421&aid=0004158334
신소율,"[포토S] 신소율, 시원시원한 패션",연예,11,2019,08,22,17:38,2,2,0,0,0,0,0,0,0,0,0,https://news.naver.com/main/read.nhn?mode=LSD&mid=sec&sid1=106&oid=477&aid=0000203186
신소율,"조태관X허영지, 연극 ‘운빨로맨스’ 캐스팅 확정(공식입장)",연예,12,2019,08,27,8:37,5,5,0,0,0,0,0,0,0,0,0,https://news.naver.com/main/read.nhn?mode=LSD&mid=sec&sid1=106&oid=609&aid=0000161384
신소율,"조태관X허영지, 연극 ‘운빨로맨스’ 캐스팅 확정",연예,12,2019,08,27,9:11,4,4,0,0,0,0,0,0,0,0,0,https://news.naver.com/main/read.nhn?mode=LSD&mid=sec&sid1=106&oid=009&aid=0004416656
신소율,"이광기, 친근한 인사 [포토엔HD]",연예,13,2019,09,06,19:29,1,1,0,0,0,0,0,0,0,0,0,https://news.naver.com/main/read.nhn?mode=LSD&mid=sec&sid1=106&oid=609&aid=0000167489
신소율,"신소율-송재희, 러블리한 선남선녀 MC의 손하트 [포토엔HD]",연예,13,2019,09,06,19:11,1,1,0,0,0,0,0,0,0,0,0,https://news.naver.com/main/read.nhn?mode=LSD&mid=sec&sid1=106&oid=609&aid=0000167454
신소율,신소율 '제5회 서울국제음식영화제' 개막식 사회자 확정,연예,13,2019,09,06,13:25,1,1,0,0,0,0,0,0,0,0,0,https://news.naver.com/main/read.nhn?mode=LSD&mid=sec&sid1=106&oid=417&aid=0000446882
신소율,"신소율-송재희, 서울국제음식영화제 개막식 MC 맡았어요~ [포토엔HD]",연예,13,2019,09,06,19:10,2,2,0,0,0,0,0,0,0,0,0,https://news.naver.com/main/read.nhn?mode=LSD&mid=sec&sid1=106&oid=609&aid=0000167451
신소율,"신소율, 초롱초롱한 눈망울 [포토엔HD]",연예,13,2019,09,06,19:07,27,25,0,2,0,0,0,0,0,0,0,https://news.naver.com/main/read.nhn?mode=LSD&mid=sec&sid1=106&oid=609&aid=0000167445
신소율,"신소율, 우아한 청록 슬림 드레스 [포토엔HD]",연예,13,2019,09,06,19:08,3,3,0,0,0,0,0,0,0,0,0,https://news.naver.com/main/read.nhn?mode=LSD&mid=sec&sid1=106&oid=609&aid=0000167448
신소율,"임원희 “‘신과함께’ 뒷풀이서 내게 술 따라준 수지, 못 알아봤다”",연예,13,2019,09,03,24:12,8,8,0,0,0,0,0,0,0,0,0,https://news.naver.com/main/read.nhn?mode=LSD&mid=sec&sid1=106&oid=609&aid=0000165027
신소율,"이광기, 전통의상 같은 패션 [포토엔HD]",연예,13,2019,09,06,19:27,1,1,0,0,0,0,0,0,0,0,0,https://news.naver.com/main/read.nhn?mode=LSD&mid=sec&sid1=106&oid=609&aid=0000167486
신소율,"'김지철♥'신소율, 빈틈 없는 이목구비...상큼美 철철",연예,0,2019,06,07,21:20,4,4,0,0,0,0,0,0,0,0,0,https://news.naver.com/main/read.nhn?mode=LSD&mid=sec&sid1=106&oid=112&aid=0003173442
신소율,"'김지철♥'신소율, 작은 얼굴 꽉 찬 이목구비…세련美 철철",연예,0,2019,06,05,11:07,1,1,0,0,0,0,0,0,0,0,0,https://news.naver.com/main/read.nhn?mode=LSD&mid=sec&sid1=106&oid=112&aid=0003172481
신소율,[MD포토] 신소율 '야구장 응원 대신 포토월 참석',연예,3,2019,06,26,21:24,1,1,0,0,0,0,0,0,0,0,0,https://news.naver.com/main/read.nhn?mode=LSD&mid=sec&sid1=106&oid=117&aid=0003237110
신소율,"살롱형 페스티벌 ‘크레이지튜드 2019’, 맥앤로건-비키정 콜라보 환상",생활,4,2019,07,01,11:52,3,2,0,1,0,0,0,0,0,0,0,https://news.naver.com/main/read.nhn?mode=LSD&mid=sec&sid1=103&oid=020&aid=0003226526
신소율,"맥앤로건-비키정, 살롱형 페스티벌 ‘크레이지튜드 2019’ 열려",생활,4,2019,07,01,14:02,1,1,0,0,0,0,0,0,0,0,0,https://news.naver.com/main/read.nhn?mode=LSD&mid=sec&sid1=103&oid=016&aid=0001552699
신소율,"신소율, 확 달라졌다…몽환적인 금발여신",연예,4,2019,07,05,8:32,9,8,0,1,0,0,0,0,0,0,0,https://news.naver.com/main/read.nhn?mode=LSD&mid=sec&sid1=106&oid=213&aid=0001116681
신소율,"신소율, 한복 입으니 단아한 비주얼..더위 날리는 시원한 이목구비",연예,5,2019,07,08,24:13,6,6,0,0,0,0,0,0,0,0,0,https://news.naver.com/main/read.nhn?mode=LSD&mid=sec&sid1=106&oid=112&aid=0003185441
신소율,"박해진∙지창욱∙김재원∙이청아 등, '2019 SOBA' 시상자 3차 라인업 합류",연예,6,2019,07,18,11:01,12,12,0,0,0,0,0,0,0,0,0,https://news.naver.com/main/read.nhn?mode=LSD&mid=sec&sid1=106&oid=015&aid=0004177849
신소율,[공식] '2019 SOBA' 박해진·지창욱·김재원 등 시상자 3차 라인업 합류,연예,6,2019,07,19,6:20,5,5,0,0,0,0,0,0,0,0,0,https://news.naver.com/main/read.nhn?mode=LSD&mid=sec&sid1=106&oid=011&aid=0003588882
신소율,정유미·박해진·지창욱 등 '2019 SOBA' 시상자 라인업 합류,연예,6,2019,07,18,11:10,66,66,0,0,0,0,0,0,0,0,0,https://news.naver.com/main/read.nhn?mode=LSD&mid=sec&sid1=106&oid=117&aid=0003247769
신소율,"‘2019 SOBA’, 박해진→지창욱 최정상급 배우 군단 출격(공식)",연예,6,2019,07,18,10:47,8,8,0,0,0,0,0,0,0,0,0,https://news.naver.com/main/read.nhn?mode=LSD&mid=sec&sid1=106&oid=009&aid=0004394258
신소율,"박해진∙지창욱∙김재원∙이청아, '소리바다 어워즈' 시상자 라인업 합류 [공식]",연예,6,2019,07,18,10:47,10,10,0,0,0,0,0,0,0,0,0,https://news.naver.com/main/read.nhn?mode=LSD&mid=sec&sid1=106&oid=109&aid=0004052193
신소율,"박해진·지창욱·김재원·이청아 등, ‘소리바다 어워즈’ 시상자 3차 라인업[공식]",연예,6,2019,07,18,10:52,5,5,0,0,0,0,0,0,0,0,0,https://news.naver.com/main/read.nhn?mode=LSD&mid=sec&sid1=106&oid=382&aid=0000747614
신소율,"""청순하고 또 청순해""… 신소율, 근황 공개",연예,7,2019,07,26,21:17,9,8,0,1,0,0,0,0,0,0,0,https://news.naver.com/main/read.nhn?mode=LSD&mid=sec&sid1=106&oid=117&aid=0003251698
신소율,"[공식] 박하나·김소유, ‘소리바다 어워즈’ 시상자 라인업 확정",연예,8,2019,07,31,4:25,25,25,0,0,0,0,0,0,0,0,0,https://news.naver.com/main/read.nhn?mode=LSD&mid=sec&sid1=106&oid=011&aid=0003595492
신소율,"박하나X김소유, '2019 SOBA' 시상자 합류…축제의 장 완성",연예,8,2019,07,30,15:57,1,1,0,0,0,0,0,0,0,0,0,https://news.naver.com/main/read.nhn?mode=LSD&mid=sec&sid1=106&oid=213&aid=0001121649
신소율,"[기획; 소셜테이너①] 달라진 소셜테이너의 의미, 일상으로 확대된 ‘발언’",생활,9,2019,08,05,13:35,1,0,0,0,1,0,0,0,0,0,0,https://news.naver.com/main/read.nhn?mode=LSD&mid=sec&sid1=103&oid=016&aid=0001565437
신소율,"""소이 봉태규 신소율""…'위안부' 피해자 기림의 날을 잊지 않은 ★들[종합]",연예,10,2019,08,14,7:46,7,7,0,0,0,0,0,0,0,0,0,https://news.naver.com/main/read.nhn?mode=LSD&mid=sec&sid1=106&oid=112&aid=0003199976
신소율,"[투데이 연예톡톡] 한지민, 위안부 피해자 유족 편지 낭독",연예,10,2019,08,15,6:56,3,3,0,0,0,0,0,0,0,0,0,https://news.naver.com/main/read.nhn?mode=LSD&mid=sec&sid1=106&oid=214&aid=0000972242
신소율,"신소율, 예쁜 미소",연예,11,2019,08,22,16:19,1,1,0,0,0,0,0,0,0,0,0,https://news.naver.com/main/read.nhn?mode=LSD&mid=sec&sid1=106&oid=421&aid=0004158055
신소율,[MD포토] 신소율 '시상자로 참석해요',연예,11,2019,08,22,16:38,1,1,0,0,0,0,0,0,0,0,0,https://news.naver.com/main/read.nhn?mode=LSD&mid=sec&sid1=106&oid=117&aid=0003263618
신소율,[포토] 신소율 '향긋한 미소',연예,11,2019,08,22,20:15,2,2,0,0,0,0,0,0,0,0,0,https://news.naver.com/main/read.nhn?mode=LSD&mid=sec&sid1=106&oid=241&aid=0002950833
신소율,"[포토] 신소율, 시원한 바캉스룩!",연예,11,2019,08,22,16:21,2,2,0,0,0,0,0,0,0,0,0,https://news.naver.com/main/read.nhn?mode=LSD&mid=sec&sid1=106&oid=076&aid=0003458507
신소율,"[e포토] 신소율, 남다른 패션",연예,11,2019,08,22,17:03,1,1,0,0,0,0,0,0,0,0,0,https://news.naver.com/main/read.nhn?mode=LSD&mid=sec&sid1=106&oid=404&aid=0000250857
신소율,신소율 `시싱삭 왔어요` [MK포토],연예,11,2019,08,22,18:29,1,1,0,0,0,0,0,0,0,0,0,https://news.naver.com/main/read.nhn?mode=LSD&mid=sec&sid1=106&oid=410&aid=0000616726
신소율,[TEN PHOTO] 신소율 '분위기 있는 포즈',연예,11,2019,08,22,16:41,1,1,0,0,0,0,0,0,0,0,0,https://news.naver.com/main/read.nhn?mode=LSD&mid=sec&sid1=106&oid=312&aid=0000405682
신소율,"신소율, 소리바다 시상식 미소퀸",연예,11,2019,08,22,17:54,1,1,0,0,0,0,0,0,0,0,0,https://news.naver.com/main/read.nhn?mode=LSD&mid=sec&sid1=106&oid=421&aid=0004158334
신소율,"[포토S] 신소율, 시원시원한 패션",연예,11,2019,08,22,17:38,2,2,0,0,0,0,0,0,0,0,0,https://news.naver.com/main/read.nhn?mode=LSD&mid=sec&sid1=106&oid=477&aid=0000203186
신소율,"조태관X허영지, 연극 ‘운빨로맨스’ 캐스팅 확정(공식입장)",연예,12,2019,08,27,8:37,5,5,0,0,0,0,0,0,0,0,0,https://news.naver.com/main/read.nhn?mode=LSD&mid=sec&sid1=106&oid=609&aid=0000161384
신소율,"조태관X허영지, 연극 ‘운빨로맨스’ 캐스팅 확정",연예,12,2019,08,27,9:11,4,4,0,0,0,0,0,0,0,0,0,https://news.naver.com/main/read.nhn?mode=LSD&mid=sec&sid1=106&oid=009&aid=0004416656
신소율,"김종수, 반가운 인사 [포토엔HD]",연예,13,2019,09,06,18:44,3,3,0,0,0,0,0,0,0,0,0,https://news.naver.com/main/read.nhn?mode=LSD&mid=sec&sid1=106&oid=609&aid=0000167417
신소율,"신소율-송재희, 러블리한 선남선녀 MC의 손하트 [포토엔HD]",연예,13,2019,09,06,19:11,1,1,0,0,0,0,0,0,0,0,0,https://news.naver.com/main/read.nhn?mode=LSD&mid=sec&sid1=106&oid=609&aid=0000167454
신소율,신소율 '제5회 서울국제음식영화제' 개막식 사회자 확정,연예,13,2019,09,06,13:25,1,1,0,0,0,0,0,0,0,0,0,https://news.naver.com/main/read.nhn?mode=LSD&mid=sec&sid1=106&oid=417&aid=0000446882
신소율,"신소율-송재희, 서울국제음식영화제 개막식 MC 맡았어요~ [포토엔HD]",연예,13,2019,09,06,19:10,2,2,0,0,0,0,0,0,0,0,0,https://news.naver.com/main/read.nhn?mode=LSD&mid=sec&sid1=106&oid=609&aid=0000167451
신소율,"신소율, 초롱초롱한 눈망울 [포토엔HD]",연예,13,2019,09,06,19:07,27,25,0,2,0,0,0,0,0,0,0,https://news.naver.com/main/read.nhn?mode=LSD&mid=sec&sid1=106&oid=609&aid=0000167445
신소율,"신소율, 우아한 청록 슬림 드레스 [포토엔HD]",연예,13,2019,09,06,19:08,3,3,0,0,0,0,0,0,0,0,0,https://news.naver.com/main/read.nhn?mode=LSD&mid=sec&sid1=106&oid=609&aid=0000167448
신소율,"임원희 “‘신과함께’ 뒷풀이서 내게 술 따라준 수지, 못 알아봤다”",연예,13,2019,09,03,24:12,8,8,0,0,0,0,0,0,0,0,0,https://news.naver.com/main/read.nhn?mode=LSD&mid=sec&sid1=106&oid=609&aid=0000165027
신소율,"김종수, 국제음식영화제 왔어요~ [포토엔HD]",연예,13,2019,09,06,19:01,1,1,0,0,0,0,0,0,0,0,0,https://news.naver.com/main/read.nhn?mode=LSD&mid=sec&sid1=106&oid=609&aid=0000167438
신소율,"신소율 “한예슬, 사람을 기분 좋게 하는 에너지有” [화보]",연예,15,2019,09,20,15:16,5,5,0,0,0,0,0,0,0,0,0,https://news.naver.com/main/read.nhn?mode=LSD&mid=sec&sid1=106&oid=382&aid=0000762639
신소율,"신소율, ""본명은 김정민...활동하며 이름이 네다섯번 바뀌었지만...""",연예,15,2019,09,20,15:15,4,4,0,0,0,0,0,0,0,0,0,https://news.naver.com/main/read.nhn?mode=LSD&mid=sec&sid1=106&oid=117&aid=0003276195
신소율,"신소율, 아련 눈빛에 청순 옆선까지 ‘남심 저격’[SNS★컷]",연예,15,2019,09,20,24:26,1,1,0,0,0,0,0,0,0,0,0,https://news.naver.com/main/read.nhn?mode=LSD&mid=sec&sid1=106&oid=609&aid=0000173862
신소율,"신소율, 청순함이 뚝뚝..옆모습만 봐도 예쁨 그 자체",연예,15,2019,09,20,7:06,4,4,0,0,0,0,0,0,0,0,0,https://news.naver.com/main/read.nhn?mode=LSD&mid=sec&sid1=106&oid=112&aid=0003213910
신소율,"신소율 ""한예슬과 두 번 호흡, 사람 기분 좋게 하는 에너지 있다""[화보]",연예,15,2019,09,20,15:12,9,9,0,0,0,0,0,0,0,0,0,https://news.naver.com/main/read.nhn?mode=LSD&mid=sec&sid1=106&oid=112&aid=0003214146
신소율,"신소율 ""무명 시절 피팅모델 알바하며 오디션 준비""",연예,15,2019,09,21,10:11,1,1,0,0,0,0,0,0,0,0,0,https://news.naver.com/main/read.nhn?mode=LSD&mid=sec&sid1=106&oid=119&aid=0002353496
신소율,"신소율 “본명 김정민, 무명 시절 가명 자주 바꿔""",연예,16,2019,09,22,12:29,2,2,0,0,0,0,0,0,0,0,0,https://news.naver.com/main/read.nhn?mode=LSD&mid=sec&sid1=106&oid=417&aid=0000451521
신소율,"'SKY 캐슬' 예서, 또 한 번 교복 입고 홈런 날릴까",연예,17,2019,10,02,11:14,13,13,0,0,0,0,0,0,0,0,0,https://news.naver.com/main/read.nhn?mode=LSD&mid=sec&sid1=106&oid=047&aid=0002242071
신소율,"신소율, 운동으로 다진 탄탄 보디라인..완벽한 복근+레깅스핏",연예,18,2019,10,11,16:43,11,10,0,1,0,0,0,0,0,0,0,https://news.naver.com/main/read.nhn?mode=LSD&mid=sec&sid1=106&oid=112&aid=0003222075
신소율,"신소율, 매끈 몸매+여신 미모 공개 “운동 열심히”",연예,18,2019,10,11,16:47,1,1,0,0,0,0,0,0,0,0,0,https://news.naver.com/main/read.nhn?mode=LSD&mid=sec&sid1=106&oid=410&aid=0000632338
신소율,"신소율, 반갑습니다 (재혼의 기술 VIP시사회)",연예,18,2019,10,07,20:57,2,2,0,0,0,0,0,0,0,0,0,https://news.naver.com/main/read.nhn?mode=LSD&mid=sec&sid1=106&oid=011&aid=0003630699
신소율,"신소율, 브라톱+레깅스 입고 몸매 자랑 ‘늘씬한 각선美’[SNS★컷]",연예,18,2019,10,11,16:17,1,1,0,0,0,0,0,0,0,0,0,https://news.naver.com/main/read.nhn?mode=LSD&mid=sec&sid1=106&oid=609&aid=0000186306
신소율,"신소율, 임원희 선배 응원 왔어요~ (재혼의 기술 VIP시사회)",연예,18,2019,10,07,20:58,3,3,0,0,0,0,0,0,0,0,0,https://news.naver.com/main/read.nhn?mode=LSD&mid=sec&sid1=106&oid=011&aid=0003630701
신소율,"신소율, 싱그러운 미모 (재혼의 기술 VIP시사회)",연예,18,2019,10,07,20:59,3,3,0,0,0,0,0,0,0,0,0,https://news.naver.com/main/read.nhn?mode=LSD&mid=sec&sid1=106&oid=011&aid=0003630702
신소율,"여자친구·신소율·경리·김재경, 오늘(15일) 패션위크 불참…故 설리 애도",연예,19,2019,10,15,15:51,6,1,0,5,0,0,0,0,0,0,0,https://news.naver.com/main/read.nhn?mode=LSD&mid=sec&sid1=106&oid=410&aid=0000633347
신소율,국민대학교 출신 연예인 누가 있을까?,연예,19,2019,10,16,15:36,2,2,0,0,0,0,0,0,0,0,0,https://news.naver.com/main/read.nhn?mode=LSD&mid=sec&sid1=106&oid=088&aid=0000616317
신소율,"[포토]이태란, 서울패션위크 우아하게!",연예,19,2019,10,15,13:41,3,3,0,0,0,0,0,0,0,0,0,https://news.naver.com/main/read.nhn?mode=LSD&mid=sec&sid1=106&oid=009&aid=0004444621
신소율,"[포토]하연수, 서울패션위크 발걸음!",연예,19,2019,10,15,13:41,2,2,0,0,0,0,0,0,0,0,0,https://news.naver.com/main/read.nhn?mode=LSD&mid=sec&sid1=106&oid=009&aid=0004444619
신소율,"여자친구→경리·소진 등, 오늘(15일) 패션위크 불참‥故설리 추모",연예,19,2019,10,15,16:28,19,2,0,17,0,0,0,0,0,0,0,https://news.naver.com/main/read.nhn?mode=LSD&mid=sec&sid1=106&oid=609&aid=0000187809
신소율,"이소율, 몽환적인 눈빛+청순 비주얼..""다양한 매력으로 다가가고파""[화보]",연예,24,2019,11,21,10:57,11,11,0,0,0,0,0,0,0,0,0,https://news.naver.com/main/read.nhn?mode=LSD&mid=sec&sid1=106&oid=112&aid=0003237969
신소율,"이소율, 모먼트글로벌과 전속 계약 이후 첫 행보 “새로운 색깔-감성 보여줄 것”",연예,24,2019,11,21,10:30,9,9,0,0,0,0,0,0,0,0,0,https://news.naver.com/main/read.nhn?mode=LSD&mid=sec&sid1=106&oid=014&aid=0004331097
신소율,"유라, 태국 여행 중 근황 공개···신소율 ""최고잖아♥""",연예,25,2019,11,29,18:11,9,9,0,0,0,0,0,0,0,0,0,https://news.naver.com/main/read.nhn?mode=LSD&mid=sec&sid1=106&oid=312&aid=0000423437
신소율,"김보미, 결혼 앞둔 ‘예비신부’의 꽃미모 [똑똑SNS]",연예,26,2019,12,04,10:22,1,1,0,0,0,0,0,0,0,0,0,https://news.naver.com/main/read.nhn?mode=LSD&mid=sec&sid1=106&oid=410&aid=0000649307
신소율,"NH농협은행, ‘금융소비자 권리 찾기 크리에이터 공모전’ 시상식",경제,26,2019,12,01,22:41,1,0,0,0,0,1,0,0,0,0,0,https://news.naver.com/main/read.nhn?mode=LSD&mid=sec&sid1=101&oid=277&aid=0004581887
신소율,신소율-김지철 이달 스몰웨딩…예능 '아내의 맛'도 출연,생활,28,2019,12,20,16:28,3,1,0,0,1,1,0,0,0,0,0,https://news.naver.com/main/read.nhn?mode=LSD&mid=sec&sid1=103&oid=001&aid=0011289821
신소율,"신소율♥김지철 결혼 발표 ""간소한 식사자리로 대체""",연예,28,2019,12,20,15:55,10,10,0,0,0,0,0,0,0,0,0,https://news.naver.com/main/read.nhn?mode=LSD&mid=sec&sid1=106&oid=241&aid=0002989561
신소율,"[전문] 신소율♥김지철, 2년 열애 결실…""결혼식無, 가족 식사로 대체""",연예,28,2019,12,20,18:15,"1,402","1,394",0,8,0,0,0,0,0,0,0,https://news.naver.com/main/read.nhn?mode=LSD&mid=sec&sid1=106&oid=076&aid=0003511455
신소율,"신소율♥김지철, 결혼으로 주가 상승…축하 물결→'아내의 맛' 합류[종합]",연예,28,2019,12,20,20:30,9,7,0,2,0,0,0,0,0,0,0,https://news.naver.com/main/read.nhn?mode=LSD&mid=sec&sid1=106&oid=477&aid=0000224107
신소율,"신소율♥김지철, 열애 2년만에 결혼…""사랑과 신뢰를 바탕으로""[전문]",연예,28,2019,12,20,16:55,9,9,0,0,0,0,0,0,0,0,0,https://news.naver.com/main/read.nhn?mode=LSD&mid=sec&sid1=106&oid=477&aid=0000224072
신소율,"신소율♥김지철, 12월 결혼...""'아내의 맛' 출연 예정""(공식)",연예,28,2019,12,20,16:00,1,1,0,0,0,0,0,0,0,0,0,https://news.naver.com/main/read.nhn?mode=LSD&mid=sec&sid1=106&oid=052&aid=0001379265
신소율,"신소율-김지철, 공개 열애 1년 9개월 만에 결혼",연예,28,2019,12,20,17:14,10,10,0,0,0,0,0,0,0,0,0,https://news.naver.com/main/read.nhn?mode=LSD&mid=sec&sid1=106&oid=079&aid=0003304092
신소율,"[공식] 신소율♥김지철, 공개열애 끝 결혼..'아내의 맛' 합류",연예,28,2019,12,20,16:17,6,5,0,1,0,0,0,0,0,0,0,https://news.naver.com/main/read.nhn?mode=LSD&mid=sec&sid1=106&oid=076&aid=0003511442
신소율,"신소율,뮤지컬 배우 김지철과 백년가약...’아내의 맛’ 합류",연예,28,2019,12,20,17:58,2,2,0,0,0,0,0,0,0,0,0,https://news.naver.com/main/read.nhn?mode=LSD&mid=sec&sid1=106&oid=003&aid=0009618563
신소율,"[이슈IS] ""좋은 시너지"" 신소율♥김지철, 공개열애 1년 9개월만 결혼[종합]",연예,28,2019,12,20,16:07,340,325,0,15,0,0,0,0,0,0,0,https://news.naver.com/main/read.nhn?mode=LSD&mid=sec&sid1=106&oid=241&aid=0002989562
신소율,신소율-김지철 결혼…연상연하 배우 부부 탄생,연예,28,2019,12,20,16:01,1,1,0,0,0,0,0,0,0,0,0,https://news.naver.com/main/read.nhn?mode=LSD&mid=sec&sid1=106&oid=119&aid=0002372060
신소율,"신소율·김지철 결혼 ""결혼식 대신 친지들과 간소한 식사만"" [공식]",연예,28,2019,12,20,18:12,3,3,0,0,0,0,0,0,0,0,0,https://news.naver.com/main/read.nhn?mode=LSD&mid=sec&sid1=106&oid=015&aid=0004260895
신소율,"[공식]신소율♥김지철 결혼 ""결혼식→간소한 식사, 축복+격려 부탁"" [전문]",연예,28,2019,12,20,15:52,5,5,0,0,0,0,0,0,0,0,0,https://news.naver.com/main/read.nhn?mode=LSD&mid=sec&sid1=106&oid=076&aid=0003511434
신소율,신소율♥김지철 “공개 열애 끝 결혼 결실”…‘아내의 맛’ 합류까지(종합),연예,28,2019,12,21,4:02,5,3,0,2,0,0,0,0,0,0,0,https://news.naver.com/main/read.nhn?mode=LSD&mid=sec&sid1=106&oid=410&aid=0000654314
신소율,신소율·김지철 '아내의 맛' 시청률 6.6%...동시간대 1위,연예,29,2019,12,25,9:31,5,5,0,0,0,0,0,0,0,0,0,https://news.naver.com/main/read.nhn?mode=LSD&mid=sec&sid1=106&oid=003&aid=0009624225
신소율,"'결혼' 신소율♥김지철 ""행복하게 잘 살게요"" 감사 인사",연예,29,2019,12,22,16:41,8,7,0,1,0,0,0,0,0,0,0,https://news.naver.com/main/read.nhn?mode=LSD&mid=sec&sid1=106&oid=052&aid=0001379838
신소율,"신소율, 김지철 프러포즈에 눈물→집 문서 화답 “같이 살래?”",연예,29,2019,12,26,13:36,4,4,0,0,0,0,0,0,0,0,0,https://news.naver.com/main/read.nhn?mode=LSD&mid=sec&sid1=106&oid=081&aid=0003054007
신소율,"[종합] 신소율♥김지철 프러포즈→신혼집, ‘아맛’ 통해 최초 공개",연예,29,2019,12,26,13:18,7,7,0,0,0,0,0,0,0,0,0,https://news.naver.com/main/read.nhn?mode=LSD&mid=sec&sid1=106&oid=382&aid=0000786288
신소율,"'아내의 맛' 신소율♥김지철, 로맨틱 프러포즈→신혼집 최초 공개",연예,29,2019,12,25,11:24,23,23,0,0,0,0,0,0,0,0,0,https://news.naver.com/main/read.nhn?mode=LSD&mid=sec&sid1=106&oid=421&aid=0004375429
신소율,"[SC리뷰] ""나랑 살아줘""…'아내맛' 신소율♥김지철 첫 등장, 감동 프러포즈로 존재감↑",연예,29,2019,12,25,10:24,28,25,0,3,0,0,0,0,0,0,0,https://news.naver.com/main/read.nhn?mode=LSD&mid=sec&sid1=106&oid=076&aid=0003512572
신소율,"‘아내의 맛’ 신소율♥김지철, 프러포즈+신혼집 최초 공개… 최고 시청률 10.6% 기록",연예,29,2019,12,25,13:28,1,1,0,0,0,0,0,0,0,0,0,https://news.naver.com/main/read.nhn?mode=LSD&mid=sec&sid1=106&oid=408&aid=0000083862
신소율,'아내의맛' 신소율♥김지철 감동 프러포즈..최고 10.6%,연예,29,2019,12,25,9:13,24,21,0,3,0,0,0,0,0,0,0,https://news.naver.com/main/read.nhn?mode=LSD&mid=sec&sid1=106&oid=108&aid=0002832173
신소율,"'♥김지철' 신소율, 나이 믿기지 않는 완벽한 동안 미모",연예,29,2019,12,26,13:33,10,10,0,0,0,0,0,0,0,0,0,https://news.naver.com/main/read.nhn?mode=LSD&mid=sec&sid1=106&oid=108&aid=0002832441
신소율,"‘김지철 그녀’ 신소율, 나이 믿을 수 없는 ‘베이비 페이스’",연예,29,2019,12,26,13:07,1,1,0,0,0,0,0,0,0,0,0,https://news.naver.com/main/read.nhn?mode=LSD&mid=sec&sid1=106&oid=469&aid=0000451925
신소율,"'아내의 맛' 신소율, 김지철 프러포즈에 '집문서'로 승낙",연예,29,2019,12,25,10:05,2,2,0,0,0,0,0,0,0,0,0,https://news.naver.com/main/read.nhn?mode=LSD&mid=sec&sid1=106&oid=015&aid=0004262682
신소율,'아내의 맛' 신소율♥김지철 합류…프러포즈 받고 집문서 꺼냈다(종합),연예,29,2019,12,25,12:00,179,164,0,15,0,0,0,0,0,0,0,https://news.naver.com/main/read.nhn?mode=LSD&mid=sec&sid1=106&oid=421&aid=0004375099
신소율,"[종합]""집문서 화답"" '아내의 맛' 신소율♥김지철 '눈물의 프러포즈→신혼집' 최초 공개",연예,29,2019,12,25,12:00,10,9,0,1,0,0,0,0,0,0,0,https://news.naver.com/main/read.nhn?mode=LSD&mid=sec&sid1=106&oid=076&aid=0003512510
신소율,'신소율♥' 김지철 누구? #뮤지컬 배우 #'영웅' 데뷔 #3세 연하,연예,29,2019,12,25,8:43,5,5,0,0,0,0,0,0,0,0,0,https://news.naver.com/main/read.nhn?mode=LSD&mid=sec&sid1=106&oid=468&aid=0000608030
신소율,"신소율♥김지철 러브스토리, ""SNS '좋아요' 실수로 눌렀다가""",연예,29,2019,12,25,12:11,10,9,0,1,0,0,0,0,0,0,0,https://news.naver.com/main/read.nhn?mode=LSD&mid=sec&sid1=106&oid=215&aid=0000834072
신소율,"신소율-김지철, 결혼 감사 인사 ""행복하게 잘 살겠다""",연예,29,2019,12,22,19:16,2,2,0,0,0,0,0,0,0,0,0,https://news.naver.com/main/read.nhn?mode=LSD&mid=sec&sid1=106&oid=079&aid=0003304433
신소율,"'결혼' 신소율♥김지철 ""행복하게 살 것, 응원해달라""",연예,29,2019,12,22,17:08,6,6,0,0,0,0,0,0,0,0,0,https://news.naver.com/main/read.nhn?mode=LSD&mid=sec&sid1=106&oid=421&aid=0004371185
신소율,신소율♥김지철 결혼 소감 “예쁘게 잘 살겠습니다”,연예,29,2019,12,22,13:31,7,7,0,0,0,0,0,0,0,0,0,https://news.naver.com/main/read.nhn?mode=LSD&mid=sec&sid1=106&oid=081&aid=0003052871
신소율,신소율♥김지철 “새해엔 더 행복하길” 신혼부부 꿀뚝뚝 손편지[SNS★컷],연예,30,2020,01,01,16:27,2,2,0,0,0,0,0,0,0,0,0,https://news.naver.com/main/read.nhn?mode=LSD&mid=sec&sid1=106&oid=609&aid=0000226846
신소율,"새댁 신소율, 결혼 후 더 예뻐졌네..찜질방의 여신",연예,31,2020,01,10,6:57,7,7,0,0,0,0,0,0,0,0,0,https://news.naver.com/main/read.nhn?mode=LSD&mid=sec&sid1=106&oid=112&aid=0003255625
신소율,"'아내의 맛' 신소율♥김지철, 셀프 웨딩 ""100만 원도 안 돼""",연예,31,2020,01,06,13:44,11,11,0,0,0,0,0,0,0,0,0,https://news.naver.com/main/read.nhn?mode=LSD&mid=sec&sid1=106&oid=052&aid=0001384959
신소율,"'아내의 맛' 신소율♥김지철, 세상 단 하나 뿐인 셀프 스몰 웨딩",연예,31,2020,01,07,20:20,10,10,0,0,0,0,0,0,0,0,0,https://news.naver.com/main/read.nhn?mode=LSD&mid=sec&sid1=106&oid=241&aid=0002995054
신소율,"'아내의 맛' 신소율♥김지철, 스몰 웨딩 준비…자체 최고 8.221%",연예,31,2020,01,08,8:22,11,11,0,0,0,0,0,0,0,0,0,https://news.naver.com/main/read.nhn?mode=LSD&mid=sec&sid1=106&oid=421&aid=0004397080
신소율,"'아내의맛' 신소율♥김지철, 결.알.못 부부의 '초저가 스몰 웨딩' 탄생기",연예,31,2020,01,08,8:07,5,5,0,0,0,0,0,0,0,0,0,https://news.naver.com/main/read.nhn?mode=LSD&mid=sec&sid1=106&oid=076&aid=0003517430
신소율,"신소율, 찜질방에서 '찰칵'...사랑스러운 '새신부' [★해시태그]",연예,31,2020,01,10,11:48,5,5,0,0,0,0,0,0,0,0,0,https://news.naver.com/main/read.nhn?mode=LSD&mid=sec&sid1=106&oid=311&aid=0001097915
신소율,"신소율, 찜질방에 뜬 귀요미 새댁 ‘♥김지철 반할만’[SNS★컷]",연예,31,2020,01,10,8:10,1,1,0,0,0,0,0,0,0,0,0,https://news.naver.com/main/read.nhn?mode=LSD&mid=sec&sid1=106&oid=609&aid=0000231423
신소율,"'아내의 맛' 신소율♥김지철, 100만원 예산 '스몰웨딩' 현장 공개",연예,31,2020,01,06,9:36,5,5,0,0,0,0,0,0,0,0,0,https://news.naver.com/main/read.nhn?mode=LSD&mid=sec&sid1=106&oid=421&aid=0004393036
신소율,‘아내의 맛’ 신소율♥김지철 100만원↓ 초저가 스몰웨딩 실화냐,연예,31,2020,01,06,9:49,3,3,0,0,0,0,0,0,0,0,0,https://news.naver.com/main/read.nhn?mode=LSD&mid=sec&sid1=106&oid=382&aid=0000788801
신소율,"'아내의 맛' 신소율·김지철, 초저가 셀프 결혼식 공개",연예,31,2020,01,06,14:38,12,12,0,0,0,0,0,0,0,0,0,https://news.naver.com/main/read.nhn?mode=LSD&mid=sec&sid1=106&oid=003&aid=0009640613
신소율,"'아내의 맛' 신소율♥김지철, ""스몰웨딩이 돈 더 들어"" 전문가 발언에 당황",연예,31,2020,01,07,22:44,2,2,0,0,0,0,0,0,0,0,0,https://news.naver.com/main/read.nhn?mode=LSD&mid=sec&sid1=106&oid=112&aid=0003254718
신소율,신소율♡김지철 스몰 웨딩장 도착…장영란 “이런 결혼 처음 봐”,연예,31,2020,01,07,23:12,20,20,0,0,0,0,0,0,0,0,0,https://news.naver.com/main/read.nhn?mode=LSD&mid=sec&sid1=106&oid=022&aid=0003428371
신소율,"‘아내의 맛2’ 신소율♥김지철, 셀프 스몰 웨딩 공개 ‘100만원↓’",연예,31,2020,01,07,18:10,38,37,0,1,0,0,0,0,0,0,0,https://news.naver.com/main/read.nhn?mode=LSD&mid=sec&sid1=106&oid=382&aid=0000789347
신소율,"'아내의맛' 신소율♥김지철, 2주만에 준비한 100만원 셀프웨딩 [★밤TView]",연예,31,2020,01,07,23:10,1,1,0,0,0,0,0,0,0,0,0,https://news.naver.com/main/read.nhn?mode=LSD&mid=sec&sid1=106&oid=108&aid=0002834916
신소율,"[어게인TV]""불가능은 없다"" '아내의 맛' 신소율♥김지철, 초저가 셀프 웨딩 계획",연예,31,2020,01,08,6:50,1,1,0,0,0,0,0,0,0,0,0,https://news.naver.com/main/read.nhn?mode=LSD&mid=sec&sid1=106&oid=112&aid=0003254756
신소율,"신소율♥김지철, 결혼식 비용에 깜짝…“드레스 대여만 200만원”",연예,31,2020,01,08,9:54,3,3,0,0,0,0,0,0,0,0,0,https://news.naver.com/main/read.nhn?mode=LSD&mid=sec&sid1=106&oid=009&aid=0004496545
신소율,"'아내의 맛' 신소율·김지철, 셀프 결혼식 결정 ""사회도 둘이서""",연예,31,2020,01,07,22:41,7,7,0,0,0,0,0,0,0,0,0,https://news.naver.com/main/read.nhn?mode=LSD&mid=sec&sid1=106&oid=311&aid=0001096629
신소율,"'아내의 맛' 신소율·김지철, 결혼 상담…드레스 문의에 ""싼 것부터""",연예,31,2020,01,07,22:34,1,1,0,0,0,0,0,0,0,0,0,https://news.naver.com/main/read.nhn?mode=LSD&mid=sec&sid1=106&oid=311&aid=0001096628
신소율,"'아내의 맛' 신소율♥김지철 셀프웨딩-함소원, 남다른 대륙 시월드 체험 [종합]",연예,31,2020,01,07,23:49,1,0,0,1,0,0,0,0,0,0,0,https://news.naver.com/main/read.nhn?mode=LSD&mid=sec&sid1=106&oid=311&aid=0001096639
신소율,"‘아내의 맛’ 신소율♥김지철, 초저가 리얼 스몰 웨딩 비하인드 공개",연예,31,2020,01,08,9:57,2,2,0,0,0,0,0,0,0,0,0,https://news.naver.com/main/read.nhn?mode=LSD&mid=sec&sid1=106&oid=469&aid=0000455536
신소율,"신소율♥김지철, 초저가 셀프웨딩…짠소원도 벌벌 대륙 시월드(‘아내의 맛’)",연예,31,2020,01,08,8:36,5,5,0,0,0,0,0,0,0,0,0,https://news.naver.com/main/read.nhn?mode=LSD&mid=sec&sid1=106&oid=009&aid=0004496459
신소율,"[TV북마크] 신소율 셀프웨딩→함소원 악어고기, ‘아내의 맛’ 최고 10.9%",연예,31,2020,01,08,9:18,4,4,0,0,0,0,0,0,0,0,0,https://news.naver.com/main/read.nhn?mode=LSD&mid=sec&sid1=106&oid=382&aid=0000789450
신소율,'아내의 맛' 하승진 대방어 낚시→신소율♥김지철 웨딩준비까지…특별한 하루 [종합],연예,31,2020,01,08,12:04,2,2,0,0,0,0,0,0,0,0,0,https://news.naver.com/main/read.nhn?mode=LSD&mid=sec&sid1=106&oid=117&aid=0003320647
신소율,"김지철♥신소율, 결혼 후 물오른 ‘여신 미모’",연예,32,2020,01,18,16:26,7,6,0,1,0,0,0,0,0,0,0,https://news.naver.com/main/read.nhn?mode=LSD&mid=sec&sid1=106&oid=469&aid=0000458759
신소율,"신소율, 레드립으로 시크美 자랑…결혼 후 물오른 미모",연예,32,2020,01,17,15:08,3,3,0,0,0,0,0,0,0,0,0,https://news.naver.com/main/read.nhn?mode=LSD&mid=sec&sid1=106&oid=112&aid=0003258394
신소율,"'아내의 맛' 신소율♥김지철, 초저가 셀프 웨딩 최초공개 '눈물 펑펑'",연예,32,2020,01,13,10:48,15,14,0,1,0,0,0,0,0,0,0,https://news.naver.com/main/read.nhn?mode=LSD&mid=sec&sid1=106&oid=421&aid=0004405058
신소율,"신소율♥김지철, 87만원 '초저가 스몰웨딩' 공개…현장 눈물바다",연예,32,2020,01,14,23:12,11,11,0,0,0,0,0,0,0,0,0,https://news.naver.com/main/read.nhn?mode=LSD&mid=sec&sid1=106&oid=215&aid=0000839217
신소율,[TV조선] 신소율 부부의 작은 결혼식,생활,32,2020,01,14,3:04,6,4,1,0,1,0,0,0,0,0,0,https://news.naver.com/main/read.nhn?mode=LSD&mid=sec&sid1=103&oid=023&aid=0003500191
신소율,"'아내의 맛' 신소율♥김지철, 부모님 편지에...눈물 속 '스몰 웨딩'",연예,32,2020,01,15,9:34,9,9,0,0,0,0,0,0,0,0,0,https://news.naver.com/main/read.nhn?mode=LSD&mid=sec&sid1=106&oid=052&aid=0001388586
신소율,"[단독] 신소율 ""♥김지철과 스몰웨딩, 100점 만점에 90점..비용 아끼려 한 건 아냐""(인터뷰)",연예,32,2020,01,16,10:27,9,9,0,0,0,0,0,0,0,0,0,https://news.naver.com/main/read.nhn?mode=LSD&mid=sec&sid1=106&oid=109&aid=0004151194
신소율,"[SC리뷰]'아내의맛' 신소율♥김지철, 세상 어디에도 없는 '초저가 스몰웨딩'",연예,32,2020,01,15,6:50,194,192,0,2,0,0,0,0,0,0,0,https://news.naver.com/main/read.nhn?mode=LSD&mid=sec&sid1=106&oid=076&aid=0003520112
신소율,"'아내의 맛' 신소율♥김지철, 87만원 초저가 셀프 스몰웨딩 공개",연예,32,2020,01,15,8:40,6,6,0,0,0,0,0,0,0,0,0,https://news.naver.com/main/read.nhn?mode=LSD&mid=sec&sid1=106&oid=018&aid=0004555261
신소율,"'87만원 스몰웨딩' 신소율 남편, 김지철 누구?",연예,32,2020,01,15,17:14,2,2,0,0,0,0,0,0,0,0,0,https://news.naver.com/main/read.nhn?mode=LSD&mid=sec&sid1=106&oid=008&aid=0004340915
신소율,"[SC리뷰]""길러주셔서 감사해""…'아내의맛' 신소율♥김지철, 눈물의 87만원 셀프 결혼식",연예,32,2020,01,15,9:32,5,5,0,0,0,0,0,0,0,0,0,https://news.naver.com/main/read.nhn?mode=LSD&mid=sec&sid1=106&oid=076&aid=0003520185
신소율,"‘아내의 맛’ 신소율X김지철, 결혼식 눈물바다 만든 현장 공개",연예,32,2020,01,13,16:55,5,4,0,1,0,0,0,0,0,0,0,https://news.naver.com/main/read.nhn?mode=LSD&mid=sec&sid1=106&oid=144&aid=0000651438
신소율,"'아내의 맛' 신소율♥김지철, 폭풍 눈물 쏟게 한 셀프 웨딩 공개",연예,32,2020,01,13,21:24,9,9,0,0,0,0,0,0,0,0,0,https://news.naver.com/main/read.nhn?mode=LSD&mid=sec&sid1=106&oid=213&aid=0001149770
신소율,"'아내의 맛' 신소율, 눈물의 셀프 웨딩..'제작진도 감격'",연예,32,2020,01,13,9:24,2,2,0,0,0,0,0,0,0,0,0,https://news.naver.com/main/read.nhn?mode=LSD&mid=sec&sid1=106&oid=108&aid=0002835969
신소율,"‘아내의 맛’ 신소율♥김지철, 초저가 셀프 웨딩 도중 ‘폭풍 눈물’",연예,32,2020,01,13,13:59,2,2,0,0,0,0,0,0,0,0,0,https://news.naver.com/main/read.nhn?mode=LSD&mid=sec&sid1=106&oid=009&aid=0004499431
신소율,"'아내의 맛' 신소율♥김지철, 87만 원 초저가 웨딩으로 동분서주→폭풍오열",연예,32,2020,01,14,22:31,9,9,0,0,0,0,0,0,0,0,0,https://news.naver.com/main/read.nhn?mode=LSD&mid=sec&sid1=106&oid=112&aid=0003257365
신소율,"신소율♡김지철, 작아서 더욱 특별한 결혼식…쉴새 없이 눈물 펑펑",연예,32,2020,01,14,23:04,7,6,0,1,0,0,0,0,0,0,0,https://news.naver.com/main/read.nhn?mode=LSD&mid=sec&sid1=106&oid=022&aid=0003430377
신소율,"'아내의맛' 신소율♥김지철, '눈물+감동'의 87만 원 초저가 셀프웨딩",연예,32,2020,01,14,22:38,141,138,0,3,0,0,0,0,0,0,0,https://news.naver.com/main/read.nhn?mode=LSD&mid=sec&sid1=106&oid=076&aid=0003520093
신소율,‘아내의 맛’ 신소율♥김지철 결혼식 비용은? “100만원 안 넘어”,연예,32,2020,01,14,17:51,16,15,0,1,0,0,0,0,0,0,0,https://news.naver.com/main/read.nhn?mode=LSD&mid=sec&sid1=106&oid=081&aid=0003058538
신소율,"'아내의 맛' 신소율-김지철 부부, 규모는 작지만 감동은 커다란 스몰웨딩",연예,32,2020,01,15,8:30,1,1,0,0,0,0,0,0,0,0,0,https://news.naver.com/main/read.nhn?mode=LSD&mid=sec&sid1=106&oid=011&aid=0003680778
신소율,"‘아내의 맛’ 신소율♥김지철, 87만원으로도 행복한 스몰웨딩...동시간대 1위",연예,32,2020,01,15,8:34,2,2,0,0,0,0,0,0,0,0,0,https://news.naver.com/main/read.nhn?mode=LSD&mid=sec&sid1=106&oid=312&aid=0000431078
신소율,"'아내의 맛' 신소율♥김지철, 눈물바다 스몰 웨딩…동시간대 1위 '7.8%'",연예,32,2020,01,15,8:13,12,12,0,0,0,0,0,0,0,0,0,https://news.naver.com/main/read.nhn?mode=LSD&mid=sec&sid1=106&oid=421&aid=0004408858
신소율,"'아내의맛' 신소율♥김지철, 눈물의 스몰웨딩…함소원♥진화 '충격X역대급 환갑잔치'",연예,32,2020,01,15,8:52,6,6,0,0,0,0,0,0,0,0,0,https://news.naver.com/main/read.nhn?mode=LSD&mid=sec&sid1=106&oid=076&aid=0003520152
신소율,"'김지철♥'신소율, 막 입어도 예쁜 새댁‥러블리 미모 근황",연예,34,2020,01,31,10:57,2,2,0,0,0,0,0,0,0,0,0,https://news.naver.com/main/read.nhn?mode=LSD&mid=sec&sid1=106&oid=112&aid=0003262871
신소율,"‘티백’ 조은애 디자이너 “화사, 펄 코트 훌륭하게 소화 너무 잘 어울려”[MD인터뷰]",,34,2020,01,29,10:53,32,22,8,0,1,1,0,0,0,0,0,https://news.naver.com/main/read.nhn?mode=LSD&mid=sec&oid=117&aid=0003327524
신소율,"‘김지철♥’ 신소율, 결혼 후 더 사랑스러워졌네 ‘안경도 찰떡’[SNS★컷]",연예,34,2020,01,31,11:27,1,1,0,0,0,0,0,0,0,0,0,https://news.naver.com/main/read.nhn?mode=LSD&mid=sec&sid1=106&oid=609&aid=0000241383
신소율,"신소율, 결혼 후 근황 공개..점점 예뻐지네",연예,34,2020,01,30,6:28,1,1,0,0,0,0,0,0,0,0,0,https://news.naver.com/main/read.nhn?mode=LSD&mid=sec&sid1=106&oid=112&aid=0003262248
신소율,"신소율, 고양이 바라보는 눈빛 '심쿵' [★해시태그]",연예,34,2020,01,30,18:25,2,2,0,0,0,0,0,0,0,0,0,https://news.naver.com/main/read.nhn?mode=LSD&mid=sec&sid1=106&oid=311&aid=0001105710
신소율,"신소율, 고양이보다 더 깜찍한 미모 ‘러블리 그 자체’[SNS★컷]",연예,34,2020,01,30,15:39,1,1,0,0,0,0,0,0,0,0,0,https://news.naver.com/main/read.nhn?mode=LSD&mid=sec&sid1=106&oid=609&aid=0000240723
신소율,"신소율, 새댁의 수수한 미소..김지철 ♥ 듬뿍 받나봐",연예,35,2020,02,06,10:01,2,2,0,0,0,0,0,0,0,0,0,https://news.naver.com/main/read.nhn?mode=LSD&mid=sec&sid1=106&oid=112&aid=0003264949
신소율,"‘김지철♥’ 신소율, 사랑스러운 새댁‥갈수록 더 예뻐져[SNS★컷]",연예,35,2020,02,06,17:25,6,6,0,0,0,0,0,0,0,0,0,https://news.naver.com/main/read.nhn?mode=LSD&mid=sec&sid1=106&oid=609&aid=0000244223
신소율,"'♥김지철' 신소율, 발랄한 포니테일..오늘도 예쁜 새댁",연예,35,2020,02,03,14:45,2,2,0,0,0,0,0,0,0,0,0,https://news.naver.com/main/read.nhn?mode=LSD&mid=sec&sid1=106&oid=112&aid=0003263832
신소율,"신소율♥김지철 신혼집 공개…""스몰웨딩으로 아낀 돈, 집에 올인""",연예,36,2020,02,15,23:01,26,24,0,2,0,0,0,0,0,0,0,https://news.naver.com/main/read.nhn?mode=LSD&mid=sec&sid1=106&oid=031&aid=0000525617
신소율,"'아내의맛' 신소율♥김지철, 양평 신혼집→중도금 대출 '고군분투'",연예,36,2020,02,12,11:31,3,3,0,0,0,0,0,0,0,0,0,https://news.naver.com/main/read.nhn?mode=LSD&mid=sec&sid1=106&oid=052&aid=0001400002
신소율,"신소율, 신용등급 4등급에 '깜짝'…대출가능한도는?",연예,36,2020,02,11,23:10,6,6,0,0,0,0,0,0,0,0,0,https://news.naver.com/main/read.nhn?mode=LSD&mid=sec&sid1=106&oid=215&aid=0000847133
신소율,"'아내의 맛' 신소율♥김지철, 양평에 지어질 신혼집 방문…""운동장 같아""",연예,36,2020,02,11,22:26,21,20,0,0,0,0,0,0,0,1,0,https://news.naver.com/main/read.nhn?mode=LSD&mid=sec&sid1=106&oid=421&aid=0004457395
신소율,"신소율, 화사한 봄처녀 변신..♥김지철 또 반할 꽃미모",연예,36,2020,02,13,18:29,14,14,0,0,0,0,0,0,0,0,0,https://news.naver.com/main/read.nhn?mode=LSD&mid=sec&sid1=106&oid=112&aid=0003267698
신소율,"[SC리뷰] ""스무살부터 대출""…'아내맛' 신소율♥김지철, 신혼집 입성 막은 현실의 벽",연예,36,2020,02,12,8:39,3,3,0,0,0,0,0,0,0,0,0,https://news.naver.com/main/read.nhn?mode=LSD&mid=sec&sid1=106&oid=076&aid=0003530285
신소율,"'아내의 맛' 김지철·신소율 ""스몰웨딩으로 아낀 돈, 신혼집 올인""",연예,36,2020,02,12,6:37,1,1,0,0,0,0,0,0,0,0,0,https://news.naver.com/main/read.nhn?mode=LSD&mid=sec&sid1=106&oid=018&aid=0004573779
신소율,"신소율 ""결혼식 비용 아껴서 산 신혼집…운동장 같다""",연예,36,2020,02,12,6:59,6,6,0,0,0,0,0,0,0,0,0,https://news.naver.com/main/read.nhn?mode=LSD&mid=sec&sid1=106&oid=008&aid=0004355838
신소율,"신소율♥김지철, 2층짜리 신혼집 공개 ""결혼비용 줄이고 신혼집에 올인""",연예,36,2020,02,12,6:48,1,1,0,0,0,0,0,0,0,0,0,https://news.naver.com/main/read.nhn?mode=LSD&mid=sec&sid1=106&oid=277&aid=0004622560
신소율,"'아내의 맛' 신소율♥김지철, 대출 위한 고군분투…9.3% 기록",연예,36,2020,02,12,9:06,8,8,0,0,0,0,0,0,0,0,0,https://news.naver.com/main/read.nhn?mode=LSD&mid=sec&sid1=106&oid=421&aid=0004457763
신소율,"'아내의 맛' 신소율♥김지철, 대출 위한 '고군분투'…순간 최고 시청률 11.0%",연예,36,2020,02,12,8:17,7,7,0,0,0,0,0,0,0,0,0,https://news.naver.com/main/read.nhn?mode=LSD&mid=sec&sid1=106&oid=076&aid=0003530271
신소율,'아내의 맛' 신소율·김지철 돈걱정-홍현희·제이쓴 큰웃음…9.3%,연예,36,2020,02,12,9:36,28,28,0,0,0,0,0,0,0,0,0,https://news.naver.com/main/read.nhn?mode=LSD&mid=sec&sid1=106&oid=408&aid=0000086790
신소율,"'아내의 맛' 신소율♥김지철, 신혼집 중도금 대출 위한 눈물 나는 고군분투",연예,36,2020,02,12,8:46,3,3,0,0,0,0,0,0,0,0,0,https://news.naver.com/main/read.nhn?mode=LSD&mid=sec&sid1=106&oid=015&aid=0004288593
신소율,"'아내의 맛' 신소율, 신용등급 '4등급' 깜짝…""생각보다 높다""",연예,36,2020,02,11,22:33,3,3,0,0,0,0,0,0,0,0,0,https://news.naver.com/main/read.nhn?mode=LSD&mid=sec&sid1=106&oid=421&aid=0004457404
신소율,"'아내의 맛' 김지철, 신소율보다 신용등급 높지만 대출한도 천만원 '실망'",연예,36,2020,02,11,22:31,2,1,0,1,0,0,0,0,0,0,0,https://news.naver.com/main/read.nhn?mode=LSD&mid=sec&sid1=106&oid=311&aid=0001110747
신소율,"신소율♥김지철 부부 신혼집 공개…""꿈에 그리던 2층 타운하우스""",연예,36,2020,02,11,22:44,19,18,0,1,0,0,0,0,0,0,0,https://news.naver.com/main/read.nhn?mode=LSD&mid=sec&sid1=106&oid=215&aid=0000847130
신소율,"'아내의맛' 신소율, 신혼집 샘플하우스 구경..""운동장 같다""",연예,36,2020,02,11,23:27,3,3,0,0,0,0,0,0,0,0,0,https://news.naver.com/main/read.nhn?mode=LSD&mid=sec&sid1=106&oid=108&aid=0002842479
신소율,"'아맛' 신소율♥김지철, 양평 신혼 타운하우스 공개...""결혼 비용 집에 보탰다""",연예,36,2020,02,11,22:10,294,287,0,7,0,0,0,0,0,0,0,https://news.naver.com/main/read.nhn?mode=LSD&mid=sec&sid1=106&oid=213&aid=0001153471
신소율,"'아내의 맛' 신소율·김지철, 내 집 마련 위해 고군분투",연예,36,2020,02,12,9:19,1,1,0,0,0,0,0,0,0,0,0,https://news.naver.com/main/read.nhn?mode=LSD&mid=sec&sid1=106&oid=629&aid=0000014575
신소율,"[어게인TV]'아내의 맛' 신소율♥김지철, 양평 2층 신혼집 마련 위해 대출 상담",연예,36,2020,02,12,6:50,1,1,0,0,0,0,0,0,0,0,0,https://news.naver.com/main/read.nhn?mode=LSD&mid=sec&sid1=106&oid=112&aid=0003266971
신소율,"[퇴근길] 신소율 김지철 신혼집, 턱없이 높은 대출의 '벽'",연예,36,2020,02,12,18:40,1,1,0,0,0,0,0,0,0,0,0,https://news.naver.com/main/read.nhn?mode=LSD&mid=sec&sid1=106&oid=417&aid=0000503883
신소율,"'김지철♥'신소율, 결혼하고 물오른 미모…팬사랑에 행복한 민트 초코 덕후",연예,37,2020,02,22,10:04,3,3,0,0,0,0,0,0,0,0,0,https://news.naver.com/main/read.nhn?mode=LSD&mid=sec&sid1=106&oid=112&aid=0003270712
신소율,"신소율, 코로나19 영향으로 마스크 낀 채 “잠깐 외출” [똑똑SNS]",연예,38,2020,02,28,24:47,2,2,0,0,0,0,0,0,0,0,0,https://news.naver.com/main/read.nhn?mode=LSD&mid=sec&sid1=106&oid=410&aid=0000673030
신소율,"'김지철♥'신소율, 실내에서도 마스크는 필수 ""힘내요 우리""",연예,38,2020,02,25,14:03,8,8,0,0,0,0,0,0,0,0,0,https://news.naver.com/main/read.nhn?mode=LSD&mid=sec&sid1=106&oid=112&aid=0003271710
신소율,"신소율, 코로나19 확산에 위로 메시지 ""힘내요 우리"" [★해시태그]",연예,38,2020,02,25,18:50,3,2,0,1,0,0,0,0,0,0,0,https://news.naver.com/main/read.nhn?mode=LSD&mid=sec&sid1=106&oid=311&aid=0001116682
신소율,"신소율, 날렵한 브이라인 자랑…'♥김지철'이 반한 비주얼 여신",연예,39,2020,03,07,14:30,5,3,0,2,0,0,0,0,0,0,0,https://news.naver.com/main/read.nhn?mode=LSD&mid=sec&sid1=106&oid=112&aid=0003275743
신소율,"`김지철♥`신소율, 레깅스로 드러낸 11자 각선美",연예,40,2020,03,09,9:24,10,10,0,0,0,0,0,0,0,0,0,https://news.naver.com/main/read.nhn?mode=LSD&mid=sec&sid1=106&oid=009&aid=0004532453
신소율,"tvN의 새 복덩이?…‘슬기로운 의사생활’, 시작부터 끌린다 [M+방송진단]",연예,40,2020,03,11,14:22,8,8,0,0,0,0,0,0,0,0,0,https://news.naver.com/main/read.nhn?mode=LSD&mid=sec&sid1=106&oid=057&aid=0001430918
신소율,"신소율, 요가로 완성한 명품 복근 '레깅스로 뽐낸 보디라인'",연예,40,2020,03,09,8:39,8,8,0,0,0,0,0,0,0,0,0,https://news.naver.com/main/read.nhn?mode=LSD&mid=sec&sid1=106&oid=117&aid=0003340562
신소율,"신소율, ♥김지철과 꿀 뚝뚝 신혼 일상 “내 자리는 어딨어?”[SNS★컷]",연예,40,2020,03,09,24:34,13,11,0,2,0,0,0,0,0,0,0,https://news.naver.com/main/read.nhn?mode=LSD&mid=sec&sid1=106&oid=609&aid=0000256128
신소율,"신소율, 레깅스로 뽐낸 몸매 라인 '건강한 섹시美'",연예,41,2020,03,20,6:00,11,11,0,0,0,0,0,0,0,0,0,https://news.naver.com/main/read.nhn?mode=LSD&mid=sec&sid1=106&oid=468&aid=0000638333
신소율,"신지수·신소율, 故 문지윤 애도 ""오랫동안 기억할게""",연예,41,2020,03,20,7:02,17,0,0,17,0,0,0,0,0,0,0,https://news.naver.com/main/read.nhn?mode=LSD&mid=sec&sid1=106&oid=018&aid=0004601576
신소율,"故 문지윤 발인식 엄수, 하늘의 별로…재희·이상윤·신소율 등 조문[종합]",연예,41,2020,03,20,14:09,45,0,0,45,0,0,0,0,0,0,0,https://news.naver.com/main/read.nhn?mode=LSD&mid=sec&sid1=106&oid=018&aid=0004602008
신소율,"'♥김지철' 신소율, 다이어트 자극 '늘씬한 몸매'",연예,41,2020,03,19,10:25,17,17,0,0,0,0,0,0,0,0,0,https://news.naver.com/main/read.nhn?mode=LSD&mid=sec&sid1=106&oid=108&aid=0002850095
신소율,‘좋은사람·배려 깊은·꿈 많았던’ 생전 문지윤을 수식했던 단어들 [종합],연예,41,2020,03,20,12:00,29,0,0,29,0,0,0,0,0,0,0,https://news.naver.com/main/read.nhn?mode=LSD&mid=sec&sid1=106&oid=144&aid=0000662682
신소율,"신소율, 故 문지윤 애도 ""실감 나지 않아…편히 쉬어요""",연예,41,2020,03,19,18:50,9,0,0,9,0,0,0,0,0,0,0,https://news.naver.com/main/read.nhn?mode=LSD&mid=sec&sid1=106&oid=311&aid=0001125249
신소율,"신소율, 故 문지윤 애도 ""한결같이 착하고 좋은 사람…편히 쉬어요""",연예,41,2020,03,19,20:43,18,0,0,18,0,0,0,0,0,0,0,https://news.naver.com/main/read.nhn?mode=LSD&mid=sec&sid1=106&oid=117&aid=0003344134
신소율,"""문지윤 오빠, 만나서 행복했어"" 신소율, 사진공개 애도",연예,41,2020,03,19,20:34,29,0,0,29,0,0,0,0,0,0,0,https://news.naver.com/main/read.nhn?mode=LSD&mid=sec&sid1=106&oid=312&aid=0000439688
신소율,[전문] 신소율 “문지윤 사망 실감 안 나…오랫동안 기억할게”,연예,41,2020,03,19,20:18,25,0,0,25,0,0,0,0,0,0,0,https://news.naver.com/main/read.nhn?mode=LSD&mid=sec&sid1=106&oid=382&aid=0000806723
신소율,"'김지철♥'신소율, 선명한 복근+명품 보디라인 자랑..건강美 넘치네",연예,41,2020,03,18,15:59,5,5,0,0,0,0,0,0,0,0,0,https://news.naver.com/main/read.nhn?mode=LSD&mid=sec&sid1=106&oid=112&aid=0003279366
신소율,"`김지철♥`신소율, 운동복으로 드러낸 명품 보디라인…新레깅스 여신",연예,41,2020,03,18,16:20,6,6,0,0,0,0,0,0,0,0,0,https://news.naver.com/main/read.nhn?mode=LSD&mid=sec&sid1=106&oid=009&aid=0004539176
신소율,"신소율, 다이어트 자극하는 인증샷…슬랜더 몸매에 탄탄 복근",연예,41,2020,03,18,16:16,7,7,0,0,0,0,0,0,0,0,0,https://news.naver.com/main/read.nhn?mode=LSD&mid=sec&sid1=106&oid=117&aid=0003343766
신소율,"신소율, 군살 없는 복근+몸매 `시선강탈`",연예,41,2020,03,18,16:25,26,25,0,1,0,0,0,0,0,0,0,https://news.naver.com/main/read.nhn?mode=LSD&mid=sec&sid1=106&oid=009&aid=0004539178
신소율,"엑소 백현→2PM 준호, ‘N번방’ 사건 청원 지지…★들의 소신발언ing(종합)",연예,42,2020,03,24,1:01,86,85,0,1,0,0,0,0,0,0,0,https://news.naver.com/main/read.nhn?mode=LSD&mid=sec&sid1=106&oid=057&aid=0001435640
신소율,"박보영, n번방 사건 강력처벌 청원 독려 ""피해자들 안타까워""",연예,42,2020,03,25,10:46,49,49,0,0,0,0,0,0,0,0,0,https://news.naver.com/main/read.nhn?mode=LSD&mid=sec&sid1=106&oid=079&aid=0003340545
신소율,"""더는 침묵 안해"" 사회 문제에 목소리 높인 여자 스타들",연예,42,2020,03,26,5:51,13,13,0,0,0,0,0,0,0,0,0,https://news.naver.com/main/read.nhn?mode=LSD&mid=sec&sid1=106&oid=018&aid=0004605949
신소율,"N번방 사건에 스타들도 분노...""수요자도 강력 처벌하라""",사회,42,2020,03,23,17:59,8,1,0,0,6,1,0,0,0,0,0,https://news.naver.com/main/read.nhn?mode=LSD&mid=sec&sid1=102&oid=310&aid=0000077463
신소율,"정려원부터 황소윤까지, 'n번방' 관심 촉구한 연예인들",생활,42,2020,03,23,13:11,121,106,3,4,5,3,0,0,0,0,0,https://news.naver.com/main/read.nhn?mode=LSD&mid=sec&sid1=103&oid=079&aid=0003339512
신소율,’n번방‘ 공분 속 여성연예인 디지털 성범죄 노출 피해 심각,연예,42,2020,03,25,6:58,1,1,0,0,0,0,0,0,0,0,0,https://news.naver.com/main/read.nhn?mode=LSD&mid=sec&sid1=106&oid=382&aid=0000807912
신소율,"'김지철♥' 신소율, 단발 헤어스타일 변신 ""새 작품 위해"" [★해시태그]",연예,42,2020,03,28,17:46,3,2,0,1,0,0,0,0,0,0,0,https://news.naver.com/main/read.nhn?mode=LSD&mid=sec&sid1=106&oid=311&aid=0001128473
신소율,"신소율, 단발 여신으로 변신…지적 카리스마 ‘뿜뿜’ [SNS★컷]",연예,42,2020,03,28,17:40,6,6,0,0,0,0,0,0,0,0,0,https://news.naver.com/main/read.nhn?mode=LSD&mid=sec&sid1=106&oid=609&aid=0000261907
신소율,"신소율, 결혼 하더니 오렌지만 잘라 먹어도 예뻐",연예,42,2020,03,26,6:34,13,11,0,2,0,0,0,0,0,0,0,https://news.naver.com/main/read.nhn?mode=LSD&mid=sec&sid1=106&oid=112&aid=0003281966
신소율,"'오! 나의 파트, 너' 김연우, 정승환 꺾고 승리…'♥신소율' 김지철 등장 [종합]",연예,43,2020,04,04,22:51,74,73,0,1,0,0,0,0,0,0,0,https://news.naver.com/main/read.nhn?mode=LSD&mid=sec&sid1=106&oid=213&aid=0001159434
신소율,"신소율, MBC 프로젝트 'SF8' 시리즈 '하얀 까마귀' 출연",연예,43,2020,04,02,10:25,1,1,0,0,0,0,0,0,0,0,0,https://news.naver.com/main/read.nhn?mode=LSD&mid=sec&sid1=106&oid=311&aid=0001130201
신소율,"'김지철♥' 신소율, ""끝 없는 집안 일"" 귀여운 새댁의 고민 [★SHOT!]",연예,43,2020,03,31,20:42,2,2,0,0,0,0,0,0,0,0,0,https://news.naver.com/main/read.nhn?mode=LSD&mid=sec&sid1=106&oid=109&aid=0004186533
신소율,"새댁 신소율, 청소 중 비장한 표정 ""원래 집안일 끝 없는 거죠?""",연예,43,2020,04,01,12:10,6,6,0,0,0,0,0,0,0,0,0,https://news.naver.com/main/read.nhn?mode=LSD&mid=sec&sid1=106&oid=112&aid=0003283938
신소율,"신소율, MBC 'SF8 하얀 까마귀' 출연… 주인공 담임 선생님 연기",연예,43,2020,04,03,12:14,6,6,0,0,0,0,0,0,0,0,0,https://news.naver.com/main/read.nhn?mode=LSD&mid=sec&sid1=106&oid=417&aid=0000526330
신소율,"첫방 '오 나의 파트, 너' 김연우·정승환, 일반인과 환상적 컬래버[★밤TView]",연예,43,2020,04,04,22:51,22,22,0,0,0,0,0,0,0,0,0,https://news.naver.com/main/read.nhn?mode=LSD&mid=sec&sid1=106&oid=108&aid=0002853685
신소율,"'오 나의 파트,너' 김연우, 92.8점으로 정승환 꺾고 勝 [종합]",연예,43,2020,04,04,22:50,11,11,0,0,0,0,0,0,0,0,0,https://news.naver.com/main/read.nhn?mode=LSD&mid=sec&sid1=106&oid=109&aid=0004188194
신소율,"하니, 공포게임 전문 인기 BJ···'하얀 까마귀'",연예,43,2020,04,02,9:47,12,11,0,0,0,0,1,0,0,0,0,https://news.naver.com/main/read.nhn?mode=LSD&mid=sec&sid1=106&oid=003&aid=0009791493
신소율,"첫방 '오 나의 파트너' 김연우, 정승환 꺾고 우승…신소율 남편 김지철 등장 [종합]",연예,43,2020,04,04,22:46,32,31,0,1,0,0,0,0,0,0,0,https://news.naver.com/main/read.nhn?mode=LSD&mid=sec&sid1=106&oid=311&aid=0001130984
신소율,"첫방 '오! 나의 파트,너' 김연우 팀, 정승환 팀 꺾고 92.8점으로 최종 우승(종합)",연예,43,2020,04,04,22:50,18,16,0,2,0,0,0,0,0,0,0,https://news.naver.com/main/read.nhn?mode=LSD&mid=sec&sid1=106&oid=112&aid=0003285208
신소율,"[종합]`오!나의 파트너` 김연우, 셀럽파이브X혼코노 20년과 함께 정승환 팀에 승리",연예,43,2020,04,04,23:00,8,8,0,0,0,0,0,0,0,0,0,https://news.naver.com/main/read.nhn?mode=LSD&mid=sec&sid1=106&oid=009&aid=0004550828
신소율,"신소율, 새신부의 유쾌한 일상... 빗자루 들고 입 삐죽",연예,43,2020,03,31,21:43,15,15,0,0,0,0,0,0,0,0,0,https://news.naver.com/main/read.nhn?mode=LSD&mid=sec&sid1=106&oid=213&aid=0001159054
신소율,"신소율, 캐주얼 감성도 찰떡이네..'♥김지철' 또 반할 상큼美",연예,43,2020,03,31,7:47,1,1,0,0,0,0,0,0,0,0,0,https://news.naver.com/main/read.nhn?mode=LSD&mid=sec&sid1=106&oid=112&aid=0003283598
신소율,"‘신혼’ 신소율, 청소하는 모습도 러블리 “끝없는 집안일”[SNS★컷]",연예,43,2020,03,31,20:46,9,8,0,1,0,0,0,0,0,0,0,https://news.naver.com/main/read.nhn?mode=LSD&mid=sec&sid1=106&oid=609&aid=0000262705
신소율,"'김지철♥' 신소율, 뾰로통한 표정 ""끝없는 집안일"" [★해시태그]",연예,43,2020,04,01,11:27,1,1,0,0,0,0,0,0,0,0,0,https://news.naver.com/main/read.nhn?mode=LSD&mid=sec&sid1=106&oid=311&aid=0001129858
신소율,"신소율♥김지철 부부, 깨 쏟아지는 신혼 ""늦은 밤 체조""",연예,44,2020,04,10,9:18,1,1,0,0,0,0,0,0,0,0,0,https://news.naver.com/main/read.nhn?mode=LSD&mid=sec&sid1=106&oid=112&aid=0003286991
신소율,"신소율, 단발머리 매력 ""새로운 꿈 꿔야 할 봄인데..""",연예,44,2020,04,09,8:44,15,15,0,0,0,0,0,0,0,0,0,https://news.naver.com/main/read.nhn?mode=LSD&mid=sec&sid1=106&oid=108&aid=0002854745
신소율,"윤시윤·경수진·신소율, OCN '트레인' 주연 낙점",생활,44,2020,04,06,14:27,85,81,3,0,1,0,0,0,0,0,0,https://news.naver.com/main/read.nhn?mode=LSD&mid=sec&sid1=103&oid=001&aid=0011526597
신소율,"신소율, OCN ‘트레인’ 출연 … 윤시윤, 경수진과 호흡",연예,44,2020,04,07,10:17,6,6,0,0,0,0,0,0,0,0,0,https://news.naver.com/main/read.nhn?mode=LSD&mid=sec&sid1=106&oid=014&aid=0004403915
신소율,"신소율, 인형 비주얼로 단발머리 완벽 소화…단아함 물씬 [★해시태그]",연예,44,2020,04,08,17:28,2,2,0,0,0,0,0,0,0,0,0,https://news.naver.com/main/read.nhn?mode=LSD&mid=sec&sid1=106&oid=311&aid=0001132507
신소율,"신소율, ♥김지철과 결혼 후 더 작아진 얼굴‥살 빠졌나[SNS★컷]",연예,44,2020,04,08,8:11,1,1,0,0,0,0,0,0,0,0,0,https://news.naver.com/main/read.nhn?mode=LSD&mid=sec&sid1=106&oid=609&aid=0000264839
신소율,"'오 나의 파트너' 김지철, ♥신소율과 신혼 깨소금 ""결혼 3개월, 빨리 보자"" [종합]",연예,44,2020,04,05,7:25,13,13,0,0,0,0,0,0,0,0,0,https://news.naver.com/main/read.nhn?mode=LSD&mid=sec&sid1=106&oid=311&aid=0001131004
신소율,"신소율, OCN 드라마 '트레인' 캐스팅… 과학수사대 감식반 연기",연예,44,2020,04,08,1:55,6,6,0,0,0,0,0,0,0,0,0,https://news.naver.com/main/read.nhn?mode=LSD&mid=sec&sid1=106&oid=417&aid=0000528280
신소율,"윤시윤·경수진·신소율, '트레인'으로 뭉친다",연예,44,2020,04,06,13:25,53,53,0,0,0,0,0,0,0,0,0,https://news.naver.com/main/read.nhn?mode=LSD&mid=sec&sid1=106&oid=015&aid=0004319284
신소율,"윤시윤·경수진·신소율, OCN '트레인' 출연 확정 ""평행세계 다룬 미스터리""",연예,44,2020,04,06,9:57,26,26,0,0,0,0,0,0,0,0,0,https://news.naver.com/main/read.nhn?mode=LSD&mid=sec&sid1=106&oid=052&aid=0001424435
신소율,"윤시윤·경수진·신소율, OCN '트레인' 출연 확정",연예,44,2020,04,06,9:19,24,24,0,0,0,0,0,0,0,0,0,https://news.naver.com/main/read.nhn?mode=LSD&mid=sec&sid1=106&oid=011&aid=0003719888
신소율,"'트레인' 주연배우 윤시윤·경수진·신소율로 확정, 올 여름 첫 방",연예,44,2020,04,06,14:58,20,20,0,0,0,0,0,0,0,0,0,https://news.naver.com/main/read.nhn?mode=LSD&mid=sec&sid1=106&oid=241&aid=0003014818
신소율,"'김지철♥'신소율, 단발머리 찰떡 소화하는 여신 미모..세련美 한가득",연예,44,2020,04,08,17:11,14,14,0,0,0,0,0,0,0,0,0,https://news.naver.com/main/read.nhn?mode=LSD&mid=sec&sid1=106&oid=112&aid=0003286394
신소율,"신소율, 결혼 후 살이 더 빠졌나..소멸 직전 머리 크기",연예,44,2020,04,08,5:29,8,8,0,0,0,0,0,0,0,0,0,https://news.naver.com/main/read.nhn?mode=LSD&mid=sec&sid1=106&oid=112&aid=0003286113
신소율,"[`오! 나의 파트, 너` 첫방] 파일럿이어 정규도 합격점…新 힐링음악예능 탄생",연예,44,2020,04,05,7:43,105,105,0,0,0,0,0,0,0,0,0,https://news.naver.com/main/read.nhn?mode=LSD&mid=sec&sid1=106&oid=009&aid=0004550841
신소율,"'오 나의 파트,너' 김연우, 환상적인 컬래버 무대로 정승환 꺾고 우승 [종합]",연예,44,2020,04,05,8:45,4,4,0,0,0,0,0,0,0,0,0,https://news.naver.com/main/read.nhn?mode=LSD&mid=sec&sid1=106&oid=109&aid=0004188242
신소율,"'오 나의 파트너' 김연우X정승환 귀호강 선사한 대결…규현, 단독 MC 합격점 [첫방]",연예,44,2020,04,05,8:30,56,56,0,0,0,0,0,0,0,0,0,https://news.naver.com/main/read.nhn?mode=LSD&mid=sec&sid1=106&oid=311&aid=0001131013
신소율,"'오 나의 파트너' 김연우 ""정승환 내가 키웠다, '너였다면' 내가 부를 뻔"" [전일야화]",연예,44,2020,04,05,9:30,41,41,0,0,0,0,0,0,0,0,0,https://news.naver.com/main/read.nhn?mode=LSD&mid=sec&sid1=106&oid=311&aid=0001131026
신소율,"신소율, 남편 김지철과 달달한 신혼일기..너무 달콤해",연예,45,2020,04,14,5:58,10,10,0,0,0,0,0,0,0,0,0,https://news.naver.com/main/read.nhn?mode=LSD&mid=sec&sid1=106&oid=112&aid=0003288092
신소율,"버벌진트, 'n번방' 자수 남성 사망에 ""신상공개도 갑시다""",생활,45,2020,04,13,11:58,54,44,2,0,8,0,0,0,0,0,0,https://news.naver.com/main/read.nhn?mode=LSD&mid=sec&sid1=103&oid=079&aid=0003348521
신소율,"세월호 6주기, 스타들도 ‘잊지 않았다’…연예계에도 쏟아진 추모 물결 [종합]",연예,45,2020,04,17,12:26,54,47,0,7,0,0,0,0,0,0,0,https://news.naver.com/main/read.nhn?mode=LSD&mid=sec&sid1=106&oid=144&aid=0000667297
신소율,"[POP이슈]""기억하겠습니다""..정우성→송가인, ★들의 세월호 6주기 추모 행렬",연예,45,2020,04,16,18:30,53,50,0,3,0,0,0,0,0,0,0,https://news.naver.com/main/read.nhn?mode=LSD&mid=sec&sid1=106&oid=112&aid=0003289162
신소율,"신소율♥김지철, 달달 신혼 일상…""표정 따라잡기"" [★해시태그]",연예,45,2020,04,14,10:11,5,5,0,0,0,0,0,0,0,0,0,https://news.naver.com/main/read.nhn?mode=LSD&mid=sec&sid1=106&oid=311&aid=0001134473
신소율,"신소율♥김지철 부부, 코로나19를 이기는 법…'달달 폭발' 신혼 일상",연예,45,2020,04,14,8:38,3,2,0,1,0,0,0,0,0,0,0,https://news.naver.com/main/read.nhn?mode=LSD&mid=sec&sid1=106&oid=117&aid=0003352384
신소율,"버벌진트, 'n번방' 관련자 사망 보도에 ""기쁘다""→""경솔vs소신"" 엇갈린 반응 [종합]",연예,45,2020,04,13,11:50,"1,809","1,785",0,24,0,0,0,0,0,0,0,https://news.naver.com/main/read.nhn?mode=LSD&mid=sec&sid1=106&oid=311&aid=0001134045
신소율,"신소율, 새댁의 화려한 미모..♥김지철이 반한 봄날의 여신",연예,46,2020,04,21,15:23,1,1,0,0,0,0,0,0,0,0,0,https://news.naver.com/main/read.nhn?mode=LSD&mid=sec&sid1=106&oid=112&aid=0003290720
신소율,"'김지철♥' 신소율, 단발 여신의 정석…'상큼+세련美' 폭발 [★해시태그]",연예,46,2020,04,21,16:02,2,2,0,0,0,0,0,0,0,0,0,https://news.naver.com/main/read.nhn?mode=LSD&mid=sec&sid1=106&oid=311&aid=0001137186
신소율,‘슬의’ 속 ‘응팔’ 시리즈물 보는 재미란[TV와치],연예,46,2020,04,24,16:39,108,108,0,0,0,0,0,0,0,0,0,https://news.naver.com/main/read.nhn?mode=LSD&mid=sec&sid1=106&oid=609&aid=0000270549
신소율,"이세희, '하얀 까마귀' 출연 확정…하니X신소율 호흡 [공식입장]",연예,47,2020,04,29,10:25,1,1,0,0,0,0,0,0,0,0,0,https://news.naver.com/main/read.nhn?mode=LSD&mid=sec&sid1=106&oid=408&aid=0000091867
신소율,"'김지철♥' 신소율, 단발병 부르는 명품 미모..결혼하고 더 예뻐졌어",연예,47,2020,04,26,22:49,7,7,0,0,0,0,0,0,0,0,0,https://news.naver.com/main/read.nhn?mode=LSD&mid=sec&sid1=106&oid=112&aid=0003292423
신소율,"이세희, MBC 첫 SF드라마 '하얀까마귀' 출연…하니와 호흡",연예,47,2020,04,30,18:08,1,1,0,0,0,0,0,0,0,0,0,https://news.naver.com/main/read.nhn?mode=LSD&mid=sec&sid1=106&oid=241&aid=0003019830
신소율,"'하얀까마귀' 이세희 ""안희연과 호흡 즐거워 촬영 기다려, 신소율 팬카페 가입""",연예,47,2020,04,29,13:40,1,1,0,0,0,0,0,0,0,0,0,https://news.naver.com/main/read.nhn?mode=LSD&mid=sec&sid1=106&oid=311&aid=0001140553
신소율,"배우 이세희, MBC 첫 SF드라마 '하얀까마귀' 캐스팅",연예,47,2020,04,29,10:23,4,4,0,0,0,0,0,0,0,0,0,https://news.naver.com/main/read.nhn?mode=LSD&mid=sec&sid1=106&oid=011&aid=0003731340
신소율,"'신혼' 신소율, 예비 신랑이 반할 늘씬한 각선미..핫팬츠의 계절",연예,48,2020,05,08,15:25,13,13,0,0,0,0,0,0,0,0,0,https://news.naver.com/main/read.nhn?mode=LSD&mid=sec&sid1=106&oid=112&aid=0003296287
신소율,"신소율, ♥김지철이 반한 러블리 미모..햇살 받아 상큼함도 업그레이드",연예,48,2020,05,07,8:26,4,4,0,0,0,0,0,0,0,0,0,https://news.naver.com/main/read.nhn?mode=LSD&mid=sec&sid1=106&oid=112&aid=0003295745
신소율,"차엽, '스토브리그' 이어 차기작 '트레인' 확정",연예,49,2020,05,11,11:27,6,5,0,0,0,0,0,1,0,0,0,https://news.naver.com/main/read.nhn?mode=LSD&mid=sec&sid1=106&oid=215&aid=0000869819
신소율,"‘스토브리그’ 차엽, 흥행연타 간다…차기작 OCN ‘트레인’ 확정 [공식]",연예,49,2020,05,11,11:00,1,1,0,0,0,0,0,0,0,0,0,https://news.naver.com/main/read.nhn?mode=LSD&mid=sec&sid1=106&oid=382&aid=0000819149
신소율,"차엽, ‘트레인’ 출연 확정…평행세계 1인 2역 연기 변신",연예,49,2020,05,11,10:49,1,1,0,0,0,0,0,0,0,0,0,https://news.naver.com/main/read.nhn?mode=LSD&mid=sec&sid1=106&oid=469&aid=0000495094
신소율,"'스토브리그' 차엽, 차기작은 '트레인'…1인 2역 연기 변신 [공식입장]",연예,49,2020,05,11,10:15,1,1,0,0,0,0,0,0,0,0,0,https://news.naver.com/main/read.nhn?mode=LSD&mid=sec&sid1=106&oid=311&aid=0001144687
신소율,"차엽, '스토브리그' 흥행 이어 차기작 '트레인' 합류..윤시윤X경수진과 호흡(공식)",연예,49,2020,05,11,9:34,7,7,0,0,0,0,0,0,0,0,0,https://news.naver.com/main/read.nhn?mode=LSD&mid=sec&sid1=106&oid=112&aid=0003296885
신소율,"차엽, `스토브리그`→`트레인` 출연 확정…흥행연타 간다",연예,49,2020,05,11,10:57,3,3,0,0,0,0,0,0,0,0,0,https://news.naver.com/main/read.nhn?mode=LSD&mid=sec&sid1=106&oid=009&aid=0004572175
신소율,"'스토브리그' 차엽, 차기작 '트레인' 확정…평행세계 1인 2역 [공식]",연예,49,2020,05,11,9:40,2,2,0,0,0,0,0,0,0,0,0,https://news.naver.com/main/read.nhn?mode=LSD&mid=sec&sid1=106&oid=018&aid=0004636998
신소율,"'김지철♥' 신소율, 신혼집 건축 현장 공개…""양평 타운하우스"" [★해시태그]",연예,50,2020,05,21,13:02,3,0,0,0,0,0,0,1,0,2,0,https://news.naver.com/main/read.nhn?mode=LSD&mid=sec&sid1=106&oid=311&aid=0001149698
신소율,신소율 “신혼집 곧 만나” 마스크 껴도 상큼美 폭발[SNS★컷],연예,50,2020,05,21,13:05,1,0,0,1,0,0,0,0,0,0,0,https://news.naver.com/main/read.nhn?mode=LSD&mid=sec&sid1=106&oid=609&aid=0000279753
신소율,"신소율, 유기동물 보호 캠페인 참여..얼굴만큼 맘도 예뻐(ft.고양이) [★SHOT!]",연예,51,2020,05,24,23:22,18,16,0,0,0,0,2,0,0,0,0,https://news.naver.com/main/read.nhn?mode=LSD&mid=sec&sid1=106&oid=109&aid=0004212224
