안보현,[인터뷰①] ‘그녀의 사생활’ 안보현 “유도 관장 캐릭터 위해 8㎏ 증량”,연예,0,2019,06,07,8:01,25,25,0,0,0,0,0,0,0,0,0,https://news.naver.com/main/read.nhn?mode=LSD&mid=sec&sid1=106&oid=009&aid=0004369652
안보현,"안보현 “김우빈, 10대부터 알고 지냈다…지금도 좋은 자극제” [인터뷰]",연예,0,2019,06,07,9:01,23,23,0,0,0,0,0,0,0,0,0,https://news.naver.com/main/read.nhn?mode=LSD&mid=sec&sid1=106&oid=213&aid=0001110664
안보현,"'배우 안보현'이 되기 위해, 그가 보낸 치열한 시간들",연예,0,2019,06,07,10:11,24,24,0,0,0,0,0,0,0,0,0,https://news.naver.com/main/read.nhn?mode=LSD&mid=sec&sid1=106&oid=047&aid=0002229504
안보현,"‘그생활’ 안보현 “애칭 ‘은기OO’, 신기하고 감사”(인터뷰)",연예,0,2019,06,08,8:01,12,12,0,0,0,0,0,0,0,0,0,https://news.naver.com/main/read.nhn?mode=LSD&mid=sec&sid1=106&oid=018&aid=0004396835
안보현,[인터뷰]안보현 “근거없는 자신감으로 여기까지 왔습니다”,연예,0,2019,06,07,8:00,83,83,0,0,0,0,0,0,0,0,0,https://news.naver.com/main/read.nhn?mode=LSD&mid=sec&sid1=106&oid=003&aid=0009273108
안보현,"[팝인터뷰②]안보현 ""'그녀의사생활'은 제 최애 드라마..덕질 편견 깼죠""",연예,0,2019,06,07,8:01,34,34,0,0,0,0,0,0,0,0,0,https://news.naver.com/main/read.nhn?mode=LSD&mid=sec&sid1=106&oid=112&aid=0003173086
안보현,‘그녀의 사생활’ 안보현 “자취 17년차…‘나혼자산다’ 즐겨 봐요” [인터뷰],연예,0,2019,06,07,17:16,38,38,0,0,0,0,0,0,0,0,0,https://news.naver.com/main/read.nhn?mode=LSD&mid=sec&sid1=106&oid=213&aid=0001110810
안보현,"안보현 ""벚꽃보다 '그녀의 사생활'…덕질에 대한 생각 바뀌었죠"" [MD인터뷰](종합)",연예,0,2019,06,07,9:00,40,40,0,0,0,0,0,0,0,0,0,https://news.naver.com/main/read.nhn?mode=LSD&mid=sec&sid1=106&oid=117&aid=0003227115
안보현,"[N인터뷰]① 안보현 ""꿈만 같았던 '그녀의 사생활', 성장 발판 됐죠""",연예,0,2019,06,07,8:00,46,46,0,0,0,0,0,0,0,0,0,https://news.naver.com/main/read.nhn?mode=LSD&mid=sec&sid1=106&oid=421&aid=0004029049
안보현,"'그녀의 사생활' 안보현 ""김재욱 나이스해..박민영 캐릭터 도움""(인터뷰①)",연예,0,2019,06,07,8:00,43,43,0,0,0,0,0,0,0,0,0,https://news.naver.com/main/read.nhn?mode=LSD&mid=sec&sid1=106&oid=108&aid=0002788541
안보현,‘그녀의사생활’ 안보현 “2% 시청률에 실망? 연연하지 않았다”[EN:인터뷰②],연예,0,2019,06,07,8:00,50,50,0,0,0,0,0,0,0,0,0,https://news.naver.com/main/read.nhn?mode=LSD&mid=sec&sid1=106&oid=609&aid=0000120072
안보현,"‘그녀의사생활’ 안보현 “로코에 입덕, 다음엔 박보영과 찍고파”[EN:인터뷰③]",연예,0,2019,06,07,8:00,23,23,0,0,0,0,0,0,0,0,0,https://news.naver.com/main/read.nhn?mode=LSD&mid=sec&sid1=106&oid=609&aid=0000120073
안보현,‘그녀의사생활’ 안보현 “김보라와 묘한 핑크빛? 케미 덕본 애드리브”[EN:인터뷰①],연예,0,2019,06,07,8:00,18,18,0,0,0,0,0,0,0,0,0,https://news.naver.com/main/read.nhn?mode=LSD&mid=sec&sid1=106&oid=609&aid=0000120071
안보현,"안보현 “김우빈, 너무 좋은 동생‥늘 조언과 응원해줘”",연예,0,2019,06,07,9:34,4,4,0,0,0,0,0,0,0,0,0,https://news.naver.com/main/read.nhn?mode=LSD&mid=sec&sid1=106&oid=057&aid=0001356993
안보현,"[팝인터뷰종합]""생애 가장 행복한 나날""..안보현, '그녀의 사생활'로 이룬 봄",연예,0,2019,06,07,9:54,17,17,0,0,0,0,0,0,0,0,0,https://news.naver.com/main/read.nhn?mode=LSD&mid=sec&sid1=106&oid=112&aid=0003173168
안보현,"'그녀의 사생활' 안보현 ""'워너비 남사친' 감사""[★FULL인터뷰]",연예,2,2019,06,16,8:30,38,38,0,0,0,0,0,0,0,0,0,https://news.naver.com/main/read.nhn?mode=LSD&mid=sec&sid1=106&oid=108&aid=0002790500
안보현,[이슈스타] ‘그녀의 사생활’ 안보현 “남은기와 비슷한 점 많아…자신 있었죠”,연예,2,2019,06,16,14:32,16,16,0,0,0,0,0,0,0,0,0,https://news.naver.com/main/read.nhn?mode=LSD&mid=sec&sid1=106&oid=396&aid=0000516357
안보현,"`이엘과 열애설` 김재욱, 파리 빛낸 `남신 비주얼`",연예,3,2019,06,28,11:17,12,12,0,0,0,0,0,0,0,0,0,https://news.naver.com/main/read.nhn?mode=LSD&mid=sec&sid1=106&oid=009&aid=0004382133
안보현,"""초심 잃지 않을 것""…'그녀의 사생활' 안보현, 성장의 증명 [인터뷰S]",연예,4,2019,07,01,13:00,17,17,0,0,0,0,0,0,0,0,0,https://news.naver.com/main/read.nhn?mode=LSD&mid=sec&sid1=106&oid=477&aid=0000192751
안보현,"안보현, 몸으로 드러낸 '관능적 남성의 섹시함'",연예,6,2019,07,20,9:24,16,16,0,0,0,0,0,0,0,0,0,https://news.naver.com/main/read.nhn?mode=LSD&mid=sec&sid1=106&oid=241&aid=0002939754
안보현,"안보현 ""'그녀의 사생활' 통해 긍정적으로 바뀌었다""[화보]",연예,6,2019,07,20,9:13,22,22,0,0,0,0,0,0,0,0,0,https://news.naver.com/main/read.nhn?mode=LSD&mid=sec&sid1=106&oid=112&aid=0003190561
안보현,"“당근↔채찍질로 몸매 관리”…안보현, 치명적 섹시美 [화보]",연예,6,2019,07,20,9:19,26,26,0,0,0,0,0,0,0,0,0,https://news.naver.com/main/read.nhn?mode=LSD&mid=sec&sid1=106&oid=382&aid=0000748150
안보현,"안보현, 파격 상체노출 화보 ""당근 주고 채찍질하며 몸매 관리""",연예,6,2019,07,20,9:17,8,8,0,0,0,0,0,0,0,0,0,https://news.naver.com/main/read.nhn?mode=LSD&mid=sec&sid1=106&oid=117&aid=0003248855
안보현,한은 금통위 성장률 예상치 또 내릴듯…이번주(15∼19일) 주요 일정,정치,6,2019,07,14,18:44,3,1,0,0,2,0,0,0,0,0,0,https://news.naver.com/main/read.nhn?mode=LSD&mid=sec&sid1=100&oid=421&aid=0004092826
안보현,"슈퍼주니어 예성 ""독하게 관리하는 편…성형설도 기분 좋아"" [화보]",연예,6,2019,07,17,9:35,83,83,0,0,0,0,0,0,0,0,0,https://news.naver.com/main/read.nhn?mode=LSD&mid=sec&sid1=106&oid=076&aid=0003443079
안보현,슈퍼주니어 예성 “계속 나이가 들어도 아이돌로 살고 싶다” [화보],연예,6,2019,07,17,8:13,213,213,0,0,0,0,0,0,0,0,0,https://news.naver.com/main/read.nhn?mode=LSD&mid=sec&sid1=106&oid=109&aid=0004051197
안보현,슈퍼주니어 예성 “성형설? 독하게 관리하는 것…유지하는 모습 보여주고 싶어” [화보],연예,6,2019,07,17,9:40,78,78,0,0,0,0,0,0,0,0,0,https://news.naver.com/main/read.nhn?mode=LSD&mid=sec&sid1=106&oid=144&aid=0000621396
안보현,"슈퍼주니어 예성 ""계속 나이가 들어도 아이돌로 살고파""[화보]",연예,6,2019,07,17,8:22,78,78,0,0,0,0,0,0,0,0,0,https://news.naver.com/main/read.nhn?mode=LSD&mid=sec&sid1=106&oid=112&aid=0003189251
안보현,"'차세대 섹시여신' 러블리즈 미주 ""특이한 출근길 포즈, 내 장점""",연예,7,2019,07,27,9:47,34,34,0,0,0,0,0,0,0,0,0,https://news.naver.com/main/read.nhn?mode=LSD&mid=sec&sid1=106&oid=468&aid=0000540409
안보현,"러블리즈 미주 ""악플 댓글 단 母, `미주 예쁘다` 보고 펑펑 울어"" [화보]",연예,7,2019,07,27,16:12,29,23,0,6,0,0,0,0,0,0,0,https://news.naver.com/main/read.nhn?mode=LSD&mid=sec&sid1=106&oid=009&aid=0004399756
안보현,"러블리즈 미주 ""악플 아래 달렸던 엄마의 댓글 보고 펑펑 울어"" [화보]",연예,7,2019,07,27,9:25,53,51,0,2,0,0,0,0,0,0,0,https://news.naver.com/main/read.nhn?mode=LSD&mid=sec&sid1=106&oid=117&aid=0003251853
안보현,"[단독] 안보현, '이태원 클라쓰' 합류…박서준과 대립각",연예,8,2019,07,30,8:55,24,24,0,0,0,0,0,0,0,0,0,https://news.naver.com/main/read.nhn?mode=LSD&mid=sec&sid1=106&oid=421&aid=0004120253
안보현,"안보현 측 ""'이태원 클라쓰' 제안 받아..아직 결정된 것 없어""(공식)",연예,8,2019,07,30,10:22,4,4,0,0,0,0,0,0,0,0,0,https://news.naver.com/main/read.nhn?mode=LSD&mid=sec&sid1=106&oid=108&aid=0002800556
안보현,"[공식입장] 진이한, FN엔터테인먼트와 전속계약…이다해·임수향 한솥밥",연예,9,2019,08,08,8:56,4,4,0,0,0,0,0,0,0,0,0,https://news.naver.com/main/read.nhn?mode=LSD&mid=sec&sid1=106&oid=421&aid=0004135264
안보현,"진이한, FN엔터테인먼트와 전속계약…박하나‧임수향과 한솥밥 [공식]",연예,9,2019,08,08,8:25,2,2,0,0,0,0,0,0,0,0,0,https://news.naver.com/main/read.nhn?mode=LSD&mid=sec&sid1=106&oid=117&aid=0003257075
안보현,"진이한, 에프앤 엔터테인먼트와 전속계약 체결…이다해·임수향과 한솥밥 [공식]",연예,9,2019,08,08,8:09,3,3,0,0,0,0,0,0,0,0,0,https://news.naver.com/main/read.nhn?mode=LSD&mid=sec&sid1=106&oid=009&aid=0004406359
안보현,"[포토]안보현, '훈훈하네~'",연예,11,2019,08,23,15:09,1,1,0,0,0,0,0,0,0,0,0,https://news.naver.com/main/read.nhn?mode=LSD&mid=sec&sid1=106&oid=241&aid=0002951044
안보현,"[사진]안보현,'큼지막한 손으로 전하는 인사'",연예,11,2019,08,23,16:58,2,2,0,0,0,0,0,0,0,0,0,https://news.naver.com/main/read.nhn?mode=LSD&mid=sec&sid1=106&oid=109&aid=0004073000
안보현,"[SW포토] 배우 안보현,환한 미소와 함게 입장",연예,11,2019,08,23,14:58,1,1,0,0,0,0,0,0,0,0,0,https://news.naver.com/main/read.nhn?mode=LSD&mid=sec&sid1=106&oid=396&aid=0000523881
안보현,"안보현, 긴장된 표정으로 [포토엔HD]",연예,11,2019,08,23,14:42,1,1,0,0,0,0,0,0,0,0,0,https://news.naver.com/main/read.nhn?mode=LSD&mid=sec&sid1=106&oid=609&aid=0000159856
안보현,"안보현, 훈훈한 인사~ [포토엔HD]",연예,11,2019,08,23,14:40,1,1,0,0,0,0,0,0,0,0,0,https://news.naver.com/main/read.nhn?mode=LSD&mid=sec&sid1=106&oid=609&aid=0000159855
안보현,"안보현, JTBC '이태원 클라쓰' 출연…박서준·권나라와 호흡",연예,11,2019,08,22,8:35,4,4,0,0,0,0,0,0,0,0,0,https://news.naver.com/main/read.nhn?mode=LSD&mid=sec&sid1=106&oid=312&aid=0000405548
안보현,"안보현, 데뷔 후 첫 악역…‘이태원 클라쓰’ 박서준 라이벌 된다",연예,11,2019,08,22,8:46,7,7,0,0,0,0,0,0,0,0,0,https://news.naver.com/main/read.nhn?mode=LSD&mid=sec&sid1=106&oid=469&aid=0000415495
안보현,"안보현, JTBC '이태원 클라쓰' 출연 확정...박서준X권나라 호흡 [공식]",연예,11,2019,08,22,15:51,1,1,0,0,0,0,0,0,0,0,0,https://news.naver.com/main/read.nhn?mode=LSD&mid=sec&sid1=106&oid=109&aid=0004072149
안보현,"안보현, ‘이태원 클라쓰’ 출연 확정…박서준과 라이벌 구도",연예,11,2019,08,22,9:23,11,11,0,0,0,0,0,0,0,0,0,https://news.naver.com/main/read.nhn?mode=LSD&mid=sec&sid1=106&oid=396&aid=0000523685
안보현,"안보현, 갈색머리 변신 ""훈훈해""",연예,12,2019,08,30,18:19,3,3,0,0,0,0,0,0,0,0,0,https://news.naver.com/main/read.nhn?mode=LSD&mid=sec&sid1=106&oid=117&aid=0003267895
안보현,"靑, 미묘한 시기 ""미군기지 조기반환""…'대미 메시지' 담겼나",정치,12,2019,08,30,20:20,"3,609",349,11,6,"3,229",14,0,0,0,0,0,https://news.naver.com/main/read.nhn?mode=LSD&mid=sec&sid1=100&oid=001&aid=0011051589
안보현,"靑, 주한미군 기지 26곳 조기환수 추진",정치,12,2019,08,30,23:01,"4,140",186,8,13,"3,916",17,0,0,0,0,0,https://news.naver.com/main/read.nhn?mode=LSD&mid=sec&sid1=100&oid=009&aid=0004419688
안보현,"청와대 ""미군기지 빨리 돌려받겠다""…방위비 인상 맞대응?",정치,12,2019,08,31,14:44,"1,419",288,3,3,"1,121",4,0,0,0,0,0,https://news.naver.com/main/read.nhn?mode=LSD&mid=sec&sid1=100&oid=422&aid=0000390534
안보현,56개국 국방차관·안보전문가 한자리에…서울안보대화 내달 4~6일 개최(종합),정치,12,2019,08,29,24:18,1,1,0,0,0,0,0,0,0,0,0,https://news.naver.com/main/read.nhn?mode=LSD&mid=sec&sid1=100&oid=003&aid=0009425187
안보현,靑 “미군기지 조기반환 적극 추진”…美 압박 메시지?,정치,12,2019,08,30,23:18,438,30,1,1,405,1,0,0,0,0,0,https://news.naver.com/main/read.nhn?mode=LSD&mid=sec&sid1=100&oid=005&aid=0001234558
안보현,"NSC ""美기지 조기반환 적극 추진…올해 용산기지 반환절차 개시""(종합)",정치,12,2019,08,30,18:25,637,54,0,0,578,5,0,0,0,0,0,https://news.naver.com/main/read.nhn?mode=LSD&mid=sec&sid1=100&oid=001&aid=0011051440
안보현,"청와대 ""미군기지 빨리 돌려받겠다""…방위비 인상 맞대응?",,12,2019,08,31,18:21,3,2,0,0,1,0,0,0,0,0,0,https://news.naver.com/main/read.nhn?mode=LSD&mid=sec&sid1=161&oid=422&aid=0000390562
안보현,56개국 국방차관·안보전문가 한자리에…서울안보대화 내주 개최,정치,12,2019,08,29,11:00,1,1,0,0,0,0,0,0,0,0,0,https://news.naver.com/main/read.nhn?mode=LSD&mid=sec&sid1=100&oid=003&aid=0009424755
안보현,아슬아슬한 한미동맹...'뜨거운 감자' 전작권 전환으로 이어지나,정치,13,2019,09,01,18:20,154,10,0,0,140,4,0,0,0,0,0,https://news.naver.com/main/read.nhn?mode=LSD&mid=sec&sid1=100&oid=011&aid=0003612118
안보현,"아태지역 56개국 군사신뢰 구축의 장, 서울안보대화 오늘 개막",정치,13,2019,09,04,10:25,1,1,0,0,0,0,0,0,0,0,0,https://news.naver.com/main/read.nhn?mode=LSD&mid=sec&sid1=100&oid=003&aid=0009436015
안보현,"독자 정찰능력 검증 덜 됐는데···연합사 이전, 전작권 연계 가능성",정치,13,2019,09,01,17:57,2,0,0,0,2,0,0,0,0,0,0,https://news.naver.com/main/read.nhn?mode=LSD&mid=sec&sid1=100&oid=011&aid=0003612113
안보현,"이다윗 측 ""'이태원 클라쓰' 출연 확정""..박서준과 호흡(공식)",연예,19,2019,10,15,15:32,8,8,0,0,0,0,0,0,0,0,0,https://news.naver.com/main/read.nhn?mode=LSD&mid=sec&sid1=106&oid=108&aid=0002817141
안보현,"문희경, 에프앤 엔터와 전속 계약 체결…""임수향·안보현과 한솥밥""",연예,20,2019,10,25,8:18,3,3,0,0,0,0,0,0,0,0,0,https://news.naver.com/main/read.nhn?mode=LSD&mid=sec&sid1=106&oid=312&aid=0000416701
안보현,"배우 문희경, FN엔터와 전속 계약…임수향·안보현과 한솥밥",연예,20,2019,10,25,9:16,3,3,0,0,0,0,0,0,0,0,0,https://news.naver.com/main/read.nhn?mode=LSD&mid=sec&sid1=106&oid=396&aid=0000530305
안보현,"문희경, FN엔터와 전속계약..임수향-안보현과 한솥밥(공식입장)",연예,20,2019,10,25,8:02,4,4,0,0,0,0,0,0,0,0,0,https://news.naver.com/main/read.nhn?mode=LSD&mid=sec&sid1=106&oid=609&aid=0000192830
안보현,"[공식] 배우 안보현, '2019 대구스포츠영화제' 홍보대사 위촉",연예,22,2019,11,08,12:35,5,5,0,0,0,0,0,0,0,0,0,https://news.naver.com/main/read.nhn?mode=LSD&mid=sec&sid1=106&oid=011&aid=0003648037
안보현,대구스포츠영화제 홍보대사 안보현,생활,22,2019,11,06,11:37,4,4,0,0,0,0,0,0,0,0,0,https://news.naver.com/main/read.nhn?mode=LSD&mid=sec&sid1=103&oid=088&aid=0000619388
안보현,"‘이태원 클라쓰’ 박서준X김다미X유재명X권나라, 첫 대본리딩 공개",연예,22,2019,11,06,9:21,10,10,0,0,0,0,0,0,0,0,0,https://news.naver.com/main/read.nhn?mode=LSD&mid=sec&sid1=106&oid=081&aid=0003041507
안보현,"'이태원클라쓰' 박서준→김다미까지 싱크로율↑ 첫만남 ""설레는 마음""",연예,22,2019,11,06,9:43,21,21,0,0,0,0,0,0,0,0,0,https://news.naver.com/main/read.nhn?mode=LSD&mid=sec&sid1=106&oid=421&aid=0004289283
안보현,"'이태원 클라쓰' 박서준X김다미X유재명X권나라, 원작 시너지 더한 연기군단",연예,22,2019,11,06,10:26,12,12,0,0,0,0,0,0,0,0,0,https://news.naver.com/main/read.nhn?mode=LSD&mid=sec&sid1=106&oid=015&aid=0004236885
안보현,"'이태원 클라쓰' 박서준X김다미X유재명X권나라, 첫 대본 리딩 현장 '퍼펙트 시너지'",연예,22,2019,11,06,9:21,17,17,0,0,0,0,0,0,0,0,0,https://news.naver.com/main/read.nhn?mode=LSD&mid=sec&sid1=106&oid=076&aid=0003492433
안보현,"‘이태원 클라쓰’ 박서준X김다미X유재명X권나라, 연기 클래스 다른 퍼펙트 시너지",연예,22,2019,11,06,24:03,11,11,0,0,0,0,0,0,0,0,0,https://news.naver.com/main/read.nhn?mode=LSD&mid=sec&sid1=106&oid=215&aid=0000821848
안보현,"'이태원 클라쓰' 박서준, 기대를 확신으로 만든 현실판 ‘박새로이’ 완성",연예,22,2019,11,07,2:11,11,11,0,0,0,0,0,0,0,0,0,https://news.naver.com/main/read.nhn?mode=LSD&mid=sec&sid1=106&oid=011&aid=0003647353
안보현,점점 거세지는 대내외 압박에도… 정부는 `지소미아 이후` 준비중,정치,23,2019,11,14,14:56,19,2,0,0,16,1,0,0,0,0,0,https://news.naver.com/main/read.nhn?mode=LSD&mid=sec&sid1=100&oid=029&aid=0002567231
안보현,"연상은 아나, '2019 대구 스포츠영화제' MC 발탁..""더욱 열심히 할 것"" 소감",연예,23,2019,11,11,15:07,2,2,0,0,0,0,0,0,0,0,0,https://news.naver.com/main/read.nhn?mode=LSD&mid=sec&sid1=106&oid=112&aid=0003233930
안보현,"김우빈, 비인두암 투병→2년 6개월만 청룡영화상 참석 ""활동재개, 복귀작 검토"" [종합]",연예,24,2019,11,21,15:27,5,5,0,0,0,0,0,0,0,0,0,https://news.naver.com/main/read.nhn?mode=LSD&mid=sec&sid1=106&oid=109&aid=0004123835
안보현,"안보현, 멋진 상남자",연예,25,2019,11,28,19:15,2,2,0,0,0,0,0,0,0,0,0,https://news.naver.com/main/read.nhn?mode=LSD&mid=sec&sid1=106&oid=011&aid=0003658939
안보현,"안보현, 훤칠 미남",연예,25,2019,11,28,19:02,1,1,0,0,0,0,0,0,0,0,0,https://news.naver.com/main/read.nhn?mode=LSD&mid=sec&sid1=106&oid=421&aid=0004331983
안보현,"안보현, 청담동 나들이~[포토엔HD]",연예,25,2019,11,28,18:57,1,1,0,0,0,0,0,0,0,0,0,https://news.naver.com/main/read.nhn?mode=LSD&mid=sec&sid1=106&oid=609&aid=0000210373
안보현,"안보현, 롱코트로 멋스럽게",연예,25,2019,11,28,19:13,1,1,0,0,0,0,0,0,0,0,0,https://news.naver.com/main/read.nhn?mode=LSD&mid=sec&sid1=106&oid=421&aid=0004331990
안보현,배우 지일주 누구? IQ 156 멘사 회원 출신,연예,25,2019,11,26,14:43,1,1,0,0,0,0,0,0,0,0,0,https://news.naver.com/main/read.nhn?mode=LSD&mid=sec&sid1=106&oid=088&aid=0000622071
안보현,"[포토]안보현, 젠틀한 인사",연예,25,2019,11,28,18:58,2,2,0,0,0,0,0,0,0,0,0,https://news.naver.com/main/read.nhn?mode=LSD&mid=sec&sid1=106&oid=112&aid=0003240888
안보현,"[사진]안보현,'훈훈하게 손 인사'",연예,25,2019,11,28,19:08,1,1,0,0,0,0,0,0,0,0,0,https://news.naver.com/main/read.nhn?mode=LSD&mid=sec&sid1=106&oid=109&aid=0004127315
안보현,안보현 '영화같은 등장'[엑's HD포토],연예,25,2019,11,28,19:18,3,3,0,0,0,0,0,0,0,0,0,https://news.naver.com/main/read.nhn?mode=LSD&mid=sec&sid1=106&oid=311&aid=0001080851
안보현,안보현 '롱코트가 잘 어울리는 남자'[엑's HD포토],연예,25,2019,11,28,19:18,1,1,0,0,0,0,0,0,0,0,0,https://news.naver.com/main/read.nhn?mode=LSD&mid=sec&sid1=106&oid=311&aid=0001080852
안보현,"'이태원 클라스' 박서준→이주영, 단체 포스터 공개...""열혈 청춘의 반격""",연예,30,2020,01,02,9:22,23,23,0,0,0,0,0,0,0,0,0,https://news.naver.com/main/read.nhn?mode=LSD&mid=sec&sid1=106&oid=076&aid=0003515386
안보현,[Y초점] 한석규·박서준·이성민·옥택연...1월 안방극장 뜨겁다,연예,30,2020,01,03,13:58,22,21,0,1,0,0,0,0,0,0,0,https://news.naver.com/main/read.nhn?mode=LSD&mid=sec&sid1=106&oid=052&aid=0001384066
안보현,"김동희, '이태원클라쓰' 포스터 공개..홍보 요정",연예,30,2020,01,02,19:03,17,17,0,0,0,0,0,0,0,0,0,https://news.naver.com/main/read.nhn?mode=LSD&mid=sec&sid1=106&oid=108&aid=0002833823
안보현,"단밤vs장가, ‘이태원 클라쓰’ 단체 포스터 2종 동시 공개",연예,30,2020,01,02,9:16,12,12,0,0,0,0,0,0,0,0,0,https://news.naver.com/main/read.nhn?mode=LSD&mid=sec&sid1=106&oid=382&aid=0000788033
안보현,"‘이태원 클라쓰’ 단밤 VS 장가, 독보적 아우라 발산 단체 포스터 2종 공개",연예,30,2020,01,02,9:12,15,15,0,0,0,0,0,0,0,0,0,https://news.naver.com/main/read.nhn?mode=LSD&mid=sec&sid1=106&oid=215&aid=0000835575
안보현,"'이태원 클라쓰' 단밤VS장가, 독보적 아우라 발산 단체 포스터 2종 동시 공개",연예,30,2020,01,02,9:29,12,12,0,0,0,0,0,0,0,0,0,https://news.naver.com/main/read.nhn?mode=LSD&mid=sec&sid1=106&oid=015&aid=0004266782
안보현,'이태원 클라쓰' 베일 벗은 배우 군단 완전체…단체 포스터 공개,연예,30,2020,01,02,9:48,17,17,0,0,0,0,0,0,0,0,0,https://news.naver.com/main/read.nhn?mode=LSD&mid=sec&sid1=106&oid=437&aid=0000227915
안보현,"'이태원 클라쓰' 박서준VS유재명, 통쾌한 한판 승부...‘꿀잼 예고’",연예,32,2020,01,18,10:32,37,37,0,0,0,0,0,0,0,0,0,https://news.naver.com/main/read.nhn?mode=LSD&mid=sec&sid1=106&oid=076&aid=0003521301
안보현,"‘이태원 클라쓰’ 예고편 전격 공개! 박서준-김다미-유재명, 강렬한 존재감 발산",연예,32,2020,01,18,14:37,36,36,0,0,0,0,0,0,0,0,0,https://news.naver.com/main/read.nhn?mode=LSD&mid=sec&sid1=106&oid=408&aid=0000085336
안보현,"'이태원 클라쓰' 박서준vs유재명, 뜨거운 한판 승부 펼쳐진다 '짜릿 긴장감'",연예,32,2020,01,18,16:15,22,22,0,0,0,0,0,0,0,0,0,https://news.naver.com/main/read.nhn?mode=LSD&mid=sec&sid1=106&oid=112&aid=0003258697
안보현,"‘이태원 클라쓰’ 박서준 “고집, 객기..제대로 부려줄게” 예고편 공개",연예,32,2020,01,18,10:40,13,13,0,0,0,0,0,0,0,0,0,https://news.naver.com/main/read.nhn?mode=LSD&mid=sec&sid1=106&oid=109&aid=0004152240
안보현,"‘이태원 클라쓰’ 박서준 “고집, 객기…제대로 부려줄게”…힙한 반란 예고편 공개",연예,32,2020,01,18,22:50,29,29,0,0,0,0,0,0,0,0,0,https://news.naver.com/main/read.nhn?mode=LSD&mid=sec&sid1=106&oid=469&aid=0000458781
안보현,"‘이태원 클래스’ 예고편 공개, 고집&객기로 뭉친 청춘들의 반란",연예,32,2020,01,18,10:32,18,18,0,0,0,0,0,0,0,0,0,https://news.naver.com/main/read.nhn?mode=LSD&mid=sec&sid1=106&oid=609&aid=0000235675
안보현,"'이태원 클라쓰' 박서준vs유재명, 기대감 불 지피는 본 예고편 전격 공개",연예,32,2020,01,18,11:50,35,35,0,0,0,0,0,0,0,0,0,https://news.naver.com/main/read.nhn?mode=LSD&mid=sec&sid1=106&oid=015&aid=0004275769
안보현,‘이태원 클라쓰’ 박서준x김다미 요즘 것들 청춘美…31일 첫방,연예,32,2020,01,18,11:02,23,23,0,0,0,0,0,0,0,0,0,https://news.naver.com/main/read.nhn?mode=LSD&mid=sec&sid1=106&oid=382&aid=0000791981
안보현,첫방 D-13 '이태원 클라쓰' 안방 씹어먹을 청춘들 온다,연예,32,2020,01,18,24:24,12,12,0,0,0,0,0,0,0,0,0,https://news.naver.com/main/read.nhn?mode=LSD&mid=sec&sid1=106&oid=213&aid=0001150442
안보현,'이태원 클라쓰' 청춘들이 온다! 기대감 지피는 예고편 전격 공개,연예,32,2020,01,18,17:08,9,9,0,0,0,0,0,0,0,0,0,https://news.naver.com/main/read.nhn?mode=LSD&mid=sec&sid1=106&oid=437&aid=0000229151
안보현,"‘이태원 클라쓰’ 유재명·권나라·김동희·안보현·김혜은, ‘장가’팸 완전체",연예,33,2020,01,23,9:34,6,6,0,0,0,0,0,0,0,0,0,https://news.naver.com/main/read.nhn?mode=LSD&mid=sec&sid1=106&oid=382&aid=0000793131
안보현,첫방송 D-7..'이태원 클라쓰' 5분 만에 '입덕' 유발,연예,33,2020,01,24,24:49,42,42,0,0,0,0,0,0,0,0,0,https://news.naver.com/main/read.nhn?mode=LSD&mid=sec&sid1=106&oid=076&aid=0003523457
안보현,"'이태원 클라쓰' 열혈 청춘 5인방, 퍼펙트 팀케미로 출격 준비 완료",연예,33,2020,01,22,9:57,16,16,0,0,0,0,0,0,0,0,0,https://news.naver.com/main/read.nhn?mode=LSD&mid=sec&sid1=106&oid=011&aid=0003684236
안보현,"‘이태원 클라쓰’, 이태원 씹어 먹을 비범한 녀석들이 온다",연예,33,2020,01,21,8:17,12,12,0,0,0,0,0,0,0,0,0,https://news.naver.com/main/read.nhn?mode=LSD&mid=sec&sid1=106&oid=215&aid=0000840821
안보현,"‘이태원 클라쓰’ 박서준→이주영, 청춘 에너지 풀장착 5인방",연예,33,2020,01,21,8:13,10,10,0,0,0,0,0,0,0,0,0,https://news.naver.com/main/read.nhn?mode=LSD&mid=sec&sid1=106&oid=609&aid=0000236903
안보현,"‘이태원 클라쓰’ 유재명X권나라X김동희X안보현X김혜은, ‘장가’ 패밀리 완전체 공개!",연예,33,2020,01,23,9:58,4,4,0,0,0,0,0,0,0,0,0,https://news.naver.com/main/read.nhn?mode=LSD&mid=sec&sid1=106&oid=469&aid=0000460192
안보현,"‘이태원클라쓰’ 유재명X권나라X김동희X안보현X김혜은, 요식업계 톱클라스의 위엄",연예,33,2020,01,23,8:40,7,7,0,0,0,0,0,0,0,0,0,https://news.naver.com/main/read.nhn?mode=LSD&mid=sec&sid1=106&oid=213&aid=0001150986
안보현,"'이태원 클라쓰' 유재명→권나라, 요식업계 톱클래스 '장가' 패밀리 완전체",연예,33,2020,01,23,8:07,9,9,0,0,0,0,0,0,0,0,0,https://news.naver.com/main/read.nhn?mode=LSD&mid=sec&sid1=106&oid=076&aid=0003523081
안보현,"'이태원 클라쓰' 유재명→권나라, 요식업계 톱클래스 '장가' 패밀리 완전체 공개",연예,33,2020,01,23,8:21,5,5,0,0,0,0,0,0,0,0,0,https://news.naver.com/main/read.nhn?mode=LSD&mid=sec&sid1=106&oid=015&aid=0004278251
안보현,"‘이태원 클라쓰’ D-7, 힙하고 핫한 드라마가 온다",연예,33,2020,01,24,11:51,25,25,0,0,0,0,0,0,0,0,0,https://news.naver.com/main/read.nhn?mode=LSD&mid=sec&sid1=106&oid=015&aid=0004278829
안보현,입덕 5분이면 충분! 미리 만나보는 '이태원 클라쓰' 전격 공개,연예,33,2020,01,24,17:37,12,12,0,0,0,0,0,0,0,0,0,https://news.naver.com/main/read.nhn?mode=LSD&mid=sec&sid1=106&oid=437&aid=0000229607
안보현,"'이태원 클라쓰' 박서준→권나라, 클라쓰 다른 시너지‥열혈 청춘들이 온다",연예,33,2020,01,24,13:02,35,35,0,0,0,0,0,0,0,0,0,https://news.naver.com/main/read.nhn?mode=LSD&mid=sec&sid1=106&oid=112&aid=0003260727
안보현,"‘이태원 클라쓰’ 박서준·김다미, 그들이 온다",연예,33,2020,01,21,9:33,31,31,0,0,0,0,0,0,0,0,0,https://news.naver.com/main/read.nhn?mode=LSD&mid=sec&sid1=106&oid=144&aid=0000652607
안보현,"‘이태원 클라쓰’ 박서준→김다미, 이태원 씹어 먹을 열혈 청춘 5인방",연예,33,2020,01,21,8:23,13,13,0,0,0,0,0,0,0,0,0,https://news.naver.com/main/read.nhn?mode=LSD&mid=sec&sid1=106&oid=109&aid=0004153497
안보현,"'이태원 클라쓰' 박서준→이주영, '단밤' 패밀리로 뭉친 열혈 청춘 5인방",연예,33,2020,01,21,8:30,10,10,0,0,0,0,0,0,0,0,0,https://news.naver.com/main/read.nhn?mode=LSD&mid=sec&sid1=106&oid=076&aid=0003522122
안보현,‘이태원 클라쓰’ 박서준·김다미·김동희·류경수·이주영 청춘美,연예,33,2020,01,21,8:58,11,11,0,0,0,0,0,0,0,0,0,https://news.naver.com/main/read.nhn?mode=LSD&mid=sec&sid1=106&oid=382&aid=0000792508
안보현,"'이태원 클라쓰' 박서준, 안보현X유재명과 악연 시작…父 손현주 사망[종합]",연예,34,2020,02,01,12:21,62,54,0,8,0,0,0,0,0,0,0,https://news.naver.com/main/read.nhn?mode=LSD&mid=sec&sid1=106&oid=076&aid=0003525876
안보현,"첫방 '이태원 클라쓰' 박서준, 손현주 죽게 한 안보현 응징(종합)",연예,34,2020,02,01,12:21,90,84,0,6,0,0,0,0,0,0,0,https://news.naver.com/main/read.nhn?mode=LSD&mid=sec&sid1=106&oid=421&aid=0004437966
안보현,"'이태원 클라쓰' 유재명, 박서준과 합의해달란 안보현 말에 ""놈은 가축""",연예,34,2020,02,01,23:29,12,12,0,0,0,0,0,0,0,0,0,https://news.naver.com/main/read.nhn?mode=LSD&mid=sec&sid1=106&oid=311&aid=0001106559
안보현,"'이태원 클라쓰' 박서준, 재벌 2세 안보현에 주먹 날렸다",연예,34,2020,01,31,23:34,23,23,0,0,0,0,0,0,0,0,0,https://news.naver.com/main/read.nhn?mode=LSD&mid=sec&sid1=106&oid=311&aid=0001106364
안보현,"‘이태원 클라쓰’ 다 잃은 박서준, 父손현주 뺑소니범 안보현에 눈물의 응징[콕TV]",연예,34,2020,02,01,12:20,10,8,0,2,0,0,0,0,0,0,0,https://news.naver.com/main/read.nhn?mode=LSD&mid=sec&sid1=106&oid=213&aid=0001152065
안보현,"'이태원 클라쓰' 안보현, 싱크로율 100% 만찢남 비하인드 컷 공개",연예,34,2020,01,27,9:20,12,12,0,0,0,0,0,0,0,0,0,https://news.naver.com/main/read.nhn?mode=LSD&mid=sec&sid1=106&oid=241&aid=0002999500
안보현,"첫방 '이태원클라쓰' 박서준VS안보현, 학교 퇴학에서 父사망까지 질긴 악연의 시작 [종합] ",연예,34,2020,02,01,7:07,9,9,0,0,0,0,0,0,0,0,0,https://news.naver.com/main/read.nhn?mode=LSD&mid=sec&sid1=106&oid=109&aid=0004158269
안보현,"'이태원클라쓰' 박서준, 친구 괴롭히는 안보현 때렸다..결국 퇴학",연예,34,2020,01,31,23:39,14,14,0,0,0,0,0,0,0,0,0,https://news.naver.com/main/read.nhn?mode=LSD&mid=sec&sid1=106&oid=108&aid=0002839891
안보현,"'이태원 클라쓰' 박서준VS안보현, 악연의 시작점 첫 만남 포착",연예,34,2020,01,28,17:10,10,10,0,0,0,0,0,0,0,0,0,https://news.naver.com/main/read.nhn?mode=LSD&mid=sec&sid1=106&oid=015&aid=0004280005
안보현,"'이태원 클라쓰', 첫방 최고 시청률 5%…박서준·안보현 악연 시작",연예,34,2020,02,01,10:04,38,38,0,0,0,0,0,0,0,0,0,https://news.naver.com/main/read.nhn?mode=LSD&mid=sec&sid1=106&oid=421&aid=0004438170
안보현,"이태원클라쓰 박서준, 전학 첫날 재벌2세 안보현에 주먹질‥결국 퇴학",연예,34,2020,02,01,12:11,18,18,0,0,0,0,0,0,0,0,0,https://news.naver.com/main/read.nhn?mode=LSD&mid=sec&sid1=106&oid=609&aid=0000241700
안보현,"첫방 '이태원 클라쓰' 박서준, 안보현 때문에 父 손현주 잃었다 '분노' [종합]",연예,34,2020,02,01,12:20,12,10,0,2,0,0,0,0,0,0,0,https://news.naver.com/main/read.nhn?mode=LSD&mid=sec&sid1=106&oid=311&aid=0001106370
안보현,"‘이태원 클라쓰’ 박서준, 父 손현주 죽인 안보현 응징‥악연 시작(종합)",연예,34,2020,02,01,12:51,20,20,0,0,0,0,0,0,0,0,0,https://news.naver.com/main/read.nhn?mode=LSD&mid=sec&sid1=106&oid=609&aid=0000241702
안보현,"[종합] 첫방 '이태원클라쓰' 박서준, 父손현주 사망…범인 안보현 찾아가 응징",연예,34,2020,02,01,12:29,21,21,0,0,0,0,0,0,0,0,0,https://news.naver.com/main/read.nhn?mode=LSD&mid=sec&sid1=106&oid=117&aid=0003328934
안보현,"'이태원클라쓰' 박서준, 안보현과 악연 시작…고집스럽지만 소신있다 [MD리뷰]",연예,34,2020,02,01,6:40,8,8,0,0,0,0,0,0,0,0,0,https://news.naver.com/main/read.nhn?mode=LSD&mid=sec&sid1=106&oid=117&aid=0003328943
안보현,"‘이태원 클라쓰’ 안보현, 첫 촬영 비하인드 컷 공개",연예,34,2020,01,27,11:33,7,7,0,0,0,0,0,0,0,0,0,https://news.naver.com/main/read.nhn?mode=LSD&mid=sec&sid1=106&oid=382&aid=0000793431
안보현,"'이태원 클라쓰' 안보현, 싱크로율 100％ #만찢남 비하인드 대 공개",연예,34,2020,01,27,8:24,5,5,0,0,0,0,0,0,0,0,0,https://news.naver.com/main/read.nhn?mode=LSD&mid=sec&sid1=106&oid=015&aid=0004279251
안보현,"‘이태원 클라쓰’ 안보현, 첫 촬영부터 반전 매력",연예,34,2020,01,27,15:05,4,4,0,0,0,0,0,0,0,0,0,https://news.naver.com/main/read.nhn?mode=LSD&mid=sec&sid1=106&oid=213&aid=0001151329
안보현,"'이태원 클라쓰' 안보현, 싱크 100% 만찢남 비주얼..교복+금발이 찰떡",연예,34,2020,01,27,8:04,9,9,0,0,0,0,0,0,0,0,0,https://news.naver.com/main/read.nhn?mode=LSD&mid=sec&sid1=106&oid=112&aid=0003261295
안보현,"`이태원 클라쓰` 박서준, 정의 구현 나섰다…안보현과 날 선 대립",연예,34,2020,01,28,16:39,8,8,0,0,0,0,0,0,0,0,0,https://news.naver.com/main/read.nhn?mode=LSD&mid=sec&sid1=106&oid=410&aid=0000664222
안보현,"'이태원 클라쓰' 악연의 시작점, 박서준 vs 안보현 첫 만남 포착",연예,34,2020,01,28,13:24,10,10,0,0,0,0,0,0,0,0,0,https://news.naver.com/main/read.nhn?mode=LSD&mid=sec&sid1=106&oid=437&aid=0000229759
안보현,"'이태원 클라쓰' 박서준vs안보현, 악연의 시작점...""주먹다짐 1초 전""",연예,34,2020,01,28,13:11,11,11,0,0,0,0,0,0,0,0,0,https://news.naver.com/main/read.nhn?mode=LSD&mid=sec&sid1=106&oid=076&aid=0003524116
안보현,"‘이태원 클라쓰’ 박서준vs안보현 악연 시작점 포착, 31일 첫방",연예,34,2020,01,28,13:13,9,9,0,0,0,0,0,0,0,0,0,https://news.naver.com/main/read.nhn?mode=LSD&mid=sec&sid1=106&oid=382&aid=0000793713
안보현,"'이태원 클라쓰' 박서준, 안보현과 다시 조우…끝나지 않은 악연(종합)",연예,35,2020,02,08,12:16,35,35,0,0,0,0,0,0,0,0,0,https://news.naver.com/main/read.nhn?mode=LSD&mid=sec&sid1=106&oid=421&aid=0004451106
안보현,‘이태원 클라쓰’ 오늘 박서준vs안보현 10년만에 경찰서 재회,연예,35,2020,02,07,13:57,32,32,0,0,0,0,0,0,0,0,0,https://news.naver.com/main/read.nhn?mode=LSD&mid=sec&sid1=106&oid=382&aid=0000796573
안보현,"'이태원 클라쓰' 김혜은X권나라, 완벽 워로맨스..소신 발언으로 '안보현 원킬'",연예,35,2020,02,08,10:35,9,9,0,0,0,0,0,0,0,0,0,https://news.naver.com/main/read.nhn?mode=LSD&mid=sec&sid1=106&oid=076&aid=0003528854
안보현,"""계획은 15년짜리""..'이태원 클라쓰' 박서준, 안보현에 복수 예고[★밤TView]",연예,35,2020,02,08,12:14,296,295,0,1,0,0,0,0,0,0,0,https://news.naver.com/main/read.nhn?mode=LSD&mid=sec&sid1=106&oid=108&aid=0002841616
안보현,"‘이태원 클라쓰’ 박서준, 영업정지 위기... 원수 안보현과 재회[콕TV]",연예,35,2020,02,08,12:14,25,25,0,0,0,0,0,0,0,0,0,https://news.naver.com/main/read.nhn?mode=LSD&mid=sec&sid1=106&oid=213&aid=0001153016
안보현,"'이태원 클라쓰' 박서준, 안보현 도발에 ""15년 공소시효..기다려""",연예,35,2020,02,08,23:07,25,25,0,0,0,0,0,0,0,0,0,https://news.naver.com/main/read.nhn?mode=LSD&mid=sec&sid1=106&oid=108&aid=0002841733
안보현,"‘이태원 클라쓰’ 안보현, 강렬한 악역의 탄생",연예,35,2020,02,02,10:00,7,7,0,0,0,0,0,0,0,0,0,https://news.naver.com/main/read.nhn?mode=LSD&mid=sec&sid1=106&oid=015&aid=0004282579
안보현,"'이태원클라쓰' 안보현, 환자복 입고 ""왜 또 추워지냐""",연예,35,2020,02,05,19:33,22,21,0,1,0,0,0,0,0,0,0,https://news.naver.com/main/read.nhn?mode=LSD&mid=sec&sid1=106&oid=108&aid=0002841071
안보현,"'이태원 클라쓰' 안보현, 강렬한 악역의 탄생 #망나니 재벌 2세",연예,35,2020,02,03,9:04,9,9,0,0,0,0,0,0,0,0,0,https://news.naver.com/main/read.nhn?mode=LSD&mid=sec&sid1=106&oid=241&aid=0003001335
안보현,"'이태원 클라쓰' 박서준, 안보현과 경찰서 재회 선전포고",연예,35,2020,02,08,11:07,6,6,0,0,0,0,0,0,0,0,0,https://news.naver.com/main/read.nhn?mode=LSD&mid=sec&sid1=106&oid=015&aid=0004286573
안보현,"'이태원 클라쓰' 박서준, 안보현과 경찰서 재회..사이다 선전포고 '강렬'",연예,35,2020,02,08,9:09,6,6,0,0,0,0,0,0,0,0,0,https://news.naver.com/main/read.nhn?mode=LSD&mid=sec&sid1=106&oid=076&aid=0003528830
안보현,"'이태원 클라쓰' 박서준X안보현, 7년만에 경찰서에서 재회(종합)",연예,35,2020,02,08,12:23,22,22,0,0,0,0,0,0,0,0,0,https://news.naver.com/main/read.nhn?mode=LSD&mid=sec&sid1=106&oid=112&aid=0003265700
안보현,"""15년짜리 계획""...'이태원 클라쓰' 박서준, 안보현에 선전포고 '복수의 서막'",연예,35,2020,02,08,11:25,8,8,0,0,0,0,0,0,0,0,0,https://news.naver.com/main/read.nhn?mode=LSD&mid=sec&sid1=106&oid=052&aid=0001398451
안보현,"‘이태원 클라쓰’ 박서준 VS 안보현, 10년 만에 경찰서에서 재회 ‘긴장감↑’",연예,35,2020,02,07,13:11,11,11,0,0,0,0,0,0,0,0,0,https://news.naver.com/main/read.nhn?mode=LSD&mid=sec&sid1=106&oid=215&aid=0000846046
안보현,"'이태원 클라쓰' 박서준VS안보현, 10년 만에 경찰서에서 재회",연예,35,2020,02,07,15:52,7,7,0,0,0,0,0,0,0,0,0,https://news.naver.com/main/read.nhn?mode=LSD&mid=sec&sid1=106&oid=437&aid=0000230616
안보현,"'이태원 클라쓰' 박서준VS안보현, 10년 만에 경찰서에서 재회 '긴장감↑'",연예,35,2020,02,07,13:13,19,19,0,0,0,0,0,0,0,0,0,https://news.naver.com/main/read.nhn?mode=LSD&mid=sec&sid1=106&oid=076&aid=0003528568
안보현,"'이태원클라쓰' 박서준x안보현, 경찰서에서 재회…반격 시작될까",연예,35,2020,02,07,16:15,17,17,0,0,0,0,0,0,0,0,0,https://news.naver.com/main/read.nhn?mode=LSD&mid=sec&sid1=106&oid=421&aid=0004450791
안보현,"'이태원클라쓰' 박서준, 김동희 형 안보현과 경찰서에서 불편한 재회..권나라 배신",연예,35,2020,02,08,12:04,27,27,0,0,0,0,0,0,0,0,0,https://news.naver.com/main/read.nhn?mode=LSD&mid=sec&sid1=106&oid=109&aid=0004162048
안보현,"이태원클라쓰 박서준, 원수 안보현과 경찰서 대면‥되풀이 된 악연[어제TV]",연예,35,2020,02,08,6:01,6,6,0,0,0,0,0,0,0,0,0,https://news.naver.com/main/read.nhn?mode=LSD&mid=sec&sid1=106&oid=609&aid=0000244864
안보현,"'이태원 클라쓰' 안보현, 압도적 악역포스…탄탄한 연기력 입증",연예,35,2020,02,02,10:04,20,20,0,0,0,0,0,0,0,0,0,https://news.naver.com/main/read.nhn?mode=LSD&mid=sec&sid1=106&oid=468&aid=0000621734
안보현,"'이태원 클라쓰' 안보현, 새로운 악역의 탄생",연예,35,2020,02,02,10:31,6,6,0,0,0,0,0,0,0,0,0,https://news.naver.com/main/read.nhn?mode=LSD&mid=sec&sid1=106&oid=108&aid=0002840081
안보현,"안보현, 재벌 2세 망나니 완벽 변신..급 다른 악역 탄생",연예,35,2020,02,02,9:15,8,8,0,0,0,0,0,0,0,0,0,https://news.naver.com/main/read.nhn?mode=LSD&mid=sec&sid1=106&oid=109&aid=0004158611
안보현,"'이태원 클라쓰' 안보현, 재별 2세 망나니 '완벽 소화'…데뷔 첫 악역 '성공적'",연예,35,2020,02,02,8:37,6,6,0,0,0,0,0,0,0,0,0,https://news.naver.com/main/read.nhn?mode=LSD&mid=sec&sid1=106&oid=311&aid=0001106587
안보현,"'이태원 클라쓰' 박서준, 안보현에 ""공소시효 때 까지 참을 것"" (종합)",연예,36,2020,02,09,12:08,16,16,0,0,0,0,0,0,0,0,0,https://news.naver.com/main/read.nhn?mode=LSD&mid=sec&sid1=106&oid=112&aid=0003265880
안보현,"""'단밤'에서 일할래요""..'이태원클라쓰' 김다미, 권나라 '악연' 시작→박서준 '입맞춤' [종합]",연예,36,2020,02,09,12:09,46,46,0,0,0,0,0,0,0,0,0,https://news.naver.com/main/read.nhn?mode=LSD&mid=sec&sid1=106&oid=109&aid=0004162531
안보현,'이태원 클라쓰' 박서준의 '소신'…뜨거운 공감X울림에 '호평',연예,36,2020,02,14,8:13,62,62,0,0,0,0,0,0,0,0,0,https://news.naver.com/main/read.nhn?mode=LSD&mid=sec&sid1=106&oid=076&aid=0003531187
안보현,"""난 잘 살고 있어""…'이태원클라쓰' 김동희, 응원 부른 청춘의 얼굴",연예,36,2020,02,15,11:58,46,46,0,0,0,0,0,0,0,0,0,https://news.naver.com/main/read.nhn?mode=LSD&mid=sec&sid1=106&oid=241&aid=0003004477
안보현,《이태원 클라쓰》로 보는 '드라마×웹툰'의 시너지,생활,36,2020,02,15,10:01,13,8,2,1,0,2,0,0,0,0,0,https://news.naver.com/main/read.nhn?mode=LSD&mid=sec&sid1=103&oid=586&aid=0000011654
안보현,"‘이태원 클라쓰’ 김다미, 박서준·권나라 입맞춤 막았다... 삼각관계 본격화[콕TV]",연예,36,2020,02,15,12:15,14,14,0,0,0,0,0,0,0,0,0,https://news.naver.com/main/read.nhn?mode=LSD&mid=sec&sid1=106&oid=213&aid=0001153954
안보현,"'이태원 클라쓰' 김다미, '단밤포차' 입성...최고 매출 찍어 (종합)",연예,36,2020,02,15,12:17,11,11,0,0,0,0,0,0,0,0,0,https://news.naver.com/main/read.nhn?mode=LSD&mid=sec&sid1=106&oid=112&aid=0003268139
안보현,"'이태원 클라쓰' 김다미, 박서준에 돌직구 고백…시청률 10% 돌파",연예,36,2020,02,09,8:16,176,176,0,0,0,0,0,0,0,0,0,https://news.naver.com/main/read.nhn?mode=LSD&mid=sec&sid1=106&oid=468&aid=0000624216
안보현,"'이태원 클라쓰' 김다미vs권나라, 박서준 두고 불꽃 튀는 신경전",연예,36,2020,02,09,8:26,8,8,0,0,0,0,0,0,0,0,0,https://news.naver.com/main/read.nhn?mode=LSD&mid=sec&sid1=106&oid=015&aid=0004286681
안보현,‘이태원 클라쓰’ 박새로이앓이 시작? 9.4% 돌파 [MK★TV시청률],연예,36,2020,02,09,9:48,12,12,0,0,0,0,0,0,0,0,0,https://news.naver.com/main/read.nhn?mode=LSD&mid=sec&sid1=106&oid=410&aid=0000667882
안보현,"[SC리뷰] 박서준X김다미 기습 입맞춤♥..'이태원 클라쓰', 9.4% 美친 상승세",연예,36,2020,02,09,9:42,"1,492","1,486",0,6,0,0,0,0,0,0,0,https://news.naver.com/main/read.nhn?mode=LSD&mid=sec&sid1=106&oid=076&aid=0003528988
안보현,"'이태원클라쓰' 유재명, 김동희에 ""약자가 사는 법? 강자에 기생""",연예,36,2020,02,14,23:21,10,10,0,0,0,0,0,0,0,0,0,https://news.naver.com/main/read.nhn?mode=LSD&mid=sec&sid1=106&oid=108&aid=0002843254
안보현,"‘이태원 클라쓰’ 김동희, 비정한 父 유재명에 “차라리 개를 키워라”",연예,36,2020,02,14,23:43,18,18,0,0,0,0,0,0,0,0,0,https://news.naver.com/main/read.nhn?mode=LSD&mid=sec&sid1=106&oid=609&aid=0000247729
안보현,"'이태원 클라쓰' 김동희, 유재명 품 떠나 독립...'실수로 태어난 존재'",연예,36,2020,02,14,23:39,13,13,0,0,0,0,0,0,0,0,0,https://news.naver.com/main/read.nhn?mode=LSD&mid=sec&sid1=106&oid=112&aid=0003268132
안보현,[시청률IS] '이태원 클라쓰' 거침없는 상승세…박서준 공약 10% 넘었다,연예,36,2020,02,09,9:00,39,39,0,0,0,0,0,0,0,0,0,https://news.naver.com/main/read.nhn?mode=LSD&mid=sec&sid1=106&oid=241&aid=0003002815
안보현,"‘이태원 클라쓰’김다미VS권나라, 박서준 두고 불꽃 튀는 신경전…시청률 10% 돌파 [간밤TV]",연예,36,2020,02,09,8:19,29,29,0,0,0,0,0,0,0,0,0,https://news.naver.com/main/read.nhn?mode=LSD&mid=sec&sid1=106&oid=144&aid=0000655370
안보현,"‘이태원 클라쓰’ 박서준 ‘소신’ 모먼트, 반란 기대하는 이유",연예,36,2020,02,14,9:19,17,17,0,0,0,0,0,0,0,0,0,https://news.naver.com/main/read.nhn?mode=LSD&mid=sec&sid1=106&oid=382&aid=0000798494
안보현,‘이태원 클라쓰’ 뜨거운 공감과 울림 선사한 박서준의 ‘소신’ 모먼트,연예,36,2020,02,14,8:15,5,5,0,0,0,0,0,0,0,0,0,https://news.naver.com/main/read.nhn?mode=LSD&mid=sec&sid1=106&oid=215&aid=0000847978
안보현,"'이태원 클라쓰', 뜨거운 공감+울림 선사한 박서준의 '소신' 모먼트",연예,36,2020,02,14,8:51,9,9,0,0,0,0,0,0,0,0,0,https://news.naver.com/main/read.nhn?mode=LSD&mid=sec&sid1=106&oid=468&aid=0000626499
안보현,"'이태원 클라쓰' 박서준의 '소신' 모먼트, 뜨거운 공감+울림 선사",연예,36,2020,02,14,8:37,24,24,0,0,0,0,0,0,0,0,0,https://news.naver.com/main/read.nhn?mode=LSD&mid=sec&sid1=106&oid=015&aid=0004290119
안보현,"“그냥 개를 키우지”…‘이태원 클라쓰’ 김동희, 유재명에게 일침! 장가에서 독립 [간밤TV]",연예,36,2020,02,15,9:18,6,6,0,0,0,0,0,0,0,0,0,https://news.naver.com/main/read.nhn?mode=LSD&mid=sec&sid1=106&oid=144&aid=0000656379
안보현,"‘이태원 클라쓰’ 김동희, 담담한 내레이션으로 전한 가족사 “나는 실수로 태어난 존재”",연예,36,2020,02,15,14:06,1,1,0,0,0,0,0,0,0,0,0,https://news.naver.com/main/read.nhn?mode=LSD&mid=sec&sid1=106&oid=396&aid=0000540169
안보현,"'이태원클라쓰' 권나라, 박서준 쥐락펴락…야망·밀당의 아이콘 활약",연예,36,2020,02,13,11:22,9,9,0,0,0,0,0,0,0,0,0,https://news.naver.com/main/read.nhn?mode=LSD&mid=sec&sid1=106&oid=117&aid=0003333058
안보현,‘이태원 클라쓰’ 권나라의 포인트3 #능력 #케미 #비주얼 만렙,연예,36,2020,02,13,11:17,18,18,0,0,0,0,0,0,0,0,0,https://news.naver.com/main/read.nhn?mode=LSD&mid=sec&sid1=106&oid=076&aid=0003530827
안보현,"‘이태원 클라쓰’ 권나라, 야망+밀당 아이콘 변신 성공적",연예,36,2020,02,13,11:07,14,14,0,0,0,0,0,0,0,0,0,https://news.naver.com/main/read.nhn?mode=LSD&mid=sec&sid1=106&oid=382&aid=0000798212
안보현,"'이태원 클라쓰' 안보현, 원작 싱크로율 100% 악연 열연",연예,37,2020,02,18,8:24,80,80,0,0,0,0,0,0,0,0,0,https://news.naver.com/main/read.nhn?mode=LSD&mid=sec&sid1=106&oid=468&aid=0000627656
안보현,[TV별점토크] '이태원 클라쓰' 사이다 클라쓰가 남다르다!,연예,37,2020,02,21,10:31,6,6,0,0,0,0,0,0,0,0,0,https://news.naver.com/main/read.nhn?mode=LSD&mid=sec&sid1=106&oid=108&aid=0002844659
안보현,"'이태원 클라쓰' 악녀 정유민, 안보현 맞선녀로 특별출연!",연예,37,2020,02,16,15:58,6,6,0,0,0,0,0,0,0,0,0,https://news.naver.com/main/read.nhn?mode=LSD&mid=sec&sid1=106&oid=437&aid=0000231279
안보현,"‘이태원 클라쓰’ 안보현, 원작 싱크로율 100% ‘물 만난 연기력’",연예,37,2020,02,18,8:10,34,34,0,0,0,0,0,0,0,0,0,https://news.naver.com/main/read.nhn?mode=LSD&mid=sec&sid1=106&oid=382&aid=0000799198
안보현,"‘이태원 클라쓰’ 안보현, 물오른 악역 연기…박서준 대립ing",연예,37,2020,02,18,9:03,14,14,0,0,0,0,0,0,0,0,0,https://news.naver.com/main/read.nhn?mode=LSD&mid=sec&sid1=106&oid=213&aid=0001154317
안보현,"'이태원클라쓰' 안보현, 원작 그 이상의 악역 탄생..싱크로율 100% 인증",연예,37,2020,02,18,8:08,24,24,0,0,0,0,0,0,0,0,0,https://news.naver.com/main/read.nhn?mode=LSD&mid=sec&sid1=106&oid=109&aid=0004167769
안보현,"'이태원 클라쓰' 안보현, 악역 포텐 폭발 '몰입감↑'",연예,38,2020,02,29,8:10,159,158,0,1,0,0,0,0,0,0,0,https://news.naver.com/main/read.nhn?mode=LSD&mid=sec&sid1=106&oid=468&aid=0000631745
안보현,"[SC리뷰]'이태원 클라쓰' 본격 2막, 김다미 스카웃 거절→안보현 자백 녹취",연예,38,2020,02,29,8:30,4,4,0,0,0,0,0,0,0,0,0,https://news.naver.com/main/read.nhn?mode=LSD&mid=sec&sid1=106&oid=076&aid=0003536659
안보현,"‘이태원 클라쓰’ 박서준·유재명·안보현 운명, 권나라에 달렸다",연예,38,2020,02,29,9:27,11,11,0,0,0,0,0,0,0,0,0,https://news.naver.com/main/read.nhn?mode=LSD&mid=sec&sid1=106&oid=382&aid=0000801946
안보현,"'이태원 클라쓰' 박서준, 안보현에 폭행당하는 김다미 구했다",연예,38,2020,02,29,23:12,18,17,0,1,0,0,0,0,0,0,0,https://news.naver.com/main/read.nhn?mode=LSD&mid=sec&sid1=106&oid=311&aid=0001118252
안보현,"'이태원클라쓰' 김다미, 안보현 속여 '폭행논란' 만들었다…장가그룹, 위기일발",연예,38,2020,02,29,23:19,9,9,0,0,0,0,0,0,0,0,0,https://news.naver.com/main/read.nhn?mode=LSD&mid=sec&sid1=106&oid=477&aid=0000234453
안보현,"'이태원 클라쓰' 김다미→박서준 공조 시작…안보현, 불구속 입건",연예,38,2020,02,29,23:30,11,11,0,0,0,0,0,0,0,0,0,https://news.naver.com/main/read.nhn?mode=LSD&mid=sec&sid1=106&oid=311&aid=0001118255
안보현,"'이태원클라쓰' 권나라, 유재명에 ""아들이라도 안보현 쳐내야 한다""",연예,38,2020,02,29,23:43,5,5,0,0,0,0,0,0,0,0,0,https://news.naver.com/main/read.nhn?mode=LSD&mid=sec&sid1=106&oid=108&aid=0002846325
안보현,"'이태원 클라쓰' 안보현, 악역 포텐 폭발…비하인드 스틸",연예,38,2020,02,29,11:32,64,64,0,0,0,0,0,0,0,0,0,https://news.naver.com/main/read.nhn?mode=LSD&mid=sec&sid1=106&oid=076&aid=0003536720
안보현,"'이태원 클라쓰' 안보현, 악랄한 악역 연기 비결은",연예,38,2020,02,29,10:34,26,25,0,1,0,0,0,0,0,0,0,https://news.naver.com/main/read.nhn?mode=LSD&mid=sec&sid1=106&oid=119&aid=0002385876
안보현,"‘이태원클라쓰’ 안보현, 한계 없는 캐릭터 소화력 ‘임팩트甲’",연예,38,2020,02,29,13:57,1,1,0,0,0,0,0,0,0,0,0,https://news.naver.com/main/read.nhn?mode=LSD&mid=sec&sid1=106&oid=015&aid=0004298676
안보현,"안보현, '이태원 클라쓰'로 新 악역 캐릭터 역사 쓴다···압도적인 포스",연예,38,2020,02,29,10:39,13,13,0,0,0,0,0,0,0,0,0,https://news.naver.com/main/read.nhn?mode=LSD&mid=sec&sid1=106&oid=011&aid=0003702362
안보현,"'이태원 클라쓰' 김다미, 안보현 뺑소니 자백 녹음…""부셔버릴 거야"" 경고(종합)",연예,38,2020,02,29,12:13,19,18,0,1,0,0,0,0,0,0,0,https://news.naver.com/main/read.nhn?mode=LSD&mid=sec&sid1=106&oid=421&aid=0004492475
안보현,"'이태원 클라쓰' 김다미, 안보현 뺑소니 자백 녹음(종합)",연예,38,2020,02,29,12:23,22,22,0,0,0,0,0,0,0,0,0,https://news.naver.com/main/read.nhn?mode=LSD&mid=sec&sid1=106&oid=112&aid=0003273127
안보현,"'이태원 클라쓰' 김다미, 안보현에 '사이다' 일침…자체 최고 경신 '14%'",연예,38,2020,02,29,10:02,178,178,0,0,0,0,0,0,0,0,0,https://news.naver.com/main/read.nhn?mode=LSD&mid=sec&sid1=106&oid=421&aid=0004492640
안보현,"[종합]""부숴버릴거다"" '이태원클라쓰' 김다미, 박서준 위해 안보현 자백 녹취",연예,38,2020,02,29,12:16,"1,178","1,169",0,9,0,0,0,0,0,0,0,https://news.naver.com/main/read.nhn?mode=LSD&mid=sec&sid1=106&oid=076&aid=0003536645
안보현,"‘이태원 클라쓰’ 권나라, 박서준-유재명-안보현 ‘운명의 칼자루’ 제대로 잡았다",연예,38,2020,02,29,24:09,6,6,0,0,0,0,0,0,0,0,0,https://news.naver.com/main/read.nhn?mode=LSD&mid=sec&sid1=106&oid=408&aid=0000087704
안보현,"‘이태원 클라쓰’ 권나라, 박서준X유재명X안보현 운명의 칼자루 쥐었다..연기력 폭발",연예,38,2020,02,29,8:19,32,31,0,1,0,0,0,0,0,0,0,https://news.naver.com/main/read.nhn?mode=LSD&mid=sec&sid1=106&oid=109&aid=0004173869
안보현,"'이태원 클라쓰' 권나라, 박서준·유재명·안보현 운명의 칼자루 쥐었다",연예,38,2020,02,29,8:13,4,4,0,0,0,0,0,0,0,0,0,https://news.naver.com/main/read.nhn?mode=LSD&mid=sec&sid1=106&oid=076&aid=0003536655
안보현,"'이태원 클라쓰' 권나라, 박서준X유재명X안보현 운명의 칼자루 쥐었다…연기 포텐 폭발",연예,38,2020,02,29,10:00,2,2,0,0,0,0,0,0,0,0,0,https://news.naver.com/main/read.nhn?mode=LSD&mid=sec&sid1=106&oid=311&aid=0001118115
안보현,"‘이태원 클라쓰’ 박서준, 안보현에 폭행당하는 김다미 구했다",연예,38,2020,02,29,23:49,24,24,0,0,0,0,0,0,0,0,0,https://news.naver.com/main/read.nhn?mode=LSD&mid=sec&sid1=106&oid=609&aid=0000253478
안보현,"'이태원 클라쓰' 박서준, 안보현과 맞서는 김다미 구해...""다 녹음했어""",연예,38,2020,02,29,23:42,10,10,0,0,0,0,0,0,0,0,0,https://news.naver.com/main/read.nhn?mode=LSD&mid=sec&sid1=106&oid=112&aid=0003273400
안보현,"이태원클라쓰 김다미, 박서준 위해 안보현 응징 “부숴버릴거야”[결정적장면]",연예,38,2020,02,29,7:26,3,3,0,0,0,0,0,0,0,0,0,https://news.naver.com/main/read.nhn?mode=LSD&mid=sec&sid1=106&oid=609&aid=0000253276
안보현,"'이태원 클라쓰' 김다미, 박서준 복수에 가담 ""장가도 부숴버리겠다""",연예,38,2020,02,29,13:27,11,11,0,0,0,0,0,0,0,0,0,https://news.naver.com/main/read.nhn?mode=LSD&mid=sec&sid1=106&oid=312&aid=0000437695
안보현,"[단독] '이태원 클라쓰' 측 ""14% 돌파 감사..박서준 반격x김다미 사랑 기대""(인터뷰)",연예,38,2020,02,29,13:44,30,30,0,0,0,0,0,0,0,0,0,https://news.naver.com/main/read.nhn?mode=LSD&mid=sec&sid1=106&oid=109&aid=0004174010
안보현,"'이태원 클라쓰' 김다미, 박서준 복수 위해 나선다…장가 몰락 위기",연예,38,2020,02,29,13:11,8,8,0,0,0,0,0,0,0,0,0,https://news.naver.com/main/read.nhn?mode=LSD&mid=sec&sid1=106&oid=076&aid=0003536733
안보현,"[스타탐구생활] '이태원 클라쓰' 안보현, 첫 악역 연기 맞나요?",연예,39,2020,03,07,8:20,25,25,0,0,0,0,0,0,0,0,0,https://news.naver.com/main/read.nhn?mode=LSD&mid=sec&sid1=106&oid=312&aid=0000438433
안보현,‘이태원 클라쓰’로 입증한 안보현의 저력,연예,39,2020,03,05,9:03,7,7,0,0,0,0,0,0,0,0,0,https://news.naver.com/main/read.nhn?mode=LSD&mid=sec&sid1=106&oid=469&aid=0000473937
안보현,"'이태원 클라쓰' 순수청년 김동희, '흑화' 포착…안보현 빈자리 차지할까",연예,39,2020,03,05,8:20,4,3,0,1,0,0,0,0,0,0,0,https://news.naver.com/main/read.nhn?mode=LSD&mid=sec&sid1=106&oid=468&aid=0000633387
안보현,"‘이태원 클라쓰’ 안보현, 매력 폭발, 새로운 믿보배 등극",연예,39,2020,03,01,8:40,26,25,0,1,0,0,0,0,0,0,0,https://news.naver.com/main/read.nhn?mode=LSD&mid=sec&sid1=106&oid=015&aid=0004298779
안보현,"'이태원 클라쓰' 유재명, 박서준X김혜은 해임안 반격 성공…아들 안보현 버렸다[종합]",연예,39,2020,03,01,12:17,706,696,0,10,0,0,0,0,0,0,0,https://news.naver.com/main/read.nhn?mode=LSD&mid=sec&sid1=106&oid=076&aid=0003536873
안보현,"'이태원 클라쓰' 유재명, 안보현 버리고 눈물쇼...박서준 경악(종합)",연예,39,2020,03,01,12:26,16,14,0,2,0,0,0,0,0,0,0,https://news.naver.com/main/read.nhn?mode=LSD&mid=sec&sid1=106&oid=112&aid=0003273414
안보현,"‘이태원 클라쓰’ 안보현, 짠내 나고 강렬·섬세한 악역의 새 발견",연예,39,2020,03,05,18:19,89,89,0,0,0,0,0,0,0,0,0,https://news.naver.com/main/read.nhn?mode=LSD&mid=sec&sid1=106&oid=016&aid=0001644741
안보현,"짠내나고 먹먹한···'이태원 클라쓰' 안보현, 악역의 새 발견",연예,39,2020,03,05,8:07,38,37,0,1,0,0,0,0,0,0,0,https://news.naver.com/main/read.nhn?mode=LSD&mid=sec&sid1=106&oid=312&aid=0000438252
안보현,"'이태원 클라쓰' 안보현, 미워할 수 없는 악역",연예,39,2020,03,05,8:58,16,16,0,0,0,0,0,0,0,0,0,https://news.naver.com/main/read.nhn?mode=LSD&mid=sec&sid1=106&oid=311&aid=0001119818
안보현,"‘이태원 클라쓰’ 안보현, 또 한 번 각성할 장근원...이해할 수 있는 악역의 발견",연예,39,2020,03,05,9:47,10,10,0,0,0,0,0,0,0,0,0,https://news.naver.com/main/read.nhn?mode=LSD&mid=sec&sid1=106&oid=011&aid=0003704937
안보현,"'이태원 클라쓰' 안보현, 짠내나는 악역으로 시선강탈",연예,39,2020,03,01,8:25,71,66,0,5,0,0,0,0,0,0,0,https://news.naver.com/main/read.nhn?mode=LSD&mid=sec&sid1=106&oid=468&aid=0000631870
안보현,"‘이태원 클라쓰’ 안보현, 악역+짠내 나는 캐릭터 완벽 소화",연예,39,2020,03,01,9:18,8,7,0,1,0,0,0,0,0,0,0,https://news.naver.com/main/read.nhn?mode=LSD&mid=sec&sid1=106&oid=410&aid=0000673345
안보현,"‘이태원 클라쓰’ 안보현, “악역 + 짠 내” 두 마리 토끼 모두 잡았다",연예,39,2020,03,01,13:10,28,28,0,0,0,0,0,0,0,0,0,https://news.naver.com/main/read.nhn?mode=LSD&mid=sec&sid1=106&oid=011&aid=0003702555
안보현,"안보현, `이태원 클라쓰`서 뽐낸 연기내공…단짠 오가는 악역",연예,39,2020,03,01,9:20,6,6,0,0,0,0,0,0,0,0,0,https://news.naver.com/main/read.nhn?mode=LSD&mid=sec&sid1=106&oid=009&aid=0004527386
안보현,"‘이태원 클라쓰’ 유재명, 아들 안보현 버렸다‥박서준 계획 실패(종합)",연예,39,2020,03,01,12:59,10,10,0,0,0,0,0,0,0,0,0,https://news.naver.com/main/read.nhn?mode=LSD&mid=sec&sid1=106&oid=609&aid=0000253483
안보현,"'이태원 클라쓰' 유재명, 장가 위해 안보현 버렸다..박서준 ""다음은 당신 차례"" [종합]",연예,39,2020,03,01,12:17,6,6,0,0,0,0,0,0,0,0,0,https://news.naver.com/main/read.nhn?mode=LSD&mid=sec&sid1=106&oid=109&aid=0004174203
안보현,"'이태원 클라쓰' 유재명, 대표 해임안 막기 위해 아들 안보현 버렸다[SC리뷰]",연예,39,2020,03,01,8:50,2,2,0,0,0,0,0,0,0,0,0,https://news.naver.com/main/read.nhn?mode=LSD&mid=sec&sid1=106&oid=076&aid=0003536888
안보현,"'이태원 클라쓰' 유재명, 子 안보현 버리고 눈물 쇼…박서준 당했다 [종합]",연예,39,2020,03,01,12:14,8,8,0,0,0,0,0,0,0,0,0,https://news.naver.com/main/read.nhn?mode=LSD&mid=sec&sid1=106&oid=311&aid=0001118260
안보현,"'이태원클라쓰' 박서준, 안보현에 ""장회장 해임 시키러 참석 했다"" [별별TV]",연예,39,2020,03,01,12:11,6,6,0,0,0,0,0,0,0,0,0,https://news.naver.com/main/read.nhn?mode=LSD&mid=sec&sid1=106&oid=108&aid=0002846327
안보현,"'이태원 클라쓰', 아들 안보현 버린 유재명...충격 반전에 시청률 1위",연예,39,2020,03,01,10:15,95,95,0,0,0,0,0,0,0,0,0,https://news.naver.com/main/read.nhn?mode=LSD&mid=sec&sid1=106&oid=052&aid=0001408166
안보현,"'이태원클라쓰' 유재명, 안보현 내치고 장가 지켰다…박서준, 선전포고하다[콕TV]",연예,39,2020,03,01,12:15,9,9,0,0,0,0,0,0,0,0,0,https://news.naver.com/main/read.nhn?mode=LSD&mid=sec&sid1=106&oid=213&aid=0001155887
안보현,"""다음 당신 차례""..'이태원클라쓰' 박서준, 안보현→유재명 칠 예고[종합]",연예,39,2020,03,01,11:15,7,7,0,0,0,0,0,0,0,0,0,https://news.naver.com/main/read.nhn?mode=LSD&mid=sec&sid1=106&oid=109&aid=0004174374
안보현,"안보현, 출소 소감(?)..섹시 팔뚝 자랑하며 ""두부 가져와라"" [★SHOT!]",연예,40,2020,03,14,9:55,22,22,0,0,0,0,0,0,0,0,0,https://news.naver.com/main/read.nhn?mode=LSD&mid=sec&sid1=106&oid=109&aid=0004179597
안보현,"[피플IS] 안보현, 연기 클래스를 입증한 '이태원 클라쓰'",연예,40,2020,03,12,16:26,119,119,0,0,0,0,0,0,0,0,0,https://news.naver.com/main/read.nhn?mode=LSD&mid=sec&sid1=106&oid=241&aid=0003009959
안보현,"'이태원클라쓰' 유재명, 박서준·안보현에 뒤통수…끝없는 극악무도 질주",연예,40,2020,03,13,14:42,7,7,0,0,0,0,0,0,0,0,0,https://news.naver.com/main/read.nhn?mode=LSD&mid=sec&sid1=106&oid=117&aid=0003342276
안보현,"[이 스타 왜 떴을까②] 안보현 ""연애 스타일? 상대방에 올인""",연예,40,2020,03,13,9:35,33,33,0,0,0,0,0,0,0,0,0,https://news.naver.com/main/read.nhn?mode=LSD&mid=sec&sid1=106&oid=427&aid=0000035889
안보현,"[이 스타 왜 떴을까①] 안보현 ""김우빈 덕에 모델→배우 어렵지 않았다""",연예,40,2020,03,13,9:35,17,17,0,0,0,0,0,0,0,0,0,https://news.naver.com/main/read.nhn?mode=LSD&mid=sec&sid1=106&oid=427&aid=0000035888
안보현,이유 있는 '빌런 앓이'…안보현X유태오의 재발견[SS스타],연예,40,2020,03,11,6:00,58,58,0,0,0,0,0,0,0,0,0,https://news.naver.com/main/read.nhn?mode=LSD&mid=sec&sid1=106&oid=468&aid=0000635145
안보현,"'이태원클라쓰' 안보현 ""I will be back""..기대UP",연예,40,2020,03,09,9:28,18,18,0,0,0,0,0,0,0,0,0,https://news.naver.com/main/read.nhn?mode=LSD&mid=sec&sid1=106&oid=108&aid=0002847893
안보현,"화제의 드라마, <이태원 클라쓰> 속 배우 소개서 ②",연예,40,2020,03,12,8:45,19,18,0,1,0,0,0,0,0,0,0,https://news.naver.com/main/read.nhn?mode=LSD&mid=sec&sid1=106&oid=140&aid=0000041977
안보현,"'이태원 클라쓰' 유재명, 박서준 뒤통수 치고 안보현 버리고..50억 클라쓰",연예,40,2020,03,13,14:34,113,113,0,0,0,0,0,0,0,0,0,https://news.naver.com/main/read.nhn?mode=LSD&mid=sec&sid1=106&oid=109&aid=0004179343
안보현,"'이태원 클라쓰' 유재명, 박서준 향한 네버엔딩 뒤통수 '셋'",연예,40,2020,03,13,17:21,12,12,0,0,0,0,0,0,0,0,0,https://news.naver.com/main/read.nhn?mode=LSD&mid=sec&sid1=106&oid=241&aid=0003010146
안보현,"'이태원 클라쓰' 유재명, 박서준 향한 '네버엔딩 뒤통수'",연예,40,2020,03,13,14:08,9,9,0,0,0,0,0,0,0,0,0,https://news.naver.com/main/read.nhn?mode=LSD&mid=sec&sid1=106&oid=076&aid=0003541670
안보현,"'이태원 클라쓰' 감금 탈출한 김다미X김동희, 안보현과 대치 '위기'",연예,41,2020,03,21,15:07,55,37,0,18,0,0,0,0,0,0,0,https://news.naver.com/main/read.nhn?mode=LSD&mid=sec&sid1=106&oid=421&aid=0004535494
안보현,"‘이태원 클라쓰’ 안보현, 박서준 향해 광기 폭발 “죄책감 집어치워”",연예,41,2020,03,21,23:29,9,9,0,0,0,0,0,0,0,0,0,https://news.naver.com/main/read.nhn?mode=LSD&mid=sec&sid1=106&oid=057&aid=0001434980
안보현,"엑소 세훈X안보현, 이 조합 최고다‥저 세상 비주얼 케미",연예,41,2020,03,21,8:01,142,142,0,0,0,0,0,0,0,0,0,https://news.naver.com/main/read.nhn?mode=LSD&mid=sec&sid1=106&oid=112&aid=0003280322
안보현,"‘이태원 클라쓰’ 안보현, 시청자 사로잡은 킬링 포인트 셋",연예,41,2020,03,19,13:55,87,87,0,0,0,0,0,0,0,0,0,https://news.naver.com/main/read.nhn?mode=LSD&mid=sec&sid1=106&oid=011&aid=0003712160
안보현,"‘이태원 클라쓰’ 권나라, 안보현 악행 덮으려는 유재명 향해 통쾌한 한 방!",연예,41,2020,03,21,14:40,29,28,0,1,0,0,0,0,0,0,0,https://news.naver.com/main/read.nhn?mode=LSD&mid=sec&sid1=106&oid=408&aid=0000089102
안보현,`이태원 클라쓰` 안보현 폭주 속 김다미·김동희 탈출 시도…박서준 구할까?,연예,41,2020,03,21,9:18,6,6,0,0,0,0,0,0,0,0,0,https://news.naver.com/main/read.nhn?mode=LSD&mid=sec&sid1=106&oid=009&aid=0004541076
안보현,"'이태원 클라쓰' 박서준 의식불명…안보현, 김다미·김동희 납치",연예,41,2020,03,20,23:15,15,9,0,6,0,0,0,0,0,0,0,https://news.naver.com/main/read.nhn?mode=LSD&mid=sec&sid1=106&oid=311&aid=0001125660
안보현,"‘이태원 클라쓰’ 김동희, 안보현 협박에 분노 “父 유재명은 널 버렸다”",연예,41,2020,03,20,23:49,2,2,0,0,0,0,0,0,0,0,0,https://news.naver.com/main/read.nhn?mode=LSD&mid=sec&sid1=106&oid=609&aid=0000259618
안보현,"'이태원클라쓰' 안보현X박서준, 공사장 몸싸움..박서준勝[별별TV]",연예,41,2020,03,21,23:39,6,6,0,0,0,0,0,0,0,0,0,https://news.naver.com/main/read.nhn?mode=LSD&mid=sec&sid1=106&oid=108&aid=0002850622
안보현,"""우리 보현이 형과"" 엑소 세훈X안보현, 훈남들의 캠핑 인증샷 [★SHOT!]",연예,41,2020,03,21,10:30,180,180,0,0,0,0,0,0,0,0,0,https://news.naver.com/main/read.nhn?mode=LSD&mid=sec&sid1=106&oid=109&aid=0004182360
안보현,"'이 조합 최고' 엑소 세훈X안보현, 훈남들의 비주얼 케미",연예,41,2020,03,21,8:25,131,131,0,0,0,0,0,0,0,0,0,https://news.naver.com/main/read.nhn?mode=LSD&mid=sec&sid1=106&oid=108&aid=0002850522
안보현,"'이태원 클라쓰' 안보현, 출구無 매력 #찰떡캐릭터 #연기 #패션",연예,41,2020,03,19,9:05,14,14,0,0,0,0,0,0,0,0,0,https://news.naver.com/main/read.nhn?mode=LSD&mid=sec&sid1=106&oid=241&aid=0003011207
안보현,"'이태원 클라쓰' 안보현, 시청자 사로잡은 이유 #캐릭터 #연기 #슈트핏",연예,41,2020,03,19,8:10,11,11,0,0,0,0,0,0,0,0,0,https://news.naver.com/main/read.nhn?mode=LSD&mid=sec&sid1=106&oid=468&aid=0000637881
안보현,"‘이태원 클라쓰’ 안보현의 재발견, #캐릭터 싱크로율 #연기 #패션",연예,41,2020,03,19,16:37,28,28,0,0,0,0,0,0,0,0,0,https://news.naver.com/main/read.nhn?mode=LSD&mid=sec&sid1=106&oid=382&aid=0000806705
안보현,"'이태원 클라쓰' 안보현, '만병근원→짠내폭발' 입덕 부르는 킬링 포인트3",연예,41,2020,03,19,8:06,11,11,0,0,0,0,0,0,0,0,0,https://news.naver.com/main/read.nhn?mode=LSD&mid=sec&sid1=106&oid=076&aid=0003543824
안보현,"'이태원 클라쓰' 김다미, 탈출 시도→무릎 꿇은 박서준…'위기'[종합]",연예,41,2020,03,21,8:27,14,11,0,3,0,0,0,0,0,0,0,https://news.naver.com/main/read.nhn?mode=LSD&mid=sec&sid1=106&oid=312&aid=0000439774
안보현,"'이태원 클라쓰', 생사 갈림길 선 박서준..이대로 무너지나",연예,41,2020,03,20,20:33,26,8,0,18,0,0,0,0,0,0,0,https://news.naver.com/main/read.nhn?mode=LSD&mid=sec&sid1=106&oid=241&aid=0003011566
안보현,"'이태원 클라쓰' 김동희, 안보현에 ""네가 그 꼴이 된 건 유재명 탓"" 일침",연예,41,2020,03,20,23:24,11,11,0,0,0,0,0,0,0,0,0,https://news.naver.com/main/read.nhn?mode=LSD&mid=sec&sid1=106&oid=421&aid=0004535079
안보현,"안보현, '나혼자산다'→나이+키+재방송+장근원役+시청률↑ [종합]",연예,42,2020,03,28,18:01,302,302,0,0,0,0,0,0,0,0,0,https://news.naver.com/main/read.nhn?mode=LSD&mid=sec&sid1=106&oid=408&aid=0000089601
안보현,"'나혼자산다' 안보현, 복싱→캠핑까지…혼자男의 무궁무진한 매력",연예,42,2020,03,28,8:16,421,420,0,1,0,0,0,0,0,0,0,https://news.naver.com/main/read.nhn?mode=LSD&mid=sec&sid1=106&oid=076&aid=0003547657
안보현,"'나혼자산다' 안보현, 살벌한 파이터 기질 되살아나…야성미 폭발",연예,42,2020,03,27,10:00,479,479,0,0,0,0,0,0,0,0,0,https://news.naver.com/main/read.nhn?mode=LSD&mid=sec&sid1=106&oid=241&aid=0003012928
안보현,안보현 “‘나혼자산다’ 재미없으면 원 투 강냉이” [똑똑SNS],연예,42,2020,03,28,9:19,80,80,0,0,0,0,0,0,0,0,0,https://news.naver.com/main/read.nhn?mode=LSD&mid=sec&sid1=106&oid=410&aid=0000680055
안보현,"'나혼자산다' 안보현, 전직 복서→올드카 캠핑 '반전 매력'(ft.세훈)(종합)",연예,42,2020,03,28,12:44,185,185,0,0,0,0,0,0,0,0,0,https://news.naver.com/main/read.nhn?mode=LSD&mid=sec&sid1=106&oid=421&aid=0004548897
안보현,"'나혼자' 안보현, 멋짐이란 게 폭발했다 [어땠어?]",연예,42,2020,03,28,6:46,8,8,0,0,0,0,0,0,0,0,0,https://news.naver.com/main/read.nhn?mode=LSD&mid=sec&sid1=106&oid=213&aid=0001158765
안보현,안보현 “이상형? 부모님한테 잘하는 여자” [MK★TV픽],연예,42,2020,03,28,3:10,11,11,0,0,0,0,0,0,0,0,0,https://news.naver.com/main/read.nhn?mode=LSD&mid=sec&sid1=106&oid=410&aid=0000680044
안보현,"'나혼자산다' 안보현 집 공개…""리모델링 직접 했다, 1600만원 절약""",연예,42,2020,03,27,23:27,433,432,0,1,0,0,0,0,0,0,0,https://news.naver.com/main/read.nhn?mode=LSD&mid=sec&sid1=106&oid=421&aid=0004548880
안보현,‘나 혼자 산다’ 안보현 “치킨 먹어본 적 없다” 충격의 도가니,연예,42,2020,03,27,23:33,45,36,0,9,0,0,0,0,0,0,0,https://news.naver.com/main/read.nhn?mode=LSD&mid=sec&sid1=106&oid=382&aid=0000808850
안보현,"'나 혼자 산다' 안보현, 복싱→감성 캠핑까지 '반전 매력' 눈길",연예,42,2020,03,28,11:38,64,64,0,0,0,0,0,0,0,0,0,https://news.naver.com/main/read.nhn?mode=LSD&mid=sec&sid1=106&oid=241&aid=0003013136
안보현,"'나혼자산다' 안보현, 복싱+캠핑 일상…야성미·소녀감성 오간 매력",연예,42,2020,03,28,9:37,123,123,0,0,0,0,0,0,0,0,0,https://news.naver.com/main/read.nhn?mode=LSD&mid=sec&sid1=106&oid=421&aid=0004549095
안보현,"안보현, ‘살벌 장근원’ 어디에? “뜻밖의 소녀감성”(나혼자산다)",연예,42,2020,03,28,9:51,44,44,0,0,0,0,0,0,0,0,0,https://news.naver.com/main/read.nhn?mode=LSD&mid=sec&sid1=106&oid=081&aid=0003077706
안보현,"안보현, '나 혼자 산다'서 17년 자취러로 등장…엑소 세훈과 절친",연예,42,2020,03,28,24:01,51,50,0,1,0,0,0,0,0,0,0,https://news.naver.com/main/read.nhn?mode=LSD&mid=sec&sid1=106&oid=312&aid=0000440583
안보현,"'나혼산' 안보현, 전직 복서의 위엄...야성미 폭발 상남자 일상 공개",연예,42,2020,03,27,11:01,22,22,0,0,0,0,0,0,0,0,0,https://news.naver.com/main/read.nhn?mode=LSD&mid=sec&sid1=106&oid=052&aid=0001420455
안보현,"'나 혼자 산다' 안보현, 전직 복서의 야성미…상남자의 하루",연예,42,2020,03,27,9:27,111,111,0,0,0,0,0,0,0,0,0,https://news.naver.com/main/read.nhn?mode=LSD&mid=sec&sid1=106&oid=468&aid=0000641403
안보현,"안보현, '나 혼자 산다' 등장..17년차 베테랑 자취 노하우",연예,42,2020,03,27,10:25,57,57,0,0,0,0,0,0,0,0,0,https://news.naver.com/main/read.nhn?mode=LSD&mid=sec&sid1=106&oid=076&aid=0003547432
안보현,"'나 혼자 산다' 안보현, 만병의 '근원'→상남자로 변신",연예,42,2020,03,27,9:30,9,9,0,0,0,0,0,0,0,0,0,https://news.naver.com/main/read.nhn?mode=LSD&mid=sec&sid1=106&oid=312&aid=0000440436
안보현,"""원 투 강냉이""..안보현, 화기애애 '나 혼자 산다' 출연 인증[★SHOT!]",연예,42,2020,03,28,8:44,9,9,0,0,0,0,0,0,0,0,0,https://news.naver.com/main/read.nhn?mode=LSD&mid=sec&sid1=106&oid=109&aid=0004185244
안보현,"""재미 없으면 원 투 강냉이""…안보현, '나혼자산다' 출연 인증 [★해시태그]",연예,42,2020,03,28,9:37,23,23,0,0,0,0,0,0,0,0,0,https://news.naver.com/main/read.nhn?mode=LSD&mid=sec&sid1=106&oid=311&aid=0001128355
안보현,"안보현, '나 혼자 산다' 멤버들과 한 컷 ""재미없으면 원투 강냉이""",연예,42,2020,03,28,11:43,210,210,0,0,0,0,0,0,0,0,0,https://news.naver.com/main/read.nhn?mode=LSD&mid=sec&sid1=106&oid=241&aid=0003013137
안보현,"‘나 혼자 산다’ 안보현, ‘감성 캠핑’ 게스트로 엑소 세훈 초대",연예,42,2020,03,28,2:12,99,99,0,0,0,0,0,0,0,0,0,https://news.naver.com/main/read.nhn?mode=LSD&mid=sec&sid1=106&oid=408&aid=0000089552
안보현,"'나혼자산다' EXO 세훈, 안보현 절친으로 깜짝 등장 ""제 술친구""",연예,42,2020,03,28,12:05,410,410,0,0,0,0,0,0,0,0,0,https://news.naver.com/main/read.nhn?mode=LSD&mid=sec&sid1=106&oid=112&aid=0003282718
안보현,"""매력 터졌다""...'나 혼자 산다' 안보현, 알뜰 살림꾼→캠핑 끝판왕(ft.세훈) [전일야화]",연예,42,2020,03,28,6:55,105,103,0,2,0,0,0,0,0,0,0,https://news.naver.com/main/read.nhn?mode=LSD&mid=sec&sid1=106&oid=311&aid=0001128331
안보현,"[팝업★]""자취 17년 차""..안보현, 직접 리모델링한 집+캠핑카 공개→즉흥 캠핑(feat.엑소 세훈)",연예,42,2020,03,28,14:39,28,28,0,0,0,0,0,0,0,0,0,https://news.naver.com/main/read.nhn?mode=LSD&mid=sec&sid1=106&oid=112&aid=0003282844
안보현,"""감각적 인테리어""...'나 혼자 산다' 안보현, 직접 리모델링한 '집 공개'",연예,42,2020,03,27,23:28,16,16,0,0,0,0,0,0,0,0,0,https://news.naver.com/main/read.nhn?mode=LSD&mid=sec&sid1=106&oid=311&aid=0001128313
안보현,"'나 혼자 산다' 안보현 ""자취 17년 차…음식 시켜본 적 없다""",연예,42,2020,03,27,23:33,171,171,0,0,0,0,0,0,0,0,0,https://news.naver.com/main/read.nhn?mode=LSD&mid=sec&sid1=106&oid=076&aid=0003547646
안보현,"[단독] 안보현, MBC ‘카이로스’ 캐스팅...신성록과 호흡",연예,43,2020,04,04,13:46,391,391,0,0,0,0,0,0,0,0,0,https://news.naver.com/main/read.nhn?mode=LSD&mid=sec&sid1=106&oid=469&aid=0000484355
안보현,"'나 혼자 산다' 안보현X손담비, 현실 절친들과 특별한 힐링데이",연예,43,2020,04,04,9:14,23,23,0,0,0,0,0,0,0,0,0,https://news.naver.com/main/read.nhn?mode=LSD&mid=sec&sid1=106&oid=241&aid=0003014468
안보현,[인터뷰] 안보현의 생존법 “철이 가득 찼습니다”,연예,43,2020,04,04,23:06,179,179,0,0,0,0,0,0,0,0,0,https://news.naver.com/main/read.nhn?mode=LSD&mid=sec&sid1=106&oid=011&aid=0003719593
안보현,"[RE:TV] '나혼자산다' 박서준, 안보현과 깜짝 통화…목소리 하나로 '심쿵'",연예,43,2020,04,04,5:30,60,60,0,0,0,0,0,0,0,0,0,https://news.naver.com/main/read.nhn?mode=LSD&mid=sec&sid1=106&oid=421&aid=0004563665
안보현,"'나혼자산다' 안보현, 엑소 세훈과 캠핑+드론 즐기기 ""느낌있다"" 감탄",연예,43,2020,04,03,23:42,137,137,0,0,0,0,0,0,0,0,0,https://news.naver.com/main/read.nhn?mode=LSD&mid=sec&sid1=106&oid=076&aid=0003550482
안보현,"'나혼산' 안보현, 엑소 세훈과 감성 캠핑...국민 악역의 반전 취미",연예,43,2020,04,02,14:25,21,21,0,0,0,0,0,0,0,0,0,https://news.naver.com/main/read.nhn?mode=LSD&mid=sec&sid1=106&oid=052&aid=0001423088
안보현,"[단독]안보현, '나혼산' 이어 '골목식당' 출격..핫한 행보",연예,43,2020,04,03,10:44,114,114,0,0,0,0,0,0,0,0,0,https://news.naver.com/main/read.nhn?mode=LSD&mid=sec&sid1=106&oid=108&aid=0002853420
안보현,"안보현X엑소 세훈, 이 조합은 사랑♥ ""'나 혼자 산다' 오늘도 본방사수""",연예,43,2020,04,03,20:56,37,37,0,0,0,0,0,0,0,0,0,https://news.naver.com/main/read.nhn?mode=LSD&mid=sec&sid1=106&oid=112&aid=0003285015
안보현,"'나혼자산다' 박서준, 안보현에 전화 ""얼굴이라도 보면 좋은데..."" 미련",연예,43,2020,04,03,23:54,205,205,0,0,0,0,0,0,0,0,0,https://news.naver.com/main/read.nhn?mode=LSD&mid=sec&sid1=106&oid=213&aid=0001159397
안보현,"안보현, '이태원 클라쓰' 인기 이어갈까… MBC '카이로스' 출연 결정",연예,43,2020,04,04,14:54,100,100,0,0,0,0,0,0,0,0,0,https://news.naver.com/main/read.nhn?mode=LSD&mid=sec&sid1=106&oid=277&aid=0004655734
안보현,"[팝업★]안보현 ""MBC '카이로스' 출연 긍정 검토 중""..대세 행보 이어갈까(공식)",연예,43,2020,04,04,16:49,73,73,0,0,0,0,0,0,0,0,0,https://news.naver.com/main/read.nhn?mode=LSD&mid=sec&sid1=106&oid=112&aid=0003285173
안보현,"안보현 ""'카이로스' 긍정 검토중""…'이태원 클라쓰' 인기 상승세 이어갈까",연예,43,2020,04,04,15:17,119,119,0,0,0,0,0,0,0,0,0,https://news.naver.com/main/read.nhn?mode=LSD&mid=sec&sid1=106&oid=312&aid=0000441287
안보현,"[SC리뷰]'나혼자산다' 손담비, 공효진X려원과 깜짝 생일파티→안보현·세훈 '힐링 캠핑'",연예,43,2020,04,04,7:50,153,152,0,1,0,0,0,0,0,0,0,https://news.naver.com/main/read.nhn?mode=LSD&mid=sec&sid1=106&oid=076&aid=0003550490
안보현,"'나 혼자 산다' 안보현X손담비, 현실 절친과 함께한 힐링데이(ft.공효진X세훈)",연예,43,2020,04,04,8:09,8,8,0,0,0,0,0,0,0,0,0,https://news.naver.com/main/read.nhn?mode=LSD&mid=sec&sid1=106&oid=468&aid=0000644296
안보현,"[리뷰IS] ""열정의 하루""…나혼자산다' 안보현·손담비 찐친과 힐링타임",연예,43,2020,04,04,9:32,6,6,0,0,0,0,0,0,0,0,0,https://news.naver.com/main/read.nhn?mode=LSD&mid=sec&sid1=106&oid=241&aid=0003014470
안보현,"'나혼자산다' 손담비→공효진·려원, 안보현→세훈, 함께해서 더 특별한 하루",연예,43,2020,04,04,8:56,65,65,0,0,0,0,0,0,0,0,0,https://news.naver.com/main/read.nhn?mode=LSD&mid=sec&sid1=106&oid=076&aid=0003550505
안보현,"‘나 혼자 산다’ 안보현, 엑소 세훈과 브로맨스 캠핑",연예,43,2020,04,04,11:07,301,301,0,0,0,0,0,0,0,0,0,https://news.naver.com/main/read.nhn?mode=LSD&mid=sec&sid1=106&oid=396&aid=0000545497
안보현,"‘나 혼자 산다’ 안보현, 세훈 위한 다정다감 ‘어미 새’ 모드 훈훈(feat. 박서준)",연예,43,2020,04,04,12:54,47,47,0,0,0,0,0,0,0,0,0,https://news.naver.com/main/read.nhn?mode=LSD&mid=sec&sid1=106&oid=408&aid=0000089997
안보현,"""낭만 캠핑""..안보현, 절친 세훈과 '나 혼자 산다' 인증샷",연예,43,2020,04,04,10:21,52,52,0,0,0,0,0,0,0,0,0,https://news.naver.com/main/read.nhn?mode=LSD&mid=sec&sid1=106&oid=241&aid=0003014477
안보현,"'나혼자산다' 안보현, 엑소 세훈도 인정한 캠핑 A TO Z(ft.달고나) [종합]",연예,43,2020,04,04,7:44,43,43,0,0,0,0,0,0,0,0,0,https://news.naver.com/main/read.nhn?mode=LSD&mid=sec&sid1=106&oid=109&aid=0004187903
안보현,"박서준, 안보현에 전화→나혼자산다 출연 불발 “부모님과 살아”[결정적장면]",연예,43,2020,04,04,6:01,86,84,0,2,0,0,0,0,0,0,0,https://news.naver.com/main/read.nhn?mode=LSD&mid=sec&sid1=106&oid=609&aid=0000263754
안보현,"'나혼자산다' 안보현, 세훈과 함께 캠핑..현실 형제 케미",연예,43,2020,04,03,23:21,195,195,0,0,0,0,0,0,0,0,0,https://news.naver.com/main/read.nhn?mode=LSD&mid=sec&sid1=106&oid=108&aid=0002853547
안보현,"안보현, 엑소 세훈과 캠핑여행···'나혼자산다'",연예,43,2020,04,03,15:43,167,167,0,0,0,0,0,0,0,0,0,https://news.naver.com/main/read.nhn?mode=LSD&mid=sec&sid1=106&oid=003&aid=0009795061
안보현,"'나 혼자 산다' 안보현, 클래식카 루프탑 자랑...세훈 웃음",연예,43,2020,04,03,23:29,50,50,0,0,0,0,0,0,0,0,0,https://news.naver.com/main/read.nhn?mode=LSD&mid=sec&sid1=106&oid=311&aid=0001130836
안보현,"‘나혼자산다’ 안보현, 세훈과 힐링 캠프...달고나 커피·쭈꾸미 먹방까지",연예,43,2020,04,03,23:45,35,35,0,0,0,0,0,0,0,0,0,https://news.naver.com/main/read.nhn?mode=LSD&mid=sec&sid1=106&oid=009&aid=0004550621
안보현,"'나혼자 산다' 안보현, 국민악역→동네형 변신..엑소 세훈과 낭만 캠핑♥",연예,43,2020,04,02,15:49,46,46,0,0,0,0,0,0,0,0,0,https://news.naver.com/main/read.nhn?mode=LSD&mid=sec&sid1=106&oid=404&aid=0000264029
안보현,"'나 혼자 산다' 안보현, 엑소 세훈과 함께하는 힐링 데이",연예,43,2020,04,02,16:07,52,52,0,0,0,0,0,0,0,0,0,https://news.naver.com/main/read.nhn?mode=LSD&mid=sec&sid1=106&oid=018&aid=0004611874
안보현,"'나 혼자 산다' 안보현, 절친 세훈과 그림 같은 하루...캠핑 욕구 부르는 힐링 데이",연예,43,2020,04,02,14:05,191,191,0,0,0,0,0,0,0,0,0,https://news.naver.com/main/read.nhn?mode=LSD&mid=sec&sid1=106&oid=076&aid=0003549992
안보현,"‘나 혼자 산다’ 안보현, 엑소 세훈과 브로맨스 캠핑",연예,43,2020,04,02,18:32,41,41,0,0,0,0,0,0,0,0,0,https://news.naver.com/main/read.nhn?mode=LSD&mid=sec&sid1=106&oid=144&aid=0000665010
안보현,"안보현X엑소 세훈, 눈호강 절친 투샷…""'나혼자산다' 본방사수"" [★해시태그]",연예,43,2020,04,03,18:06,77,77,0,0,0,0,0,0,0,0,0,https://news.naver.com/main/read.nhn?mode=LSD&mid=sec&sid1=106&oid=311&aid=0001130793
안보현,안보현·이주영·지이수·송진우 '런닝맨' 출격,연예,44,2020,04,10,17:57,28,28,0,0,0,0,0,0,0,0,0,https://news.naver.com/main/read.nhn?mode=LSD&mid=sec&sid1=106&oid=079&aid=0003347923
안보현,"안보현, 남다른 기럭지로 시선 집중..완벽한 비율",연예,44,2020,04,06,9:33,79,79,0,0,0,0,0,0,0,0,0,https://news.naver.com/main/read.nhn?mode=LSD&mid=sec&sid1=106&oid=108&aid=0002853928
안보현,"'이태원클라쓰' 작가, 선거 홍보 이용에 ""정치적 성향 띠지 않길""→안보현 ""클라쓰가 달라""[종합]",연예,44,2020,04,07,19:52,20,20,0,0,0,0,0,0,0,0,0,https://news.naver.com/main/read.nhn?mode=LSD&mid=sec&sid1=106&oid=109&aid=0004189314
안보현,‘하트시그널 시즌3’ 2주연속 비드라마 화제성 1위…출연자 직업 공개,연예,44,2020,04,08,18:57,33,33,0,0,0,0,0,0,0,0,0,https://news.naver.com/main/read.nhn?mode=LSD&mid=sec&sid1=106&oid=076&aid=0003552346
안보현,"규현, 달고나 커피 10분만에 대성공..안보현x세훈 보고 있나? [★SHOT!]",연예,44,2020,04,07,17:41,48,48,0,0,0,0,0,0,0,0,0,https://news.naver.com/main/read.nhn?mode=LSD&mid=sec&sid1=106&oid=109&aid=0004189280
안보현,"안보현·이주영, '런닝맨' 접수한다···대세스타",연예,44,2020,04,10,17:38,47,47,0,0,0,0,0,0,0,0,0,https://news.naver.com/main/read.nhn?mode=LSD&mid=sec&sid1=106&oid=003&aid=0009809551
안보현,"'런닝맨' 안보현·이주영·지이수·송진우 출격...""대세 배우 모였다""",연예,44,2020,04,10,15:13,6,6,0,0,0,0,0,0,0,0,0,https://news.naver.com/main/read.nhn?mode=LSD&mid=sec&sid1=106&oid=076&aid=0003553201
안보현,"'라이징 스타' 안보현X이주영X지이수X송진우, '런닝맨' 총출동",연예,44,2020,04,10,15:12,9,9,0,0,0,0,0,0,0,0,0,https://news.naver.com/main/read.nhn?mode=LSD&mid=sec&sid1=106&oid=416&aid=0000257084
안보현,"'런닝맨' 안보현X이주영X지이수X송진우, '대세 라이징 스타' 총출동",연예,44,2020,04,10,15:01,2,2,0,0,0,0,0,0,0,0,0,https://news.naver.com/main/read.nhn?mode=LSD&mid=sec&sid1=106&oid=312&aid=0000442059
안보현,"이주영, 이름표 부착하고 '런닝맨' 출격 예고 ""일요일 저녁 5시""",연예,44,2020,04,11,15:37,63,63,0,0,0,0,0,0,0,0,0,https://news.naver.com/main/read.nhn?mode=LSD&mid=sec&sid1=106&oid=241&aid=0003015805
안보현,"‘하트시그널3’ 화제성 폭발, 2주 연속 비드라마 1위",연예,44,2020,04,08,19:21,49,49,0,0,0,0,0,0,0,0,0,https://news.naver.com/main/read.nhn?mode=LSD&mid=sec&sid1=106&oid=609&aid=0000265114
안보현,안보현 “나 1등 했다”...‘런닝맨’ 출연 인증샷 [똑똑SNS],연예,45,2020,04,13,10:34,8,8,0,0,0,0,0,0,0,0,0,https://news.naver.com/main/read.nhn?mode=LSD&mid=sec&sid1=106&oid=410&aid=0000684115
안보현,"[종합]'런닝맨' 안보현 팀, 트레이드 성공 후 상품 파티→악마 3인 공개→유재석 홀로 '꽝'",연예,45,2020,04,12,18:31,22,20,0,2,0,0,0,0,0,0,0,https://news.naver.com/main/read.nhn?mode=LSD&mid=sec&sid1=106&oid=076&aid=0003553721
안보현,"'런닝맨'안보현, '이태원 클라쓰' OST '돌덩이' 부르며 등장",연예,45,2020,04,12,17:13,35,35,0,0,0,0,0,0,0,0,0,https://news.naver.com/main/read.nhn?mode=LSD&mid=sec&sid1=106&oid=311&aid=0001133799
안보현,"'런닝맨' 안보현, 펭수 성대모사→100점 가창력으로 '매력 발산'",연예,45,2020,04,12,17:15,34,34,0,0,0,0,0,0,0,0,0,https://news.naver.com/main/read.nhn?mode=LSD&mid=sec&sid1=106&oid=112&aid=0003287641
안보현,"'런닝맨' 안보현, 과거 김종국 복싱 자세 지적 해명 ""악마의 편집""",연예,45,2020,04,13,6:20,11,11,0,0,0,0,0,0,0,0,0,https://news.naver.com/main/read.nhn?mode=LSD&mid=sec&sid1=106&oid=117&aid=0003351933
안보현,"'런닝맨' 안보현 ""나 1등했다""..귀여운 자랑",연예,45,2020,04,13,5:51,46,46,0,0,0,0,0,0,0,0,0,https://news.naver.com/main/read.nhn?mode=LSD&mid=sec&sid1=106&oid=108&aid=0002855589
안보현,"안보현X이주영, 다시 만난 ‘이태원 클라쓰’ 인연‥반전 남매케미[SNS★컷]",연예,45,2020,04,13,24:32,3,3,0,0,0,0,0,0,0,0,0,https://news.naver.com/main/read.nhn?mode=LSD&mid=sec&sid1=106&oid=609&aid=0000266709
안보현,"'런닝맨' 안보현 팀, 막판 팀원 트레이드 성공…상품 파티 [종합]",연예,45,2020,04,12,18:28,16,16,0,0,0,0,0,0,0,0,0,https://news.naver.com/main/read.nhn?mode=LSD&mid=sec&sid1=106&oid=311&aid=0001133816
안보현,"'런닝맨' 안보현 태블릿PC 당첨, 지이수-송진우-이주영 '악마의 속삭임 레이스' 펼쳐(종합)",연예,45,2020,04,12,19:10,34,34,0,0,0,0,0,0,0,0,0,https://news.naver.com/main/read.nhn?mode=LSD&mid=sec&sid1=106&oid=277&aid=0004660175
안보현,'런닝맨' 안보현 팀·악마 팀 승리→5연속 고가 상품 획득..유재석만 '꽝' 당첨 [종합],연예,45,2020,04,12,18:32,125,121,0,4,0,0,0,0,0,0,0,https://news.naver.com/main/read.nhn?mode=LSD&mid=sec&sid1=106&oid=109&aid=0004191390
안보현,"'런닝맨' 유재석X하하X이광수, 악마 3인방 '최종 우승'…안보현 팀 상품획득(종합)",연예,45,2020,04,12,18:42,81,78,0,3,0,0,0,0,0,0,0,https://news.naver.com/main/read.nhn?mode=LSD&mid=sec&sid1=106&oid=421&aid=0004581797
안보현,"'런닝맨' 안보현, '이태원 클라쓰' OST 열창하며 등장…유재석 ""목소리가 가수""",연예,45,2020,04,12,17:18,21,21,0,0,0,0,0,0,0,0,0,https://news.naver.com/main/read.nhn?mode=LSD&mid=sec&sid1=106&oid=117&aid=0003351915
안보현,"'런닝맨' 안보현, 펭수 성대모사→'돌덩이' 열창...지석진 ""이서준이다""",연예,45,2020,04,12,17:40,4,4,0,0,0,0,0,0,0,0,0,https://news.naver.com/main/read.nhn?mode=LSD&mid=sec&sid1=106&oid=213&aid=0001160197
안보현,"‘런닝맨’ 안보현 반전 매력, 펭수 성대모사→‘돌멩이’ 열창까지",연예,45,2020,04,12,17:11,43,43,0,0,0,0,0,0,0,0,0,https://news.naver.com/main/read.nhn?mode=LSD&mid=sec&sid1=106&oid=609&aid=0000266481
안보현,"[종합] '런닝맨' 안보현X이주영X지이수X송진우, 성공적 예능 나들이... 악마 3인방 승리",연예,45,2020,04,12,18:28,12,12,0,0,0,0,0,0,0,0,0,https://news.naver.com/main/read.nhn?mode=LSD&mid=sec&sid1=106&oid=112&aid=0003287653
안보현,"‘런닝맨’ 출연한 안보현 “‘라스’서 김종국 권투자세 지적, 사실은 ‘악마의 편집’” 수습에 안간힘",연예,45,2020,04,13,11:55,3,3,0,0,0,0,0,0,0,0,0,https://news.naver.com/main/read.nhn?mode=LSD&mid=sec&sid1=106&oid=022&aid=0003455973
안보현,"[★화보]안보현 ""배우로 성장하며 나만의 색 찾아가는 중""",연예,46,2020,04,24,9:26,7,7,0,0,0,0,0,0,0,0,0,https://news.naver.com/main/read.nhn?mode=LSD&mid=sec&sid1=106&oid=468&aid=0000651749
안보현,"'골목식당' 안보현, 백종원 팬심 고백→족발 '먹방'",연예,46,2020,04,23,9:46,24,23,0,1,0,0,0,0,0,0,0,https://news.naver.com/main/read.nhn?mode=LSD&mid=sec&sid1=106&oid=052&aid=0001431582
안보현,"안보현 ""작품서 항상 짝사랑만…사랑받는 역할 맡고파""(인터뷰) [MD동영상]",연예,46,2020,04,25,11:00,55,55,0,0,0,0,0,0,0,0,0,https://news.naver.com/main/read.nhn?mode=LSD&mid=sec&sid1=106&oid=117&aid=0003356139
안보현,"KGC인삼공사, '테이크파이브' 모델에 배우 안보현 발탁",경제,46,2020,04,22,11:04,38,34,2,0,2,0,0,0,0,0,0,https://news.naver.com/main/read.nhn?mode=LSD&mid=sec&sid1=101&oid=421&aid=0004600642
안보현,"'골목식당' 치막집, 튀김닭꼬치집 변신…안보현, 미리투어단 출격[종합]",연예,46,2020,04,23,12:35,39,39,0,0,0,0,0,0,0,0,0,https://news.naver.com/main/read.nhn?mode=LSD&mid=sec&sid1=106&oid=076&aid=0003557946
안보현,"""평소 롤모델이 백종원""…안보현, '골목식당' 미리투어단 출격",연예,46,2020,04,22,14:08,31,31,0,0,0,0,0,0,0,0,0,https://news.naver.com/main/read.nhn?mode=LSD&mid=sec&sid1=106&oid=416&aid=0000257478
안보현,[TV체크] ‘골목식당’ 안보현 “♥백종원 만나려 스케줄 연기”,연예,46,2020,04,23,8:36,19,19,0,0,0,0,0,0,0,0,0,https://news.naver.com/main/read.nhn?mode=LSD&mid=sec&sid1=106&oid=382&aid=0000815337
안보현,"[화보IS] 안보현 ""'이태원클라쓰' 연기 인생 터닝포인트""",연예,46,2020,04,21,24:37,20,20,0,0,0,0,0,0,0,0,0,https://news.naver.com/main/read.nhn?mode=LSD&mid=sec&sid1=106&oid=241&aid=0003017687
안보현,"안보현, 수영장+젖은 셔츠…'섹시 그 자체' [화보]",연예,46,2020,04,24,10:21,11,11,0,0,0,0,0,0,0,0,0,https://news.naver.com/main/read.nhn?mode=LSD&mid=sec&sid1=106&oid=312&aid=0000443686
안보현,"안보현 ""배우로서 한 단계씩 성장하면서 나만의 색을 찾아가는 중"" [화보]",연예,46,2020,04,24,8:07,42,42,0,0,0,0,0,0,0,0,0,https://news.naver.com/main/read.nhn?mode=LSD&mid=sec&sid1=106&oid=076&aid=0003558448
안보현,"안보현 ""배우로서 나만의 색 찾아가는 중"" [화보]",연예,46,2020,04,24,8:25,32,32,0,0,0,0,0,0,0,0,0,https://news.naver.com/main/read.nhn?mode=LSD&mid=sec&sid1=106&oid=117&aid=0003355683
안보현,"'골목식당' 안보현, 남다른 '먹방'에 시청자 눈길",연예,46,2020,04,23,11:13,8,8,0,0,0,0,0,0,0,0,0,https://news.naver.com/main/read.nhn?mode=LSD&mid=sec&sid1=106&oid=629&aid=0000023846
안보현,"'한밤→골목식당' SBS·夜 접수한 '안보현 클라쓰'‥백종원 ""솨라있네!"" [종합]",연예,46,2020,04,23,7:48,69,68,0,1,0,0,0,0,0,0,0,https://news.naver.com/main/read.nhn?mode=LSD&mid=sec&sid1=106&oid=109&aid=0004195676
안보현,안보현 '골목식당' 출격 백종원 팬心 인증→족발 먹방 클라쓰,연예,46,2020,04,23,6:49,4,4,0,0,0,0,0,0,0,0,0,https://news.naver.com/main/read.nhn?mode=LSD&mid=sec&sid1=106&oid=018&aid=0004625854
안보현,"KGC인삼공사, 정관장 ‘테이크파이브’ 모델로 배우 안보현 발탁",경제,46,2020,04,22,13:56,6,5,1,0,0,0,0,0,0,0,0,https://news.naver.com/main/read.nhn?mode=LSD&mid=sec&sid1=101&oid=014&aid=0004412777
안보현,정관장 ‘테이크파이브’ 모델로 안보현 발탁,경제,46,2020,04,22,8:59,10,9,1,0,0,0,0,0,0,0,0,https://news.naver.com/main/read.nhn?mode=LSD&mid=sec&sid1=101&oid=018&aid=0004625052
안보현,"KGC인삼공사, 에너지 음료 ‘테이크파이브’모델 안보현 발탁",경제,46,2020,04,22,9:41,1,1,0,0,0,0,0,0,0,0,0,https://news.naver.com/main/read.nhn?mode=LSD&mid=sec&sid1=101&oid=123&aid=0002222633
안보현,"'골목식당' 치막집→튀김닭꼬치집 변신…안보현, 족발 시식 후 '소주 주문'[SC리뷰]",연예,46,2020,04,23,6:50,6,6,0,0,0,0,0,0,0,0,0,https://news.naver.com/main/read.nhn?mode=LSD&mid=sec&sid1=106&oid=076&aid=0003557972
안보현,"'골목식당' 안보현, 먹방 클라쓰 ""기대↑""X치막집, 튀김 닭꼬치 '新메뉴' [종합]",연예,46,2020,04,23,12:55,79,79,0,0,0,0,0,0,0,0,0,https://news.naver.com/main/read.nhn?mode=LSD&mid=sec&sid1=106&oid=109&aid=0004195639
안보현,"'골목식당' 안보현, 백종원에 팬心 ""내 롤모델, 행복합니다""",연예,46,2020,04,23,12:11,4,4,0,0,0,0,0,0,0,0,0,https://news.naver.com/main/read.nhn?mode=LSD&mid=sec&sid1=106&oid=109&aid=0004195634
안보현,"'골목식당' 안보현, ""평소 내장류 좋아해""..'시장족발집' 미리투어단 출격",연예,46,2020,04,22,22:29,7,7,0,0,0,0,0,0,0,0,0,https://news.naver.com/main/read.nhn?mode=LSD&mid=sec&sid1=106&oid=015&aid=0004329063
안보현,‘이태원 클라쓰’ 안보현 “내 롤 모델은 백종원” 팬심 고백,연예,46,2020,04,22,10:47,4,4,0,0,0,0,0,0,0,0,0,https://news.naver.com/main/read.nhn?mode=LSD&mid=sec&sid1=106&oid=382&aid=0000815097
안보현,"안보현, '골목식당' 미리투어단 출격 ""평소 롤모델이 백종원""",연예,46,2020,04,22,10:50,9,9,0,0,0,0,0,0,0,0,0,https://news.naver.com/main/read.nhn?mode=LSD&mid=sec&sid1=106&oid=076&aid=0003557545
안보현,"'골목식당' 안보현 족발집 출격 ""평소 내장류 좋아해""",연예,46,2020,04,22,10:45,3,3,0,0,0,0,0,0,0,0,0,https://news.naver.com/main/read.nhn?mode=LSD&mid=sec&sid1=106&oid=312&aid=0000443424
안보현,"[단독]`골목식당` PD ""안보현, 백종원 롤모델 인터뷰 기사 보고 섭외…요리도 굉장히 좋아한다고"" (인터뷰)",연예,46,2020,04,23,9:38,64,64,0,0,0,0,0,0,0,0,0,https://news.naver.com/main/read.nhn?mode=LSD&mid=sec&sid1=106&oid=076&aid=0003558065
안보현,"안보현 “장근원 같은 악역? 욕 많이 먹어서 뿌듯""",연예,46,2020,04,21,10:25,10,9,0,0,0,0,1,0,0,0,0,https://news.naver.com/main/read.nhn?mode=LSD&mid=sec&sid1=106&oid=408&aid=0000091250
안보현,"[★화보]안보현 ""'이태원 클라쓰' 장근원, 도전이자 터닝포인트""",연예,46,2020,04,21,8:10,8,8,0,0,0,0,0,0,0,0,0,https://news.naver.com/main/read.nhn?mode=LSD&mid=sec&sid1=106&oid=468&aid=0000650305
안보현,"안보현 ""악역 변신, 연기 인생 도전이자 터닝포인트"" [화보]",연예,46,2020,04,21,8:09,18,18,0,0,0,0,0,0,0,0,0,https://news.naver.com/main/read.nhn?mode=LSD&mid=sec&sid1=106&oid=076&aid=0003556799
안보현,"안보현 ""사랑의 결실 맺은 적 없어…멜로 도전하고파""[화보]",연예,46,2020,04,21,8:48,13,13,0,0,0,0,0,0,0,0,0,https://news.naver.com/main/read.nhn?mode=LSD&mid=sec&sid1=106&oid=312&aid=0000443236
안보현,"CJ ENM 다다스튜디오, PB 전기면도기 모델에 배우 안보현",경제,47,2020,04,29,10:23,16,10,4,0,2,0,0,0,0,0,0,https://news.naver.com/main/read.nhn?mode=LSD&mid=sec&sid1=101&oid=030&aid=0002880587
안보현,"안보현, “첫 악역 도전, 상상도 못한 큰 사랑에 감사” [스타@스타일]",연예,47,2020,05,01,8:00,242,239,0,2,0,0,1,0,0,0,0,https://news.naver.com/main/read.nhn?mode=LSD&mid=sec&sid1=106&oid=415&aid=0000003564
안보현,"안보현, 군포역전시장 등장에 ‘술렁’…닭꼬치 먹방 후 감탄 (골목식당)",연예,47,2020,04,30,11:02,14,14,0,0,0,0,0,0,0,0,0,https://news.naver.com/main/read.nhn?mode=LSD&mid=sec&sid1=106&oid=057&aid=0001449984
안보현,"'골목식당' 정인선, 장사 개시 닭꼬치집에 유니폼 선물 ""화사해""…대기줄 선 안보현",연예,47,2020,04,29,23:30,16,16,0,0,0,0,0,0,0,0,0,https://news.naver.com/main/read.nhn?mode=LSD&mid=sec&sid1=106&oid=416&aid=0000257732
안보현,"'골목식당' 백종원, 군포 역전시장 마지막 솔루션→호통과 호평 속 ""성공"" [종합]",연예,47,2020,04,30,12:53,47,45,0,2,0,0,0,0,0,0,0,https://news.naver.com/main/read.nhn?mode=LSD&mid=sec&sid1=106&oid=109&aid=0004198908
안보현,"CJ ENM 다다스튜디오, '트리플블랙 X5' 모델에 안보현 발탁",경제,47,2020,04,29,8:58,6,5,1,0,0,0,0,0,0,0,0,https://news.naver.com/main/read.nhn?mode=LSD&mid=sec&sid1=101&oid=421&aid=0004612594
안보현,"다다스튜디오, 전기면도기 트리플블랙 X5 모델 안보현 발탁",경제,47,2020,04,29,10:01,1,1,0,0,0,0,0,0,0,0,0,https://news.naver.com/main/read.nhn?mode=LSD&mid=sec&sid1=101&oid=018&aid=0004630306
안보현,"[SC리뷰] ""요령·욕심NO""…'골목식당' 군포역전시장, 백종원 호통 속 불안한 마무리",연예,47,2020,04,30,11:51,1,1,0,0,0,0,0,0,0,0,0,https://news.naver.com/main/read.nhn?mode=LSD&mid=sec&sid1=106&oid=076&aid=0003560976
안보현,"'골목식당' 백종원, 군포 역전시장 호통 속 솔루션‥수원 정자동 '커밍쑨' [종합]",연예,47,2020,04,30,6:51,10,10,0,0,0,0,0,0,0,0,0,https://news.naver.com/main/read.nhn?mode=LSD&mid=sec&sid1=106&oid=109&aid=0004198920
안보현,"신성록·이세영·안보현·남규리, '카이로스' 라인업 확정(공식)",연예,48,2020,05,07,9:47,132,130,0,0,0,0,2,0,0,0,0,https://news.naver.com/main/read.nhn?mode=LSD&mid=sec&sid1=106&oid=052&aid=0001436964
안보현,"대세 배우 안보현, 홍메이드 마스크 전속 모델 발탁",연예,48,2020,05,07,10:11,28,27,0,0,0,0,0,0,0,1,0,https://news.naver.com/main/read.nhn?mode=LSD&mid=sec&sid1=106&oid=020&aid=0003284770
안보현,"""존경의 마음""…김다미, '덕분에 챌린지' 동참→장영남·안보현 지목 [★해시태그]",연예,48,2020,05,09,13:40,45,45,0,0,0,0,0,0,0,0,0,https://news.naver.com/main/read.nhn?mode=LSD&mid=sec&sid1=106&oid=311&aid=0001144188
안보현,"배우 안보현, 착한 기업 홍메이드 마스크 전속 모델",,48,2020,05,08,9:51,8,8,0,0,0,0,0,0,0,0,0,https://news.naver.com/main/read.nhn?mode=LSD&mid=sec&sid1=004&oid=081&aid=0003088780
안보현,"윤소희 ""하석진-유라-안보현-이민혁과 친해, 매년 송별회한다"" [화보]",연예,48,2020,05,06,11:53,29,27,0,0,0,0,1,0,0,1,0,https://news.naver.com/main/read.nhn?mode=LSD&mid=sec&sid1=106&oid=076&aid=0003563132
안보현,"'아는형님' 측 ""안보현·박하나·이학주, 오늘(7일) 촬영‥방송 날짜 미정""(공식)",연예,48,2020,05,07,14:38,39,36,0,0,0,0,2,0,1,0,0,https://news.naver.com/main/read.nhn?mode=LSD&mid=sec&sid1=106&oid=112&aid=0003295889
안보현,안보현 ‘대세 배우의 미소’[포토엔HD],연예,48,2020,05,07,18:15,8,8,0,0,0,0,0,0,0,0,0,https://news.naver.com/main/read.nhn?mode=LSD&mid=sec&sid1=106&oid=609&aid=0000274859
안보현,"안보현, 드넓은 어깨 수줍은 미소(아는형님)[뉴스엔TV]",연예,48,2020,05,07,13:53,23,23,0,0,0,0,0,0,0,0,0,https://news.naver.com/main/read.nhn?mode=LSD&mid=sec&sid1=106&oid=609&aid=0000274628
안보현,"신성록·이세영·안보현·남규리, MBC '카이로스' 주연",생활,48,2020,05,07,9:15,44,24,16,0,4,0,0,0,0,0,0,https://news.naver.com/main/read.nhn?mode=LSD&mid=sec&sid1=103&oid=001&aid=0011592065
안보현,"신성록X이세영X안보현X남규리, MBC '카이로스' 출연확정[공식]",연예,48,2020,05,07,9:31,23,23,0,0,0,0,0,0,0,0,0,https://news.naver.com/main/read.nhn?mode=LSD&mid=sec&sid1=106&oid=241&aid=0003021001
안보현,"김다미, 조이서 어디 가고 상큼한 단발 소녀로..덕분에 챌린지 동참",연예,48,2020,05,09,24:53,106,106,0,0,0,0,0,0,0,0,0,https://news.naver.com/main/read.nhn?mode=LSD&mid=sec&sid1=106&oid=112&aid=0003296512
안보현,"'예능 대세' 안보현x박하나x이학주, 오늘(7일) '아는 형님' 녹화 ""방송일 미정"" [공식]",연예,48,2020,05,07,14:37,11,11,0,0,0,0,0,0,0,0,0,https://news.naver.com/main/read.nhn?mode=LSD&mid=sec&sid1=106&oid=109&aid=0004202181
안보현,"‘부부의 세계’ 이학주, ‘아는 형님’ 오늘(7일) 녹화…안보현·박하나 동반 출연",연예,48,2020,05,07,13:44,15,15,0,0,0,0,0,0,0,0,0,https://news.naver.com/main/read.nhn?mode=LSD&mid=sec&sid1=106&oid=009&aid=0004570256
안보현,"[단독]안보현-박하나-이학주 ‘아는 형님’ 출격, 오늘(7일) 녹화",연예,48,2020,05,07,24:44,106,105,0,1,0,0,0,0,0,0,0,https://news.naver.com/main/read.nhn?mode=LSD&mid=sec&sid1=106&oid=609&aid=0000274593
안보현,안보현 ‘권투로 다져진 팔근육’[포토엔HD],연예,48,2020,05,07,18:17,2,2,0,0,0,0,0,0,0,0,0,https://news.naver.com/main/read.nhn?mode=LSD&mid=sec&sid1=106&oid=609&aid=0000274863
안보현,안보현 ‘에이드 한잔 손에 들고’[포토엔HD],연예,48,2020,05,07,18:05,1,1,0,0,0,0,0,0,0,0,0,https://news.naver.com/main/read.nhn?mode=LSD&mid=sec&sid1=106&oid=609&aid=0000274845
안보현,안보현 ‘멀리서봐도 기럭지 부자’[포토엔HD],연예,48,2020,05,07,17:57,2,2,0,0,0,0,0,0,0,0,0,https://news.naver.com/main/read.nhn?mode=LSD&mid=sec&sid1=106&oid=609&aid=0000274830
안보현,안보현 ‘추리닝 입고 화보 찍는 남자’[포토엔HD],연예,48,2020,05,07,18:03,1,1,0,0,0,0,0,0,0,0,0,https://news.naver.com/main/read.nhn?mode=LSD&mid=sec&sid1=106&oid=609&aid=0000274841
안보현,"""좋은 모습 보여주고파""...'나혼자산다' 안보현, 애틋 효심",연예,49,2020,05,16,10:29,398,353,0,7,0,0,28,1,1,8,0,https://news.naver.com/main/read.nhn?mode=LSD&mid=sec&sid1=106&oid=052&aid=0001440769
안보현,"'나혼자산다' 안보현, 버킷리스트 위해 시작한 母子 데이트",연예,49,2020,05,15,15:09,49,36,0,0,0,0,6,0,0,7,0,https://news.naver.com/main/read.nhn?mode=LSD&mid=sec&sid1=106&oid=241&aid=0003023430
안보현,"안보현, 母와 데이트…손으로 만든 '♥'",연예,49,2020,05,16,17:58,176,154,0,2,0,0,13,0,2,5,0,https://news.naver.com/main/read.nhn?mode=LSD&mid=sec&sid1=106&oid=213&aid=0001163066
안보현,"[SC리뷰]'나혼자산다' 안보현, 母 17년만 집 초대→무명시절 고백 ""꿈 포기할뻔""",연예,49,2020,05,16,7:50,57,48,0,0,0,0,6,1,0,2,0,https://news.naver.com/main/read.nhn?mode=LSD&mid=sec&sid1=106&oid=076&aid=0003568415
안보현,‘나 혼자 산다’ 안보현 “택배 일 하고 나니 집에 물찼을 때 가장 힘들어”,연예,49,2020,05,16,12:05,141,47,0,4,0,0,83,1,2,4,0,https://news.naver.com/main/read.nhn?mode=LSD&mid=sec&sid1=106&oid=382&aid=0000820772
안보현,안보현 나이? 여심 홀리는 ‘신흥 남친짤’,연예,49,2020,05,16,24:53,9,4,0,0,0,0,4,0,0,1,0,https://news.naver.com/main/read.nhn?mode=LSD&mid=sec&sid1=106&oid=469&aid=0000496866
안보현,"안보현 나이 '33세', 엄마 향한 사랑 넘치는 효자",연예,49,2020,05,16,24:49,30,23,0,0,0,0,3,3,0,1,0,https://news.naver.com/main/read.nhn?mode=LSD&mid=sec&sid1=106&oid=108&aid=0002863233
안보현,"'나 혼자 산다' 안보현, 어머니와 스페셜 데이트…알콩달콩 모자",연예,49,2020,05,14,14:32,13,12,0,0,0,0,1,0,0,0,0,https://news.naver.com/main/read.nhn?mode=LSD&mid=sec&sid1=106&oid=468&aid=0000658382
안보현,"'나 혼자 산다' 안보현 ""사랑하는 여자, 김혜정""…누구?",연예,49,2020,05,16,7:17,23,19,0,0,0,0,4,0,0,0,0,https://news.naver.com/main/read.nhn?mode=LSD&mid=sec&sid1=106&oid=008&aid=0004409778
안보현,'나 혼자 산다' 안보현·손담비가 전한 애틋한 가족애,연예,49,2020,05,16,16:20,23,20,0,0,0,0,0,0,0,3,0,https://news.naver.com/main/read.nhn?mode=LSD&mid=sec&sid1=106&oid=079&aid=0003360642
안보현,"'나혼산' 안보현, 덤덤함 속에 묻어뒀던 '따뜻한 진심'…최고 시청률 11.2%",연예,49,2020,05,16,8:07,22,19,0,0,0,0,2,0,0,1,0,https://news.naver.com/main/read.nhn?mode=LSD&mid=sec&sid1=106&oid=076&aid=0003568418
안보현,"[종합]'나혼자산다' 안보현X손담비, 母와 뜻깊은 하루…17년만 집 초대·김치 담그기",연예,49,2020,05,16,12:55,294,236,0,2,0,0,38,3,0,15,0,https://news.naver.com/main/read.nhn?mode=LSD&mid=sec&sid1=106&oid=076&aid=0003568409
안보현,"'나혼자산다' 안보현, 母와 달달한 서울 데이트…뭉클한 손편지까지",연예,49,2020,05,15,13:49,10,6,0,0,0,0,2,0,2,0,0,https://news.naver.com/main/read.nhn?mode=LSD&mid=sec&sid1=106&oid=468&aid=0000658788
안보현,"‘나 혼자 산다’ 안보현 “母 요즘 결혼 이야기해, 손담비 때문인 듯”",연예,49,2020,05,15,23:52,103,82,0,1,0,0,10,0,6,4,0,https://news.naver.com/main/read.nhn?mode=LSD&mid=sec&sid1=106&oid=382&aid=0000820771
안보현,"""사랑하는 여자, 엄마에게""...'나혼산' 안보현, 母 울린 손편지",연예,49,2020,05,15,14:37,191,165,0,0,0,0,20,0,2,4,0,https://news.naver.com/main/read.nhn?mode=LSD&mid=sec&sid1=106&oid=052&aid=0001440479
안보현,"'나혼자산다' 안보현, 母 버킷리스트 위해 서울 나들이…""사랑해요"" 뭉클",연예,49,2020,05,15,13:47,151,133,0,2,0,0,13,1,0,2,0,https://news.naver.com/main/read.nhn?mode=LSD&mid=sec&sid1=106&oid=076&aid=0003568152
안보현,"`나혼산` 안보현 ""엄마 아빠 사랑합니다"" 어머니와 `손하트`",연예,49,2020,05,16,20:04,71,59,0,1,0,0,7,0,0,4,0,https://news.naver.com/main/read.nhn?mode=LSD&mid=sec&sid1=106&oid=009&aid=0004576288
안보현,"안보현, '나혼자산다' 챌린지…母와 함께 '한강데이트' 사진 공개 [★SHOT!]",연예,49,2020,05,16,2:59,20,15,0,0,0,0,5,0,0,0,0,https://news.naver.com/main/read.nhn?mode=LSD&mid=sec&sid1=106&oid=109&aid=0004207264
안보현,"'나혼자산다' 안보현, 상경 17년만 母 초대…양식 코스→유람선 데이트 [엑's 리뷰]",연예,49,2020,05,16,13:37,52,40,0,0,0,0,11,0,1,0,0,https://news.naver.com/main/read.nhn?mode=LSD&mid=sec&sid1=106&oid=311&aid=0001147236
안보현,"'나혼자산다' 안보현, 母에게 털어놓은 무명시절 고충→편지로 전달한 진심 [엑's 리뷰]",연예,49,2020,05,16,9:50,48,16,0,2,0,0,30,0,0,0,0,https://news.naver.com/main/read.nhn?mode=LSD&mid=sec&sid1=106&oid=311&aid=0001147187
안보현,"`나 혼자 산다` 안보현, 母와 서울데이트…""좋은 얘기만 들려주고파"" 고백",연예,49,2020,05,16,10:17,20,16,0,0,0,0,4,0,0,0,0,https://news.naver.com/main/read.nhn?mode=LSD&mid=sec&sid1=106&oid=009&aid=0004576212
안보현,"안보현 ""택배 알바하고 돌아오니 집에 물 차 있어"" 과거 고생담에 母 `눈물`",연예,49,2020,05,16,17:12,49,6,0,2,0,0,38,0,1,2,0,https://news.naver.com/main/read.nhn?mode=LSD&mid=sec&sid1=106&oid=009&aid=0004576268
안보현,"'나혼자산다' 안보현 ""서울에 어떻게 내 집 하나 없지 했었다""…母에게 털어놓은 진심",연예,49,2020,05,16,9:44,25,12,0,1,0,0,11,0,0,1,0,https://news.naver.com/main/read.nhn?mode=LSD&mid=sec&sid1=106&oid=277&aid=0004679434
안보현,"‘나 혼자 산다’ 안보현, 감성 충만 모자(母子)의 서울 나들이",연예,49,2020,05,14,14:13,38,35,0,0,0,0,0,0,3,0,0,https://news.naver.com/main/read.nhn?mode=LSD&mid=sec&sid1=106&oid=005&aid=0001321231
안보현,"'나 혼자 산다' 안보현, 모친과 함께 서울 데이트 '츤데레 아들'",연예,49,2020,05,14,20:23,23,16,0,0,0,0,3,0,3,1,0,https://news.naver.com/main/read.nhn?mode=LSD&mid=sec&sid1=106&oid=015&aid=0004340978
안보현,'나혼산' 안보현母子 등장…잔소리부터 속마음 토크에→눈시울,연예,49,2020,05,14,15:26,46,43,0,0,0,0,1,0,2,0,0,https://news.naver.com/main/read.nhn?mode=LSD&mid=sec&sid1=106&oid=076&aid=0003567600
안보현,"'나혼산' 안보현, 로맨스 영화 부럽지 않은 엄마와의 '스페셜 데이트♥'",연예,49,2020,05,14,13:54,11,9,0,0,0,0,1,0,1,0,0,https://news.naver.com/main/read.nhn?mode=LSD&mid=sec&sid1=106&oid=076&aid=0003567542
안보현,한국사회복지협의회 '2020 나눔홍보대사' 배우 안보현씨 위촉,사회,50,2020,05,22,16:05,23,22,1,0,0,0,0,0,0,0,0,https://news.naver.com/main/read.nhn?mode=LSD&mid=sec&sid1=102&oid=421&aid=0004653205
안보현,안보현 ‘싱그러운 발걸음’[포토엔HD],연예,50,2020,05,21,15:11,25,21,0,0,0,0,4,0,0,0,0,https://news.naver.com/main/read.nhn?mode=LSD&mid=sec&sid1=106&oid=609&aid=0000279822
안보현,"안보현, 스윗한 미소 [포토엔HD]",연예,50,2020,05,22,14:28,26,24,0,0,0,0,2,0,0,0,0,https://news.naver.com/main/read.nhn?mode=LSD&mid=sec&sid1=106&oid=609&aid=0000280271
안보현,"안보현, 늠름하게 위촉패와 꽃다발 들고 [포토엔HD]",연예,50,2020,05,22,15:00,10,10,0,0,0,0,0,0,0,0,0,https://news.naver.com/main/read.nhn?mode=LSD&mid=sec&sid1=106&oid=609&aid=0000280296
안보현,"안보현, 이젠 나눔홍보대사까지 ‘열일하는 훈남이 만드는 클라쓰’ [포토엔HD 화보]",연예,50,2020,05,23,7:30,5,5,0,0,0,0,0,0,0,0,0,https://news.naver.com/main/read.nhn?mode=LSD&mid=sec&sid1=106&oid=609&aid=0000280518
안보현,백상예술대상 신인상 영예는? 안보현 vs 안효섭 vs 옹성우 등 각축,생활,50,2020,05,19,11:36,186,167,17,0,2,0,0,0,0,0,0,https://news.naver.com/main/read.nhn?mode=LSD&mid=sec&sid1=103&oid=015&aid=0004343330
안보현,"‘나 혼자 산다’ 안보현·손담비, 눈물로 전한 진솔한 가족애",연예,50,2020,05,17,11:59,24,19,0,0,0,0,2,0,1,2,0,https://news.naver.com/main/read.nhn?mode=LSD&mid=sec&sid1=106&oid=005&aid=0001321900
안보현,"한국사회복지협의회, 배우 안보현 '2020 나눔사업' 홍보대사 위촉",경제,50,2020,05,22,18:13,3,2,1,0,0,0,0,0,0,0,0,https://news.naver.com/main/read.nhn?mode=LSD&mid=sec&sid1=101&oid=374&aid=0000212114
안보현,"한국사회복지협의회, '2020 나눔홍보대사'에 배우 안보현씨 위촉",사회,50,2020,05,22,17:20,1,1,0,0,0,0,0,0,0,0,0,https://news.naver.com/main/read.nhn?mode=LSD&mid=sec&sid1=102&oid=031&aid=0000539632
안보현,안보현 ‘상남자의 향기’[포토엔HD],연예,50,2020,05,21,15:15,13,12,0,0,0,0,1,0,0,0,0,https://news.naver.com/main/read.nhn?mode=LSD&mid=sec&sid1=106&oid=609&aid=0000279830
안보현,안보현 ‘달콤한 눈맞춤에 심쿵!’[포토엔HD],연예,50,2020,05,21,15:24,88,73,0,0,0,0,8,0,0,7,0,https://news.naver.com/main/read.nhn?mode=LSD&mid=sec&sid1=106&oid=609&aid=0000279836
안보현,안보현 ‘눈웃음으로 여심 저격’[포토엔HD],연예,50,2020,05,21,15:32,53,43,0,0,0,0,5,0,0,5,0,https://news.naver.com/main/read.nhn?mode=LSD&mid=sec&sid1=106&oid=609&aid=0000279842
안보현,안보현 ‘기분 좋아지는 눈웃음’[포토엔HD],연예,50,2020,05,21,15:26,58,45,0,0,0,0,9,0,0,4,0,https://news.naver.com/main/read.nhn?mode=LSD&mid=sec&sid1=106&oid=609&aid=0000279839
안보현,"안보현, 여심을 홀리는 눈빛 [포토엔HD]",연예,50,2020,05,22,14:30,14,12,0,0,0,0,1,1,0,0,0,https://news.naver.com/main/read.nhn?mode=LSD&mid=sec&sid1=106&oid=609&aid=0000280272
안보현,"안보현, 멋진 수트핏으로 입장[포토엔HD]",연예,50,2020,05,22,14:22,6,6,0,0,0,0,0,0,0,0,0,https://news.naver.com/main/read.nhn?mode=LSD&mid=sec&sid1=106&oid=609&aid=0000280269
안보현,"안보현, 우월한 187cm의 기럭지 [포토엔HD]",연예,50,2020,05,22,15:09,5,5,0,0,0,0,0,0,0,0,0,https://news.naver.com/main/read.nhn?mode=LSD&mid=sec&sid1=106&oid=609&aid=0000280302
안보현,나눔홍보대사 위촉패 수여받는 안보현 [포토엔HD],연예,50,2020,05,22,14:50,4,4,0,0,0,0,0,0,0,0,0,https://news.naver.com/main/read.nhn?mode=LSD&mid=sec&sid1=106&oid=609&aid=0000280289
안보현,"안보현·옹성우→김다미·전미도, 백상예술대상 신인상 후보 공개 [공식]",연예,50,2020,05,19,10:11,76,63,0,0,0,0,13,0,0,0,0,https://news.naver.com/main/read.nhn?mode=LSD&mid=sec&sid1=106&oid=382&aid=0000821533
안보현,"'2020 백상예술대상' 男안보현→이재욱, 女김다미→한소희… '신인상' 후보 경쟁 치열",연예,50,2020,05,19,11:57,63,45,0,4,0,0,6,1,3,4,0,https://news.naver.com/main/read.nhn?mode=LSD&mid=sec&sid1=106&oid=408&aid=0000093328
안보현,"""안보현·이재욱→전미도·한소희""…백상예술대상, 남녀 신인상 후보 10人 공개",연예,50,2020,05,19,10:27,28,20,0,0,0,0,5,0,0,3,0,https://news.naver.com/main/read.nhn?mode=LSD&mid=sec&sid1=106&oid=311&aid=0001148333
안보현,안보현·옹성우에 김다미·한소희·전미도까지..백상 신인상 초호화 후보들 [공식],연예,50,2020,05,19,10:58,52,45,0,1,0,0,4,0,0,2,0,https://news.naver.com/main/read.nhn?mode=LSD&mid=sec&sid1=106&oid=109&aid=0004208820
안보현,"안보현→박나래 ‘나혼산 챌린지’, SNS 감동 물결…#엄마아빠사랑해",연예,50,2020,05,17,10:49,13,9,0,0,0,0,4,0,0,0,0,https://news.naver.com/main/read.nhn?mode=LSD&mid=sec&sid1=106&oid=410&aid=0000694224
안보현,"박나래·한혜진→안보현·손담비, '나혼산 챌린지'로 전한 가족愛",연예,50,2020,05,17,10:34,17,13,0,0,0,0,2,0,0,2,0,https://news.naver.com/main/read.nhn?mode=LSD&mid=sec&sid1=106&oid=109&aid=0004207896
안보현,"‘나 혼자 산다’ 안보현-손담비, 어머니와 ‘힐링’ 데이트... 애틋한 가족愛 전달",연예,50,2020,05,17,10:43,7,7,0,0,0,0,0,0,0,0,0,https://news.naver.com/main/read.nhn?mode=LSD&mid=sec&sid1=106&oid=408&aid=0000093158
안보현,"'나혼산' 안보현X손담비, 母와 함께한 힐링 데이트..감동+눈물 가득 가족愛",연예,50,2020,05,17,10:08,1,1,0,0,0,0,0,0,0,0,0,https://news.naver.com/main/read.nhn?mode=LSD&mid=sec&sid1=106&oid=112&aid=0003298956
안보현,"'아는형님' 안보현X박하나X이학주, 이제 악역은 잊어라…예능감 '뿜뿜'[종합]",연예,51,2020,05,30,22:40,41,33,0,0,0,0,5,0,0,3,0,https://news.naver.com/main/read.nhn?mode=LSD&mid=sec&sid1=106&oid=076&aid=0003576463
안보현,"안보현 ""태양의 후예 출연후에도 건설현장서 알바""",연예,51,2020,05,29,17:24,36,20,0,1,0,0,15,0,0,0,0,https://news.naver.com/main/read.nhn?mode=LSD&mid=sec&sid1=106&oid=003&aid=0009888584
안보현,"'아형' 안보현, 박하나 ""내 스타일 아냐"" 고백에 ""술마시면 꼰대"" 폭로",연예,51,2020,05,30,21:37,77,36,0,2,0,0,0,0,2,37,0,https://news.naver.com/main/read.nhn?mode=LSD&mid=sec&sid1=106&oid=421&aid=0004667512
안보현,"'아는형님' 안보현, 늘 아르바이트 한 사연...""이제 수입 생겨""",연예,51,2020,05,30,21:57,37,20,0,0,0,0,15,1,0,1,0,https://news.naver.com/main/read.nhn?mode=LSD&mid=sec&sid1=106&oid=112&aid=0003303722
안보현,"안보현 이학주 박하나, 오늘(30일) ‘아는 형님’ 출격…꿀잼 신스틸러 예능감",연예,51,2020,05,30,7:43,12,11,0,0,0,0,1,0,0,0,0,https://news.naver.com/main/read.nhn?mode=LSD&mid=sec&sid1=106&oid=009&aid=0004585390
안보현,"배우 안보현의 짠한 무명 시절…""생활고에 건설현장 일했다""",연예,51,2020,05,30,12:01,21,9,0,1,0,0,11,0,0,0,0,https://news.naver.com/main/read.nhn?mode=LSD&mid=sec&sid1=106&oid=031&aid=0000540698
안보현,"'아는형님' 안보현 ""제일 못된 악역은 이학주...난 여자는 안 때린다""",연예,51,2020,05,30,22:40,16,12,0,0,0,0,2,0,2,0,0,https://news.naver.com/main/read.nhn?mode=LSD&mid=sec&sid1=106&oid=277&aid=0004688569
안보현,"안보현 ""'이태원 클라쓰' 보조 출연자가 장근원 욕 해"" ('아는형님')",연예,51,2020,05,30,21:24,23,17,0,0,0,0,2,2,0,2,0,https://news.naver.com/main/read.nhn?mode=LSD&mid=sec&sid1=106&oid=117&aid=0003369600
안보현,"안보현, 수준급 노래 실력에 민경훈도 깜짝···'남자를 몰라' 열창 (아는 형님)",연예,51,2020,05,30,22:21,67,65,0,0,0,0,2,0,0,0,0,https://news.naver.com/main/read.nhn?mode=LSD&mid=sec&sid1=106&oid=241&aid=0003027128
안보현,"'아형' 안보현·박하나·이학주, 악역은 잊어라…반전의 '예능 클라쓰'(종합)",연예,51,2020,05,30,22:50,4,4,0,0,0,0,0,0,0,0,0,https://news.naver.com/main/read.nhn?mode=LSD&mid=sec&sid1=106&oid=421&aid=0004667524
안보현,"'아는형님' 박하나X이학주X안보현, 연기 만큼 빛나는 입담(종합)",연예,51,2020,05,30,22:16,1,1,0,0,0,0,0,0,0,0,0,https://news.naver.com/main/read.nhn?mode=LSD&mid=sec&sid1=106&oid=112&aid=0003303727
안보현,"'아는 형님' 안보현x박하나x이학주, 악역 3인방의 반전 예능감[종합]",연예,51,2020,05,30,22:40,5,3,0,0,0,0,1,1,0,0,0,https://news.naver.com/main/read.nhn?mode=LSD&mid=sec&sid1=106&oid=109&aid=0004216040
안보현,"[종합] `아는 형님` 박하나X이학주X안보현, 유쾌한 악역들 형님 학교 뒤집어 놓다",연예,51,2020,05,30,22:54,5,4,0,0,0,0,1,0,0,0,0,https://news.naver.com/main/read.nhn?mode=LSD&mid=sec&sid1=106&oid=009&aid=0004585517
안보현,"'아는형님' 안보현 ""'태후' 이후에도 건설 현장서 아르바이트""",연예,51,2020,05,29,20:52,108,64,0,6,0,0,31,2,1,4,0,https://news.naver.com/main/read.nhn?mode=LSD&mid=sec&sid1=106&oid=241&aid=0003026973
안보현,"'아는형님' 안보현 ""'태양의 후예' 출연 후에도 건설 현장서 알바""",연예,51,2020,05,29,16:30,34,12,0,1,0,0,17,1,0,3,0,https://news.naver.com/main/read.nhn?mode=LSD&mid=sec&sid1=106&oid=421&aid=0004666536
안보현,"‘아는 형님’ 안보현 ""'태양의 후예' 출연 후에도 건설 현장 아르바이트""",연예,51,2020,05,29,15:31,28,13,0,0,0,0,14,0,0,1,0,https://news.naver.com/main/read.nhn?mode=LSD&mid=sec&sid1=106&oid=076&aid=0003575808
안보현,‘아는 형님’ 안보현 “무명 시절 건설 현장에서 아르바이트했다”,연예,51,2020,05,29,20:27,17,10,0,0,0,0,5,1,0,1,0,https://news.naver.com/main/read.nhn?mode=LSD&mid=sec&sid1=106&oid=015&aid=0004350429
안보현,"'아는형님' 안보현 ""박하나, 술 마시면 귀여운 꼰대"" [별별TV]",연예,51,2020,05,30,21:45,2,1,0,0,0,0,0,0,0,1,0,https://news.naver.com/main/read.nhn?mode=LSD&mid=sec&sid1=106&oid=108&aid=0002866840
안보현,"‘아는 형님’ 박하나, 술버릇? “귀여운 꼰대다”",연예,51,2020,05,30,22:01,1,1,0,0,0,0,0,0,0,0,0,https://news.naver.com/main/read.nhn?mode=LSD&mid=sec&sid1=106&oid=469&aid=0000501269
안보현,"'아는형님' 안보현 ""'태양의후예' 출연 후도 일용직 알바…이제 막 수입 생겨""",연예,51,2020,05,30,21:38,14,5,0,0,0,0,8,1,0,0,0,https://news.naver.com/main/read.nhn?mode=LSD&mid=sec&sid1=106&oid=311&aid=0001154142
안보현,"‘아는 형님’ 안보현 “‘태양의 후예’로 얼굴 알렸지만, 건설현장에서 아르바이트”",연예,51,2020,05,30,22:13,22,14,0,0,0,0,6,0,0,2,0,https://news.naver.com/main/read.nhn?mode=LSD&mid=sec&sid1=106&oid=469&aid=0000501271
안보현,"안보현 “‘태양의후예’ 끝나고도 아르바이트, 안 해본 일 없다”",연예,51,2020,05,30,21:38,136,81,0,2,0,0,49,1,1,2,0,https://news.naver.com/main/read.nhn?mode=LSD&mid=sec&sid1=106&oid=609&aid=0000283582
안보현,"`아는 형님` 안보현, ""태양의 후예 출연 이후에도 일용직 알바했어""",연예,51,2020,05,30,21:48,12,7,0,0,0,0,3,0,0,2,0,https://news.naver.com/main/read.nhn?mode=LSD&mid=sec&sid1=106&oid=009&aid=0004585515
안보현,"‘악역 끝판왕’ 이학주-박하나-안보현, ‘아는 형님’에서 반전 예능감 뽐내",연예,51,2020,05,30,15:31,3,3,0,0,0,0,0,0,0,0,0,https://news.naver.com/main/read.nhn?mode=LSD&mid=sec&sid1=106&oid=408&aid=0000094160
안보현,"'아는 형님' 안보현 ""'태양의 후예' 출연 후 건설 현장서 일한 적 있다""",연예,51,2020,05,30,2:46,38,28,0,0,0,0,5,0,3,2,0,https://news.naver.com/main/read.nhn?mode=LSD&mid=sec&sid1=106&oid=277&aid=0004688381
안보현,"'아는형님' 안보현 “무명시절, 건설 현장서 아르바이트”",연예,51,2020,05,30,12:11,27,20,0,0,0,0,5,1,1,0,0,https://news.naver.com/main/read.nhn?mode=LSD&mid=sec&sid1=106&oid=018&aid=0004652134
안보현,"안보현 ""장근원 악역, '이태원 클라쓰' 보조 출연진도 욕했다"" (아는 형님)",연예,51,2020,05,30,21:48,13,9,0,0,0,0,2,0,1,1,0,https://news.naver.com/main/read.nhn?mode=LSD&mid=sec&sid1=106&oid=241&aid=0003027126
안보현,"'아는 형님' 박하나, ""안보현과 출연료 똑같아"" .. 소속사에 한때 충격 받아",연예,51,2020,05,30,21:46,166,15,0,25,0,0,40,0,4,82,0,https://news.naver.com/main/read.nhn?mode=LSD&mid=sec&sid1=106&oid=015&aid=0004350614
안보현,박하나 “안보현과 출연료 똑같단 말에 울면서 술주정”[결정적장면],연예,51,2020,05,30,22:26,9,3,0,1,0,0,0,0,0,5,0,https://news.naver.com/main/read.nhn?mode=LSD&mid=sec&sid1=106&oid=609&aid=0000283588
