엄정화,"사람엔터 이소영 대표 ""사람이 콘텐츠이자 플랫폼…지금은 도전하는 과정"" [엑's 인터뷰]",연예,0,2019,06,06,24:00,15,15,0,0,0,0,0,0,0,0,0,https://news.naver.com/main/read.nhn?mode=LSD&mid=sec&sid1=106&oid=311&aid=0001000586
엄정화,"“괜찮아, 예수님과 함께라면” 제주에 구원의 복음 넘실",생활,0,2019,06,03,12:01,6,5,1,0,0,0,0,0,0,0,0,https://news.naver.com/main/read.nhn?mode=LSD&mid=sec&sid1=103&oid=005&aid=0001204133
엄정화,"‘이방인’ 앞둔 윤종신, 엄정화·김완선과 50대 ‘늦바람’ 돌아본다",연예,0,2019,06,07,10:00,7,7,0,0,0,0,0,0,0,0,0,https://news.naver.com/main/read.nhn?mode=LSD&mid=sec&sid1=106&oid=469&aid=0000394938
엄정화,50살에 ‘늦바람’ 난 윤종신,연예,0,2019,06,07,10:19,7,7,0,0,0,0,0,0,0,0,0,https://news.naver.com/main/read.nhn?mode=LSD&mid=sec&sid1=106&oid=213&aid=0001110696
엄정화,"윤종신, 50대 소회 담은 월간 윤종신 6월호 '늦바람'",연예,0,2019,06,07,11:17,2,2,0,0,0,0,0,0,0,0,0,https://news.naver.com/main/read.nhn?mode=LSD&mid=sec&sid1=106&oid=018&aid=0004396391
엄정화,"엄정화, 여유로운 커피 한 잔 [★해시태그]",연예,1,2019,06,13,24:16,7,6,0,1,0,0,0,0,0,0,0,https://news.naver.com/main/read.nhn?mode=LSD&mid=sec&sid1=106&oid=311&aid=0001003885
엄정화,"""산책하다 커피 마셔요""..엄정화, 공원서 우아한 설정샷",연예,1,2019,06,13,24:16,4,4,0,0,0,0,0,0,0,0,0,https://news.naver.com/main/read.nhn?mode=LSD&mid=sec&sid1=106&oid=112&aid=0003175449
엄정화,"엄정화, 제23회 BIFAN 장편 심사위원 위촉",연예,1,2019,06,11,8:23,2,2,0,0,0,0,0,0,0,0,0,https://news.naver.com/main/read.nhn?mode=LSD&mid=sec&sid1=106&oid=018&aid=0004398848
엄정화,"엄정화→‘미쓰백’ 이지원 감독, 제 23회 BIFAN 심사위원 위촉",연예,1,2019,06,10,11:16,11,11,0,0,0,0,0,0,0,0,0,https://news.naver.com/main/read.nhn?mode=LSD&mid=sec&sid1=106&oid=057&aid=0001357611
엄정화,"히피 변신 엄정화, 50대 맞아? 늘씬 몸매에 깜짝[SNS★컷]",연예,1,2019,06,13,24:26,3,3,0,0,0,0,0,0,0,0,0,https://news.naver.com/main/read.nhn?mode=LSD&mid=sec&sid1=106&oid=609&aid=0000123076
엄정화,"엄정화, 나이 믿기지 않는 비주얼 '빛나는 구릿빛 피부' [★해시태그]",연예,1,2019,06,13,17:35,8,7,0,1,0,0,0,0,0,0,0,https://news.naver.com/main/read.nhn?mode=LSD&mid=sec&sid1=106&oid=311&aid=0001004119
엄정화,"엄정화, 제23회 부천국제판타스틱영화제 심사위원 위촉",연예,1,2019,06,10,10:11,3,3,0,0,0,0,0,0,0,0,0,https://news.naver.com/main/read.nhn?mode=LSD&mid=sec&sid1=106&oid=421&aid=0004032160
엄정화,"배우 엄정화, BIFAN `부천 초이스` 장편부문 심사위원 위촉[공식]",연예,1,2019,06,10,18:16,8,8,0,0,0,0,0,0,0,0,0,https://news.naver.com/main/read.nhn?mode=LSD&mid=sec&sid1=106&oid=029&aid=0002532458
엄정화,"엄정화, 제23회 부천국제판타스틱영화제 심사위원 위촉",연예,1,2019,06,11,12:20,2,2,0,0,0,0,0,0,0,0,0,https://news.naver.com/main/read.nhn?mode=LSD&mid=sec&sid1=106&oid=011&aid=0003567888
엄정화,"김혜은, 영화 '오케이!마담' 합류… 엄정화X박성웅X배정남과 호흡",연예,2,2019,06,21,10:56,4,4,0,0,0,0,0,0,0,0,0,https://news.naver.com/main/read.nhn?mode=LSD&mid=sec&sid1=106&oid=312&aid=0000394295
엄정화,"천우희, 엄정화 커피차 선물에 감동 ""선배님 ♥입니다""",연예,2,2019,06,20,8:00,1,1,0,0,0,0,0,0,0,0,0,https://news.naver.com/main/read.nhn?mode=LSD&mid=sec&sid1=106&oid=112&aid=0003178096
엄정화,"천우희, 엄정화 커피차 선물에 행복... 여배우들의 우정",연예,2,2019,06,19,22:38,3,3,0,0,0,0,0,0,0,0,0,https://news.naver.com/main/read.nhn?mode=LSD&mid=sec&sid1=106&oid=213&aid=0001113080
엄정화,"엄정화, 바라만 봐도 행복한 여행..여유로움 속 날카로운 턱선",연예,2,2019,06,16,14:19,24,22,0,2,0,0,0,0,0,0,0,https://news.naver.com/main/read.nhn?mode=LSD&mid=sec&sid1=106&oid=112&aid=0003176582
엄정화,"김혜은, 영화 '오케이! 마담' 출연 확정…승무원 사무장 역할",연예,2,2019,06,21,17:45,2,2,0,0,0,0,0,0,0,0,0,https://news.naver.com/main/read.nhn?mode=LSD&mid=sec&sid1=106&oid=404&aid=0000246598
엄정화,"'오케이 마담' 김혜은, 프로페셔널 끝판왕 사무장으로 열연...종횡무진 활약",연예,2,2019,06,21,19:53,1,1,0,0,0,0,0,0,0,0,0,https://news.naver.com/main/read.nhn?mode=LSD&mid=sec&sid1=106&oid=015&aid=0004163541
엄정화,"김혜은, 드라마 ‘닥터룸’→영화 ‘오케이! 마담’ 까지…전방위 활약",연예,2,2019,06,21,16:53,2,2,0,0,0,0,0,0,0,0,0,https://news.naver.com/main/read.nhn?mode=LSD&mid=sec&sid1=106&oid=213&aid=0001113581
엄정화,"김혜은 ‘오케이! 마담’ 출연, 승무원 사무장 역할로(공식입장)",연예,2,2019,06,21,17:01,3,3,0,0,0,0,0,0,0,0,0,https://news.naver.com/main/read.nhn?mode=LSD&mid=sec&sid1=106&oid=609&aid=0000127217
엄정화,"천우희, 엄정화 커피차 선물 인증 ""힘내서 촬영"" [★해시태그]",연예,2,2019,06,19,19:09,4,4,0,0,0,0,0,0,0,0,0,https://news.naver.com/main/read.nhn?mode=LSD&mid=sec&sid1=106&oid=311&aid=0001007038
엄정화,"“센스가 체질” 엄정화, 어마어마한 후배 천우희 사랑[SNS★컷]",연예,2,2019,06,19,19:41,10,10,0,0,0,0,0,0,0,0,0,https://news.naver.com/main/read.nhn?mode=LSD&mid=sec&sid1=106&oid=609&aid=0000126115
엄정화,"엄정화, 꾸미지 않아도 아름다운... 변함없는 동안미모",연예,2,2019,06,16,21:03,9,9,0,0,0,0,0,0,0,0,0,https://news.naver.com/main/read.nhn?mode=LSD&mid=sec&sid1=106&oid=213&aid=0001112219
엄정화,[포토;뷰] 엄정화 심사위원으로 BIFAN 참석,연예,3,2019,06,27,17:46,2,2,0,0,0,0,0,0,0,0,0,https://news.naver.com/main/read.nhn?mode=LSD&mid=sec&sid1=106&oid=016&aid=0001551526
엄정화,"[포토] 엄정화, 꽃송이 들고~!",,3,2019,06,28,1:49,1,0,0,0,1,0,0,0,0,0,0,https://news.naver.com/main/read.nhn?mode=LSD&mid=sec&sid1=004&oid=468&aid=0000526562
엄정화,"[포토] 엄정화, 올블랙!",연예,3,2019,06,27,19:28,2,2,0,0,0,0,0,0,0,0,0,https://news.naver.com/main/read.nhn?mode=LSD&mid=sec&sid1=106&oid=468&aid=0000526401
엄정화,"엄정화, 장난끼 가득 ""피팅할 때.. 잡은 만큼 줄여줘요""",연예,3,2019,06,28,21:27,29,29,0,0,0,0,0,0,0,0,0,https://news.naver.com/main/read.nhn?mode=LSD&mid=sec&sid1=106&oid=108&aid=0002793411
엄정화,[포토] 엄정화 '우아한 미소',연예,3,2019,06,27,17:42,1,1,0,0,0,0,0,0,0,0,0,https://news.naver.com/main/read.nhn?mode=LSD&mid=sec&sid1=106&oid=076&aid=0003434793
엄정화,"[오마이포토] 'BIFAN' 엄정화, 기분업 미소",연예,3,2019,06,27,20:01,2,2,0,0,0,0,0,0,0,0,0,https://news.naver.com/main/read.nhn?mode=LSD&mid=sec&sid1=106&oid=047&aid=0002231709
엄정화,"[포토]엄정화, '고혹적인 섹시미'",연예,3,2019,06,27,18:40,4,4,0,0,0,0,0,0,0,0,0,https://news.naver.com/main/read.nhn?mode=LSD&mid=sec&sid1=106&oid=241&aid=0002930517
엄정화,엄정화 ‘변함없는 미모’,연예,3,2019,06,27,20:25,2,2,0,0,0,0,0,0,0,0,0,https://news.naver.com/main/read.nhn?mode=LSD&mid=sec&sid1=106&oid=005&aid=0001211939
엄정화,배우 엄정화 '올해는 심사위원으로 왔어요',연예,3,2019,06,27,19:28,2,2,0,0,0,0,0,0,0,0,0,https://news.naver.com/main/read.nhn?mode=LSD&mid=sec&sid1=106&oid=001&aid=0010918735
엄정화,[포토] 엄정화 '독보적인 매력',연예,3,2019,06,27,17:42,3,3,0,0,0,0,0,0,0,0,0,https://news.naver.com/main/read.nhn?mode=LSD&mid=sec&sid1=106&oid=076&aid=0003434794
엄정화,배우 엄정화 '올해는 심사위원으로 왔어요',연예,3,2019,06,27,19:28,1,1,0,0,0,0,0,0,0,0,0,https://news.naver.com/main/read.nhn?mode=LSD&mid=sec&sid1=106&oid=001&aid=0010918734
엄정화,배우 엄정화 '올해는 심사위원으로 왔어요',연예,3,2019,06,27,19:28,1,1,0,0,0,0,0,0,0,0,0,https://news.naver.com/main/read.nhn?mode=LSD&mid=sec&sid1=106&oid=001&aid=0010918733
엄정화,[포토] 엄정화 '변치않는 아름다움',연예,3,2019,06,27,17:36,1,1,0,0,0,0,0,0,0,0,0,https://news.naver.com/main/read.nhn?mode=LSD&mid=sec&sid1=106&oid=076&aid=0003434782
엄정화,"[포토] 엄정화, 오랜만이네요~",연예,3,2019,06,27,19:26,1,1,0,0,0,0,0,0,0,0,0,https://news.naver.com/main/read.nhn?mode=LSD&mid=sec&sid1=106&oid=468&aid=0000526398
엄정화,"[포토] 엄정화, '우아한 손인사~' (부천국제판타스틱영화제)",연예,3,2019,06,27,19:25,1,1,0,0,0,0,0,0,0,0,0,https://news.naver.com/main/read.nhn?mode=LSD&mid=sec&sid1=106&oid=015&aid=0004166812
엄정화,[포토] 엄정화 '우아한 미소',연예,3,2019,06,27,17:35,2,2,0,0,0,0,0,0,0,0,0,https://news.naver.com/main/read.nhn?mode=LSD&mid=sec&sid1=106&oid=076&aid=0003434780
엄정화,[TEN PHOTO] 엄정화 '고혹적인 미모',연예,3,2019,06,27,19:02,1,1,0,0,0,0,0,0,0,0,0,https://news.naver.com/main/read.nhn?mode=LSD&mid=sec&sid1=106&oid=312&aid=0000395518
엄정화,[머니S포토] 엄정화 '고혹적인 섹시함',연예,3,2019,06,27,19:49,2,2,0,0,0,0,0,0,0,0,0,https://news.naver.com/main/read.nhn?mode=LSD&mid=sec&sid1=106&oid=417&aid=0000423542
엄정화,[포토] 엄정화 '고혹적인 매력',연예,3,2019,06,27,17:36,1,1,0,0,0,0,0,0,0,0,0,https://news.naver.com/main/read.nhn?mode=LSD&mid=sec&sid1=106&oid=076&aid=0003434781
엄정화,"[★포토]엄정화, 변함없는 매력",연예,3,2019,06,27,17:42,1,1,0,0,0,0,0,0,0,0,0,https://news.naver.com/main/read.nhn?mode=LSD&mid=sec&sid1=106&oid=108&aid=0002793183
엄정화,"[MD포토] 엄정화, '여전히 변함 없는 방부제 미소'",연예,3,2019,06,27,19:48,2,2,0,0,0,0,0,0,0,0,0,https://news.naver.com/main/read.nhn?mode=LSD&mid=sec&sid1=106&oid=117&aid=0003237775
엄정화,"'더 룸', 제23회 BIFAN 작품상 수상…엄정화 등 심사단 호평 [공식입장]",연예,4,2019,07,05,23:11,2,2,0,0,0,0,0,0,0,0,0,https://news.naver.com/main/read.nhn?mode=LSD&mid=sec&sid1=106&oid=311&aid=0001014633
엄정화,BIFAN 폐막식 참석한 배우 엄정화,연예,4,2019,07,05,21:20,3,2,0,1,0,0,0,0,0,0,0,https://news.naver.com/main/read.nhn?mode=LSD&mid=sec&sid1=106&oid=001&aid=0010935963
엄정화,제23회 부천국제판타스틱영화제 폐막식…배우 엄정화 참석,사회,4,2019,07,06,13:40,1,1,0,0,0,0,0,0,0,0,0,https://news.naver.com/main/read.nhn?mode=LSD&mid=sec&sid1=102&oid=421&aid=0004079225
엄정화,"엄정화, '씨네타운' 출연 인증샷···남다른 아우라",연예,4,2019,07,03,13:04,2,2,0,0,0,0,0,0,0,0,0,https://news.naver.com/main/read.nhn?mode=LSD&mid=sec&sid1=106&oid=241&aid=0002932687
엄정화,"엄정화, '원조 섹시가수'의 특급 셀카..""오늘은 청순미 끝판왕""",연예,4,2019,07,04,10:25,4,4,0,0,0,0,0,0,0,0,0,https://news.naver.com/main/read.nhn?mode=LSD&mid=sec&sid1=106&oid=112&aid=0003183908
엄정화,"""장르영화 향연"" 제23회 BIFAN 폐막...'더 룸' 작품상 [공식]",연예,4,2019,07,05,23:26,6,6,0,0,0,0,0,0,0,0,0,https://news.naver.com/main/read.nhn?mode=LSD&mid=sec&sid1=106&oid=052&aid=0001315524
엄정화,부천영화제 폐막…조현철·임화영 男女주연상 수상,연예,4,2019,07,05,20:41,5,5,0,0,0,0,0,0,0,0,0,https://news.naver.com/main/read.nhn?mode=LSD&mid=sec&sid1=106&oid=241&aid=0002933992
엄정화,제23회 BIFAN 오늘 폐막식 성황리 개최…'더 룸' 작품상 수상(공식),연예,4,2019,07,05,23:18,12,11,0,1,0,0,0,0,0,0,0,https://news.naver.com/main/read.nhn?mode=LSD&mid=sec&sid1=106&oid=112&aid=0003184839
엄정화,BIFAN 폐막식 참석한 배우 엄정화,연예,4,2019,07,05,21:20,3,3,0,0,0,0,0,0,0,0,0,https://news.naver.com/main/read.nhn?mode=LSD&mid=sec&sid1=106&oid=001&aid=0010935964
엄정화,BIFAN 폐막식 참석한 배우 엄정화,연예,4,2019,07,05,21:20,2,2,0,0,0,0,0,0,0,0,0,https://news.naver.com/main/read.nhn?mode=LSD&mid=sec&sid1=106&oid=001&aid=0010935965
엄정화,"부천국제판타스틱영화제, 대장정 마무리…‘더 룸’ 장편 작품상 [M+이슈]",연예,4,2019,07,06,2:01,1,1,0,0,0,0,0,0,0,0,0,https://news.naver.com/main/read.nhn?mode=LSD&mid=sec&sid1=106&oid=057&aid=0001365164
엄정화,‘씨네타운’ 엄정화 “나를 분리한 연기하고 싶다”,연예,4,2019,07,03,11:32,1,1,0,0,0,0,0,0,0,0,0,https://news.naver.com/main/read.nhn?mode=LSD&mid=sec&sid1=106&oid=057&aid=0001364273
엄정화,"엄정화 ‘씨네타운’ 인증샷, 50대 맞아? 동안미모 끝판왕[SNS★컷]",연예,4,2019,07,03,24:38,4,4,0,0,0,0,0,0,0,0,0,https://news.naver.com/main/read.nhn?mode=LSD&mid=sec&sid1=106&oid=609&aid=0000133540
엄정화,"엄정화, 박선영 아나운서와 함께 뽐낸 여신 비주얼 [M+★SNS]",연예,4,2019,07,03,17:07,3,3,0,0,0,0,0,0,0,0,0,https://news.naver.com/main/read.nhn?mode=LSD&mid=sec&sid1=106&oid=057&aid=0001364393
엄정화,’씨네타운‘ 엄정화 “선물 같은’오케이! 마담‘…손 부상에도 액션 소화”,연예,4,2019,07,03,11:28,2,2,0,0,0,0,0,0,0,0,0,https://news.naver.com/main/read.nhn?mode=LSD&mid=sec&sid1=106&oid=410&aid=0000600866
엄정화,‘씨네타운’ 엄정화 “’오케이! 마담’ 액션 촬영으로 손 부상”,연예,4,2019,07,03,11:52,2,1,0,1,0,0,0,0,0,0,0,https://news.naver.com/main/read.nhn?mode=LSD&mid=sec&sid1=106&oid=009&aid=0004385042
엄정화,"엄정화, 서핑으로 다져진 뱃살없는 탄탄한 몸매 '뒤태 미녀' [★SHOT!]",연예,5,2019,07,13,9:24,12,12,0,0,0,0,0,0,0,0,0,https://news.naver.com/main/read.nhn?mode=LSD&mid=sec&sid1=106&oid=109&aid=0004048974
엄정화,"'뒤태도 미인'…엄정화, 감탄 유발하는 탄력 몸매",연예,5,2019,07,12,18:01,10,10,0,0,0,0,0,0,0,0,0,https://news.naver.com/main/read.nhn?mode=LSD&mid=sec&sid1=106&oid=117&aid=0003245304
엄정화,"'냉부해' 천우희 ""김혜수·엄정화와 친해…자주 모여""",연예,5,2019,07,08,23:38,84,83,0,1,0,0,0,0,0,0,0,https://news.naver.com/main/read.nhn?mode=LSD&mid=sec&sid1=106&oid=076&aid=0003439387
엄정화,"엄정화, 래시가드 입고 드러낸 탄탄 몸매 ‘50대 맞아?’[SNS★컷]",연예,5,2019,07,13,9:07,5,5,0,0,0,0,0,0,0,0,0,https://news.naver.com/main/read.nhn?mode=LSD&mid=sec&sid1=106&oid=609&aid=0000138901
엄정화,"엄정화, 보디슈트로 뽐낸 탄탄한 몸매…'50대 맞아?' [★해시태그]",연예,5,2019,07,12,23:06,53,53,0,0,0,0,0,0,0,0,0,https://news.naver.com/main/read.nhn?mode=LSD&mid=sec&sid1=106&oid=311&aid=0001017828
엄정화,"[N컷] '냉부해' 천우희, 김혜수·엄정화와 친분 ""자주 모여""",연예,5,2019,07,08,10:54,1,1,0,0,0,0,0,0,0,0,0,https://news.naver.com/main/read.nhn?mode=LSD&mid=sec&sid1=106&oid=421&aid=0004080734
엄정화,"'냉부해' 천우희 ""김혜수, 엄정화와 친해…시간 날 때마다 만난다""",연예,5,2019,07,08,23:39,1,1,0,0,0,0,0,0,0,0,0,https://news.naver.com/main/read.nhn?mode=LSD&mid=sec&sid1=106&oid=015&aid=0004172503
엄정화,"'냉부해' 천우희 ""김혜수 커피차 선물, 엄정화와 자주 모인다""",연예,5,2019,07,08,10:23,2,2,0,0,0,0,0,0,0,0,0,https://news.naver.com/main/read.nhn?mode=LSD&mid=sec&sid1=106&oid=076&aid=0003439086
엄정화,"'냉부해' 천우희 ""김혜수·엄정화와 자주 만난다""",연예,5,2019,07,08,11:13,23,23,0,0,0,0,0,0,0,0,0,https://news.naver.com/main/read.nhn?mode=LSD&mid=sec&sid1=106&oid=018&aid=0004420196
엄정화,"엄정화, 나이 잊은 동안 미모‥이 구역 트렌디 담당 '나야 나'",연예,5,2019,07,10,11:25,11,0,0,11,0,0,0,0,0,0,0,https://news.naver.com/main/read.nhn?mode=LSD&mid=sec&sid1=106&oid=112&aid=0003186386
엄정화,파도 소리 들으며 해변에서 영화를... 놓치지 마세요,연예,6,2019,07,18,16:52,2,2,0,0,0,0,0,0,0,0,0,https://news.naver.com/main/read.nhn?mode=LSD&mid=sec&sid1=106&oid=047&aid=0002233995
엄정화,'라디오쇼' 바비킴이 밝힌 #공백기 #핑클 #저작권료 #지코 [종합],연예,6,2019,07,15,11:53,23,21,0,2,0,0,0,0,0,0,0,https://news.naver.com/main/read.nhn?mode=LSD&mid=sec&sid1=106&oid=213&aid=0001119047
엄정화,"민세영, 별은 네 가슴에 [이승록의 나침반]",연예,7,2019,07,24,15:07,3,3,0,0,0,0,0,0,0,0,0,https://news.naver.com/main/read.nhn?mode=LSD&mid=sec&sid1=106&oid=117&aid=0003250558
엄정화,'씬의 퀴즈' 허경환X장동민 활약→골드 쿠폰 2개 획득 [종합],연예,7,2019,07,26,12:25,1,1,0,0,0,0,0,0,0,0,0,https://news.naver.com/main/read.nhn?mode=LSD&mid=sec&sid1=106&oid=311&aid=0001023919
엄정화,"[어게인TV]'감빵생활' 김진우, 마피아 정체 들통‥하성운의 미친 '촉' 레이더",연예,7,2019,07,21,6:50,33,30,0,3,0,0,0,0,0,0,0,https://news.naver.com/main/read.nhn?mode=LSD&mid=sec&sid1=106&oid=112&aid=0003190733
엄정화,"'씬의 퀴즈' 장동민, 정답 맞히고 환호… 제작진에 ""더 연구해라""",연예,7,2019,07,26,12:02,7,7,0,0,0,0,0,0,0,0,0,https://news.naver.com/main/read.nhn?mode=LSD&mid=sec&sid1=106&oid=311&aid=0001023916
엄정화,"[Y현장] ""싱송라, 첫 걸음 행복"" 티파니 영, 3년만 단콘(ft. 수영X서현) [종합]",연예,8,2019,08,03,20:15,47,47,0,0,0,0,0,0,0,0,0,https://news.naver.com/main/read.nhn?mode=LSD&mid=sec&sid1=106&oid=052&aid=0001326897
엄정화,"티파니 영, 콘서트서 이효리·엄정화로 변신…특별한 오마주",연예,8,2019,08,03,19:08,109,109,0,0,0,0,0,0,0,0,0,https://news.naver.com/main/read.nhn?mode=LSD&mid=sec&sid1=106&oid=311&aid=0001027929
엄정화,‘솔로 콘서트’ 티파니 영 “엄정화=영감 준 선배…美서 힘낸 이유”,연예,8,2019,08,03,19:25,10,10,0,0,0,0,0,0,0,0,0,https://news.naver.com/main/read.nhn?mode=LSD&mid=sec&sid1=106&oid=410&aid=0000611024
엄정화,"""소녀→디바로 완벽 변신""…티파니영 콘서트, 혼자서 꽉 채운 열정의 2시간 [종합]",연예,8,2019,08,03,20:17,32,32,0,0,0,0,0,0,0,0,0,https://news.naver.com/main/read.nhn?mode=LSD&mid=sec&sid1=106&oid=117&aid=0003255193
엄정화,"티파니 “자작곡 ’Runaway’ 한국어 버전, 수영이 작사했다”",연예,8,2019,08,03,19:19,20,20,0,0,0,0,0,0,0,0,0,https://news.naver.com/main/read.nhn?mode=LSD&mid=sec&sid1=106&oid=057&aid=0001372650
엄정화,‘디바로 돌아왔다’ 티파니 영의 새로운 시작 ‘OPEN HEARTS EVE’ [솔직리뷰],연예,8,2019,08,03,20:25,36,35,0,1,0,0,0,0,0,0,0,https://news.naver.com/main/read.nhn?mode=LSD&mid=sec&sid1=106&oid=410&aid=0000611080
엄정화,"엄정화, 세월 역행하는 비주얼‥섹시 디바의 방부제 미모",연예,8,2019,08,02,15:36,5,4,0,1,0,0,0,0,0,0,0,https://news.naver.com/main/read.nhn?mode=LSD&mid=sec&sid1=106&oid=112&aid=0003195669
엄정화,1990년대 최민수·최진실·엄정화 키운 거물 매니저 배병수 살인사건 전말은?,사회,8,2019,07,31,14:05,1,0,1,0,0,0,0,0,0,0,0,https://news.naver.com/main/read.nhn?mode=LSD&mid=sec&sid1=102&oid=123&aid=0002209580
엄정화,"엄정화, '멜로가 체질' 응원 ""웃다 울다..최애드라마 될 것 같아""",연예,9,2019,08,10,14:27,8,8,0,0,0,0,0,0,0,0,0,https://news.naver.com/main/read.nhn?mode=LSD&mid=sec&sid1=106&oid=112&aid=0003198530
엄정화,"엄정화 ""'멜로가 체질', 올 여름 내 최애 드라마♥""",연예,9,2019,08,10,18:25,12,11,0,1,0,0,0,0,0,0,0,https://news.naver.com/main/read.nhn?mode=LSD&mid=sec&sid1=106&oid=108&aid=0002803159
엄정화,"""범접불가 아우라""…엄정화, 아름다운 옆태",연예,9,2019,08,08,18:30,27,24,0,3,0,0,0,0,0,0,0,https://news.naver.com/main/read.nhn?mode=LSD&mid=sec&sid1=106&oid=112&aid=0003197880
엄정화,"엄정화, 50대 맞아? 20살 어려보이는 조각 옆태[SNS★컷]",연예,9,2019,08,08,13:13,4,4,0,0,0,0,0,0,0,0,0,https://news.naver.com/main/read.nhn?mode=LSD&mid=sec&sid1=106&oid=609&aid=0000151623
엄정화,"티파니 영 “엄정화, ‘초대’ 커버 무대 보고 눈물 흘렸다” [M+인터뷰③]",연예,9,2019,08,07,24:44,50,50,0,0,0,0,0,0,0,0,0,https://news.naver.com/main/read.nhn?mode=LSD&mid=sec&sid1=106&oid=057&aid=0001373503
엄정화,"""모두 다 고마워""..엄정화, 생일 선물 인증샷",연예,10,2019,08,17,14:45,16,15,0,1,0,0,0,0,0,0,0,https://news.naver.com/main/read.nhn?mode=LSD&mid=sec&sid1=106&oid=241&aid=0002948840
엄정화,"[인터뷰①] 티파니 영 “롤모델은 엄정화, 선배님 에너지 닮고파”",연예,10,2019,08,16,7:02,45,45,0,0,0,0,0,0,0,0,0,https://news.naver.com/main/read.nhn?mode=LSD&mid=sec&sid1=106&oid=009&aid=0004410748
엄정화,"엄정화, 비키니 입고 계곡 휴가..여전한 미모+몸매",연예,10,2019,08,12,6:36,11,11,0,0,0,0,0,0,0,0,0,https://news.naver.com/main/read.nhn?mode=LSD&mid=sec&sid1=106&oid=112&aid=0003198896
엄정화,"엄정화, 51번째 생일 맞아 산더미 같이 쌓인 선물 공개",연예,10,2019,08,17,13:26,26,23,0,3,0,0,0,0,0,0,0,https://news.naver.com/main/read.nhn?mode=LSD&mid=sec&sid1=106&oid=022&aid=0003389848
엄정화,"""모두 다 고마워""…엄정화, 생일 맞아 선물 인증샷",연예,10,2019,08,17,11:37,11,11,0,0,0,0,0,0,0,0,0,https://news.naver.com/main/read.nhn?mode=LSD&mid=sec&sid1=106&oid=112&aid=0003201214
엄정화,"엄정화, 생일 맞이 선물 인증샷 “모두 다 고마워”[SNS★컷]",연예,10,2019,08,17,14:11,4,3,0,1,0,0,0,0,0,0,0,https://news.naver.com/main/read.nhn?mode=LSD&mid=sec&sid1=106&oid=609&aid=0000156253
엄정화,"김이나, 윤상X훈남 큰아들 공개..엄정화·바다 “아 꽃미남 너무 잘 컸네” 감탄[★SHOT!]",연예,11,2019,08,19,16:56,8,8,0,0,0,0,0,0,0,0,0,https://news.naver.com/main/read.nhn?mode=LSD&mid=sec&sid1=106&oid=109&aid=0004070295
엄정화,30대 접어든 티파니 영의 꿈 “기대되는 아티스트 되고싶다” [MK★인터뷰①],연예,11,2019,08,24,14:02,36,35,0,1,0,0,0,0,0,0,0,https://news.naver.com/main/read.nhn?mode=LSD&mid=sec&sid1=106&oid=410&aid=0000617467
엄정화,"""포토 바이 윤혜진""..엄정화, 제주도서 뽐낸 아름다운 옆선 [★SHOT!]",연예,12,2019,08,31,18:17,27,24,0,3,0,0,0,0,0,0,0,https://news.naver.com/main/read.nhn?mode=LSD&mid=sec&sid1=106&oid=109&aid=0004078089
엄정화,엄정화는 제주여행 중... 디바의 각선미,연예,12,2019,08,30,12:00,5,4,0,1,0,0,0,0,0,0,0,https://news.naver.com/main/read.nhn?mode=LSD&mid=sec&sid1=106&oid=213&aid=0001128062
엄정화,"엄정화, ""오늘은 파도도 너무 얌전하고 나도 너무 수줍었다!""",연예,12,2019,08,31,14:45,10,10,0,0,0,0,0,0,0,0,0,https://news.naver.com/main/read.nhn?mode=LSD&mid=sec&sid1=106&oid=117&aid=0003268155
엄정화,"""건강한 섹시美""…엄정화, 제주도 여행中 명품 각선미 자랑",연예,12,2019,08,29,22:39,26,24,0,2,0,0,0,0,0,0,0,https://news.naver.com/main/read.nhn?mode=LSD&mid=sec&sid1=106&oid=112&aid=0003206306
엄정화,엄정화→이효리→선미·청하 ‘퍼포먼스 퀸의 부활’,연예,12,2019,08,29,11:01,16,15,0,1,0,0,0,0,0,0,0,https://news.naver.com/main/read.nhn?mode=LSD&mid=sec&sid1=106&oid=021&aid=0002401316
엄정화,"엄정화, 동안 미모의 비결은? 붕어빵 어머니 ‘우월 DNA 입증’ [SNS★컷]",연예,12,2019,08,25,14:34,18,17,0,1,0,0,0,0,0,0,0,https://news.naver.com/main/read.nhn?mode=LSD&mid=sec&sid1=106&oid=609&aid=0000160814
엄정화,"엄정화, SNS서 어머니 생신 축하 메시지 ""사랑하고 늘 미안""",연예,12,2019,08,26,12:52,12,12,0,0,0,0,0,0,0,0,0,https://news.naver.com/main/read.nhn?mode=LSD&mid=sec&sid1=106&oid=277&aid=0004524361
엄정화,정재형 콘서트 성료…엄정화 3일간 게스트 출격 `훈훈 후정`,연예,12,2019,08,26,11:44,1,1,0,0,0,0,0,0,0,0,0,https://news.naver.com/main/read.nhn?mode=LSD&mid=sec&sid1=106&oid=009&aid=0004416045
엄정화,"정재형, 8년만에 단독콘서트 성료..감동과 환희로 남은 위로의 시간",연예,12,2019,08,27,12:30,2,2,0,0,0,0,0,0,0,0,0,https://news.naver.com/main/read.nhn?mode=LSD&mid=sec&sid1=106&oid=011&aid=0003608998
엄정화,"'동안 여신' 엄정화, 자매와 제주 여행..수영복 입고 찰칵",연예,12,2019,08,30,6:21,13,13,0,0,0,0,0,0,0,0,0,https://news.naver.com/main/read.nhn?mode=LSD&mid=sec&sid1=106&oid=112&aid=0003206340
엄정화,"엄정화, 50대 나이 무색한 각선미 인증샷[SNS★컷]",연예,12,2019,08,30,6:12,6,6,0,0,0,0,0,0,0,0,0,https://news.naver.com/main/read.nhn?mode=LSD&mid=sec&sid1=106&oid=609&aid=0000163192
엄정화,"엄정화, 나이 무색한 '매끈 각선미'",연예,12,2019,08,30,13:12,3,3,0,0,0,0,0,0,0,0,0,https://news.naver.com/main/read.nhn?mode=LSD&mid=sec&sid1=106&oid=417&aid=0000444158
엄정화,"엄정화, 세월 흘러도 변함없어…진정한 동안 외모 [★해시태그]",연예,12,2019,08,28,17:01,9,6,0,3,0,0,0,0,0,0,0,https://news.naver.com/main/read.nhn?mode=LSD&mid=sec&sid1=106&oid=311&aid=0001039105
엄정화,"엄정화, 중년의 나이를 느낄 수 없는 동안 미모",연예,12,2019,08,28,7:24,6,5,0,1,0,0,0,0,0,0,0,https://news.naver.com/main/read.nhn?mode=LSD&mid=sec&sid1=106&oid=112&aid=0003205455
엄정화,"엄정화, 세월 역행하는 독보적 동안 미인 ‘주름 하나 없네’[SNS★컷]",연예,12,2019,08,28,16:41,1,0,0,1,0,0,0,0,0,0,0,https://news.naver.com/main/read.nhn?mode=LSD&mid=sec&sid1=106&oid=609&aid=0000162245
엄정화,"엄정화, 미모 유전 맞네 '母와 나란히 붕어빵 비주얼'",연예,12,2019,08,25,14:07,1,1,0,0,0,0,0,0,0,0,0,https://news.naver.com/main/read.nhn?mode=LSD&mid=sec&sid1=106&oid=117&aid=0003265012
엄정화,"엄정화, 어머니 생일 맞아 인증샷..예쁜 얼굴 엄마 닮아",연예,12,2019,08,25,9:33,80,79,0,1,0,0,0,0,0,0,0,https://news.naver.com/main/read.nhn?mode=LSD&mid=sec&sid1=106&oid=112&aid=0003204273
엄정화,"정재형, 8년만에 단독콘서트 성료…울림과 감동 선사한 무대",연예,12,2019,08,26,17:05,2,2,0,0,0,0,0,0,0,0,0,https://news.naver.com/main/read.nhn?mode=LSD&mid=sec&sid1=106&oid=468&aid=0000553690
엄정화,"""열정과 성숙의 시간""…정재형, 단독 공연으로 입증한 클래스",연예,12,2019,08,26,11:17,5,5,0,0,0,0,0,0,0,0,0,https://news.naver.com/main/read.nhn?mode=LSD&mid=sec&sid1=106&oid=311&aid=0001037821
엄정화,"정재형, 8년만 단독 콘서트 성공적 마무리 “12월에도 공연 개최”",연예,12,2019,08,26,11:31,2,2,0,0,0,0,0,0,0,0,0,https://news.naver.com/main/read.nhn?mode=LSD&mid=sec&sid1=106&oid=609&aid=0000161044
엄정화,"""키가 이렇게 크다니""..엄정화, 조카 엄지온 훌쩍 자란 근황 공개",연예,13,2019,09,02,11:15,6,4,0,2,0,0,0,0,0,0,0,https://news.naver.com/main/read.nhn?mode=LSD&mid=sec&sid1=106&oid=241&aid=0002954280
엄정화,조국 “학사관리 엄격화 후 시험 개편”…조국발 로스쿨·변호사시험 변화하나?,사회,13,2019,09,07,15:02,"1,174",24,0,1,"1,142",7,0,0,0,0,0,https://news.naver.com/main/read.nhn?mode=LSD&mid=sec&sid1=102&oid=022&aid=0003395914
엄정화,"엄정화, 폭풍성장한 조카 엄지온 향한 ♥ ""키가 이렇게 크다니""",연예,13,2019,09,01,18:38,64,62,0,2,0,0,0,0,0,0,0,https://news.naver.com/main/read.nhn?mode=LSD&mid=sec&sid1=106&oid=076&aid=0003463126
엄정화,"엄태웅 딸 엄지온, 폭풍 성장…엄정화 “내사랑 롱다리” [똑똑SNS]",연예,13,2019,09,02,7:12,15,15,0,0,0,0,0,0,0,0,0,https://news.naver.com/main/read.nhn?mode=LSD&mid=sec&sid1=106&oid=410&aid=0000619766
엄정화,"엄정화, 폭풍성장한 조카 엄지온 공개…""키가 이렇게 크다니""",연예,13,2019,09,02,7:25,7,7,0,0,0,0,0,0,0,0,0,https://news.naver.com/main/read.nhn?mode=LSD&mid=sec&sid1=106&oid=009&aid=0004420199
엄정화,"“롱다리 지온이” 엄정화, 똑 닮은 조카와 즐거운 휴가",연예,13,2019,09,02,11:38,13,13,0,0,0,0,0,0,0,0,0,https://news.naver.com/main/read.nhn?mode=LSD&mid=sec&sid1=106&oid=022&aid=0003394100
엄정화,"엄정화, '폭풍성장' 조카 지온 근황 공개 ""키가 이렇게 크다니""[★SNS]",연예,13,2019,09,01,19:15,31,30,0,1,0,0,0,0,0,0,0,https://news.naver.com/main/read.nhn?mode=LSD&mid=sec&sid1=106&oid=404&aid=0000251437
엄정화,"""롱다리 지온이"" 엄정화, 조카바보가 따로없네…늦여름 즐긴 휴가",연예,13,2019,09,01,16:27,708,679,0,29,0,0,0,0,0,0,0,https://news.naver.com/main/read.nhn?mode=LSD&mid=sec&sid1=106&oid=112&aid=0003207219
엄정화,"엄정화, 조카 엄지온 향한 사랑스런 눈빛…""""키가 이렇게 크다니"" [★해시태그]",연예,13,2019,09,01,17:59,51,47,0,4,0,0,0,0,0,0,0,https://news.naver.com/main/read.nhn?mode=LSD&mid=sec&sid1=106&oid=311&aid=0001040514
엄정화,"'★ 추석 인사' 엄정화 ""행복한 추석 보내세요""",연예,14,2019,09,13,12:20,4,4,0,0,0,0,0,0,0,0,0,https://news.naver.com/main/read.nhn?mode=LSD&mid=sec&sid1=106&oid=018&aid=0004467708
엄정화,"엄정화, 나이 잊은 구릿빛 수영복 자태 [★SNS]",연예,14,2019,09,10,10:17,8,8,0,0,0,0,0,0,0,0,0,https://news.naver.com/main/read.nhn?mode=LSD&mid=sec&sid1=106&oid=404&aid=0000251992
엄정화,"51세 엄정화, 탄력 넘치는 수영복 사진... 자기관리의 화신",연예,14,2019,09,11,12:51,21,21,0,0,0,0,0,0,0,0,0,https://news.naver.com/main/read.nhn?mode=LSD&mid=sec&sid1=106&oid=213&aid=0001130161
엄정화,"엄정화, 발리에서 뽐낸 비키니 자태…'누가 50대래'",연예,14,2019,09,10,7:45,13,11,0,2,0,0,0,0,0,0,0,https://news.naver.com/main/read.nhn?mode=LSD&mid=sec&sid1=106&oid=082&aid=0000940079
엄정화,"‘관리퀸’ 엄정화, 50대 믿기지 않는 수영복 자태",연예,14,2019,09,10,9:54,2,2,0,0,0,0,0,0,0,0,0,https://news.naver.com/main/read.nhn?mode=LSD&mid=sec&sid1=106&oid=009&aid=0004425319
엄정화,"""구릿빛 피부""…엄정화, 50대가 무색한 '자기관리 끝판왕' [★SHOT!]",연예,14,2019,09,10,9:35,3,2,0,1,0,0,0,0,0,0,0,https://news.naver.com/main/read.nhn?mode=LSD&mid=sec&sid1=106&oid=109&aid=0004083200
엄정화,"엄정화, 명품 몸매+구릿빛 피부...50대? 믿을 수 없는 수영복 자태",연예,14,2019,09,10,9:55,13,12,0,1,0,0,0,0,0,0,0,https://news.naver.com/main/read.nhn?mode=LSD&mid=sec&sid1=106&oid=312&aid=0000408845
엄정화,"엄정화, 50대 미모 맞아? 잡티제로 탱탱 꿀피부에 깜짝[SNS★컷]",연예,14,2019,09,11,24:20,7,7,0,0,0,0,0,0,0,0,0,https://news.naver.com/main/read.nhn?mode=LSD&mid=sec&sid1=106&oid=609&aid=0000169505
엄정화,"엄정화, 시간이 멈춘 비주얼…분위기 넘치는 일상 [★해시태그]",연예,14,2019,09,11,18:20,8,8,0,0,0,0,0,0,0,0,0,https://news.naver.com/main/read.nhn?mode=LSD&mid=sec&sid1=106&oid=311&aid=0001044833
엄정화,"엄정화, 동안 미녀의 우아한 티타임..미모+몸매 엄지 척",연예,14,2019,09,11,13:11,9,9,0,0,0,0,0,0,0,0,0,https://news.naver.com/main/read.nhn?mode=LSD&mid=sec&sid1=106&oid=112&aid=0003211020
엄정화,"'복면가왕' 베르사유의 장미는 티파니 ""엄정화 보고 30대에 또다시 꿈꿔""",연예,15,2019,09,15,17:55,46,46,0,0,0,0,0,0,0,0,0,https://news.naver.com/main/read.nhn?mode=LSD&mid=sec&sid1=106&oid=404&aid=0000252215
엄정화,"`복면가왕` 소녀시대 티파니, ""다시 꿈꾸게 해준 디바가 엄정화 선배였다""... 모둠전 3R 진출",연예,15,2019,09,15,17:29,9,9,0,0,0,0,0,0,0,0,0,https://news.naver.com/main/read.nhn?mode=LSD&mid=sec&sid1=106&oid=009&aid=0004427203
엄정화,"'복면가왕' 티파니, '베르사유의 장미'였다..""멋진 아티스트되겠다""",연예,15,2019,09,15,17:34,55,54,0,1,0,0,0,0,0,0,0,https://news.naver.com/main/read.nhn?mode=LSD&mid=sec&sid1=106&oid=241&aid=0002957310
엄정화,"‘복면가왕’ 베르사유의 장미는 소녀시대 티파니...""멋진 아티스트 되겠다""",연예,15,2019,09,15,17:49,18,18,0,0,0,0,0,0,0,0,0,https://news.naver.com/main/read.nhn?mode=LSD&mid=sec&sid1=106&oid=312&aid=0000409519
엄정화,"'복면가왕' 베르사유의장미=티파니, 윤상 극찬 ""몰라봐서 미안한 마음 들 정도""",연예,15,2019,09,15,17:36,7,7,0,0,0,0,0,0,0,0,0,https://news.naver.com/main/read.nhn?mode=LSD&mid=sec&sid1=106&oid=082&aid=0000941154
엄정화,"‘복면가왕’ 베르사유의 장미, 정체는 티파니 “좋은 음악-성장하는 음악 보여드릴 것”",연예,15,2019,09,15,17:48,7,7,0,0,0,0,0,0,0,0,0,https://news.naver.com/main/read.nhn?mode=LSD&mid=sec&sid1=106&oid=469&aid=0000422181
엄정화,'복면가왕' 베르사유의 장미=티파니였다..'모둠전 勝',연예,15,2019,09,15,17:29,11,11,0,0,0,0,0,0,0,0,0,https://news.naver.com/main/read.nhn?mode=LSD&mid=sec&sid1=106&oid=108&aid=0002810289
엄정화,‘복면가왕’ 2R 모둠전 勝…베르사유의 장미는 소녀시대 티파니,연예,15,2019,09,15,17:26,260,257,0,3,0,0,0,0,0,0,0,https://news.naver.com/main/read.nhn?mode=LSD&mid=sec&sid1=106&oid=112&aid=0003212156
엄정화,'복면가왕 베르사유의 장미'는 티파니… 엄정화 '이것' 열창,연예,15,2019,09,16,8:08,4,4,0,0,0,0,0,0,0,0,0,https://news.naver.com/main/read.nhn?mode=LSD&mid=sec&sid1=106&oid=417&aid=0000449157
엄정화,"엄정화, 50대 맞나요..미모+패션 센스는 20대급",연예,16,2019,09,27,22:14,53,48,0,5,0,0,0,0,0,0,0,https://news.naver.com/main/read.nhn?mode=LSD&mid=sec&sid1=106&oid=112&aid=0003216955
엄정화,엄정화의 힙한 일상..편안한 패션 눈길,연예,16,2019,09,25,16:18,5,4,0,1,0,0,0,0,0,0,0,https://news.naver.com/main/read.nhn?mode=LSD&mid=sec&sid1=106&oid=108&aid=0002812705
엄정화,"조빈 “엄정화 ‘페스티벌’ 통해 노라조 영감 받았다, 내 멘토”",연예,16,2019,09,25,20:29,11,11,0,0,0,0,0,0,0,0,0,https://news.naver.com/main/read.nhn?mode=LSD&mid=sec&sid1=106&oid=609&aid=0000176913
엄정화,정혜영 “지누션의 엄정화” 생방 중 실수에 폭풍 당황,연예,16,2019,09,24,13:30,22,22,0,0,0,0,0,0,0,0,0,https://news.naver.com/main/read.nhn?mode=LSD&mid=sec&sid1=106&oid=609&aid=0000176043
엄정화,"[포토] 트와이스 채영, '엄정화 느낌 물씬~'",연예,16,2019,09,23,18:17,16,15,0,1,0,0,0,0,0,0,0,https://news.naver.com/main/read.nhn?mode=LSD&mid=sec&sid1=106&oid=015&aid=0004213179
엄정화,"‘음악정원’ 정혜영, 달달 목소리에 호평 세례 ‘라디오DJ 변신 성공’(종합)",연예,16,2019,09,24,14:01,14,14,0,0,0,0,0,0,0,0,0,https://news.naver.com/main/read.nhn?mode=LSD&mid=sec&sid1=106&oid=609&aid=0000176057
엄정화,"엄정화, 50대 맞아? 엄청난 패션 센스+동안 미모[SNS★컷]",연예,16,2019,09,28,9:11,1,1,0,0,0,0,0,0,0,0,0,https://news.naver.com/main/read.nhn?mode=LSD&mid=sec&sid1=106&oid=609&aid=0000178695
엄정화,"엄정화, 나이 잊게 한 힙한 일상..눈길 끄는 동안",연예,16,2019,09,25,24:35,21,16,0,5,0,0,0,0,0,0,0,https://news.naver.com/main/read.nhn?mode=LSD&mid=sec&sid1=106&oid=112&aid=0003215823
엄정화,"엄정화 힙한 분위기, 50대 나이 믿기지 않는 일상 사진[SNS★컷]",연예,16,2019,09,25,8:59,1,1,0,0,0,0,0,0,0,0,0,https://news.naver.com/main/read.nhn?mode=LSD&mid=sec&sid1=106&oid=609&aid=0000176484
엄정화,"엄정화, 세월을 잊은 여신 미모",연예,17,2019,10,04,16:21,5,5,0,0,0,0,0,0,0,0,0,https://news.naver.com/main/read.nhn?mode=LSD&mid=sec&sid1=106&oid=469&aid=0000427987
엄정화,"엄정화, 50대 맞아? 20대 기죽이는 동안 미모",연예,17,2019,10,05,6:05,17,14,0,3,0,0,0,0,0,0,0,https://news.naver.com/main/read.nhn?mode=LSD&mid=sec&sid1=106&oid=117&aid=0003282622
엄정화,"백지영 “엄정화, 인생 롤모델..앞으로도 긍정적으로 노래할 것”",연예,17,2019,10,04,20:58,5,5,0,0,0,0,0,0,0,0,0,https://news.naver.com/main/read.nhn?mode=LSD&mid=sec&sid1=106&oid=609&aid=0000182724
엄정화,"정려원, 엄정화 럭셔리 집 공개 ""언니네서 일탈 중""",연예,17,2019,09,30,17:54,9,6,0,3,0,0,0,0,0,0,0,https://news.naver.com/main/read.nhn?mode=LSD&mid=sec&sid1=106&oid=076&aid=0003474976
엄정화,"‘불후의 명곡’ 신지 “꽃미남 김종민, 비주얼 멤버로 코요태 합류”",연예,17,2019,10,05,19:24,7,7,0,0,0,0,0,0,0,0,0,https://news.naver.com/main/read.nhn?mode=LSD&mid=sec&sid1=106&oid=410&aid=0000630184
엄정화,"엄정화, 50대 미모 실화야? 주름 1도 없는 탱탱 꿀피부에 깜짝[SNS★컷]",연예,17,2019,10,04,14:18,11,10,0,1,0,0,0,0,0,0,0,https://news.naver.com/main/read.nhn?mode=LSD&mid=sec&sid1=106&oid=609&aid=0000182312
엄정화,"""언니네서 일탈 중""…정려원, 엄정화와 남다른 친분 인증 [★해시태그]",연예,17,2019,09,30,14:57,1,1,0,0,0,0,0,0,0,0,0,https://news.naver.com/main/read.nhn?mode=LSD&mid=sec&sid1=106&oid=311&aid=0001052943
엄정화,"정려원 ""엄정화 언니네 놀러왔어요""..여배우의 멋진 일탈",연예,17,2019,09,30,24:54,28,26,0,2,0,0,0,0,0,0,0,https://news.naver.com/main/read.nhn?mode=LSD&mid=sec&sid1=106&oid=112&aid=0003217627
엄정화,"엄정화, 디바의 귀환..걸크러쉬+간지",연예,18,2019,10,10,17:27,12,11,0,1,0,0,0,0,0,0,0,https://news.naver.com/main/read.nhn?mode=LSD&mid=sec&sid1=106&oid=112&aid=0003221654
엄정화,"""디바가 나타났다""..엄정화, 50대 안 믿기는 여전한 미모",연예,18,2019,10,12,17:53,119,43,0,76,0,0,0,0,0,0,0,https://news.naver.com/main/read.nhn?mode=LSD&mid=sec&sid1=106&oid=112&aid=0003222399
엄정화,"엄정화 근황, 나이 잊은 원조 패셔니스타",연예,18,2019,10,10,23:31,7,7,0,0,0,0,0,0,0,0,0,https://news.naver.com/main/read.nhn?mode=LSD&mid=sec&sid1=106&oid=213&aid=0001135025
엄정화,"[포토] 엄정화, 완벽한 흑백 조합!",연예,18,2019,10,07,24:28,2,2,0,0,0,0,0,0,0,0,0,https://news.naver.com/main/read.nhn?mode=LSD&mid=sec&sid1=106&oid=076&aid=0003477921
엄정화,[사진]엄정화 '여전한 미모',연예,18,2019,10,07,24:35,1,1,0,0,0,0,0,0,0,0,0,https://news.naver.com/main/read.nhn?mode=LSD&mid=sec&sid1=106&oid=008&aid=0004288528
엄정화,"[포토] 엄정화, 세련미 넘치는 블랙&화이트!",연예,18,2019,10,07,24:20,1,1,0,0,0,0,0,0,0,0,0,https://news.naver.com/main/read.nhn?mode=LSD&mid=sec&sid1=106&oid=076&aid=0003477917
엄정화,[포토] 엄정화 'B&W 깔끔 소화',연예,18,2019,10,07,24:37,3,3,0,0,0,0,0,0,0,0,0,https://news.naver.com/main/read.nhn?mode=LSD&mid=sec&sid1=106&oid=241&aid=0002964788
엄정화,"엄정화, 촬영장 가는 모습도 우아 그 자체 [★해시태그]",연예,18,2019,10,10,18:01,1,1,0,0,0,0,0,0,0,0,0,https://news.naver.com/main/read.nhn?mode=LSD&mid=sec&sid1=106&oid=311&aid=0001057828
엄정화,"‘영원한 섹시 디바’ 엄정화, 가만히 앉아만 있어도 화보[SNS★컷]",연예,18,2019,10,10,17:35,4,4,0,0,0,0,0,0,0,0,0,https://news.naver.com/main/read.nhn?mode=LSD&mid=sec&sid1=106&oid=609&aid=0000185747
엄정화,"엄정화, 나이를 가늠할 수 없는 동안 미모..프랑스의 여신",연예,18,2019,10,10,6:22,11,10,0,1,0,0,0,0,0,0,0,https://news.naver.com/main/read.nhn?mode=LSD&mid=sec&sid1=106&oid=112&aid=0003221287
엄정화,"엄정화, 프랑스 밝힌 동안 미모 ‘세월이 멈춘 듯해’[SNS★컷]",연예,18,2019,10,10,10:19,5,5,0,0,0,0,0,0,0,0,0,https://news.naver.com/main/read.nhn?mode=LSD&mid=sec&sid1=106&oid=609&aid=0000185380
엄정화,[MD포토] 엄정화 '화보촬영 다녀올게요',연예,18,2019,10,07,24:11,1,1,0,0,0,0,0,0,0,0,0,https://news.naver.com/main/read.nhn?mode=LSD&mid=sec&sid1=106&oid=117&aid=0003283558
엄정화,[포토] 엄정화 '화보촬영 다녀올게요!',연예,18,2019,10,07,24:28,2,2,0,0,0,0,0,0,0,0,0,https://news.naver.com/main/read.nhn?mode=LSD&mid=sec&sid1=106&oid=076&aid=0003477923
엄정화,"[포토] 엄정화, 완벽한 코디네이션!",연예,18,2019,10,07,24:23,6,6,0,0,0,0,0,0,0,0,0,https://news.naver.com/main/read.nhn?mode=LSD&mid=sec&sid1=106&oid=076&aid=0003477919
엄정화,[사진]엄정화 '오랜만에 인사드려요',연예,18,2019,10,07,24:35,4,4,0,0,0,0,0,0,0,0,0,https://news.naver.com/main/read.nhn?mode=LSD&mid=sec&sid1=106&oid=008&aid=0004288527
엄정화,"[포토] 엄정화, 자신감 넘치는 모습이 아름다워!",연예,18,2019,10,07,24:28,1,1,0,0,0,0,0,0,0,0,0,https://news.naver.com/main/read.nhn?mode=LSD&mid=sec&sid1=106&oid=076&aid=0003477924
엄정화,"엄정화, 모노톤 공항패션 '눈길'…""럭셔리한 분위기""",연예,18,2019,10,07,16:00,8,7,0,1,0,0,0,0,0,0,0,https://news.naver.com/main/read.nhn?mode=LSD&mid=sec&sid1=106&oid=008&aid=0004288724
엄정화,[포토] 엄정화 '파리로 갑니다',연예,18,2019,10,07,24:18,1,1,0,0,0,0,0,0,0,0,0,https://news.naver.com/main/read.nhn?mode=LSD&mid=sec&sid1=106&oid=241&aid=0002964774
엄정화,[포토] 엄정화 '가을 하늘을 보라',연예,18,2019,10,07,24:42,3,3,0,0,0,0,0,0,0,0,0,https://news.naver.com/main/read.nhn?mode=LSD&mid=sec&sid1=106&oid=241&aid=0002964795
엄정화,[포토] 엄정화 '품위 있는 풋워크',연예,18,2019,10,07,24:30,2,2,0,0,0,0,0,0,0,0,0,https://news.naver.com/main/read.nhn?mode=LSD&mid=sec&sid1=106&oid=241&aid=0002964784
엄정화,"엄정화, 여자들의 워너비..나이 잊은 동안 미모",연예,19,2019,10,15,18:02,12,10,0,2,0,0,0,0,0,0,0,https://news.naver.com/main/read.nhn?mode=LSD&mid=sec&sid1=106&oid=112&aid=0003223362
엄정화,"엄정화, 해변에 나타난 여신…동안 비주얼 끝판왕",연예,19,2019,10,16,11:37,6,4,0,2,0,0,0,0,0,0,0,https://news.naver.com/main/read.nhn?mode=LSD&mid=sec&sid1=106&oid=112&aid=0003223592
엄정화,"""파리는, 파라다이스"" 엄정화, '오케이 마담' 개봉前 휴식여행 [★SHOT!]",연예,19,2019,10,14,21:24,8,8,0,0,0,0,0,0,0,0,0,https://news.naver.com/main/read.nhn?mode=LSD&mid=sec&sid1=106&oid=109&aid=0004101654
엄정화,"엄정화, 파리로 간 디바‥주름없는 방부제 미모 [SNS★컷]",연예,19,2019,10,14,18:14,13,11,0,2,0,0,0,0,0,0,0,https://news.naver.com/main/read.nhn?mode=LSD&mid=sec&sid1=106&oid=609&aid=0000187330
엄정화,"엄정화, 흑백 뚫고 나오는 이목구비…압도적 카리스마 자태",연예,20,2019,10,25,17:44,25,24,0,1,0,0,0,0,0,0,0,https://news.naver.com/main/read.nhn?mode=LSD&mid=sec&sid1=106&oid=112&aid=0003227494
엄정화,"[화보IS] 파리의 엄정화, 고혹적인 아우라",연예,20,2019,10,21,17:38,54,53,0,1,0,0,0,0,0,0,0,https://news.naver.com/main/read.nhn?mode=LSD&mid=sec&sid1=106&oid=241&aid=0002970672
엄정화,"‘엄정화→조진웅’ 사람엔터 배우 11인, 다채로운 카리스마[화보]",연예,20,2019,10,25,11:37,6,6,0,0,0,0,0,0,0,0,0,https://news.naver.com/main/read.nhn?mode=LSD&mid=sec&sid1=106&oid=609&aid=0000193018
엄정화,"엄정화, 파리서 전한 세월 역주행 ‘미모’ [똑똑SNS]",연예,20,2019,10,22,10:13,3,3,0,0,0,0,0,0,0,0,0,https://news.naver.com/main/read.nhn?mode=LSD&mid=sec&sid1=106&oid=410&aid=0000635689
엄정화,"브아걸, 심수봉-god-엄정화 등 10곡 리메이크",연예,20,2019,10,22,14:06,22,22,0,0,0,0,0,0,0,0,0,https://news.naver.com/main/read.nhn?mode=LSD&mid=sec&sid1=106&oid=629&aid=0000001911
엄정화,"엄정화, 파리 씹어먹은 독보적인 아우라 [화보]",연예,20,2019,10,21,8:42,42,42,0,0,0,0,0,0,0,0,0,https://news.naver.com/main/read.nhn?mode=LSD&mid=sec&sid1=106&oid=382&aid=0000770041
엄정화,"엄정화, 퓨마와 함께 '강렬 화보'",연예,20,2019,10,21,8:52,8,8,0,0,0,0,0,0,0,0,0,https://news.naver.com/main/read.nhn?mode=LSD&mid=sec&sid1=106&oid=018&aid=0004496497
엄정화,"[★화보]엄정화, 파격 수트+독보적 아우라…대체불가 섹시 아이콘",연예,20,2019,10,21,8:50,5,4,0,1,0,0,0,0,0,0,0,https://news.naver.com/main/read.nhn?mode=LSD&mid=sec&sid1=106&oid=468&aid=0000579320
엄정화,"이하늬→이제훈, 매력적인 배우 11人의 시너지 [화보]",연예,20,2019,10,25,11:36,3,3,0,0,0,0,0,0,0,0,0,https://news.naver.com/main/read.nhn?mode=LSD&mid=sec&sid1=106&oid=076&aid=0003486798
엄정화,[화보IS] 조진웅·이제훈·이하늬…사람엔터 11人 '한국영화 100주년' 축하,연예,20,2019,10,25,16:31,36,36,0,0,0,0,0,0,0,0,0,https://news.naver.com/main/read.nhn?mode=LSD&mid=sec&sid1=106&oid=241&aid=0002972734
엄정화,"엄정화 파리 근황, 파리지앵도 뒤돌아볼 자태[SNS★컷]",연예,20,2019,10,22,7:19,2,2,0,0,0,0,0,0,0,0,0,https://news.naver.com/main/read.nhn?mode=LSD&mid=sec&sid1=106&oid=609&aid=0000191071
엄정화,"심수봉부터 지오디까지…브아걸, 28일 리메이크 앨범",생활,20,2019,10,22,15:05,2,2,0,0,0,0,0,0,0,0,0,https://news.naver.com/main/read.nhn?mode=LSD&mid=sec&sid1=103&oid=001&aid=0011160163
엄정화,심수봉-엄정화-god... 4년만에 '컴백' 브아걸의 선택,연예,21,2019,10,28,17:54,11,11,0,0,0,0,0,0,0,0,0,https://news.naver.com/main/read.nhn?mode=LSD&mid=sec&sid1=106&oid=047&aid=0002244948
엄정화,"엄정화X이제훈X이하늬X조진웅 등, 화보 B컷도 범접불가 아우라",연예,21,2019,11,01,11:16,15,14,0,1,0,0,0,0,0,0,0,https://news.naver.com/main/read.nhn?mode=LSD&mid=sec&sid1=106&oid=112&aid=0003230118
엄정화,"'컴백' 브아걸 미료 ""엄정화 '초대', 굉장히 좋아해…피처링 감사""",연예,21,2019,10,28,15:25,3,3,0,0,0,0,0,0,0,0,0,https://news.naver.com/main/read.nhn?mode=LSD&mid=sec&sid1=106&oid=416&aid=0000250598
엄정화,엄정화부터 이하늬까지…등장만으로 영화같은 [화보],연예,21,2019,10,28,10:33,6,6,0,0,0,0,0,0,0,0,0,https://news.naver.com/main/read.nhn?mode=LSD&mid=sec&sid1=106&oid=213&aid=0001137926
엄정화,"“명곡을 재연”…브아걸, 4년만 리메이크 앨범으로 컴백하는 이유 [종합]",연예,21,2019,10,28,15:26,1,1,0,0,0,0,0,0,0,0,0,https://news.naver.com/main/read.nhn?mode=LSD&mid=sec&sid1=106&oid=213&aid=0001138025
엄정화,"브아걸, 디지털 싱글 시대에 리메이크 '리바이브'가 주는 울림 [MD현장]",연예,21,2019,10,28,16:21,6,6,0,0,0,0,0,0,0,0,0,https://news.naver.com/main/read.nhn?mode=LSD&mid=sec&sid1=106&oid=117&aid=0003293714
엄정화,"브아걸 미료 “‘초대’ 리메이크, 엄정화 직접 피처링 참여해줬다” [MK★현장]",연예,21,2019,10,28,15:03,1,1,0,0,0,0,0,0,0,0,0,https://news.naver.com/main/read.nhn?mode=LSD&mid=sec&sid1=106&oid=410&aid=0000638411
엄정화,"이하늬 ""韓 콘텐츠, 세계 어디에 내놔도 독보적"" [화보]",연예,21,2019,10,28,10:23,42,42,0,0,0,0,0,0,0,0,0,https://news.naver.com/main/read.nhn?mode=LSD&mid=sec&sid1=106&oid=109&aid=0004110594
엄정화,"이제훈 ""한국영화가 나를 만들었다. 배우로서도, 사람으로서도"" [화보]",연예,21,2019,10,28,24:28,6,6,0,0,0,0,0,0,0,0,0,https://news.naver.com/main/read.nhn?mode=LSD&mid=sec&sid1=106&oid=112&aid=0003228212
엄정화,"엄정화, 동안 미녀의 화려한 일상..얼굴만 한 와인잔",연예,22,2019,11,06,7:06,2,2,0,0,0,0,0,0,0,0,0,https://news.naver.com/main/read.nhn?mode=LSD&mid=sec&sid1=106&oid=112&aid=0003231829
엄정화,"브아걸 가인, ‘내가 날 버린 이유’ 부르다 오열…녹화 중단",연예,22,2019,11,06,10:35,32,15,0,17,0,0,0,0,0,0,0,https://news.naver.com/main/read.nhn?mode=LSD&mid=sec&sid1=106&oid=382&aid=0000774658
엄정화,"‘음악당’ 브아걸, 4년만에 완전체 라이브 무대...가인 눈물 펑펑 쏟은 사연은?",연예,22,2019,11,07,1:16,1,1,0,0,0,0,0,0,0,0,0,https://news.naver.com/main/read.nhn?mode=LSD&mid=sec&sid1=106&oid=011&aid=0003647335
엄정화,"""수지·윤아처럼""…가을 스카프, '이 옷'엔 이렇게 매세요",연예,22,2019,11,07,15:00,42,42,0,0,0,0,0,0,0,0,0,https://news.naver.com/main/read.nhn?mode=LSD&mid=sec&sid1=106&oid=008&aid=0004306108
엄정화,"'음악당' 브아걸, 4년만 완전체 라이브 무대…가인 눈물 펑펑",연예,22,2019,11,06,10:35,13,13,0,0,0,0,0,0,0,0,0,https://news.naver.com/main/read.nhn?mode=LSD&mid=sec&sid1=106&oid=311&aid=0001070493
엄정화,"엄정화, 98년도 '몰라' 시절 공개 ""어머 귀여워""",연예,23,2019,11,12,18:00,9,9,0,0,0,0,0,0,0,0,0,https://news.naver.com/main/read.nhn?mode=LSD&mid=sec&sid1=106&oid=112&aid=0003234471
엄정화,"이소라 ""이상민 때문에 세상에 2개뿐인 옷 못 입게 돼"" ('아는 형님')",연예,23,2019,11,16,22:05,10,10,0,0,0,0,0,0,0,0,0,https://news.naver.com/main/read.nhn?mode=LSD&mid=sec&sid1=106&oid=117&aid=0003301702
엄정화,"'아는 형님' 이소라X딘딘, 거침없는 매력+유쾌 입담 feat. 펭수 [종합]",연예,23,2019,11,16,23:03,2,2,0,0,0,0,0,0,0,0,0,https://news.naver.com/main/read.nhn?mode=LSD&mid=sec&sid1=106&oid=241&aid=0002980406
엄정화,[세상읽기] 대학을 떠나며 / 조형근,오피니언,23,2019,11,10,17:58,36,24,0,6,3,3,0,0,0,0,0,https://news.naver.com/main/read.nhn?mode=LSD&mid=sec&sid1=110&oid=028&aid=0002474264
엄정화,"조세호, ‘동백꽃 필 무렵’ 준기 엄마로 변신···김동현 “하와이서 점 보는 분 닮았다”",연예,23,2019,11,15,17:58,22,22,0,0,0,0,0,0,0,0,0,https://news.naver.com/main/read.nhn?mode=LSD&mid=sec&sid1=106&oid=312&aid=0000420895
엄정화,"엄정화, 21년 전과 똑같아…백지영 ""저랑 좀 닮으신 듯""",연예,23,2019,11,12,18:19,9,8,0,1,0,0,0,0,0,0,0,https://news.naver.com/main/read.nhn?mode=LSD&mid=sec&sid1=106&oid=477&aid=0000218002
엄정화,"‘아는 형님’ 모델 이소라, “전 세계에 딱 2개 밖에 없는 옷 이상민 M/V 찍다 버렸다”",연예,23,2019,11,16,22:43,3,1,0,2,0,0,0,0,0,0,0,https://news.naver.com/main/read.nhn?mode=LSD&mid=sec&sid1=106&oid=469&aid=0000440607
엄정화,"""Love you"" 엄정화, 조카 엄지온과 핑크빛 셀카",연예,24,2019,11,22,17:58,52,47,0,5,0,0,0,0,0,0,0,https://news.naver.com/main/read.nhn?mode=LSD&mid=sec&sid1=106&oid=213&aid=0001141815
엄정화,"엄정화, 그림같은 배경·그린 듯한 옆태...엄지원 ""멋져"" [★해시태그]",연예,24,2019,11,22,21:43,20,19,0,1,0,0,0,0,0,0,0,https://news.naver.com/main/read.nhn?mode=LSD&mid=sec&sid1=106&oid=311&aid=0001078510
엄정화,"엄정화, 창문에 비친 고혹적 미모‥'여자들의 워너비'",연예,24,2019,11,21,18:08,14,14,0,0,0,0,0,0,0,0,0,https://news.naver.com/main/read.nhn?mode=LSD&mid=sec&sid1=106&oid=112&aid=0003238165
엄정화,"엄정화 신비로운 실루엣, 창밖엔 양떼가 설원을 뛰어다니고[SNS★컷]",연예,24,2019,11,21,17:12,1,1,0,0,0,0,0,0,0,0,0,https://news.naver.com/main/read.nhn?mode=LSD&mid=sec&sid1=106&oid=609&aid=0000206476
엄정화,"엄정화, 조각 같은 옆선 뽐내며 ‘여배우 포스’",연예,24,2019,11,21,21:30,1,1,0,0,0,0,0,0,0,0,0,https://news.naver.com/main/read.nhn?mode=LSD&mid=sec&sid1=106&oid=213&aid=0001141659
엄정화,"""목표는 엄정화"" '동백꽃' 손담비, 최향미와 피워낸 연예활동 2막[인터뷰S]",연예,24,2019,11,23,9:01,56,53,0,3,0,0,0,0,0,0,0,https://news.naver.com/main/read.nhn?mode=LSD&mid=sec&sid1=106&oid=477&aid=0000219854
엄정화,"[TEN 인터뷰] '동백꽃 필 무렵' 손담비 ""향미 위해 가수 컴백 연기…덕분에 인생캐 만났죠""",연예,24,2019,11,22,8:00,11,11,0,0,0,0,0,0,0,0,0,https://news.naver.com/main/read.nhn?mode=LSD&mid=sec&sid1=106&oid=312&aid=0000422052
엄정화,"엄정화, 명불허전 동안 미모..50대라니 안믿겨",연예,24,2019,11,19,11:17,5,5,0,0,0,0,0,0,0,0,0,https://news.naver.com/main/read.nhn?mode=LSD&mid=sec&sid1=106&oid=112&aid=0003237064
엄정화,"손담비 ""엄정화 선배처럼, 가수와 연기 병행하고 싶어요""(인터뷰③)",연예,24,2019,11,22,8:00,3,3,0,0,0,0,0,0,0,0,0,https://news.naver.com/main/read.nhn?mode=LSD&mid=sec&sid1=106&oid=108&aid=0002825323
엄정화,"엄정화, 기분 좋아지는 환한 미소 ""오래오래"" [★해시태그]",연예,24,2019,11,19,19:52,26,26,0,0,0,0,0,0,0,0,0,https://news.naver.com/main/read.nhn?mode=LSD&mid=sec&sid1=106&oid=311&aid=0001076977
엄정화,"엄정화, 고인 소식에 ""무기력한 밤..미안하고 미안하다""",연예,25,2019,11,25,11:13,19,2,0,17,0,0,0,0,0,0,0,https://news.naver.com/main/read.nhn?mode=LSD&mid=sec&sid1=106&oid=112&aid=0003239337
엄정화,"구하라 사망 추모 물결…엄정화·앤마리까지 ""무기력하다""",연예,25,2019,11,25,20:01,16,1,0,15,0,0,0,0,0,0,0,https://news.naver.com/main/read.nhn?mode=LSD&mid=sec&sid1=106&oid=215&aid=0000826895
엄정화,"""미안하고 미안해""...엄정화·임수향 등 구하라 애도 동참",연예,25,2019,11,25,14:48,2,0,0,2,0,0,0,0,0,0,0,https://news.naver.com/main/read.nhn?mode=LSD&mid=sec&sid1=106&oid=003&aid=0009574611
엄정화,"손담비 ""가수, 한번도 포기한 적 없어요…목표는 엄정화 선배님"" [인터뷰③]",연예,25,2019,11,27,17:27,22,22,0,0,0,0,0,0,0,0,0,https://news.naver.com/main/read.nhn?mode=LSD&mid=sec&sid1=106&oid=018&aid=0004526066
엄정화,"""더는 외롭지 않길"" 엄정화→임창정, 이어지는 故 구하라 애도 물결",연예,25,2019,11,25,14:21,4,0,0,4,0,0,0,0,0,0,0,https://news.naver.com/main/read.nhn?mode=LSD&mid=sec&sid1=106&oid=421&aid=0004323751
엄정화,"김옥빈·엄정화·성현아·한지혜도 구하라 추모...""무기력하고 미안해""(종합)",연예,25,2019,11,25,11:16,10,3,0,7,0,0,0,0,0,0,0,https://news.naver.com/main/read.nhn?mode=LSD&mid=sec&sid1=106&oid=312&aid=0000422477
엄정화,"[종합] ""하라야 미안해""…구하라 사망, AOA-엑소 일정 줄취소→한서희·엄정화 애도",연예,25,2019,11,25,14:25,17,0,0,17,0,0,0,0,0,0,0,https://news.naver.com/main/read.nhn?mode=LSD&mid=sec&sid1=106&oid=076&aid=0003501278
엄정화,"""故구하라, 미안해""…허지웅·김옥빈·한서희·엄정화 등 비통한 심경 [종합]",연예,25,2019,11,25,14:01,22,0,0,22,0,0,0,0,0,0,0,https://news.naver.com/main/read.nhn?mode=LSD&mid=sec&sid1=106&oid=408&aid=0000082017
엄정화,"엄정화, 故 구하라에 ""연약하고 순수한 마음에 상처가 아프다""",연예,25,2019,11,25,11:18,3,0,0,3,0,0,0,0,0,0,0,https://news.naver.com/main/read.nhn?mode=LSD&mid=sec&sid1=106&oid=052&aid=0001369583
엄정화,"엄정화, 故 구하라 추모…""연약한 마음에 상처는 아파…미안하다""",연예,25,2019,11,25,13:35,6,0,0,6,0,0,0,0,0,0,0,https://news.naver.com/main/read.nhn?mode=LSD&mid=sec&sid1=106&oid=117&aid=0003304688
엄정화,"[종합]""미안하고 미안해""…엄정화, 故구하라 추모→AOA 쇼케이스 취소",연예,25,2019,11,25,14:18,5,0,0,5,0,0,0,0,0,0,0,https://news.naver.com/main/read.nhn?mode=LSD&mid=sec&sid1=106&oid=076&aid=0003501271
엄정화,"엄정화, 故구하라 추모 ""무기력하다, 미안하고 미안하다""",연예,25,2019,11,25,10:38,11,0,0,11,0,0,0,0,0,0,0,https://news.naver.com/main/read.nhn?mode=LSD&mid=sec&sid1=106&oid=076&aid=0003501201
엄정화,“그곳에선 행복하길”…구하라 비보에 동료 연예인·팬들 추모 물결,사회,25,2019,11,25,18:20,1,0,0,1,0,0,0,0,0,0,0,https://news.naver.com/main/read.nhn?mode=LSD&mid=sec&sid1=102&oid=016&aid=0001606452
엄정화,"""편히 쉬기를""…구하라 비보에 동료 연예인·팬들 추모 물결",연예,25,2019,11,25,18:04,5,0,0,5,0,0,0,0,0,0,0,https://news.naver.com/main/read.nhn?mode=LSD&mid=sec&sid1=106&oid=001&aid=0011236362
엄정화,"구하라 비보 이틀째, 이영애·엄정화 애도…'신변 비관 메모' 속 팬 조문 허용(종합)",연예,25,2019,11,25,14:41,3,0,0,3,0,0,0,0,0,0,0,https://news.naver.com/main/read.nhn?mode=LSD&mid=sec&sid1=106&oid=421&aid=0004323853
엄정화,"엄정화, 동안 미모계의 레전드..세월 흔적 어디로?",연예,26,2019,12,04,7:12,13,11,0,2,0,0,0,0,0,0,0,https://news.naver.com/main/read.nhn?mode=LSD&mid=sec&sid1=106&oid=112&aid=0003242865
엄정화,"김우리 ""최근 연예계 가슴 아픈 소식 많아 유감, 부모로서 안타까워"" [화보]",연예,26,2019,12,05,11:21,2,2,0,0,0,0,0,0,0,0,0,https://news.naver.com/main/read.nhn?mode=LSD&mid=sec&sid1=106&oid=076&aid=0003505416
엄정화,"엄정화, 반려견에 뽀뽀 쪽..여전한 동안 미녀",연예,27,2019,12,12,6:36,8,8,0,0,0,0,0,0,0,0,0,https://news.naver.com/main/read.nhn?mode=LSD&mid=sec&sid1=106&oid=112&aid=0003245610
엄정화,"[현장]'김남길의 우주 최강 쇼', 박성웅→엄정화 초특급 게스트 총출동…'우주 최강의 팬사랑' 펼쳐(종합)",,27,2019,12,11,15:42,156,146,9,0,1,0,0,0,0,0,0,https://news.naver.com/main/read.nhn?mode=LSD&mid=sec&sid1=004&oid=030&aid=0002856722
엄정화,"정세운, '불후의 명곡' 엄정화의 '초대'로 시청자 홀렸다",연예,27,2019,12,08,16:39,3,3,0,0,0,0,0,0,0,0,0,https://news.naver.com/main/read.nhn?mode=LSD&mid=sec&sid1=106&oid=015&aid=0004253924
엄정화,손담비 “가수+배우 힘들어도 버텨…목표는 엄정화”[MK★인터뷰②],연예,27,2019,12,11,7:02,10,10,0,0,0,0,0,0,0,0,0,https://news.naver.com/main/read.nhn?mode=LSD&mid=sec&sid1=106&oid=410&aid=0000651360
엄정화,"[현장IS] ""270분 달렸다"" 재능부자 김남길 '우주최강 기부쇼'(종합)",연예,27,2019,12,11,13:05,376,376,0,0,0,0,0,0,0,0,0,https://news.naver.com/main/read.nhn?mode=LSD&mid=sec&sid1=106&oid=241&aid=0002987125
엄정화,"'불명' 정세운, 엄정화 '초대' 섹시함 더해 완벽 재해석 ""큰 의미로 남을 것""",연예,27,2019,12,08,11:35,51,51,0,0,0,0,0,0,0,0,0,https://news.naver.com/main/read.nhn?mode=LSD&mid=sec&sid1=106&oid=112&aid=0003244286
엄정화,정세운이 재해석한 기타 연주의 '초대',연예,27,2019,12,08,24:57,59,59,0,0,0,0,0,0,0,0,0,https://news.naver.com/main/read.nhn?mode=LSD&mid=sec&sid1=106&oid=241&aid=0002986230
엄정화,"'불후' 정세운 ""심사위원이던 박진영 PD님 앞에서 무대, 벅찼다"" 소감",연예,27,2019,12,08,11:26,30,30,0,0,0,0,0,0,0,0,0,https://news.naver.com/main/read.nhn?mode=LSD&mid=sec&sid1=106&oid=468&aid=0000601653
엄정화,‘불후’ 정세운 “박진영 앞에서 음악하는 후배로 노래..묘하면서 벅찼다”,연예,27,2019,12,08,11:06,41,41,0,0,0,0,0,0,0,0,0,https://news.naver.com/main/read.nhn?mode=LSD&mid=sec&sid1=106&oid=109&aid=0004132141
엄정화,"“평생 함께 할 친구” 엄정화·정재형, 크리스마스 집콘 동반 출격",연예,28,2019,12,19,9:07,1,1,0,0,0,0,0,0,0,0,0,https://news.naver.com/main/read.nhn?mode=LSD&mid=sec&sid1=106&oid=469&aid=0000450031
엄정화,"엄정화, 이게 바로 국보급 보디라인..수영복 관능미 여전",연예,28,2019,12,16,14:47,4,4,0,0,0,0,0,0,0,0,0,https://news.naver.com/main/read.nhn?mode=LSD&mid=sec&sid1=106&oid=112&aid=0003247050
엄정화,"문희준, 키썸 피처링 러브콜에 “지누션-엄정화처럼 할게”",연예,28,2019,12,18,18:02,24,24,0,0,0,0,0,0,0,0,0,https://news.naver.com/main/read.nhn?mode=LSD&mid=sec&sid1=106&oid=609&aid=0000220206
엄정화,"엄정화, 동안 미모는 불변..세월 거스른 여배우",연예,28,2019,12,19,7:08,4,4,0,0,0,0,0,0,0,0,0,https://news.naver.com/main/read.nhn?mode=LSD&mid=sec&sid1=106&oid=112&aid=0003248004
엄정화,"엄정화, 반려견과 행복한 일상ing...""슈퍼스타 올림"" [★해시태그]",연예,28,2019,12,19,11:50,4,4,0,0,0,0,0,0,0,0,0,https://news.naver.com/main/read.nhn?mode=LSD&mid=sec&sid1=106&oid=311&aid=0001088899
엄정화,"엄정화, 반려견과 패션화보급 비주얼 자랑 ‘아우라 남달라’[SNS★컷]",연예,28,2019,12,19,13:42,4,4,0,0,0,0,0,0,0,0,0,https://news.naver.com/main/read.nhn?mode=LSD&mid=sec&sid1=106&oid=609&aid=0000220495
엄정화,"""평생 함께 하고픈 친구"" 엄정화X정재형, 크리스마스 공연 확정 [공식입장]",연예,28,2019,12,19,8:53,1,1,0,0,0,0,0,0,0,0,0,https://news.naver.com/main/read.nhn?mode=LSD&mid=sec&sid1=106&oid=311&aid=0001088795
엄정화,"엄정화X정재형, 크리스마스 합동 공연 개최 “영원히 함께하고픈 친구”",연예,28,2019,12,19,8:48,1,1,0,0,0,0,0,0,0,0,0,https://news.naver.com/main/read.nhn?mode=LSD&mid=sec&sid1=106&oid=609&aid=0000220346
엄정화,"엄정화 ‘몰라’에 키썸-정모 춤판, 문희준 “난 머리만…”",연예,28,2019,12,18,18:06,7,7,0,0,0,0,0,0,0,0,0,https://news.naver.com/main/read.nhn?mode=LSD&mid=sec&sid1=106&oid=609&aid=0000220208
엄정화,"정재형X엄정화, 훈훈한 비주얼 자랑…이 조합 칭찬해",연예,29,2019,12,26,24:04,8,8,0,0,0,0,0,0,0,0,0,https://news.naver.com/main/read.nhn?mode=LSD&mid=sec&sid1=106&oid=112&aid=0003250344
엄정화,"엄정화·정재형, 크리스마스 집들이 콘서트",생활,29,2019,12,25,12:03,2,2,0,0,0,0,0,0,0,0,0,https://news.naver.com/main/read.nhn?mode=LSD&mid=sec&sid1=103&oid=052&aid=0001380767
엄정화,"12월27일 20년 전, ‘세기말’ 가요계 음반차트보니··· [오래 전 ‘이날’]",사회,29,2019,12,27,12:34,2,1,1,0,0,0,0,0,0,0,0,https://news.naver.com/main/read.nhn?mode=LSD&mid=sec&sid1=102&oid=032&aid=0002982982
엄정화,성탄절·연말 따뜻함을 더할 ‘12월 문화가 있는 날’,생활,29,2019,12,23,8:47,2,2,0,0,0,0,0,0,0,0,0,https://news.naver.com/main/read.nhn?mode=LSD&mid=sec&sid1=103&oid=014&aid=0004347035
엄정화,"박진영, 앞으로의 10년이 더 기대되는 ‘영원한 딴따라’",연예,29,2019,12,23,8:11,4,4,0,0,0,0,0,0,0,0,0,https://news.naver.com/main/read.nhn?mode=LSD&mid=sec&sid1=106&oid=215&aid=0000833410
엄정화,12월 ‘문화가 있는 날’에 할인혜택을 받아 볼 수 있는 영화는?…‘백두산’부터 ‘천문’까지,생활,29,2019,12,23,15:09,1,1,0,0,0,0,0,0,0,0,0,https://news.naver.com/main/read.nhn?mode=LSD&mid=sec&sid1=103&oid=311&aid=0001090334
엄정화,"‘영원한 딴따라’ 박진영, 열정과 에너지 발산… 폭발적 라이브",연예,29,2019,12,23,8:14,10,10,0,0,0,0,0,0,0,0,0,https://news.naver.com/main/read.nhn?mode=LSD&mid=sec&sid1=106&oid=382&aid=0000785458
엄정화,"이주연, 사람엔터와 전속계약 체결",연예,30,2020,01,02,11:50,1,1,0,0,0,0,0,0,0,0,0,https://news.naver.com/main/read.nhn?mode=LSD&mid=sec&sid1=106&oid=312&aid=0000428763
엄정화,"하정우, 한국 영화배우 흥행 파워 1위…자타공인 '믿보배'",연예,30,2020,01,02,17:29,27,27,0,0,0,0,0,0,0,0,0,https://news.naver.com/main/read.nhn?mode=LSD&mid=sec&sid1=106&oid=416&aid=0000253473
엄정화,"[TF댓글뉴스] 손예림, '슈스케' 꼬마→숙녀…""세월 참 빠르네""",연예,30,2020,01,03,12:01,6,6,0,0,0,0,0,0,0,0,0,https://news.naver.com/main/read.nhn?mode=LSD&mid=sec&sid1=106&oid=629&aid=0000008855
엄정화,"`슈스케 꼬마` 손예림, 폭풍성장 비포&애프터 `화제`",연예,30,2020,01,02,16:45,2,2,0,0,0,0,0,0,0,0,0,https://news.naver.com/main/read.nhn?mode=LSD&mid=sec&sid1=106&oid=009&aid=0004493509
엄정화,"'SKY캐슬 가을이' 이주연, 사람엔터와 전속계약 체결",연예,30,2020,01,02,10:11,1,1,0,0,0,0,0,0,0,0,0,https://news.naver.com/main/read.nhn?mode=LSD&mid=sec&sid1=106&oid=421&aid=0004387734
엄정화,"엄정화X이선빈X이상윤, 사랑스러운 케미 뿜뿜..'인간 방부제'의 정석",연예,31,2020,01,10,14:47,4,4,0,0,0,0,0,0,0,0,0,https://news.naver.com/main/read.nhn?mode=LSD&mid=sec&sid1=106&oid=112&aid=0003255909
엄정화,"'전참시'이영자, 홍현희에 ""먹는 이야기 할때만 나를 봐""",연예,31,2020,01,11,23:47,4,3,0,1,0,0,0,0,0,0,0,https://news.naver.com/main/read.nhn?mode=LSD&mid=sec&sid1=106&oid=421&aid=0004403751
엄정화,'슈가맨3' 장현철X양혜승X신용남 소환 완료‥하성운X유재석 벌칙 무대(종합),연예,31,2020,01,10,22:41,35,34,0,1,0,0,0,0,0,0,0,https://news.naver.com/main/read.nhn?mode=LSD&mid=sec&sid1=106&oid=112&aid=0003256030
엄정화,"보아에서 지드래곤, 주진모까지…끊이지 않는 연예인 해킹 사건",생활,31,2020,01,11,11:03,740,35,18,10,630,47,0,0,0,0,0,https://news.naver.com/main/read.nhn?mode=LSD&mid=sec&sid1=103&oid=469&aid=0000456560
엄정화,"딘딘 “작년 방송만 9개, 래퍼들 욕했지만 지금은 부러워해”[어제TV]",연예,31,2020,01,08,6:00,6,6,0,0,0,0,0,0,0,0,0,https://news.naver.com/main/read.nhn?mode=LSD&mid=sec&sid1=106&oid=609&aid=0000230011
엄정화,"[어게인TV]'비디오스타' 쥐띠특집, 솔비x세븐x션 솔세션으로 '말해줘' 탑골가요~",연예,31,2020,01,08,6:51,2,2,0,0,0,0,0,0,0,0,0,https://news.naver.com/main/read.nhn?mode=LSD&mid=sec&sid1=106&oid=112&aid=0003254762
엄정화,"엄정화, 51살 맞아? 27살 이선빈 옆서도 안 꿀린 동안 미모[SNS★컷]",연예,31,2020,01,10,14:43,4,4,0,0,0,0,0,0,0,0,0,https://news.naver.com/main/read.nhn?mode=LSD&mid=sec&sid1=106&oid=609&aid=0000231741
엄정화,"‘전참시’ 이영자 “배종옥, 가문이 다 차가워…홍현희, 먹는 얘기만 나랑”",연예,31,2020,01,11,23:26,3,3,0,0,0,0,0,0,0,0,0,https://news.naver.com/main/read.nhn?mode=LSD&mid=sec&sid1=106&oid=112&aid=0003256259
엄정화,"정려원, 엄정화 커피차 응원 인증 ""나의 뮤즈 덕분에 행복""",연예,32,2020,01,18,16:57,16,16,0,0,0,0,0,0,0,0,0,https://news.naver.com/main/read.nhn?mode=LSD&mid=sec&sid1=106&oid=241&aid=0002997919
엄정화,"엄정화, 최근 근황 보니? ‘독보적인 아우라’",연예,32,2020,01,16,15:26,9,7,0,2,0,0,0,0,0,0,0,https://news.naver.com/main/read.nhn?mode=LSD&mid=sec&sid1=106&oid=469&aid=0000458202
엄정화,"엄정화, 이 언니는 늙질 않네…팝콘들고 동안 미모 자랑",연예,32,2020,01,14,16:12,8,7,0,1,0,0,0,0,0,0,0,https://news.naver.com/main/read.nhn?mode=LSD&mid=sec&sid1=106&oid=112&aid=0003257236
엄정화,"엄정화X강민경, 훈훈한 선후배 사이 ""사랑스러워""",연예,32,2020,01,12,16:14,9,8,0,1,0,0,0,0,0,0,0,https://news.naver.com/main/read.nhn?mode=LSD&mid=sec&sid1=106&oid=108&aid=0002835878
엄정화,"신민아, 한파 이겨내는 미모…엄정화 ""추운데 화이팅"" 훈훈 응원",연예,32,2020,01,13,17:33,18,18,0,0,0,0,0,0,0,0,0,https://news.naver.com/main/read.nhn?mode=LSD&mid=sec&sid1=106&oid=421&aid=0004406308
엄정화,"검찰의 무리한 기소, 청와대 겨눈걸까",사회,32,2020,01,17,17:44,12,7,0,0,5,0,0,0,0,0,0,https://news.naver.com/main/read.nhn?mode=LSD&mid=sec&sid1=102&oid=079&aid=0003312973
엄정화,"“나의 뮤즈 언니” 정려원, 엄정화 커피차 선물에 감동",연예,32,2020,01,18,14:05,16,16,0,0,0,0,0,0,0,0,0,https://news.naver.com/main/read.nhn?mode=LSD&mid=sec&sid1=106&oid=469&aid=0000458733
엄정화,"정려원, 엄정화 커피차 선물에 감동 ""My muse..언니 덕에 행복해""",연예,32,2020,01,18,13:59,12,12,0,0,0,0,0,0,0,0,0,https://news.naver.com/main/read.nhn?mode=LSD&mid=sec&sid1=106&oid=112&aid=0003258662
엄정화,"정려원, 엄정화 커피차 선물에 감동 ""마이 뮤즈♥, 언니 덕분에 행복"" [★SHOT!]",연예,32,2020,01,18,18:26,26,25,0,1,0,0,0,0,0,0,0,https://news.naver.com/main/read.nhn?mode=LSD&mid=sec&sid1=106&oid=109&aid=0004152379
엄정화,"정려원, 엄정화 커피차 선물에 감동 “덕분에 행복해요”[SNS★컷]",연예,32,2020,01,18,16:16,17,17,0,0,0,0,0,0,0,0,0,https://news.naver.com/main/read.nhn?mode=LSD&mid=sec&sid1=106&oid=609&aid=0000235763
엄정화,"엄정화, 팝콘 들고 ‘미스터주’ 보러‥흐뭇 미소[SNS★컷]",연예,32,2020,01,14,17:35,2,2,0,0,0,0,0,0,0,0,0,https://news.naver.com/main/read.nhn?mode=LSD&mid=sec&sid1=106&oid=609&aid=0000233742
엄정화,"엄정화X강민경, 훈훈한 선후배 케미…여신 미모 大폭발",연예,32,2020,01,12,24:34,7,7,0,0,0,0,0,0,0,0,0,https://news.naver.com/main/read.nhn?mode=LSD&mid=sec&sid1=106&oid=112&aid=0003256360
엄정화,"엄정화, 강민경과 다정한 투샷 “사랑스러운 민경”",연예,32,2020,01,12,13:18,22,19,0,3,0,0,0,0,0,0,0,https://news.naver.com/main/read.nhn?mode=LSD&mid=sec&sid1=106&oid=469&aid=0000456694
엄정화,"""사랑스러워♥""..엄정화, 강민경과 '동안 미모' 뿜뿜 [★SHOT!]",연예,32,2020,01,12,24:33,5,5,0,0,0,0,0,0,0,0,0,https://news.naver.com/main/read.nhn?mode=LSD&mid=sec&sid1=106&oid=109&aid=0004149196
엄정화,"엄정화, 51살 안 믿긴 동안 미모 자랑 ‘31살 강민경과 친구인 줄’[SNS★컷]",연예,32,2020,01,12,13:50,11,6,0,5,0,0,0,0,0,0,0,https://news.naver.com/main/read.nhn?mode=LSD&mid=sec&sid1=106&oid=609&aid=0000232519
엄정화,"엄지온, 폭풍성장 '벌써 초딩' 흐뭇..윤혜진 ""징그럽게 커버렸네"" [★SHOT!]",연예,32,2020,01,18,15:44,36,32,0,4,0,0,0,0,0,0,0,https://news.naver.com/main/read.nhn?mode=LSD&mid=sec&sid1=106&oid=109&aid=0004152317
엄정화,"엄태웅♥윤혜진 딸 엄지온, 벌써 초등학생 ""징그럽게 커버렸네"" [★해시태그]",연예,32,2020,01,18,19:08,130,118,0,12,0,0,0,0,0,0,0,https://news.naver.com/main/read.nhn?mode=LSD&mid=sec&sid1=106&oid=311&aid=0001101305
엄정화,"""거울 속 예쁨만 가득""..최수영, 엄정화X한예리 등과 훈훈한 선후배 우정",연예,33,2020,01,24,19:42,16,16,0,0,0,0,0,0,0,0,0,https://news.naver.com/main/read.nhn?mode=LSD&mid=sec&sid1=106&oid=112&aid=0003260850
엄정화,"백지영, 가구에 숨은 딸 하임 양 포착…엄정화 ""너무 귀엽다"" [★해시태그]",연예,33,2020,01,19,21:09,11,9,0,2,0,0,0,0,0,0,0,https://news.naver.com/main/read.nhn?mode=LSD&mid=sec&sid1=106&oid=311&aid=0001101640
엄정화,"채종주 제이플래닛엔터 대표, 문체부 장관 표창 영예",연예,33,2020,01,22,13:00,4,4,0,0,0,0,0,0,0,0,0,https://news.naver.com/main/read.nhn?mode=LSD&mid=sec&sid1=106&oid=241&aid=0002998689
엄정화,"제이플래닛 엔터테인먼트 채종주 대표, 문화체육부장관 표창 수상",연예,33,2020,01,22,9:14,8,8,0,0,0,0,0,0,0,0,0,https://news.naver.com/main/read.nhn?mode=LSD&mid=sec&sid1=106&oid=215&aid=0000841232
엄정화,"채종주 제이플래닛엔터 대표, 문체부 장관 표창 영예",연예,33,2020,01,22,9:27,3,3,0,0,0,0,0,0,0,0,0,https://news.naver.com/main/read.nhn?mode=LSD&mid=sec&sid1=106&oid=018&aid=0004560243
엄정화,"제이플래닛 채종주 대표, 문화체육부장관 표창 수상",연예,33,2020,01,22,9:31,2,2,0,0,0,0,0,0,0,0,0,https://news.naver.com/main/read.nhn?mode=LSD&mid=sec&sid1=106&oid=421&aid=0004421637
엄정화,"제이플래닛 채종주 대표, 문화체육부장관 표창 수상",연예,33,2020,01,22,10:09,3,3,0,0,0,0,0,0,0,0,0,https://news.naver.com/main/read.nhn?mode=LSD&mid=sec&sid1=106&oid=477&aid=0000229020
엄정화,"""51세 맞아?"" 엄정화 '나이 잊은 비키니' 깜짝 공개",연예,34,2020,01,27,20:54,127,125,0,2,0,0,0,0,0,0,0,https://news.naver.com/main/read.nhn?mode=LSD&mid=sec&sid1=106&oid=076&aid=0003523946
엄정화,"엄정화, 푸켓에서 공개한 비키니 자태…`건강美`",연예,34,2020,01,28,9:16,4,4,0,0,0,0,0,0,0,0,0,https://news.naver.com/main/read.nhn?mode=LSD&mid=sec&sid1=106&oid=009&aid=0004506933
엄정화,엄정화는 휴가 중... 요트 위에서 행복 만끽,연예,34,2020,01,27,23:36,5,5,0,0,0,0,0,0,0,0,0,https://news.naver.com/main/read.nhn?mode=LSD&mid=sec&sid1=106&oid=213&aid=0001151353
엄정화,"엄정화, 구릿빛 피부+완벽 S라인…막 찍어도 화보",연예,34,2020,01,28,9:58,6,6,0,0,0,0,0,0,0,0,0,https://news.naver.com/main/read.nhn?mode=LSD&mid=sec&sid1=106&oid=117&aid=0003327069
엄정화,김혜수·엄정화 픽! 임지호 요리사 삶 그린 영화···'밥정',연예,34,2020,01,28,14:17,8,8,0,0,0,0,0,0,0,0,0,https://news.naver.com/main/read.nhn?mode=LSD&mid=sec&sid1=106&oid=003&aid=0009672418
엄정화,"엄정화, 모델 포스 뺨치는 탄탄美…카리스마 '뿜뿜' [★해시태그]",연예,34,2020,01,28,17:59,8,8,0,0,0,0,0,0,0,0,0,https://news.naver.com/main/read.nhn?mode=LSD&mid=sec&sid1=106&oid=311&aid=0001104620
엄정화,"엄정화, 나이 안 믿기는 수영복 자태..군살 제로 탄탄 몸매",연예,34,2020,01,29,12:06,21,21,0,0,0,0,0,0,0,0,0,https://news.naver.com/main/read.nhn?mode=LSD&mid=sec&sid1=106&oid=112&aid=0003261799
엄정화,"“50대 맞아?”...엄정화, 감탄 나오는 비키니 자태",연예,34,2020,01,30,16:12,8,8,0,0,0,0,0,0,0,0,0,https://news.naver.com/main/read.nhn?mode=LSD&mid=sec&sid1=106&oid=312&aid=0000433446
엄정화,"엄정화, 물살을 가르는 레드 비키니 자태 `섹시퀸`",연예,34,2020,01,30,11:21,13,11,0,2,0,0,0,0,0,0,0,https://news.naver.com/main/read.nhn?mode=LSD&mid=sec&sid1=106&oid=009&aid=0004508551
엄정화,"엄정화, 섹시 레드 비키니 입고 바다 수영 중 '51세 맞아?' [in스타]",연예,34,2020,01,30,10:34,8,8,0,0,0,0,0,0,0,0,0,https://news.naver.com/main/read.nhn?mode=LSD&mid=sec&sid1=106&oid=311&aid=0001105372
엄정화,"엄정화, 비키니 인증샷..여전한 미모와 몸매",연예,34,2020,01,27,16:33,65,62,0,3,0,0,0,0,0,0,0,https://news.naver.com/main/read.nhn?mode=LSD&mid=sec&sid1=106&oid=112&aid=0003261437
엄정화,"엄정화, 나이는 어디로? 50대의 비키니 몸매 [★SNS]",연예,34,2020,01,27,22:19,101,97,0,4,0,0,0,0,0,0,0,https://news.naver.com/main/read.nhn?mode=LSD&mid=sec&sid1=106&oid=404&aid=0000260477
엄정화,"엄정화, 건강美 넘치는 비키니 자태 [똑똑SNS]",연예,34,2020,01,27,18:57,1,1,0,0,0,0,0,0,0,0,0,https://news.naver.com/main/read.nhn?mode=LSD&mid=sec&sid1=106&oid=410&aid=0000664021
엄정화,"“여전한 탄력 몸매” 엄정화, 믿기지 않는 비키니 자태[SNS★컷]",연예,34,2020,01,27,18:39,22,21,0,1,0,0,0,0,0,0,0,https://news.naver.com/main/read.nhn?mode=LSD&mid=sec&sid1=106&oid=609&aid=0000239252
엄정화,"""마음 껏 바다를 느낀 하루"" 엄정화, 요트 위 행복한 '골드미스' 라이프 [★SHOT!]",연예,34,2020,01,27,19:12,14,12,0,2,0,0,0,0,0,0,0,https://news.naver.com/main/read.nhn?mode=LSD&mid=sec&sid1=106&oid=109&aid=0004156111
엄정화,"""50대 맞아?""…엄정화, 나이가 무색한 볼륨 몸매 [★SHOT!]",연예,34,2020,01,28,17:36,63,61,0,2,0,0,0,0,0,0,0,https://news.naver.com/main/read.nhn?mode=LSD&mid=sec&sid1=106&oid=109&aid=0004156444
엄정화,"'놀토' 받아쓰기 지누션 '말해줘', 이현도 작곡-엄정화 피처링 비하인드",연예,35,2020,02,08,21:16,4,4,0,0,0,0,0,0,0,0,0,https://news.naver.com/main/read.nhn?mode=LSD&mid=sec&sid1=106&oid=277&aid=0004620660
엄정화,"여자친구 신비·엄지, 지누션(ft.엄정화) ‘말해줘’ 들으며 끙끙",연예,35,2020,02,08,21:05,24,23,0,1,0,0,0,0,0,0,0,https://news.naver.com/main/read.nhn?mode=LSD&mid=sec&sid1=106&oid=022&aid=0003436857
엄정화,"""나이 잊은 섹시""…엄정화, 노을보다 아름다운 실루엣 [★SHOT!]",연예,35,2020,02,04,8:07,10,10,0,0,0,0,0,0,0,0,0,https://news.naver.com/main/read.nhn?mode=LSD&mid=sec&sid1=106&oid=109&aid=0004159459
엄정화,"엄정화, 52세 맞아? 실루엣부터 남다른 명품 몸매[SNS★컷]",연예,35,2020,02,05,11:11,5,5,0,0,0,0,0,0,0,0,0,https://news.naver.com/main/read.nhn?mode=LSD&mid=sec&sid1=106&oid=609&aid=0000243398
엄정화,"[어게인TV]‘전참시’홍현희-제이쓴, 좌충우돌 ‘전도연-정우성’ 패러디 도전기",연예,35,2020,02,02,6:51,3,3,0,0,0,0,0,0,0,0,0,https://news.naver.com/main/read.nhn?mode=LSD&mid=sec&sid1=106&oid=112&aid=0003263428
엄정화,"엄정화, 나이 잊은 바닷가 앞 완벽 실루엣 ""좋은 시간 감사해"" [★해시태그]",연예,35,2020,02,04,21:42,37,35,0,2,0,0,0,0,0,0,0,https://news.naver.com/main/read.nhn?mode=LSD&mid=sec&sid1=106&oid=311&aid=0001107822
엄정화,"엄정화, 나이 무색한 명품 몸매..석양 속 환상적인 보디 실루엣",연예,35,2020,02,04,8:22,3,3,0,0,0,0,0,0,0,0,0,https://news.naver.com/main/read.nhn?mode=LSD&mid=sec&sid1=106&oid=112&aid=0003264098
엄정화,"‘전참시’ 홍현희♥제이쓴, 전도연-정우성 따라잡기 성공? “느낌좋아” [어제TV]",연예,35,2020,02,02,6:22,1,1,0,0,0,0,0,0,0,0,0,https://news.naver.com/main/read.nhn?mode=LSD&mid=sec&sid1=106&oid=609&aid=0000242037
엄정화,"'전참시' 홍현희♥제이쓴, 전도연·정우성 패러디 (feat. 홍현희 매니저) [전일야화]",연예,35,2020,02,02,7:15,3,3,0,0,0,0,0,0,0,0,0,https://news.naver.com/main/read.nhn?mode=LSD&mid=sec&sid1=106&oid=311&aid=0001106576
엄정화,"엄정화, 봉준호 '기생충' 4관왕 축하 ""오스카 역사 바꿨다…감동"" [★해시태그]",연예,36,2020,02,10,16:41,5,5,0,0,0,0,0,0,0,0,0,https://news.naver.com/main/read.nhn?mode=LSD&mid=sec&sid1=106&oid=311&aid=0001110075
엄정화,‘온라인 탑골공원’에 젊은 세대가 열광하는 이유,생활,36,2020,02,14,17:59,130,117,0,0,1,12,0,0,0,0,0,https://news.naver.com/main/read.nhn?mode=LSD&mid=sec&sid1=103&oid=308&aid=0000026425
엄정화,"엄정화, 반려견 탱글이 향한 그리움 ""꿈에 나타나줘서 고마워""",연예,38,2020,02,26,14:13,21,2,0,19,0,0,0,0,0,0,0,https://news.naver.com/main/read.nhn?mode=LSD&mid=sec&sid1=106&oid=082&aid=0000983999
엄정화,"산다라박 ""롤모델? 만능 엔터테이너 엄정화, 너무 멋져"" ('언니네 쌀롱')",연예,38,2020,02,25,7:50,4,4,0,0,0,0,0,0,0,0,0,https://news.naver.com/main/read.nhn?mode=LSD&mid=sec&sid1=106&oid=117&aid=0003336864
엄정화,"""아이돌→홀로서기"" '언니네 쌀롱' 유빈X산다라박, 메이크오버에 담긴 진심 [어저께TV]",연예,38,2020,02,25,6:52,1,1,0,0,0,0,0,0,0,0,0,https://news.naver.com/main/read.nhn?mode=LSD&mid=sec&sid1=106&oid=109&aid=0004171535
엄정화,"[Y이슈] '포스트 봉준호법' 두고 ""독과점 장벽 넘자""vs""일방적 규제→산업 후퇴""",연예,38,2020,02,28,11:28,3,3,0,0,0,0,0,0,0,0,0,https://news.naver.com/main/read.nhn?mode=LSD&mid=sec&sid1=106&oid=052&aid=0001407384
엄정화,"""봉준호도 '포스트 봉준호법' 동의할 것""",생활,38,2020,02,27,11:32,41,0,0,0,40,1,0,0,0,0,0,https://news.naver.com/main/read.nhn?mode=LSD&mid=sec&sid1=103&oid=277&aid=0004632443
엄정화,“스크린 독과점 NO…모든 영화에게 기회를”,연예,38,2020,02,28,6:59,4,4,0,0,0,0,0,0,0,0,0,https://news.naver.com/main/read.nhn?mode=LSD&mid=sec&sid1=106&oid=382&aid=0000801714
엄정화,"'포스트 봉준호법' 서명운동, 정우성·문소리 등 영화인 1325명 동참",연예,38,2020,02,26,17:36,11,11,0,0,0,0,0,0,0,0,0,https://news.naver.com/main/read.nhn?mode=LSD&mid=sec&sid1=106&oid=421&aid=0004486970
엄정화,"1325명 영화인, '포스트 봉준호법' 지지 서명",생활,38,2020,02,26,21:42,1,1,0,0,0,0,0,0,0,0,0,https://news.naver.com/main/read.nhn?mode=LSD&mid=sec&sid1=103&oid=008&aid=0004364889
엄정화,"포스트 봉준호법, 영화인들 1325명 서명 동참",연예,38,2020,02,26,18:47,1,1,0,0,0,0,0,0,0,0,0,https://news.naver.com/main/read.nhn?mode=LSD&mid=sec&sid1=106&oid=108&aid=0002845731
엄정화,"안성기 정우성 강동원 영화인 1300명, 영화산업 구조 개선 서명 동참",연예,38,2020,02,26,21:00,20,20,0,0,0,0,0,0,0,0,0,https://news.naver.com/main/read.nhn?mode=LSD&mid=sec&sid1=106&oid=609&aid=0000252332
엄정화,"안성기·정우성 등 영화인 1325명, ‘포스트 봉준호법’ 서명동참",연예,38,2020,02,27,11:07,7,7,0,0,0,0,0,0,0,0,0,https://news.naver.com/main/read.nhn?mode=LSD&mid=sec&sid1=106&oid=396&aid=0000541525
엄정화,"엄정화, 화보 같은 일상",연예,39,2020,03,06,21:28,48,48,0,0,0,0,0,0,0,0,0,https://news.naver.com/main/read.nhn?mode=LSD&mid=sec&sid1=106&oid=469&aid=0000474631
엄정화,"""엄정화랑 사귀었냐고?""...주영훈, 20년 만에 스캔들 해명",연예,39,2020,03,05,9:01,4,4,0,0,0,0,0,0,0,0,0,https://news.naver.com/main/read.nhn?mode=LSD&mid=sec&sid1=106&oid=416&aid=0000255909
엄정화,"엄정화, 걸크러쉬 언니의 매력‥건강한 각선미",연예,39,2020,03,05,7:44,1,1,0,0,0,0,0,0,0,0,0,https://news.naver.com/main/read.nhn?mode=LSD&mid=sec&sid1=106&oid=112&aid=0003274947
엄정화,"엄정화, 파리 패션위크서 만난 제시카와 다정 투샷 ""반가워""",연예,39,2020,03,02,13:21,20,20,0,0,0,0,0,0,0,0,0,https://news.naver.com/main/read.nhn?mode=LSD&mid=sec&sid1=106&oid=241&aid=0003007714
엄정화,"엄정화, 파리 거리 활보 패셔니스타 자태[SNS★컷]",연예,39,2020,03,05,11:12,2,2,0,0,0,0,0,0,0,0,0,https://news.naver.com/main/read.nhn?mode=LSD&mid=sec&sid1=106&oid=609&aid=0000254995
엄정화,동안미녀 엄정화+냉미녀 제시카 조합..둘 다 예뻐,연예,39,2020,03,01,11:21,10,9,0,1,0,0,0,0,0,0,0,https://news.naver.com/main/read.nhn?mode=LSD&mid=sec&sid1=106&oid=112&aid=0003273495
엄정화,"엄정화, 제시카와 훈훈한 선후배 인증샷 ‘볼 맞대고 찰칵’[SNS★컷]",연예,39,2020,03,05,17:54,16,16,0,0,0,0,0,0,0,0,0,https://news.naver.com/main/read.nhn?mode=LSD&mid=sec&sid1=106&oid=609&aid=0000255165
엄정화,"엄정화, 퀸의 독보적 아우라…파리 빛낸 카리스마",연예,39,2020,03,06,20:13,8,8,0,0,0,0,0,0,0,0,0,https://news.naver.com/main/read.nhn?mode=LSD&mid=sec&sid1=106&oid=112&aid=0003275589
엄정화,"엄정화, 파리서도 빛나는 '세련美' [★해시태그]",연예,39,2020,03,06,20:54,38,35,0,3,0,0,0,0,0,0,0,https://news.naver.com/main/read.nhn?mode=LSD&mid=sec&sid1=106&oid=311&aid=0001120525
엄정화,"""그때는…"" 주영훈, 엄정화 스캔들 전말은?",연예,39,2020,03,05,14:43,1,1,0,0,0,0,0,0,0,0,0,https://news.naver.com/main/read.nhn?mode=LSD&mid=sec&sid1=106&oid=417&aid=0000513767
엄정화,"'콩다방' 주영훈 ""과거 엄정화와 사귄다고 오해 많이 받아""",연예,39,2020,03,04,17:00,1,1,0,0,0,0,0,0,0,0,0,https://news.naver.com/main/read.nhn?mode=LSD&mid=sec&sid1=106&oid=416&aid=0000255892
엄정화,"엄정화, 버질 아블로와 훈훈한 투샷…멋짐 폭발 (ft. 식케이) [★해시태그]",연예,39,2020,03,05,24:02,5,5,0,0,0,0,0,0,0,0,0,https://news.naver.com/main/read.nhn?mode=LSD&mid=sec&sid1=106&oid=311&aid=0001119933
엄정화,"엄정화X제시카, 앞다퉈 미모 자랑해도 훈훈…예쁨이 두 배",연예,39,2020,03,02,9:07,3,3,0,0,0,0,0,0,0,0,0,https://news.naver.com/main/read.nhn?mode=LSD&mid=sec&sid1=106&oid=112&aid=0003273744
엄정화,"엄정화, 제시카와 다정한 투샷…""만나서 반가워"" [★해시태그]",연예,39,2020,03,02,11:51,15,15,0,0,0,0,0,0,0,0,0,https://news.naver.com/main/read.nhn?mode=LSD&mid=sec&sid1=106&oid=311&aid=0001118642
엄정화,"엄정화, 동안 미모의 여신..세월 역행 비주얼",연예,40,2020,03,12,6:25,30,26,0,4,0,0,0,0,0,0,0,https://news.naver.com/main/read.nhn?mode=LSD&mid=sec&sid1=106&oid=112&aid=0003277200
엄정화,"엄정화, 동안 미모의 정석..파리의 여배우",연예,40,2020,03,09,11:57,13,11,0,2,0,0,0,0,0,0,0,https://news.naver.com/main/read.nhn?mode=LSD&mid=sec&sid1=106&oid=112&aid=0003276245
엄정화,"화제의 드라마, <이태원 클라쓰> 속 배우 소개서 ①",연예,40,2020,03,12,8:45,28,28,0,0,0,0,0,0,0,0,0,https://news.naver.com/main/read.nhn?mode=LSD&mid=sec&sid1=106&oid=140&aid=0000041976
엄정화,"홍석천, 신천지 이만희 언급 “죽기 전에 착한 일 한번 해라…”",연예,40,2020,03,08,15:23,575,573,0,2,0,0,0,0,0,0,0,https://news.naver.com/main/read.nhn?mode=LSD&mid=sec&sid1=106&oid=396&aid=0000542532
엄정화,"엄정화, ""'몰라'가 잘못했네"" 자폭 웃음…정재형·윤혜진 추억 공유 [★해시태그]",연예,41,2020,03,21,23:54,14,13,0,1,0,0,0,0,0,0,0,https://news.naver.com/main/read.nhn?mode=LSD&mid=sec&sid1=106&oid=311&aid=0001125852
엄정화,"엄정화, 파리서 귀국 후 자가격리...""건강 이상 없다""",연예,41,2020,03,17,16:30,4,3,0,1,0,0,0,0,0,0,0,https://news.naver.com/main/read.nhn?mode=LSD&mid=sec&sid1=106&oid=003&aid=0009762044
엄정화,"엄정화, ""혹시 우울하거나 웃고 싶을때 보시오...욕심이 과했네...""",연예,41,2020,03,21,15:11,683,678,0,5,0,0,0,0,0,0,0,https://news.naver.com/main/read.nhn?mode=LSD&mid=sec&sid1=106&oid=117&aid=0003344708
엄정화,"엄정화, 파리 패션쇼 참석→3월초 귀국 후 자가격리 “건강 이상無”[MK★이슈]",연예,41,2020,03,18,12:02,10,10,0,0,0,0,0,0,0,0,0,https://news.naver.com/main/read.nhn?mode=LSD&mid=sec&sid1=106&oid=410&aid=0000677244
엄정화,엄정화 “얼마나 감사한 것 누리며 살아왔는지 느끼는 요즘” [똑똑SNS],연예,41,2020,03,17,11:02,7,7,0,0,0,0,0,0,0,0,0,https://news.naver.com/main/read.nhn?mode=LSD&mid=sec&sid1=106&oid=410&aid=0000677062
엄정화,"엄정화, 나이 잊은 ‘동안 비주얼’…몇 살이길래?",연예,41,2020,03,17,13:55,12,8,0,4,0,0,0,0,0,0,0,https://news.naver.com/main/read.nhn?mode=LSD&mid=sec&sid1=106&oid=396&aid=0000543529
엄정화,"임백천 “‘불후의 명곡’ 엄정화 편, 출연 가수만 42명” (무한리필 샐러드)",연예,41,2020,03,17,11:17,1,1,0,0,0,0,0,0,0,0,0,https://news.naver.com/main/read.nhn?mode=LSD&mid=sec&sid1=106&oid=057&aid=0001432995
엄정화,"엄정화 자가격리, 파리서 귀국 후 “건강 이상 없어”",연예,41,2020,03,17,21:21,12,12,0,0,0,0,0,0,0,0,0,https://news.naver.com/main/read.nhn?mode=LSD&mid=sec&sid1=106&oid=005&aid=0001300459
엄정화,"파리 다녀온 엄정화, 코로나19 자가격리 중…""증상은 없어""",연예,41,2020,03,17,15:38,14,14,0,0,0,0,0,0,0,0,0,https://news.naver.com/main/read.nhn?mode=LSD&mid=sec&sid1=106&oid=088&aid=0000638982
엄정화,"엄정화 자가격리 ""3월 초 파리에서 귀국, 건강에는 이상 없어""",연예,41,2020,03,17,14:35,86,83,0,3,0,0,0,0,0,0,0,https://news.naver.com/main/read.nhn?mode=LSD&mid=sec&sid1=106&oid=082&aid=0000989135
엄정화,"엄정화 자가격리, 3월 초 귀국…""코로나19 관련 증상 없지만""",연예,41,2020,03,17,20:10,1,1,0,0,0,0,0,0,0,0,0,https://news.naver.com/main/read.nhn?mode=LSD&mid=sec&sid1=106&oid=410&aid=0000677221
엄정화,“혹시나 하는 마음에…” 프랑스 일정 마친 뒤 자가 격리 중인 엄정화,연예,41,2020,03,18,12:00,42,41,0,1,0,0,0,0,0,0,0,https://news.naver.com/main/read.nhn?mode=LSD&mid=sec&sid1=106&oid=144&aid=0000662245
엄정화,"엄정화, 파리서 귀국 후 건강히 자택 휴식 중…""자가격리 권고 받은 것 아냐""",연예,41,2020,03,18,9:01,6,6,0,0,0,0,0,0,0,0,0,https://news.naver.com/main/read.nhn?mode=LSD&mid=sec&sid1=106&oid=421&aid=0004528565
엄정화,"엄정화 ""얼마나 감사한 것들 누리며 살아왔는지"" SNS 글 게재",연예,41,2020,03,17,11:31,2,2,0,0,0,0,0,0,0,0,0,https://news.naver.com/main/read.nhn?mode=LSD&mid=sec&sid1=106&oid=117&aid=0003343214
엄정화,"엄정화, 순백의 드레스 화보 공개…이소라 ""남편은 어디?""",연예,42,2020,03,27,16:55,36,33,0,3,0,0,0,0,0,0,0,https://news.naver.com/main/read.nhn?mode=LSD&mid=sec&sid1=106&oid=421&aid=0004548611
엄정화,"엄정화, 반려견 발 테러에도 살아남은 미모..뱀파이어설 맞네 맞아",연예,42,2020,03,23,12:15,37,34,0,3,0,0,0,0,0,0,0,https://news.naver.com/main/read.nhn?mode=LSD&mid=sec&sid1=106&oid=112&aid=0003280673
엄정화,"엄정화, 과거 ‘몰라’ 굴욕사진 공개 “우울하거나 웃고 싶을 때 보시오”[★SHOT!]",연예,42,2020,03,22,8:43,17,17,0,0,0,0,0,0,0,0,0,https://news.naver.com/main/read.nhn?mode=LSD&mid=sec&sid1=106&oid=109&aid=0004182629
엄정화,"엄정화, 화보로 보여준 카리스마..변하지 않는 매력 [★SHOT!]",연예,42,2020,03,27,11:22,12,11,0,1,0,0,0,0,0,0,0,https://news.naver.com/main/read.nhn?mode=LSD&mid=sec&sid1=106&oid=109&aid=0004184998
엄정화,"엄정화, 강렬한 눈빛으로 분위기 압도…'독보적인 섹시퀸' [in스타]",연예,42,2020,03,27,13:37,34,33,0,1,0,0,0,0,0,0,0,https://news.naver.com/main/read.nhn?mode=LSD&mid=sec&sid1=106&oid=311&aid=0001128136
엄정화,엄정화 드레스 자태 '파격'…신랑은 어디?,연예,42,2020,03,27,18:16,206,201,0,5,0,0,0,0,0,0,0,https://news.naver.com/main/read.nhn?mode=LSD&mid=sec&sid1=106&oid=417&aid=0000523738
엄정화,"엄정화, 반려견과 달달한 일상..초특급 동안 비주얼",연예,43,2020,04,03,18:23,2,2,0,0,0,0,0,0,0,0,0,https://news.naver.com/main/read.nhn?mode=LSD&mid=sec&sid1=106&oid=112&aid=0003284983
엄정화,"[화보IS] 엄정화, 변치 않는 압도적 카리스마",연예,43,2020,04,01,11:18,22,22,0,0,0,0,0,0,0,0,0,https://news.naver.com/main/read.nhn?mode=LSD&mid=sec&sid1=106&oid=241&aid=0003013877
엄정화,"엄정화, 반려견과 행복한 집콕 생활 '아기같아'",연예,43,2020,03,30,15:03,28,28,0,0,0,0,0,0,0,0,0,https://news.naver.com/main/read.nhn?mode=LSD&mid=sec&sid1=106&oid=082&aid=0000992407
엄정화,"윤종신, 해외서 근황 공개에 엄정화 ""괜찮은거지?""",연예,43,2020,03,30,18:33,23,23,0,0,0,0,0,0,0,0,0,https://news.naver.com/main/read.nhn?mode=LSD&mid=sec&sid1=106&oid=312&aid=0000440773
엄정화,"엄정화, 고혹美 폭발…범접불가 아우라[화보]",연예,43,2020,04,01,11:15,23,22,0,1,0,0,0,0,0,0,0,https://news.naver.com/main/read.nhn?mode=LSD&mid=sec&sid1=106&oid=076&aid=0003549285
엄정화,"엄정화, 고혹美발산 '범접불가 아우라'[화보]",연예,43,2020,04,01,11:19,1,1,0,0,0,0,0,0,0,0,0,https://news.naver.com/main/read.nhn?mode=LSD&mid=sec&sid1=106&oid=404&aid=0000263941
엄정화,"엄정화, 아기처럼 반려견 품에 안고 쓰담쓰담..엄지원 ""애교쟁이네""",연예,43,2020,03,30,14:21,1,1,0,0,0,0,0,0,0,0,0,https://news.naver.com/main/read.nhn?mode=LSD&mid=sec&sid1=106&oid=112&aid=0003283383
엄정화,"윤종신, 핼쑥해진 근황 포착...신승훈→엄정화도 걱정 ""괜찮은 거지?"" [★SHOT!]",연예,43,2020,03,30,18:19,11,1,0,10,0,0,0,0,0,0,0,https://news.naver.com/main/read.nhn?mode=LSD&mid=sec&sid1=106&oid=109&aid=0004186124
엄정화,"윤종신, 해외 체류 중 수척해진 근황‥신승훈 “건강 잘 챙겨라”[SNS★컷]",연예,43,2020,03,30,16:30,4,3,0,1,0,0,0,0,0,0,0,https://news.naver.com/main/read.nhn?mode=LSD&mid=sec&sid1=106&oid=609&aid=0000262363
엄정화,"엄정화, 여전한 동안 미모의 여신..식케이와 훈훈한 인증샷",연예,44,2020,04,05,8:25,7,4,0,3,0,0,0,0,0,0,0,https://news.naver.com/main/read.nhn?mode=LSD&mid=sec&sid1=106&oid=112&aid=0003285256
엄정화,집콕 아이유vs지인 만난 윤학..코로나19에 대처하는 자세[Oh!쎈 초점],연예,44,2020,04,08,20:43,19,17,0,2,0,0,0,0,0,0,0,https://news.naver.com/main/read.nhn?mode=LSD&mid=sec&sid1=106&oid=109&aid=0004189874
엄정화,"[단독] 이지혜·나르샤, 세기말 언니들의 센 회동…'탑골랩소디' 출격",연예,44,2020,04,07,8:18,17,17,0,0,0,0,0,0,0,0,0,https://news.naver.com/main/read.nhn?mode=LSD&mid=sec&sid1=106&oid=312&aid=0000441523
엄정화,"윤병희 '스토브리그'→'슬의생', 특유의 캐릭터로 존재감 확실",연예,44,2020,04,10,10:31,16,16,0,0,0,0,0,0,0,0,0,https://news.naver.com/main/read.nhn?mode=LSD&mid=sec&sid1=106&oid=109&aid=0004190503
엄정화,"'편스토랑' 오윤아, 민이와 '아들 바보' 일상 공개...전복김밥 도전한다 [종합]",연예,44,2020,04,10,23:31,21,21,0,0,0,0,0,0,0,0,0,https://news.naver.com/main/read.nhn?mode=LSD&mid=sec&sid1=106&oid=213&aid=0001160075
엄정화,‘집사부일체’ 김혜수도 반한 맛! '자연주의' 요리 대가(大家) 사부로 출연,연예,44,2020,04,11,10:05,23,22,0,1,0,0,0,0,0,0,0,https://news.naver.com/main/read.nhn?mode=LSD&mid=sec&sid1=106&oid=076&aid=0003553299
엄정화,"'집사부일체' 이진혁, 예능 샛별의 탄생..콩트 열연 폭소",연예,44,2020,04,11,10:15,97,94,0,3,0,0,0,0,0,0,0,https://news.naver.com/main/read.nhn?mode=LSD&mid=sec&sid1=106&oid=109&aid=0004190885
엄정화,"‘집사부일체’ 이진혁, 양세형 상사로 변신…콩트 열연에 멤버들 당황",연예,44,2020,04,11,10:05,42,42,0,0,0,0,0,0,0,0,0,https://news.naver.com/main/read.nhn?mode=LSD&mid=sec&sid1=106&oid=382&aid=0000812395
엄정화,"'집사부일체' 이진혁, 멤버들도 놀라게 만든 美친 연기력 '콩트 열연'",연예,44,2020,04,11,16:34,38,38,0,0,0,0,0,0,0,0,0,https://news.naver.com/main/read.nhn?mode=LSD&mid=sec&sid1=106&oid=112&aid=0003287446
엄정화,"엄정화, 모자 쓰고 마스크 착용해 가려도 예쁜 얼굴",연예,45,2020,04,15,18:10,28,26,0,2,0,0,0,0,0,0,0,https://news.naver.com/main/read.nhn?mode=LSD&mid=sec&sid1=106&oid=112&aid=0003288797
엄정화,"엄정화, 중년의 나이에도 감탄나오는 유연성..대단해",연예,45,2020,04,14,8:21,12,12,0,0,0,0,0,0,0,0,0,https://news.naver.com/main/read.nhn?mode=LSD&mid=sec&sid1=106&oid=112&aid=0003288140
엄정화,"'퀴즈와 음악사이' 토니안, 첫 게스트 출격…H.O.T. 문제 도전(종합)",연예,45,2020,04,14,21:08,23,22,0,0,0,0,1,0,0,0,0,https://news.naver.com/main/read.nhn?mode=LSD&mid=sec&sid1=106&oid=421&aid=0004586910
엄정화,"'퀴음사' 토니안, H.O.T. 문제에 오답 작렬..""멤버 맞아요?"" 폭소",연예,45,2020,04,15,10:19,12,12,0,0,0,0,0,0,0,0,0,https://news.naver.com/main/read.nhn?mode=LSD&mid=sec&sid1=106&oid=404&aid=0000264774
엄정화,"세월호 6주기, 스타들도 ‘잊지 않았다’…연예계에도 쏟아진 추모 물결 [종합]",연예,45,2020,04,17,12:26,54,47,0,7,0,0,0,0,0,0,0,https://news.naver.com/main/read.nhn?mode=LSD&mid=sec&sid1=106&oid=144&aid=0000667297
엄정화,"‘불후의 명곡’ 정세운, ‘90년대생이 온다’ 특집 출연… 이승환의 ‘물어 본다’ 재해석",연예,45,2020,04,18,17:12,69,69,0,0,0,0,0,0,0,0,0,https://news.naver.com/main/read.nhn?mode=LSD&mid=sec&sid1=106&oid=408&aid=0000091049
엄정화,"'퀴음사' 토니안, H.O.T. 관련 문제에 오답 작렬..""H.O.T. 아니었죠?"" 폭소",연예,45,2020,04,15,8:29,24,24,0,0,0,0,0,0,0,0,0,https://news.naver.com/main/read.nhn?mode=LSD&mid=sec&sid1=106&oid=112&aid=0003288546
엄정화,"[TV북마크] ‘퀴즈와 음악 사이’ 토니안, H.O.T. 문제 오답 작렬 ‘폭소’",연예,45,2020,04,15,8:45,7,7,0,0,0,0,0,0,0,0,0,https://news.naver.com/main/read.nhn?mode=LSD&mid=sec&sid1=106&oid=382&aid=0000813282
엄정화,"'퀴음사' 토니안, H.O.T. 문제에 오답 퍼레이드..""멤버 아니었죠?"" 폭소",연예,45,2020,04,15,9:34,8,8,0,0,0,0,0,0,0,0,0,https://news.naver.com/main/read.nhn?mode=LSD&mid=sec&sid1=106&oid=109&aid=0004192406
엄정화,"'퀴음사' 토니안, H.O.T. 관련 문제에 오답 작렬..""H.O.T. 아니였죠?""",연예,45,2020,04,15,9:23,6,6,0,0,0,0,0,0,0,0,0,https://news.naver.com/main/read.nhn?mode=LSD&mid=sec&sid1=106&oid=108&aid=0002856173
엄정화,"[종합] ""다시는 이런 일 없어야""…정우성·정준·이시언·송가인 등 ★들, 세월호 6주기 추모 물결",연예,45,2020,04,16,16:28,438,404,0,34,0,0,0,0,0,0,0,https://news.naver.com/main/read.nhn?mode=LSD&mid=sec&sid1=106&oid=117&aid=0003353232
엄정화,"[POP이슈]""기억하겠습니다""..정우성→송가인, ★들의 세월호 6주기 추모 행렬",연예,45,2020,04,16,18:30,53,50,0,3,0,0,0,0,0,0,0,https://news.naver.com/main/read.nhn?mode=LSD&mid=sec&sid1=106&oid=112&aid=0003289162
엄정화,"정세운, 오늘(18일) ‘불후의 명곡’ 출격 “청춘 응원..감성 깊은 무대 예고”",연예,45,2020,04,18,13:31,76,76,0,0,0,0,0,0,0,0,0,https://news.naver.com/main/read.nhn?mode=LSD&mid=sec&sid1=106&oid=109&aid=0004193711
엄정화,"“예쁜 척 해봤어요” 엄정화, 세월 비껴간 반짝반짝 ‘동안 미모’ 공개",연예,46,2020,04,24,14:28,8,8,0,0,0,0,0,0,0,0,0,https://news.naver.com/main/read.nhn?mode=LSD&mid=sec&sid1=106&oid=022&aid=0003459602
엄정화,"엄정화, 김완선 컴백 응원 ""반갑고 멋져""···김완선도 훈훈 화답",연예,46,2020,04,23,23:22,47,47,0,0,0,0,0,0,0,0,0,https://news.naver.com/main/read.nhn?mode=LSD&mid=sec&sid1=106&oid=241&aid=0003018434
엄정화,JTBC '히든싱어6' 제작…모창 능력자 모집,생활,46,2020,04,21,10:13,66,54,7,1,3,1,0,0,0,0,0,https://news.naver.com/main/read.nhn?mode=LSD&mid=sec&sid1=103&oid=001&aid=0011561266
엄정화,‘자자’가 밝힌 #스토킹 #나이 #결혼 유무 #버스안에서 (본격연예 한밤),연예,46,2020,04,22,21:48,3,3,0,0,0,0,0,0,0,0,0,https://news.naver.com/main/read.nhn?mode=LSD&mid=sec&sid1=106&oid=410&aid=0000686928
엄정화,[종합] '런닝맨' 유재석X이도현X김종국 스파이였다... 스파이팀 최종 승리,연예,46,2020,04,19,18:29,23,23,0,0,0,0,0,0,0,0,0,https://news.naver.com/main/read.nhn?mode=LSD&mid=sec&sid1=106&oid=112&aid=0003289938
엄정화,"[어게인TV] '런닝맨' 가수팀vs배우팀vs개그맨팀 중간 게임 대결, 폭소 유발",연예,46,2020,04,20,6:30,20,20,0,0,0,0,0,0,0,0,0,https://news.naver.com/main/read.nhn?mode=LSD&mid=sec&sid1=106&oid=112&aid=0003290007
엄정화,"엄정화, 컴백 김완선 응원... 퀸들의 우정",연예,46,2020,04,23,22:58,48,48,0,0,0,0,0,0,0,0,0,https://news.naver.com/main/read.nhn?mode=LSD&mid=sec&sid1=106&oid=213&aid=0001161370
엄정화,"엄정화, '컴백' 김완선 응원…김완선 ""고마운 친구"" [★해시태그]",연예,46,2020,04,23,17:58,22,22,0,0,0,0,0,0,0,0,0,https://news.naver.com/main/read.nhn?mode=LSD&mid=sec&sid1=106&oid=311&aid=0001138236
엄정화,"엄정화, '댄싱퀸' 김완선 컴백 응원..""춤추게해요 반가워요 멋져요!"" [★SHOT!]",연예,46,2020,04,23,17:21,26,26,0,0,0,0,0,0,0,0,0,https://news.naver.com/main/read.nhn?mode=LSD&mid=sec&sid1=106&oid=109&aid=0004196036
엄정화,"'히든싱어6', 2년 만에 돌아온다...모창 능력자 모집",연예,46,2020,04,21,10:20,14,13,0,0,0,0,0,0,1,0,0,https://news.naver.com/main/read.nhn?mode=LSD&mid=sec&sid1=106&oid=052&aid=0001430612
엄정화,2년만에 '히든싱어'…시즌6로 하반기 컴백,연예,46,2020,04,21,10:16,17,17,0,0,0,0,0,0,0,0,0,https://news.naver.com/main/read.nhn?mode=LSD&mid=sec&sid1=106&oid=241&aid=0003017617
엄정화,"JTBC, '히든싱어6' 2년만 컴백...모창능력자 모집",연예,46,2020,04,21,11:27,31,30,0,0,0,0,0,0,1,0,0,https://news.naver.com/main/read.nhn?mode=LSD&mid=sec&sid1=106&oid=003&aid=0009826463
엄정화,JTBC '히든싱어6' 2년 만에 귀환…모창 능력자 모집,연예,46,2020,04,21,11:26,11,11,0,0,0,0,0,0,0,0,0,https://news.naver.com/main/read.nhn?mode=LSD&mid=sec&sid1=106&oid=079&aid=0003351805
엄정화,"'런닝맨' 유재석X김종국X이도현, 스파이였다..스파이 팀 최종 우승 [종합]",연예,46,2020,04,19,18:27,20,20,0,0,0,0,0,0,0,0,0,https://news.naver.com/main/read.nhn?mode=LSD&mid=sec&sid1=106&oid=109&aid=0004194136
엄정화,"‘이십세기 힛-트쏭’ 엄정화→김현정, ‘탑골 걸크러시’ 소환",연예,47,2020,05,02,14:50,8,8,0,0,0,0,0,0,0,0,0,https://news.naver.com/main/read.nhn?mode=LSD&mid=sec&sid1=106&oid=144&aid=0000669703
엄정화,"엄정화, 반려견을 마치 아이처럼 품에 안고 행복한 미소",연예,47,2020,05,01,24:14,126,123,0,3,0,0,0,0,0,0,0,https://news.naver.com/main/read.nhn?mode=LSD&mid=sec&sid1=106&oid=112&aid=0003294057
엄정화,"엄정화 ""사지 말고 입양하세요"" 유기견 입양 독려..선한 영향력ing",연예,47,2020,04,29,24:00,177,176,0,1,0,0,0,0,0,0,0,https://news.naver.com/main/read.nhn?mode=LSD&mid=sec&sid1=106&oid=108&aid=0002859536
엄정화,"박진영 콘서트, 안방서 무료로 본다…코로나19로 지친 팬 위해 통큰 결정",연예,47,2020,05,01,11:57,30,30,0,0,0,0,0,0,0,0,0,https://news.naver.com/main/read.nhn?mode=LSD&mid=sec&sid1=106&oid=312&aid=0000444496
엄정화,“수술만 하게된다면”…‘급성 간손상’ 배우 윤주 누구?,연예,47,2020,04,27,16:49,5,0,0,5,0,0,0,0,0,0,0,https://news.naver.com/main/read.nhn?mode=LSD&mid=sec&sid1=106&oid=005&aid=0001315646
엄정화,"[SS뮤직]김완선부터 청하까지, '댄스퀸'들이 돌아온다",연예,47,2020,04,28,6:00,27,27,0,0,0,0,0,0,0,0,0,https://news.naver.com/main/read.nhn?mode=LSD&mid=sec&sid1=106&oid=468&aid=0000652829
엄정화,6월 극장가 반등 시도? 국내대작 컴백 저울질[무비와치],연예,47,2020,04,27,17:12,14,14,0,0,0,0,0,0,0,0,0,https://news.naver.com/main/read.nhn?mode=LSD&mid=sec&sid1=106&oid=609&aid=0000271329
엄정화,"‘이십세기 힛-트쏭’, 엄정화부터 김현정까지…‘원조 걸크러시’ 소환",연예,47,2020,05,02,9:12,4,4,0,0,0,0,0,0,0,0,0,https://news.naver.com/main/read.nhn?mode=LSD&mid=sec&sid1=106&oid=014&aid=0004417852
엄정화,"`이십세기 힛-트쏭` 하이디, 25년 팬 투병 소식에 눈물",연예,47,2020,05,02,8:45,8,8,0,0,0,0,0,0,0,0,0,https://news.naver.com/main/read.nhn?mode=LSD&mid=sec&sid1=106&oid=009&aid=0004567579
엄정화,"‘이십세기 힛-트쏭’ ""'진이' 무대보고 가수 꿈꿨지만…"" 하이디, 25년 팬 투병 소식에 눈물",연예,47,2020,05,02,9:48,5,2,0,2,0,0,0,0,0,1,0,https://news.naver.com/main/read.nhn?mode=LSD&mid=sec&sid1=106&oid=382&aid=0000817165
엄정화,"엄정화, 반려견과 다정하게 뽀뽀 쪽..""강아지 사지 말고 입양하세요""",연예,47,2020,04,29,13:00,146,145,0,1,0,0,0,0,0,0,0,https://news.naver.com/main/read.nhn?mode=LSD&mid=sec&sid1=106&oid=112&aid=0003293477
엄정화,엄정화 “사지 말고 입양하세요”…반려견과 봄날 커플룩 [똑똑SNS],연예,47,2020,04,29,11:56,14,14,0,0,0,0,0,0,0,0,0,https://news.naver.com/main/read.nhn?mode=LSD&mid=sec&sid1=106&oid=410&aid=0000688734
엄정화,"""사지 말고 입양하세요"" 엄정화, 반려견과 함께 '찰칵' [★해시태그]",연예,47,2020,04,29,11:55,11,11,0,0,0,0,0,0,0,0,0,https://news.naver.com/main/read.nhn?mode=LSD&mid=sec&sid1=106&oid=311&aid=0001140479
엄정화,엄정화 “사지 말고 입양하세요” 반려견과 다정한 일상 [SNS★컷],연예,47,2020,04,29,11:46,8,8,0,0,0,0,0,0,0,0,0,https://news.naver.com/main/read.nhn?mode=LSD&mid=sec&sid1=106&oid=609&aid=0000272075
엄정화,"JYP 수장 박진영 레전드 연말 콘서트 'NO.1 X 50', 안방서 무료로 본다[공식]",연예,47,2020,05,01,8:13,39,39,0,0,0,0,0,0,0,0,0,https://news.naver.com/main/read.nhn?mode=LSD&mid=sec&sid1=106&oid=109&aid=0004199233
엄정화,"박진영, 레전드 연말 콘서트 ‘NO.1 X 50’ 영상 무료 공개",연예,47,2020,05,01,22:37,3,3,0,0,0,0,0,0,0,0,0,https://news.naver.com/main/read.nhn?mode=LSD&mid=sec&sid1=106&oid=144&aid=0000669644
엄정화,"엄정화, 초근접샷에도 굴욕無..화려한 이목구비",연예,48,2020,05,08,17:04,138,124,0,14,0,0,0,0,0,0,0,https://news.naver.com/main/read.nhn?mode=LSD&mid=sec&sid1=106&oid=112&aid=0003296340
엄정화,"이소라, 엄정화 이어 '덕분에 챌린지' 동참 ""여러분 함께해주세요""",연예,48,2020,05,09,14:45,5,5,0,0,0,0,0,0,0,0,0,https://news.naver.com/main/read.nhn?mode=LSD&mid=sec&sid1=106&oid=241&aid=0003021583
엄정화,"엄정화, 절친 김혜수X천우희와 사모임 포착!",연예,48,2020,05,04,22:11,64,62,0,2,0,0,0,0,0,0,0,https://news.naver.com/main/read.nhn?mode=LSD&mid=sec&sid1=106&oid=469&aid=0000493285
엄정화,"엄정화, '덕분에챌린지' 동참 ""안전해주세요""..이상윤⋅이소라 지목[★SHOT!]",연예,48,2020,05,06,14:24,5,5,0,0,0,0,0,0,0,0,0,https://news.naver.com/main/read.nhn?mode=LSD&mid=sec&sid1=106&oid=109&aid=0004201414
엄정화,"엄정화·김혜수·천우희, 흔들린 사진에도 `여배우 아우라`[똑똑SNS]",연예,48,2020,05,05,9:58,6,6,0,0,0,0,0,0,0,0,0,https://news.naver.com/main/read.nhn?mode=LSD&mid=sec&sid1=106&oid=410&aid=0000690132
엄정화,엄정화→윤병희 #덕분에챌린지…허성태·조병규·NC박민우 지목,연예,48,2020,05,06,20:27,11,11,0,0,0,0,0,0,0,0,0,https://news.naver.com/main/read.nhn?mode=LSD&mid=sec&sid1=106&oid=382&aid=0000818011
엄정화,"엄정화, 인스타 팔로우 증가에 꽃미소..""팔로우팔로우미~""",연예,48,2020,05,03,14:43,85,83,0,2,0,0,0,0,0,0,0,https://news.naver.com/main/read.nhn?mode=LSD&mid=sec&sid1=106&oid=112&aid=0003294558
엄정화,"조권, '덕분에 챌린지' 동참→김혜수X엄정화X이정현 지목 [★해시태그]",연예,48,2020,05,05,12:01,15,15,0,0,0,0,0,0,0,0,0,https://news.naver.com/main/read.nhn?mode=LSD&mid=sec&sid1=106&oid=311&aid=0001142066
엄정화,정려원·천우희·손담비·이혜영…오늘도 계속되는 '덕분에 챌린지'(종합),연예,48,2020,05,06,15:17,3,3,0,0,0,0,0,0,0,0,0,https://news.naver.com/main/read.nhn?mode=LSD&mid=sec&sid1=106&oid=421&aid=0004622861
엄정화,"[HI★뭐하세요?] 엄정화, 초근접 셀카 사진 ‘독보적인 섹시美’",연예,48,2020,05,08,17:58,15,13,0,2,0,0,0,0,0,0,0,https://news.naver.com/main/read.nhn?mode=LSD&mid=sec&sid1=106&oid=469&aid=0000494552
엄정화,"엄정화, 초근접 셀카에도 눈부신 미모…""코로나 조심"" [★해시태그]",연예,48,2020,05,08,17:22,2,2,0,0,0,0,0,0,0,0,0,https://news.naver.com/main/read.nhn?mode=LSD&mid=sec&sid1=106&oid=311&aid=0001143957
엄정화,"이소라, 엄정화 지목 받아 덕분에 챌린지 동참 ""용기와 희생 기억하겠습니다""",연예,48,2020,05,09,24:26,12,12,0,0,0,0,0,0,0,0,0,https://news.naver.com/main/read.nhn?mode=LSD&mid=sec&sid1=106&oid=112&aid=0003296508
엄정화,"이소라, 엄정화 이어 덕분에챌린지 동참 “의료진 희생 기억할 것”[SNS★컷]",연예,48,2020,05,09,24:18,5,5,0,0,0,0,0,0,0,0,0,https://news.naver.com/main/read.nhn?mode=LSD&mid=sec&sid1=106&oid=609&aid=0000275435
엄정화,"엄정화X김혜수X천우희, 저화질에도 빛나는 미모..행복한 미소 [★SHOT!]",연예,48,2020,05,04,21:49,7,7,0,0,0,0,0,0,0,0,0,https://news.naver.com/main/read.nhn?mode=LSD&mid=sec&sid1=106&oid=109&aid=0004200469
엄정화,"엄정화X김혜수X천우희, 흔들린 셀카에도 빛나는 미모[SNS★컷]",연예,48,2020,05,04,21:33,17,17,0,0,0,0,0,0,0,0,0,https://news.naver.com/main/read.nhn?mode=LSD&mid=sec&sid1=106&oid=609&aid=0000273699
엄정화,"엄정화, 덕분에 챌린지 동참→이소라 지목 “코로나19 의료진 감사해”[SNS★컷]",연예,48,2020,05,06,13:14,1,1,0,0,0,0,0,0,0,0,0,https://news.naver.com/main/read.nhn?mode=LSD&mid=sec&sid1=106&oid=609&aid=0000274169
엄정화,"엄정화, 모던&시크 돋보이는 집안 공개…즐거운 '집콕 생활'",연예,49,2020,05,15,19:23,45,38,0,4,0,0,0,0,0,3,0,https://news.naver.com/main/read.nhn?mode=LSD&mid=sec&sid1=106&oid=076&aid=0003568311
엄정화,"'지지고 복고' 김신영, 김동률·엄정화에 공개 사과 ""너무 놀라셨다""",연예,49,2020,05,11,15:58,5,5,0,0,0,0,0,0,0,0,0,https://news.naver.com/main/read.nhn?mode=LSD&mid=sec&sid1=106&oid=421&aid=0004631379
엄정화,"김혜수, 팬들 환호 부른 코믹샷..엄정화-윤소이도 ""하하하하"" 폭소",연예,49,2020,05,12,10:56,32,31,0,0,0,0,1,0,0,0,0,https://news.naver.com/main/read.nhn?mode=LSD&mid=sec&sid1=106&oid=404&aid=0000265976
엄정화,“왜 했어 진짜” 갈래머리 소녀 ‘흑역사 소환’ 한 다비치 강민경…엄정화 반응은,연예,49,2020,05,13,18:19,13,12,0,1,0,0,0,0,0,0,0,https://news.naver.com/main/read.nhn?mode=LSD&mid=sec&sid1=106&oid=022&aid=0003464820
엄정화,무용인 듯 아닌 듯… 한계에 도전하는 격렬한 구도의 몸짓,생활,49,2020,05,15,3:01,10,5,0,0,5,0,0,0,0,0,0,https://news.naver.com/main/read.nhn?mode=LSD&mid=sec&sid1=103&oid=020&aid=0003286135
엄정화,"[종합] ""엄마, 지구상에서 가장 강한 사람""…안젤리나 졸리→제시카·클라라 등 ★, '어머니날' 기념",연예,49,2020,05,11,17:50,9,9,0,0,0,0,0,0,0,0,0,https://news.naver.com/main/read.nhn?mode=LSD&mid=sec&sid1=106&oid=117&aid=0003361592
엄정화,"레드벨벳 슬기, 야무지게 #덕분에 챌린지 성공..""오마이걸 효정 동참하길"" [★SHOT!]",연예,49,2020,05,14,18:15,74,54,0,2,0,0,16,0,0,2,0,https://news.naver.com/main/read.nhn?mode=LSD&mid=sec&sid1=106&oid=109&aid=0004206259
엄정화,"'지지고 복고' 김신영, 김동률·엄정화에 뒤늦은 사과…DJ 에피소드 공개",연예,49,2020,05,11,14:08,1,1,0,0,0,0,0,0,0,0,0,https://news.naver.com/main/read.nhn?mode=LSD&mid=sec&sid1=106&oid=311&aid=0001144827
엄정화,"'지지고 복고' 김신영, 김동률-엄정화에게 뒤늦은 사과…왜?",연예,49,2020,05,11,13:49,6,6,0,0,0,0,0,0,0,0,0,https://news.naver.com/main/read.nhn?mode=LSD&mid=sec&sid1=106&oid=117&aid=0003361494
엄정화,"송은이, 김신영에게 ""꼴보기 싫다"" 지적한 이유는?",연예,49,2020,05,11,18:02,9,9,0,0,0,0,0,0,0,0,0,https://news.naver.com/main/read.nhn?mode=LSD&mid=sec&sid1=106&oid=029&aid=0002597389
엄정화,"""나 저 머리 왜 했어 진짜""..다비치 강민경, 양갈래 헤어스타일 '셀프 디스' [★SHOT!]",연예,49,2020,05,13,16:55,38,38,0,0,0,0,0,0,0,0,0,https://news.naver.com/main/read.nhn?mode=LSD&mid=sec&sid1=106&oid=109&aid=0004205406
엄정화,"강민경, 과거 사진 공개하며 흑역사 소환 “저 머리 왜 했어 진짜” 질색",연예,49,2020,05,13,17:56,9,8,0,1,0,0,0,0,0,0,0,https://news.naver.com/main/read.nhn?mode=LSD&mid=sec&sid1=106&oid=076&aid=0003567110
엄정화,"엄정화, 호피무늬+보라색 양말 `남다른 패션센스`",연예,50,2020,05,21,16:47,138,50,0,22,0,0,3,0,1,62,0,https://news.naver.com/main/read.nhn?mode=LSD&mid=sec&sid1=106&oid=009&aid=0004579678
엄정화,"엄정화, 멍투성이 몸 ""언젠가 서핑 끝나고 발견한 하트멍""",연예,50,2020,05,22,5:32,38,17,0,1,0,0,2,0,0,18,0,https://news.naver.com/main/read.nhn?mode=LSD&mid=sec&sid1=106&oid=112&aid=0003300643
엄정화,"엄정화, 등에 크게 자리잡은 피멍 공개…""하트 멍, 서핑 끝나고 발견""",연예,50,2020,05,22,24:47,2,2,0,0,0,0,0,0,0,0,0,https://news.naver.com/main/read.nhn?mode=LSD&mid=sec&sid1=106&oid=477&aid=0000244255
엄정화,"엄정화, 母 결혼 사진 '역대급' 세련미..엄태웅 얼굴이 보여~ [★SHOT!]",연예,50,2020,05,21,19:04,12,4,0,2,0,0,0,0,0,6,0,https://news.naver.com/main/read.nhn?mode=LSD&mid=sec&sid1=106&oid=109&aid=0004210520
엄정화,"김혜수, 엄정화 지목 받아 독립예술영화관 챌린지 동참…""애정 담아 응원""",연예,50,2020,05,17,24:43,56,44,0,2,0,0,9,0,0,1,0,https://news.naver.com/main/read.nhn?mode=LSD&mid=sec&sid1=106&oid=213&aid=0001163097
엄정화,"'퀴즈와 음악사이' 데니안, 팬지오디로 변신해 추억 소환…퀴즈 난항(종합)",연예,50,2020,05,19,21:12,52,43,0,2,0,0,5,0,0,2,0,https://news.naver.com/main/read.nhn?mode=LSD&mid=sec&sid1=106&oid=421&aid=0004646756
엄정화,"'불청' 박형준X박선영, 힙합듀오 '투팍' 결성…""아는 쉰살 중 제일 랩 잘해""",연예,50,2020,05,19,23:32,1,1,0,0,0,0,0,0,0,0,0,https://news.naver.com/main/read.nhn?mode=LSD&mid=sec&sid1=106&oid=416&aid=0000258353
엄정화,"‘퀴즈와 음악 사이’ 데니안, 아쉽게 오답 행진…한 끗 차이 오답들",연예,50,2020,05,19,20:33,5,5,0,0,0,0,0,0,0,0,0,https://news.naver.com/main/read.nhn?mode=LSD&mid=sec&sid1=106&oid=009&aid=0004578200
엄정화,"'히든싱어6' 비 ""지금 바로 모창에 도전하세요""",연예,50,2020,05,22,10:11,98,86,0,0,0,0,8,0,2,2,0,https://news.naver.com/main/read.nhn?mode=LSD&mid=sec&sid1=106&oid=241&aid=0003025124
엄정화,"엄정화, 51세의 놀라운 패션 센스..시선 집중",연예,50,2020,05,21,11:31,226,73,0,43,0,0,2,0,0,108,0,https://news.naver.com/main/read.nhn?mode=LSD&mid=sec&sid1=106&oid=108&aid=0002864506
엄정화,"엄정화, 호피 모자+보라색 양말..51세 패셔니스타의 위엄[★SHOT!]",연예,50,2020,05,21,15:50,3,3,0,0,0,0,0,0,0,0,0,https://news.naver.com/main/read.nhn?mode=LSD&mid=sec&sid1=106&oid=109&aid=0004210350
엄정화,"여전한 패셔니스타 엄정화, 프린팅 셔츠→호피무늬 모자 소화력[SNS★컷]",연예,50,2020,05,21,17:15,3,3,0,0,0,0,0,0,0,0,0,https://news.naver.com/main/read.nhn?mode=LSD&mid=sec&sid1=106&oid=609&aid=0000279917
엄정화,"엄정화, 이 구역의 패셔니스타…센스 만점 스타일링 [★해시태그]",연예,50,2020,05,21,11:51,8,6,0,1,0,0,0,0,0,1,0,https://news.naver.com/main/read.nhn?mode=LSD&mid=sec&sid1=106&oid=311&aid=0001149635
엄정화,"엄정화, 등에 위치한 하트 멍 공개 “서핑 끝나고 발견”[SNS★컷]",연예,50,2020,05,22,9:56,1,0,0,0,0,0,0,0,0,1,0,https://news.naver.com/main/read.nhn?mode=LSD&mid=sec&sid1=106&oid=609&aid=0000280125
엄정화,"김혜수, 엄정화 지목에 독립예술영화관 챌린지 동참",연예,50,2020,05,17,17:54,53,41,0,1,0,0,9,0,0,2,0,https://news.naver.com/main/read.nhn?mode=LSD&mid=sec&sid1=106&oid=009&aid=0004576506
엄정화,"김혜수, 독립예술영화관챌린지 동참…한지민 지목 ""응원하는 마음""",연예,50,2020,05,17,9:20,111,90,0,1,0,0,15,0,0,5,0,https://news.naver.com/main/read.nhn?mode=LSD&mid=sec&sid1=106&oid=112&aid=0003298946
엄정화,"김혜수 응원…""엄정화 추천으로 독립영화챌린지 참여""",연예,50,2020,05,17,20:30,10,5,0,0,0,0,5,0,0,0,0,https://news.naver.com/main/read.nhn?mode=LSD&mid=sec&sid1=106&oid=082&aid=0001003142
엄정화,김혜수 응원…엄정화 지목에 독립예술영화관 챌린지 동참,연예,50,2020,05,18,8:48,8,6,0,0,0,0,2,0,0,0,0,https://news.naver.com/main/read.nhn?mode=LSD&mid=sec&sid1=106&oid=009&aid=0004576745
엄정화,"김혜수 응원, 독립영화챌린지 참여→‘밥정’ 박혜령 감독‧한지민 지목",연예,50,2020,05,18,8:41,37,28,0,0,0,0,8,0,0,1,0,https://news.naver.com/main/read.nhn?mode=LSD&mid=sec&sid1=106&oid=057&aid=0001455598
엄정화,"""지금 도전하세요""…'히든싱어6' 모창자 모집 영상 공개, 비·장범준·화사 등장",연예,50,2020,05,22,9:58,7,7,0,0,0,0,0,0,0,0,0,https://news.naver.com/main/read.nhn?mode=LSD&mid=sec&sid1=106&oid=076&aid=0003571925
엄정화,"'히든싱어6' 비→화사, ""모창에 도전하세요""…모집 영상 공개",연예,50,2020,05,22,15:45,16,12,0,0,0,0,3,0,1,0,0,https://news.naver.com/main/read.nhn?mode=LSD&mid=sec&sid1=106&oid=117&aid=0003366454
엄정화,‘히든싱어6’ 모창자 모집 영상 공개…비 장범준 백지영 화사 등장,연예,50,2020,05,22,10:35,2,1,0,0,0,0,1,0,0,0,0,https://news.naver.com/main/read.nhn?mode=LSD&mid=sec&sid1=106&oid=009&aid=0004580127
엄정화,"엄정화X이하늬, 산다라박 뮤지컬 응원 ""멋진 앞날 응원, 멋졌어""",연예,51,2020,05,28,11:43,12,9,0,2,0,0,0,0,0,1,0,https://news.naver.com/main/read.nhn?mode=LSD&mid=sec&sid1=106&oid=241&aid=0003026553
엄정화,"강승윤, 복면 벗고 보니 더 빛나는 `10년 아티스트` 진가[MK스타]",연예,51,2020,05,25,14:37,427,386,0,1,0,0,38,1,0,1,0,https://news.naver.com/main/read.nhn?mode=LSD&mid=sec&sid1=106&oid=009&aid=0004581642
엄정화,"[강일홍의 연예가클로즈업] 임영웅 미스터트롯 신곡 '두 주먹', 표절 '불똥' 왜?",연예,51,2020,05,27,8:56,568,80,0,126,0,0,7,2,2,351,0,https://news.naver.com/main/read.nhn?mode=LSD&mid=sec&sid1=106&oid=629&aid=0000027142
엄정화,"엄정화x이하늬, 산다라박 응원 훈훈 의리샷..예쁜 선후배",연예,51,2020,05,28,6:19,17,16,0,0,0,0,0,0,0,1,0,https://news.naver.com/main/read.nhn?mode=LSD&mid=sec&sid1=106&oid=112&aid=0003302781
엄정화,"산다라박, 엄정화X이하늬 깜짝 방문..“나의 롤모델인 정화언니”",연예,51,2020,05,28,10:34,4,4,0,0,0,0,0,0,0,0,0,https://news.naver.com/main/read.nhn?mode=LSD&mid=sec&sid1=106&oid=009&aid=0004583983
엄정화,"엄정화X이하늬, 산다라박 첫 뮤지컬 응원…“심장 콩닥” 조합",연예,51,2020,05,28,24:00,4,4,0,0,0,0,0,0,0,0,0,https://news.naver.com/main/read.nhn?mode=LSD&mid=sec&sid1=106&oid=469&aid=0000500552
엄정화,"엄정화X이하늬, 산다라박 뮤지컬 응원 ""멋진 앞날 응원해"" [★해시태그]",연예,51,2020,05,28,13:53,4,4,0,0,0,0,0,0,0,0,0,https://news.naver.com/main/read.nhn?mode=LSD&mid=sec&sid1=106&oid=311&aid=0001152990
