정혜성,"정혜성, 아기얼굴 어플 도전…앳된 얼굴에도 이목구비는 그대로",연예,0,2019,06,06,14:06,6,6,0,0,0,0,0,0,0,0,0,https://news.naver.com/main/read.nhn?mode=LSD&mid=sec&sid1=106&oid=112&aid=0003172916
정혜성,"'짠내투어' 시즌1 종영, 최종 우승자는 정혜성…'더 짠내투어' 예고 (종합)",연예,0,2019,06,02,12:14,4,1,0,3,0,0,0,0,0,0,0,https://news.naver.com/main/read.nhn?mode=LSD&mid=sec&sid1=106&oid=421&aid=0004020195
정혜성,"'짠내투어' 정혜성, 가성비甲 도쿄여행서 황제성 꺾고 우승(종합)",연예,0,2019,06,02,12:10,4,4,0,0,0,0,0,0,0,0,0,https://news.naver.com/main/read.nhn?mode=LSD&mid=sec&sid1=106&oid=112&aid=0003171169
정혜성,‘짠내투어’ 도쿄 봄바람에 붐 황제성 기죽인 정혜성 최종 우승 [어제TV],연예,0,2019,06,02,6:00,3,3,0,0,0,0,0,0,0,0,0,https://news.naver.com/main/read.nhn?mode=LSD&mid=sec&sid1=106&oid=609&aid=0000117657
정혜성,"""눈 감아도 예뻐""..정혜성, 미모가 일취월장",연예,1,2019,06,14,8:37,4,4,0,0,0,0,0,0,0,0,0,https://news.naver.com/main/read.nhn?mode=LSD&mid=sec&sid1=106&oid=112&aid=0003175849
정혜성,"정혜성, 중2병도 귀엽고 예쁘네…흑백 뚫고 나오는 인형 비주얼",연예,1,2019,06,14,10:39,3,3,0,0,0,0,0,0,0,0,0,https://news.naver.com/main/read.nhn?mode=LSD&mid=sec&sid1=106&oid=112&aid=0003175932
정혜성,"정혜성, 무결점 인형 비주얼 '오늘은 혼밥' [★해시태그]",연예,1,2019,06,13,24:00,3,3,0,0,0,0,0,0,0,0,0,https://news.naver.com/main/read.nhn?mode=LSD&mid=sec&sid1=106&oid=311&aid=0001003879
정혜성,"정혜성, ""프로 혼밥러 1111111 어제오늘 완전 머리대면 기절각 11111""",연예,1,2019,06,13,10:11,3,3,0,0,0,0,0,0,0,0,0,https://news.naver.com/main/read.nhn?mode=LSD&mid=sec&sid1=106&oid=117&aid=0003229829
정혜성,"정혜성, 러블리 인형미모 '오늘은 프로혼밥러'",연예,1,2019,06,13,9:55,4,4,0,0,0,0,0,0,0,0,0,https://news.naver.com/main/read.nhn?mode=LSD&mid=sec&sid1=106&oid=112&aid=0003175359
정혜성,"정혜성, 눈부신 원피스 자태..""인형이야, 사람이야?""",연예,1,2019,06,13,15:33,10,10,0,0,0,0,0,0,0,0,0,https://news.naver.com/main/read.nhn?mode=LSD&mid=sec&sid1=106&oid=112&aid=0003175568
정혜성,정혜성 측 “‘쌉니다 천리마마트’ 제안받고 긍정 검토 중” (공식),연예,2,2019,06,17,15:15,6,6,0,0,0,0,0,0,0,0,0,https://news.naver.com/main/read.nhn?mode=LSD&mid=sec&sid1=106&oid=410&aid=0000596126
정혜성,"전소미, '니가 알던 내가 아냐 V2' 첫 번째 주인공 출격",연예,2,2019,06,19,15:33,35,35,0,0,0,0,0,0,0,0,0,https://news.naver.com/main/read.nhn?mode=LSD&mid=sec&sid1=106&oid=404&aid=0000246365
정혜성,"[공식] 다이아 출신 조승희, '쌉니다 천리마 마트' 캐스팅 확정",연예,2,2019,06,19,8:02,1,1,0,0,0,0,0,0,0,0,0,https://news.naver.com/main/read.nhn?mode=LSD&mid=sec&sid1=106&oid=011&aid=0003572236
정혜성,"정혜성 측 ""'천리마마트' 출연 긍정 검토 중"" [공식입장]",연예,2,2019,06,17,14:41,1,1,0,0,0,0,0,0,0,0,0,https://news.naver.com/main/read.nhn?mode=LSD&mid=sec&sid1=106&oid=213&aid=0001112430
정혜성,정혜성 측 “‘쌉니다 천리마마트’ 출연 긍정 검토 중”(공식입장),연예,2,2019,06,17,17:04,5,5,0,0,0,0,0,0,0,0,0,https://news.naver.com/main/read.nhn?mode=LSD&mid=sec&sid1=106&oid=057&aid=0001359649
정혜성,"정혜성 측 ""`쌉니다 천리마마트`, 제안 받아…긍정 검토 중""(공식입장)",연예,2,2019,06,17,17:35,4,4,0,0,0,0,0,0,0,0,0,https://news.naver.com/main/read.nhn?mode=LSD&mid=sec&sid1=106&oid=009&aid=0004375179
정혜성,"다이아 출신 조승희, '쌉니다 천리마 마트' 캐스팅",연예,2,2019,06,18,15:44,6,6,0,0,0,0,0,0,0,0,0,https://news.naver.com/main/read.nhn?mode=LSD&mid=sec&sid1=106&oid=052&aid=0001308295
정혜성,"다이아 출신 조승희, '천리마 마트' 캐스팅 확정(공식)",연예,2,2019,06,18,21:37,3,3,0,0,0,0,0,0,0,0,0,https://news.naver.com/main/read.nhn?mode=LSD&mid=sec&sid1=106&oid=468&aid=0000522223
정혜성,'니가 알던 내가 아냐 V2' 첫 주인공 '전소미'…거침없는 폭로전에 '당황',연예,2,2019,06,19,11:18,2,2,0,0,0,0,0,0,0,0,0,https://news.naver.com/main/read.nhn?mode=LSD&mid=sec&sid1=106&oid=076&aid=0003431075
정혜성,"전소미, Mnet ‘니가 알던 내가 아냐 V2’ 첫 번째 주인공 출격 [공식]",연예,2,2019,06,19,11:28,8,8,0,0,0,0,0,0,0,0,0,https://news.naver.com/main/read.nhn?mode=LSD&mid=sec&sid1=106&oid=382&aid=0000739928
정혜성,"전소미, ‘니가 알던 내가 아냐 V2’ 첫 번째 주인공 출격",연예,2,2019,06,19,11:10,31,30,0,1,0,0,0,0,0,0,0,https://news.naver.com/main/read.nhn?mode=LSD&mid=sec&sid1=106&oid=009&aid=0004376349
정혜성,"‘국민센터’ 전소미, Mnet ‘니가 알던 내가 아냐 V2’ 첫 번째 주인공으로 출격",연예,2,2019,06,19,11:03,4,4,0,0,0,0,0,0,0,0,0,https://news.naver.com/main/read.nhn?mode=LSD&mid=sec&sid1=106&oid=011&aid=0003572390
정혜성,"‘니가 알던 내가 아냐 V2’ 정혜성, 예능치트키로 맹활약",연예,3,2019,06,28,9:11,4,4,0,0,0,0,0,0,0,0,0,https://news.naver.com/main/read.nhn?mode=LSD&mid=sec&sid1=106&oid=215&aid=0000787769
정혜성,"[포토]정혜성, '오늘도 예뻐'",연예,3,2019,06,26,15:28,2,2,0,0,0,0,0,0,0,0,0,https://news.naver.com/main/read.nhn?mode=LSD&mid=sec&sid1=106&oid=241&aid=0002929723
정혜성,"'니알내아V2' 정혜성 ""박보검X정해인, 게스트로 초대하고파""",연예,3,2019,06,26,15:49,1,1,0,0,0,0,0,0,0,0,0,https://news.naver.com/main/read.nhn?mode=LSD&mid=sec&sid1=106&oid=468&aid=0000525667
정혜성,[포토] 정혜성 '완벽한 블루',연예,3,2019,06,26,15:31,2,2,0,0,0,0,0,0,0,0,0,https://news.naver.com/main/read.nhn?mode=LSD&mid=sec&sid1=106&oid=076&aid=0003434110
정혜성,"정혜성, '니알내알 V2'",연예,3,2019,06,26,15:36,1,1,0,0,0,0,0,0,0,0,0,https://news.naver.com/main/read.nhn?mode=LSD&mid=sec&sid1=106&oid=079&aid=0003242342
정혜성,"[포토]정혜성, 특급 하트",연예,3,2019,06,26,15:19,1,1,0,0,0,0,0,0,0,0,0,https://news.naver.com/main/read.nhn?mode=LSD&mid=sec&sid1=106&oid=112&aid=0003180754
정혜성,[TEN PHOTO] 정혜성 '단아한 인사',연예,3,2019,06,26,16:40,2,2,0,0,0,0,0,0,0,0,0,https://news.naver.com/main/read.nhn?mode=LSD&mid=sec&sid1=106&oid=312&aid=0000395274
정혜성,"정혜성, 분위기 미인",연예,3,2019,06,26,15:50,2,2,0,0,0,0,0,0,0,0,0,https://news.naver.com/main/read.nhn?mode=LSD&mid=sec&sid1=106&oid=001&aid=0010915143
정혜성,[★포토]정혜성 '여배우 포스',연예,3,2019,06,26,15:26,1,1,0,0,0,0,0,0,0,0,0,https://news.naver.com/main/read.nhn?mode=LSD&mid=sec&sid1=106&oid=108&aid=0002792813
정혜성,"[포토]정혜성, '시크한 손하트'",연예,3,2019,06,26,15:22,1,1,0,0,0,0,0,0,0,0,0,https://news.naver.com/main/read.nhn?mode=LSD&mid=sec&sid1=106&oid=241&aid=0002929717
정혜성,"[포토]정혜성, '아름다운 외모'",연예,3,2019,06,26,15:25,2,2,0,0,0,0,0,0,0,0,0,https://news.naver.com/main/read.nhn?mode=LSD&mid=sec&sid1=106&oid=241&aid=0002929718
정혜성,"'니가알던내가아냐' 정혜성 ""박보검·정해인 출연해달라""",연예,3,2019,06,26,15:44,2,2,0,0,0,0,0,0,0,0,0,https://news.naver.com/main/read.nhn?mode=LSD&mid=sec&sid1=106&oid=076&aid=0003434123
정혜성,"[N현장] '니알내아2' 정혜성 ""박보검·정해인 출연해 일상 공개했으면""",연예,3,2019,06,26,15:50,11,11,0,0,0,0,0,0,0,0,0,https://news.naver.com/main/read.nhn?mode=LSD&mid=sec&sid1=106&oid=421&aid=0004062004
정혜성,"정혜성, ""박보검·정해인, '니가알던2'에 나왔으면 한다""",연예,3,2019,06,26,16:20,2,2,0,0,0,0,0,0,0,0,0,https://news.naver.com/main/read.nhn?mode=LSD&mid=sec&sid1=106&oid=312&aid=0000395265
정혜성,"'니알내아 V2' 정혜성 ""박보검X정해인 초대하고 싶다""",연예,3,2019,06,26,15:58,1,1,0,0,0,0,0,0,0,0,0,https://news.naver.com/main/read.nhn?mode=LSD&mid=sec&sid1=106&oid=108&aid=0002792832
정혜성,"[포토] 정혜성, ‘사랑스러운 미소하트’",연예,3,2019,06,26,15:34,1,1,0,0,0,0,0,0,0,0,0,https://news.naver.com/main/read.nhn?mode=LSD&mid=sec&sid1=106&oid=014&aid=0004251409
정혜성,"[포토] 정혜성, 시원한~ 블루!",연예,3,2019,06,26,15:26,2,2,0,0,0,0,0,0,0,0,0,https://news.naver.com/main/read.nhn?mode=LSD&mid=sec&sid1=106&oid=468&aid=0000525648
정혜성,[TEN PHOTO]정혜성 '사랑을 부르는 포즈',연예,3,2019,06,26,16:43,1,1,0,0,0,0,0,0,0,0,0,https://news.naver.com/main/read.nhn?mode=LSD&mid=sec&sid1=106&oid=312&aid=0000395276
정혜성,'니알내알 V2' 홍일점 정혜성,연예,3,2019,06,26,15:35,1,1,0,0,0,0,0,0,0,0,0,https://news.naver.com/main/read.nhn?mode=LSD&mid=sec&sid1=106&oid=079&aid=0003242337
정혜성,"[포토] 정혜성, 니알내알 V2로 인사드려요~",연예,3,2019,06,26,15:27,2,2,0,0,0,0,0,0,0,0,0,https://news.naver.com/main/read.nhn?mode=LSD&mid=sec&sid1=106&oid=468&aid=0000525649
정혜성,"정혜성, '니알내알 V2에서 만나요'",연예,3,2019,06,26,15:36,3,3,0,0,0,0,0,0,0,0,0,https://news.naver.com/main/read.nhn?mode=LSD&mid=sec&sid1=106&oid=079&aid=0003242343
정혜성,"[포토]정혜성, 박수 짝짝",연예,3,2019,06,26,15:35,1,1,0,0,0,0,0,0,0,0,0,https://news.naver.com/main/read.nhn?mode=LSD&mid=sec&sid1=106&oid=112&aid=0003180772
정혜성,"[포토] 정혜성, '우월한 비율 뽐내며~'",연예,3,2019,06,26,15:55,1,1,0,0,0,0,0,0,0,0,0,https://news.naver.com/main/read.nhn?mode=LSD&mid=sec&sid1=106&oid=015&aid=0004165907
정혜성,"이보영, 김태리 소속사 제이와이드컴퍼니에 새 둥지",연예,4,2019,07,01,24:10,2,2,0,0,0,0,0,0,0,0,0,https://news.naver.com/main/read.nhn?mode=LSD&mid=sec&sid1=106&oid=079&aid=0003243874
정혜성,"이보영, 제이와이드와 전속계약..이상윤-김태리 한솥밥",연예,4,2019,07,01,9:48,9,9,0,0,0,0,0,0,0,0,0,https://news.naver.com/main/read.nhn?mode=LSD&mid=sec&sid1=106&oid=108&aid=0002793820
정혜성,"'니알내아V2' 정혜성, 예능 치트키 활약..톡톡 튀는 매력으로 즐거움 2배",연예,5,2019,07,11,9:34,3,3,0,0,0,0,0,0,0,0,0,https://news.naver.com/main/read.nhn?mode=LSD&mid=sec&sid1=106&oid=112&aid=0003186787
정혜성,"‘니가 알던 내가 아냐 V2’ 정혜성, 톡톡 튀는 매력으로 보는 즐거움 2배",연예,5,2019,07,11,9:10,2,2,0,0,0,0,0,0,0,0,0,https://news.naver.com/main/read.nhn?mode=LSD&mid=sec&sid1=106&oid=215&aid=0000792757
정혜성,“나는 포켓남” 이대휘 빨간색 팬티→51㎏ 종잇장 몸매 공개 ‘니알내아2’[어제TV],연예,5,2019,07,12,6:00,11,11,0,0,0,0,0,0,0,0,0,https://news.naver.com/main/read.nhn?mode=LSD&mid=sec&sid1=106&oid=609&aid=0000138205
정혜성,"'니알내아V2' 박준형, 예측불허 일상 공개…양팀 최초 동점 나왔다",연예,6,2019,07,19,10:34,10,10,0,0,0,0,0,0,0,0,0,https://news.naver.com/main/read.nhn?mode=LSD&mid=sec&sid1=106&oid=052&aid=0001320704
정혜성,"‘니알내아V2’ 박준형, 역대급 예측불허 일상에 스튜디오 초토화",연예,6,2019,07,19,9:42,9,9,0,0,0,0,0,0,0,0,0,https://news.naver.com/main/read.nhn?mode=LSD&mid=sec&sid1=106&oid=469&aid=0000406806
정혜성,"‘니가 알던 내가 아냐 V2’ 박준형, 예측불허 일상에 스튜디오 초토화! [간밤TV]",연예,6,2019,07,19,9:57,5,5,0,0,0,0,0,0,0,0,0,https://news.naver.com/main/read.nhn?mode=LSD&mid=sec&sid1=106&oid=144&aid=0000621789
정혜성,‘니알내아 V2’ 측 “백진희 출연분 25일 방송” 정혜성과 의리(공식입장),연예,6,2019,07,18,9:57,3,3,0,0,0,0,0,0,0,0,0,https://news.naver.com/main/read.nhn?mode=LSD&mid=sec&sid1=106&oid=609&aid=0000141357
정혜성,"[단독] 백진희, Mnet '니알내아V2' 출격..1년만 예능 나들이",연예,6,2019,07,18,9:37,12,12,0,0,0,0,0,0,0,0,0,https://news.naver.com/main/read.nhn?mode=LSD&mid=sec&sid1=106&oid=109&aid=0004052164
정혜성,"'니알내아V2' 박준형, 어르신→아이까지 모두가 사랑하는 대세남[종합]",연예,6,2019,07,18,21:14,4,4,0,0,0,0,0,0,0,0,0,https://news.naver.com/main/read.nhn?mode=LSD&mid=sec&sid1=106&oid=109&aid=0004052652
정혜성,조승희 공개한 ‘쌉니다 천리마마트’ 웹툰 드라마화 어떨까,연예,6,2019,07,19,13:45,2,2,0,0,0,0,0,0,0,0,0,https://news.naver.com/main/read.nhn?mode=LSD&mid=sec&sid1=106&oid=609&aid=0000142210
정혜성,"‘니가 알던 내가 아냐 V2’ 정혜성, 리얼한 일상 속 팔색조 매력 뿜뿜",연예,7,2019,07,26,9:18,2,2,0,0,0,0,0,0,0,0,0,https://news.naver.com/main/read.nhn?mode=LSD&mid=sec&sid1=106&oid=215&aid=0000797615
정혜성,"'니알내아V2' 정혜성, 게임마니아→동생바보까지…엉뚱+발랄(종합)",연예,7,2019,07,25,21:10,10,10,0,0,0,0,0,0,0,0,0,https://news.naver.com/main/read.nhn?mode=LSD&mid=sec&sid1=106&oid=421&aid=0004114718
정혜성,"'니가 알던 내가 아냐 V2' 정혜성X백진희, 역대최고 270만원 획득 '특급 우정 확인'",연예,7,2019,07,26,9:31,2,2,0,0,0,0,0,0,0,0,0,https://news.naver.com/main/read.nhn?mode=LSD&mid=sec&sid1=106&oid=076&aid=0003446749
정혜성,"배우 정혜성, ‘쌉니다, 천리마마트’ 캐스틱 확정",연예,7,2019,07,23,18:29,3,3,0,0,0,0,0,0,0,0,0,https://news.naver.com/main/read.nhn?mode=LSD&mid=sec&sid1=106&oid=144&aid=0000622485
정혜성,"'철권여신' 정혜성 ""컴퓨터와 대결 진 적 없어""… 게임 노하우 공개",연예,7,2019,07,25,22:00,1,1,0,0,0,0,0,0,0,0,0,https://news.naver.com/main/read.nhn?mode=LSD&mid=sec&sid1=106&oid=022&aid=0003383769
정혜성,"'니알내아V2' 백진희 ""정혜성, 깍쟁이일 줄 알았는데 애교 많아""",연예,7,2019,07,25,20:19,10,10,0,0,0,0,0,0,0,0,0,https://news.naver.com/main/read.nhn?mode=LSD&mid=sec&sid1=106&oid=311&aid=0001023861
정혜성,"정혜성, 쌍둥이들과 함께한 브이샷..물오른 비주얼 '심쿵' [★SHOT!]",연예,7,2019,07,25,23:25,6,6,0,0,0,0,0,0,0,0,0,https://news.naver.com/main/read.nhn?mode=LSD&mid=sec&sid1=106&oid=109&aid=0004056435
정혜성,"'쌉니다, 천리마마트' 이동휘X김병철X박호산X이순재X정혜성 캐스팅 확정",연예,7,2019,07,23,11:16,3,3,0,0,0,0,0,0,0,0,0,https://news.naver.com/main/read.nhn?mode=LSD&mid=sec&sid1=106&oid=468&aid=0000538478
정혜성,"정혜성, 걸어다니는 인형‥러블리함이 한도초과",연예,7,2019,07,26,16:53,7,7,0,0,0,0,0,0,0,0,0,https://news.naver.com/main/read.nhn?mode=LSD&mid=sec&sid1=106&oid=112&aid=0003193011
정혜성,"[TV핫스팟] ‘니알내아V2’ 정혜성, 일상 속 팔색조 매력 ‘뿜뿜’",연예,7,2019,07,26,9:57,3,3,0,0,0,0,0,0,0,0,0,https://news.naver.com/main/read.nhn?mode=LSD&mid=sec&sid1=106&oid=396&aid=0000520962
정혜성,"'니가 알던 내가 아냐 V2' 정혜성, MC에서 주인공으로..'반전 매력'",연예,7,2019,07,25,14:19,5,5,0,0,0,0,0,0,0,0,0,https://news.naver.com/main/read.nhn?mode=LSD&mid=sec&sid1=106&oid=011&aid=0003592702
정혜성,"'니알내아V2' 정혜성, 모닝 게임 방송 시청…""공부는 필수""",연예,7,2019,07,25,20:23,6,6,0,0,0,0,0,0,0,0,0,https://news.naver.com/main/read.nhn?mode=LSD&mid=sec&sid1=106&oid=421&aid=0004114675
정혜성,"'니알내아V2' 정혜성 편, 이국주→백진희 270만원 획득..역대 최고 상금으로 우정 인증",연예,7,2019,07,26,9:57,4,4,0,0,0,0,0,0,0,0,0,https://news.naver.com/main/read.nhn?mode=LSD&mid=sec&sid1=106&oid=109&aid=0004056542
정혜성,"정혜성, '쌉니다, 천리마마트' 女주인공 낙점",연예,7,2019,07,23,17:04,6,6,0,0,0,0,0,0,0,0,0,https://news.naver.com/main/read.nhn?mode=LSD&mid=sec&sid1=106&oid=052&aid=0001322323
정혜성,"정혜성, '쌉니다 천리마마트' 女주인공 캐스팅",연예,7,2019,07,23,13:29,6,6,0,0,0,0,0,0,0,0,0,https://news.naver.com/main/read.nhn?mode=LSD&mid=sec&sid1=106&oid=241&aid=0002940949
정혜성,[공식]배우 정혜성 '쌉니다 천리마마트' 캐스팅 확정,연예,7,2019,07,23,13:09,1,1,0,0,0,0,0,0,0,0,0,https://news.naver.com/main/read.nhn?mode=LSD&mid=sec&sid1=106&oid=076&aid=0003445645
정혜성,"정혜성, tvN 새 금요드라마 '쌉니다, 천리마마트' 여주인공 캐스팅 확정",연예,7,2019,07,23,14:28,4,4,0,0,0,0,0,0,0,0,0,https://news.naver.com/main/read.nhn?mode=LSD&mid=sec&sid1=106&oid=215&aid=0000796420
정혜성,"정혜성 철권여신 등극 “오락실서 기본 3시간, 철권 진 적 無”(니알내아V2)",연예,7,2019,07,25,21:01,6,6,0,0,0,0,0,0,0,0,0,https://news.naver.com/main/read.nhn?mode=LSD&mid=sec&sid1=106&oid=057&aid=0001370520
정혜성,‘니알내아V2’ 백진희 “정혜성 첫인상? 깍쟁이일 줄 알았다”,연예,7,2019,07,25,20:12,4,4,0,0,0,0,0,0,0,0,0,https://news.naver.com/main/read.nhn?mode=LSD&mid=sec&sid1=106&oid=609&aid=0000145251
정혜성,"'니알내아V2' 백진희, 정혜성 절친으로 예능 나들이…""조공하는 관계""",연예,7,2019,07,25,20:16,13,13,0,0,0,0,0,0,0,0,0,https://news.naver.com/main/read.nhn?mode=LSD&mid=sec&sid1=106&oid=421&aid=0004114673
정혜성,"이동휘-김병철-정혜성 '쌉니다, 천리마마트' 라인업",연예,7,2019,07,23,14:36,7,7,0,0,0,0,0,0,0,0,0,https://news.naver.com/main/read.nhn?mode=LSD&mid=sec&sid1=106&oid=119&aid=0002342253
정혜성,"이동휘→정혜성, tvN ‘쌉니다 천리마 마트’ 캐스팅 확정",연예,7,2019,07,23,16:59,14,14,0,0,0,0,0,0,0,0,0,https://news.naver.com/main/read.nhn?mode=LSD&mid=sec&sid1=106&oid=410&aid=0000607845
정혜성,"[공식입장] 이동휘·김병철·박호산·이순재·정혜성, '천리마마트' 라인업 완성",연예,7,2019,07,23,11:15,13,13,0,0,0,0,0,0,0,0,0,https://news.naver.com/main/read.nhn?mode=LSD&mid=sec&sid1=106&oid=421&aid=0004108802
정혜성,"모모랜드 연우, '쌉니다 천리마마트'로 배우 데뷔…이동휘·정혜성과 삼각관계",연예,8,2019,08,01,9:21,3,3,0,0,0,0,0,0,0,0,0,https://news.naver.com/main/read.nhn?mode=LSD&mid=sec&sid1=106&oid=312&aid=0000401686
정혜성,"모모랜드 연우, tvN 드라마 '쌉니다 천리마마트' 출연 확정",연예,8,2019,08,01,9:20,4,4,0,0,0,0,0,0,0,0,0,https://news.naver.com/main/read.nhn?mode=LSD&mid=sec&sid1=106&oid=215&aid=0000800094
정혜성,"모모랜드 연우, '쌉니다 천리마마트' 출연 확정...데뷔 첫 드라마 도전",연예,8,2019,08,01,9:11,3,3,0,0,0,0,0,0,0,0,0,https://news.naver.com/main/read.nhn?mode=LSD&mid=sec&sid1=106&oid=468&aid=0000542599
정혜성,"모모랜드 연우, 연기자 데뷔..'쌉니다 천리마마트' 캐스팅[공식]",연예,8,2019,08,01,10:43,3,3,0,0,0,0,0,0,0,0,0,https://news.naver.com/main/read.nhn?mode=LSD&mid=sec&sid1=106&oid=404&aid=0000249342
정혜성,"모모랜드 연우, '쌉니다 천리마마트' 출연 확정…""데뷔 첫 드라마 도전""",연예,8,2019,08,01,18:12,7,7,0,0,0,0,0,0,0,0,0,https://news.naver.com/main/read.nhn?mode=LSD&mid=sec&sid1=106&oid=015&aid=0004185659
정혜성,"""미모에 비율까지 우월""..정혜성, 각선미에 감탄 뿐",연예,9,2019,08,05,24:43,9,9,0,0,0,0,0,0,0,0,0,https://news.naver.com/main/read.nhn?mode=LSD&mid=sec&sid1=106&oid=112&aid=0003196400
정혜성,"'쌉니다 천리마마트' 정혜성, 커리어 우먼 변신..성숙미 뚝뚝 [★SHOT!]",연예,9,2019,08,04,18:13,9,9,0,0,0,0,0,0,0,0,0,https://news.naver.com/main/read.nhn?mode=LSD&mid=sec&sid1=106&oid=109&aid=0004061710
정혜성,"'니알내아 V2' 정혜성, 패널단→주인공까지…예능보석 맹활약",연예,10,2019,08,16,9:49,2,2,0,0,0,0,0,0,0,0,0,https://news.naver.com/main/read.nhn?mode=LSD&mid=sec&sid1=106&oid=112&aid=0003200755
정혜성,"'좋아하면'부터 '타인은'까지, 다시 웹툰 원작 드라마의 시대[SS드라마]",연예,10,2019,08,16,6:00,5,5,0,0,0,0,0,0,0,0,0,https://news.naver.com/main/read.nhn?mode=LSD&mid=sec&sid1=106&oid=468&aid=0000549076
정혜성,"‘니가 알던 내가 아냐 V2’ 정혜성, 매 순간 빛나는 존재감으로 보는 재미 배가시키다",연예,10,2019,08,16,9:15,4,4,0,0,0,0,0,0,0,0,0,https://news.naver.com/main/read.nhn?mode=LSD&mid=sec&sid1=106&oid=215&aid=0000803147
정혜성,"‘니가 알던 내가 아냐 V2’ 정혜성, 이쯤되면 예능보석",연예,10,2019,08,16,9:11,3,3,0,0,0,0,0,0,0,0,0,https://news.naver.com/main/read.nhn?mode=LSD&mid=sec&sid1=106&oid=609&aid=0000155581
정혜성,"정혜성, 솔로 팬 겨낭하는 여친 짤 '심쿵!' [★SNS]",연예,11,2019,08,23,21:15,8,8,0,0,0,0,0,0,0,0,0,https://news.naver.com/main/read.nhn?mode=LSD&mid=sec&sid1=106&oid=404&aid=0000250984
정혜성,"이응경, 이동휘 엄마 된다 '쌉니다 천리마마트' 캐스팅",연예,11,2019,08,22,17:10,9,9,0,0,0,0,0,0,0,0,0,https://news.naver.com/main/read.nhn?mode=LSD&mid=sec&sid1=106&oid=119&aid=0002347746
정혜성,"[공식] 이응경, '쌉니다 천리마마트' 출연 확정..이동휘 엄마로 출연",연예,11,2019,08,23,12:50,1,1,0,0,0,0,0,0,0,0,0,https://news.naver.com/main/read.nhn?mode=LSD&mid=sec&sid1=106&oid=011&aid=0003607379
정혜성,"[Y터뷰] 29년차 손현주의 철학...""오늘이 즐거우면 내일도 즐겁죠""",연예,11,2019,08,20,8:00,3,3,0,0,0,0,0,0,0,0,0,https://news.naver.com/main/read.nhn?mode=LSD&mid=sec&sid1=106&oid=052&aid=0001332822
정혜성,"이응경, '쌉니다 천리마마트' 출연..이동휘 엄마役",연예,11,2019,08,22,9:04,4,4,0,0,0,0,0,0,0,0,0,https://news.naver.com/main/read.nhn?mode=LSD&mid=sec&sid1=106&oid=108&aid=0002805504
정혜성,이응경 '쌉니다 천리마마트' 출연 확정…이동휘 母 활약 예고 [공식],연예,11,2019,08,22,8:53,3,3,0,0,0,0,0,0,0,0,0,https://news.naver.com/main/read.nhn?mode=LSD&mid=sec&sid1=106&oid=117&aid=0003263357
정혜성,"이응경, 드라마 '쌉니다 천리마마트' 캐스팅… 이동휘 엄마 연기",연예,11,2019,08,23,2:07,3,2,0,1,0,0,0,0,0,0,0,https://news.naver.com/main/read.nhn?mode=LSD&mid=sec&sid1=106&oid=417&aid=0000441334
정혜성,‘쌉니다 천리마마트’ 정혜성-김호성→더 이상한 면접자가 왔다,연예,12,2019,08,29,9:17,1,1,0,0,0,0,0,0,0,0,0,https://news.naver.com/main/read.nhn?mode=LSD&mid=sec&sid1=106&oid=382&aid=0000757742
정혜성,"'쌉니다 천리마마트' 면접 영상 풀(full) 공개..""더 이상한 지원자가 왔다""",연예,12,2019,08,30,8:26,4,4,0,0,0,0,0,0,0,0,0,https://news.naver.com/main/read.nhn?mode=LSD&mid=sec&sid1=106&oid=011&aid=0003611251
정혜성,"'쌉니다 천리마마트' 천리마마트vs대마그룹, '극과 극' 비교체험 포스터",연예,12,2019,08,31,10:51,2,2,0,0,0,0,0,0,0,0,0,https://news.naver.com/main/read.nhn?mode=LSD&mid=sec&sid1=106&oid=076&aid=0003462526
정혜성,'쌉니다 천리마마트' 총출동! 단체 포스터 전격 공개,연예,12,2019,08,27,7:21,3,3,0,0,0,0,0,0,0,0,0,https://news.naver.com/main/read.nhn?mode=LSD&mid=sec&sid1=106&oid=011&aid=0003609032
정혜성,[SC초점] '좋알람'→'타인은 지옥이다'..웹툰원작 필수조건=싱크로율100%,연예,12,2019,08,27,11:12,7,7,0,0,0,0,0,0,0,0,0,https://news.naver.com/main/read.nhn?mode=LSD&mid=sec&sid1=106&oid=076&aid=0003460551
정혜성,[N컷] '천리마마트' 포스터 공개…김병철→이동휘 대마직원 총출동,연예,12,2019,08,26,10:52,1,1,0,0,0,0,0,0,0,0,0,https://news.naver.com/main/read.nhn?mode=LSD&mid=sec&sid1=106&oid=421&aid=0004162611
정혜성,"'쌉니다 천리마마트' 정혜성→김호영, 더 이상한 면접자들",연예,12,2019,08,29,9:06,5,5,0,0,0,0,0,0,0,0,0,https://news.naver.com/main/read.nhn?mode=LSD&mid=sec&sid1=106&oid=311&aid=0001039344
정혜성,"‘쌉니다 천리마마트’ 정혜성-김호영, 더 이상한 지원자가 왔다! 면접 영상 풀(full) 공개",연예,12,2019,08,29,17:21,1,1,0,0,0,0,0,0,0,0,0,https://news.naver.com/main/read.nhn?mode=LSD&mid=sec&sid1=106&oid=015&aid=0004200763
정혜성,"'쌉니다 천리마마트' 정혜성→김호영, 이상한 면접자들의 2차 티저 공개",연예,12,2019,08,29,9:22,1,1,0,0,0,0,0,0,0,0,0,https://news.naver.com/main/read.nhn?mode=LSD&mid=sec&sid1=106&oid=112&aid=0003205983
정혜성,"'쌉니다 천리마마트' 천리마마트vs대마그룹, 극과극 포스터 공개[Oh!쎈 컷]",연예,12,2019,08,31,10:57,5,5,0,0,0,0,0,0,0,0,0,https://news.naver.com/main/read.nhn?mode=LSD&mid=sec&sid1=106&oid=109&aid=0004077905
정혜성,"‘쌉니다 천리마마트’ 직원이 왕인 천리마마트vs권모술수 난무하는 대마그룹, 어떤 비밀이?",연예,12,2019,08,31,13:58,6,6,0,0,0,0,0,0,0,0,0,https://news.naver.com/main/read.nhn?mode=LSD&mid=sec&sid1=106&oid=144&aid=0000629097
정혜성,"'쌉니다 천리마마트' 천리마마트vs대마그룹, 마트와 그룹 사이에 숨겨진 비밀은",연예,12,2019,08,31,24:20,6,6,0,0,0,0,0,0,0,0,0,https://news.naver.com/main/read.nhn?mode=LSD&mid=sec&sid1=106&oid=015&aid=0004201655
정혜성,"'쌉니다 천리마마트' 마트와 그룹 사이, 극과 극 포스터 공개",연예,12,2019,08,31,10:50,3,3,0,0,0,0,0,0,0,0,0,https://news.naver.com/main/read.nhn?mode=LSD&mid=sec&sid1=106&oid=311&aid=0001040265
정혜성,tvN '쌉니다 천리마마트' 등장인물 실사판 전부 베일 벗어,연예,12,2019,08,26,10:49,5,5,0,0,0,0,0,0,0,0,0,https://news.naver.com/main/read.nhn?mode=LSD&mid=sec&sid1=106&oid=018&aid=0004454254
정혜성,‘쌉니다 천리마마트’ 김병철부터 이동휘까지…전 출연진 총출동,연예,12,2019,08,26,11:02,9,9,0,0,0,0,0,0,0,0,0,https://news.naver.com/main/read.nhn?mode=LSD&mid=sec&sid1=106&oid=029&aid=0002548618
정혜성,천리마마트→대마그룹 직원 총출동…'쌉니다 천리마마트' 단체 포스터,연예,12,2019,08,26,24:44,6,6,0,0,0,0,0,0,0,0,0,https://news.naver.com/main/read.nhn?mode=LSD&mid=sec&sid1=106&oid=076&aid=0003460137
정혜성,'놀토' 김병철·정혜성 출격…숨겨둔 반전 매력 발산,연예,13,2019,09,07,9:20,2,2,0,0,0,0,0,0,0,0,0,https://news.naver.com/main/read.nhn?mode=LSD&mid=sec&sid1=106&oid=241&aid=0002955700
정혜성,"정혜성, 촬영장에서 걸그룹 미모 뿜뿜 ‘바비인형’",연예,13,2019,09,07,20:39,4,4,0,0,0,0,0,0,0,0,0,https://news.naver.com/main/read.nhn?mode=LSD&mid=sec&sid1=106&oid=469&aid=0000420470
정혜성,"‘놀라운 토요일’ 정혜성, 게스트 최초 정답존 거부",연예,13,2019,09,07,20:11,2,2,0,0,0,0,0,0,0,0,0,https://news.naver.com/main/read.nhn?mode=LSD&mid=sec&sid1=106&oid=057&aid=0001380548
정혜성,"'도레미 마켓' 김병철X정혜성, 리액션 부자…신동엽 ""2019 최고 리액션 인정""",연예,13,2019,09,07,20:17,1,1,0,0,0,0,0,0,0,0,0,https://news.naver.com/main/read.nhn?mode=LSD&mid=sec&sid1=106&oid=112&aid=0003209802
정혜성,"'놀토' 김병철X정혜성, 게스트 출격…숨겨뒀던 예능감 대폭발",연예,13,2019,09,07,9:42,2,2,0,0,0,0,0,0,0,0,0,https://news.naver.com/main/read.nhn?mode=LSD&mid=sec&sid1=106&oid=468&aid=0000559393
정혜성,"'도레미마켓' 파국 김병철X정혜성…""아이유 노래 잘 모르는데…""",연예,13,2019,09,07,19:54,6,5,0,1,0,0,0,0,0,0,0,https://news.naver.com/main/read.nhn?mode=LSD&mid=sec&sid1=106&oid=112&aid=0003209793
정혜성,"'도레미 마켓' 정혜성, 아이유 '잼잼' 받쓰 원샷 차지[별별TV]",연예,13,2019,09,07,20:12,9,9,0,0,0,0,0,0,0,0,0,https://news.naver.com/main/read.nhn?mode=LSD&mid=sec&sid1=106&oid=108&aid=0002808951
정혜성,'도레미 마켓' 아이유 '잼잼'가사는?,연예,13,2019,09,07,19:56,5,5,0,0,0,0,0,0,0,0,0,https://news.naver.com/main/read.nhn?mode=LSD&mid=sec&sid1=106&oid=082&aid=0000939393
정혜성,"'도레미 마켓' 김병철, 김종서 '플라스틱 신드롬' 가사 맞혀…정혜성은?",연예,13,2019,09,07,21:28,3,3,0,0,0,0,0,0,0,0,0,https://news.naver.com/main/read.nhn?mode=LSD&mid=sec&sid1=106&oid=015&aid=0004205718
정혜성,'도레미마켓' 김종서 '플라스틱 신드롬' 가사는?,연예,13,2019,09,07,20:38,2,2,0,0,0,0,0,0,0,0,0,https://news.naver.com/main/read.nhn?mode=LSD&mid=sec&sid1=106&oid=082&aid=0000939398
정혜성,‘쌉니다 천리마마트’ 정혜성 “웃다가 진지…모든 감정 경험할 것”,연예,14,2019,09,10,16:51,2,2,0,0,0,0,0,0,0,0,0,https://news.naver.com/main/read.nhn?mode=LSD&mid=sec&sid1=106&oid=081&aid=0003028014
정혜성,"'쌉니다 천리마마트' 정혜성, 초엘리트 첩자 조미란 역..""웃다가 감동받으실 것""",연예,14,2019,09,11,12:50,4,4,0,0,0,0,0,0,0,0,0,https://news.naver.com/main/read.nhn?mode=LSD&mid=sec&sid1=106&oid=011&aid=0003617393
정혜성,‘쌉니다 천리마마트’ 기대 높이는 현장,연예,14,2019,09,13,13:10,6,6,0,0,0,0,0,0,0,0,0,https://news.naver.com/main/read.nhn?mode=LSD&mid=sec&sid1=106&oid=119&aid=0002351962
정혜성,신동엽 혜리 이구동성 “김병철이 생각보다 귀엽다” 손뼉쳤다 ‘놀토’[어제TV],연예,14,2019,09,08,6:01,2,2,0,0,0,0,0,0,0,0,0,https://news.naver.com/main/read.nhn?mode=LSD&mid=sec&sid1=106&oid=609&aid=0000167954
정혜성,"'쌉니다 천리마마트' 정혜성 ""웃음과 눈물, 설렘까지 느낄 수 있는 드라마""",연예,14,2019,09,10,11:42,1,1,0,0,0,0,0,0,0,0,0,https://news.naver.com/main/read.nhn?mode=LSD&mid=sec&sid1=106&oid=076&aid=0003466588
정혜성,"'쌉니다 천리마마트' 정혜성, 엘리트 첩자 조미란 役…""나와 비슷한 면 있어""",연예,14,2019,09,10,24:29,2,2,0,0,0,0,0,0,0,0,0,https://news.naver.com/main/read.nhn?mode=LSD&mid=sec&sid1=106&oid=015&aid=0004206977
정혜성,"'천리마마트' 정혜성, ""빵빵 터졌다가 진지→감동..기이한 체험 함께 하길""",연예,14,2019,09,10,13:41,4,4,0,0,0,0,0,0,0,0,0,https://news.naver.com/main/read.nhn?mode=LSD&mid=sec&sid1=106&oid=404&aid=0000252009
정혜성,아이유 잼잼 가사 얼마나 어렵길래? ‘김병철 아랍어 적나’,연예,14,2019,09,08,13:56,2,2,0,0,0,0,0,0,0,0,0,https://news.naver.com/main/read.nhn?mode=LSD&mid=sec&sid1=106&oid=081&aid=0003027388
정혜성,‘쌉니다 천리마마트’ 열일 현장 大공개 “20일에 만나요”,연예,14,2019,09,13,21:02,1,1,0,0,0,0,0,0,0,0,0,https://news.naver.com/main/read.nhn?mode=LSD&mid=sec&sid1=106&oid=382&aid=0000760919
정혜성,아이유 '잼잼' 가사 정답은?… '사랑'만 주자는 곡,연예,14,2019,09,09,11:07,15,15,0,0,0,0,0,0,0,0,0,https://news.naver.com/main/read.nhn?mode=LSD&mid=sec&sid1=106&oid=417&aid=0000447668
정혜성,"아이유 `잼잼` 가사 문제에 출연진 멘붕…""대본 훔쳐오고싶어""(`놀라운 토요일`)",연예,14,2019,09,09,11:20,4,4,0,0,0,0,0,0,0,0,0,https://news.naver.com/main/read.nhn?mode=LSD&mid=sec&sid1=106&oid=009&aid=0004424597
정혜성,"[포토] 정혜성, 깜찍 매력",연예,15,2019,09,16,11:53,2,2,0,0,0,0,0,0,0,0,0,https://news.naver.com/main/read.nhn?mode=LSD&mid=sec&sid1=106&oid=468&aid=0000562195
정혜성,[포토] 정혜성 '가을나비의 하트',연예,15,2019,09,16,24:00,1,1,0,0,0,0,0,0,0,0,0,https://news.naver.com/main/read.nhn?mode=LSD&mid=sec&sid1=106&oid=241&aid=0002957459
정혜성,"[포토] 정혜성, '아름다워~'",연예,15,2019,09,16,24:05,1,1,0,0,0,0,0,0,0,0,0,https://news.naver.com/main/read.nhn?mode=LSD&mid=sec&sid1=106&oid=015&aid=0004209055
정혜성,정혜성 `러블리 하트` [MK포토],연예,15,2019,09,16,11:33,1,1,0,0,0,0,0,0,0,0,0,https://news.naver.com/main/read.nhn?mode=LSD&mid=sec&sid1=106&oid=410&aid=0000623668
정혜성,"'쌉니다 천리마마트' 정혜성 ""원작과 싱크로율 높아..일 잘하고 똑부러져""",연예,15,2019,09,16,11:40,3,3,0,0,0,0,0,0,0,0,0,https://news.naver.com/main/read.nhn?mode=LSD&mid=sec&sid1=106&oid=076&aid=0003468234
정혜성,"정혜성, 오늘도 요정 미모",연예,15,2019,09,16,24:12,1,1,0,0,0,0,0,0,0,0,0,https://news.naver.com/main/read.nhn?mode=LSD&mid=sec&sid1=106&oid=001&aid=0011082236
정혜성,"‘천리마마트’ 대리 정혜성, 마네킹 뺨치는 완벽 비율[SNS★컷]",연예,15,2019,09,21,13:43,3,3,0,0,0,0,0,0,0,0,0,https://news.naver.com/main/read.nhn?mode=LSD&mid=sec&sid1=106&oid=609&aid=0000174583
정혜성,"[포토] 정혜성, '예쁜 미소~'",연예,15,2019,09,16,24:06,1,1,0,0,0,0,0,0,0,0,0,https://news.naver.com/main/read.nhn?mode=LSD&mid=sec&sid1=106&oid=015&aid=0004209058
정혜성,"[사진]정혜성,'청순 미모'",연예,15,2019,09,16,11:31,3,3,0,0,0,0,0,0,0,0,0,https://news.naver.com/main/read.nhn?mode=LSD&mid=sec&sid1=106&oid=109&aid=0004085257
정혜성,"[포토] 정혜성, 미소 가득한 입장",연예,15,2019,09,16,11:55,1,1,0,0,0,0,0,0,0,0,0,https://news.naver.com/main/read.nhn?mode=LSD&mid=sec&sid1=106&oid=468&aid=0000562197
정혜성,"[포토] 정혜성, '반짝반짝 빛나는 미모'",연예,15,2019,09,16,24:05,1,1,0,0,0,0,0,0,0,0,0,https://news.naver.com/main/read.nhn?mode=LSD&mid=sec&sid1=106&oid=015&aid=0004209057
정혜성,"[포토]정혜성, 사랑스럽게 하트 짠!",연예,15,2019,09,16,11:18,4,4,0,0,0,0,0,0,0,0,0,https://news.naver.com/main/read.nhn?mode=LSD&mid=sec&sid1=106&oid=112&aid=0003212334
정혜성,"[포토]정혜성, 맑고 투명한 눈망울",연예,15,2019,09,16,11:29,3,3,0,0,0,0,0,0,0,0,0,https://news.naver.com/main/read.nhn?mode=LSD&mid=sec&sid1=106&oid=112&aid=0003212346
정혜성,[포토] 정혜성 '엣지 있는 착지',연예,15,2019,09,16,11:57,2,2,0,0,0,0,0,0,0,0,0,https://news.naver.com/main/read.nhn?mode=LSD&mid=sec&sid1=106&oid=241&aid=0002957456
정혜성,[포토] 정혜성 '상큼한 워라밸 요정',연예,15,2019,09,16,24:06,1,1,0,0,0,0,0,0,0,0,0,https://news.naver.com/main/read.nhn?mode=LSD&mid=sec&sid1=106&oid=241&aid=0002957469
정혜성,[T포토] 정혜성 '사랑스런 하트',연예,15,2019,09,16,11:26,13,13,0,0,0,0,0,0,0,0,0,https://news.naver.com/main/read.nhn?mode=LSD&mid=sec&sid1=106&oid=213&aid=0001130608
정혜성,"[포토] 정혜성, '심쿵 하트~'",연예,15,2019,09,16,24:07,1,1,0,0,0,0,0,0,0,0,0,https://news.naver.com/main/read.nhn?mode=LSD&mid=sec&sid1=106&oid=015&aid=0004209060
정혜성,"[포토] 정혜성, 귀여운 하트로...",연예,15,2019,09,16,11:52,2,2,0,0,0,0,0,0,0,0,0,https://news.naver.com/main/read.nhn?mode=LSD&mid=sec&sid1=106&oid=468&aid=0000562193
정혜성,정혜성 `눈부신 하트` [MK포토],연예,15,2019,09,16,11:19,1,1,0,0,0,0,0,0,0,0,0,https://news.naver.com/main/read.nhn?mode=LSD&mid=sec&sid1=106&oid=410&aid=0000623643
정혜성,정혜성 `상큼 하트 뽐내` [MK포토],연예,15,2019,09,16,11:20,1,1,0,0,0,0,0,0,0,0,0,https://news.naver.com/main/read.nhn?mode=LSD&mid=sec&sid1=106&oid=410&aid=0000623646
정혜성,"'천리마마트', 이동휘 활약으로 행사 大성공...'초 엘리트' 정혜성 등장",연예,16,2019,09,28,9:36,7,7,0,0,0,0,0,0,0,0,0,https://news.naver.com/main/read.nhn?mode=LSD&mid=sec&sid1=106&oid=076&aid=0003473992
정혜성,‘쌉니다 천리마마트’ 이동휘X김병철 특급 코믹 케미 (ft.정혜성),연예,16,2019,09,27,16:18,5,5,0,0,0,0,0,0,0,0,0,https://news.naver.com/main/read.nhn?mode=LSD&mid=sec&sid1=106&oid=382&aid=0000764498
정혜성,"'천리마마트' 정혜성, 첫 등장부터 유쾌한 웃음 유발…'조미란' 役 완벽 변신",연예,16,2019,09,28,9:27,4,4,0,0,0,0,0,0,0,0,0,https://news.naver.com/main/read.nhn?mode=LSD&mid=sec&sid1=106&oid=015&aid=0004215622
정혜성,"'천리마마트' 정혜성, 천리마마트 첫 출근..문화행사 의외의 대성공 [종합]",연예,16,2019,09,28,12:26,5,5,0,0,0,0,0,0,0,0,0,https://news.naver.com/main/read.nhn?mode=LSD&mid=sec&sid1=106&oid=109&aid=0004092130
정혜성,"'쌉니다 천리마마트' 정혜성, 오늘(27일) 첫 등장..본방독려 하트샷",연예,16,2019,09,27,11:15,8,8,0,0,0,0,0,0,0,0,0,https://news.naver.com/main/read.nhn?mode=LSD&mid=sec&sid1=106&oid=404&aid=0000253216
정혜성,"'천리마마트' 정혜성, 천리마마트 입성...이동휘 만났다 [종합]",연예,16,2019,09,28,12:21,68,68,0,0,0,0,0,0,0,0,0,https://news.naver.com/main/read.nhn?mode=LSD&mid=sec&sid1=106&oid=311&aid=0001052044
정혜성,"'천리마마트' 이동휘, 정혜성과 우연한 만남에 깜짝",연예,16,2019,09,27,23:37,3,3,0,0,0,0,0,0,0,0,0,https://news.naver.com/main/read.nhn?mode=LSD&mid=sec&sid1=106&oid=311&aid=0001052036
정혜성,‘천리마마트’ 빠야족 활약X문화행사 흥행 속 스파이 정혜성 입성(종합),연예,16,2019,09,28,12:25,5,5,0,0,0,0,0,0,0,0,0,https://news.naver.com/main/read.nhn?mode=LSD&mid=sec&sid1=106&oid=609&aid=0000178559
정혜성,"이동휘X김병철, 목적달라도 천리마 인기↑…정혜성 투입 ('쌉니다 천리마마트') [MD리뷰]",연예,16,2019,09,28,12:25,5,5,0,0,0,0,0,0,0,0,0,https://news.naver.com/main/read.nhn?mode=LSD&mid=sec&sid1=106&oid=117&aid=0003279392
정혜성,'쌉니다 천리마마트' 金夜 최대 복병작 됐다,연예,16,2019,09,28,9:57,45,45,0,0,0,0,0,0,0,0,0,https://news.naver.com/main/read.nhn?mode=LSD&mid=sec&sid1=106&oid=119&aid=0002354820
정혜성,"[리뷰IS] '천리마마트' 망해가는 김병철 복수, 혼자만의 '절망' 깨소금",연예,16,2019,09,28,9:28,151,145,0,6,0,0,0,0,0,0,0,https://news.naver.com/main/read.nhn?mode=LSD&mid=sec&sid1=106&oid=241&aid=0002961735
정혜성,"‘쌉니다 천리마마트’ 이동휘, 김병철과 특급 코믹 케미",연예,16,2019,09,27,15:24,11,11,0,0,0,0,0,0,0,0,0,https://news.naver.com/main/read.nhn?mode=LSD&mid=sec&sid1=106&oid=014&aid=0004301363
정혜성,"'쌉니다 천리마마트' 이동휘, 김병철 '美친 복수 프로젝트'에 당황",연예,16,2019,09,27,15:31,4,4,0,0,0,0,0,0,0,0,0,https://news.naver.com/main/read.nhn?mode=LSD&mid=sec&sid1=106&oid=076&aid=0003473809
정혜성,"'쌉니다 천리마마트' 이동휘X김병철, 극과 극이 만나 더 매력적..특급 케미",연예,16,2019,09,27,17:35,2,2,0,0,0,0,0,0,0,0,0,https://news.naver.com/main/read.nhn?mode=LSD&mid=sec&sid1=106&oid=011&aid=0003626059
정혜성,"'쌉니다 천리마마트' 정혜성, 첫 등장부터 유쾌한 웃음 유발자 '엉뚱 매력'",연예,16,2019,09,28,9:27,2,2,0,0,0,0,0,0,0,0,0,https://news.naver.com/main/read.nhn?mode=LSD&mid=sec&sid1=106&oid=117&aid=0003279413
정혜성,"'쌉니다 천리마마트' 정혜성, 천리마마트 파견근무 결정에 분노",연예,16,2019,09,28,12:03,2,2,0,0,0,0,0,0,0,0,0,https://news.naver.com/main/read.nhn?mode=LSD&mid=sec&sid1=106&oid=477&aid=0000209925
정혜성,"'천리마마트' 이동휘, 기적의 공연성공→파견 온 정혜성과 운명적 만남?[종합S]",연예,16,2019,09,28,12:36,10,10,0,0,0,0,0,0,0,0,0,https://news.naver.com/main/read.nhn?mode=LSD&mid=sec&sid1=106&oid=477&aid=0000209930
정혜성,"'쌉니다 천리마마트' 이동휘, 행운의 아이콘으로 등극…끝없는 매력",연예,16,2019,09,28,11:21,3,3,0,0,0,0,0,0,0,0,0,https://news.naver.com/main/read.nhn?mode=LSD&mid=sec&sid1=106&oid=312&aid=0000412028
정혜성,"이동휘, '천리마마트' 기사회생시키는 행운의 아이콘…불금 폭소 유발자 등극",연예,16,2019,09,28,13:00,11,11,0,0,0,0,0,0,0,0,0,https://news.naver.com/main/read.nhn?mode=LSD&mid=sec&sid1=106&oid=015&aid=0004215655
정혜성,"‘쌉니다 천리마마트’ 이동휘, ‘진지X코믹’ 다 되는 연기로 불금 장악",연예,16,2019,09,28,16:12,8,8,0,0,0,0,0,0,0,0,0,https://news.naver.com/main/read.nhn?mode=LSD&mid=sec&sid1=106&oid=408&aid=0000078553
정혜성,"‘쌉니다 천리마마트’ 정혜성, 귀여운 하트와 함께 본방사수 독려",연예,16,2019,09,27,9:15,1,1,0,0,0,0,0,0,0,0,0,https://news.naver.com/main/read.nhn?mode=LSD&mid=sec&sid1=106&oid=215&aid=0000812584
정혜성,"'쌉니다 천리마마트' 정혜성, DM그룹에서 파견된 스파이 '조미란' 역 ..'활약 예고'",연예,16,2019,09,27,14:26,1,1,0,0,0,0,0,0,0,0,0,https://news.naver.com/main/read.nhn?mode=LSD&mid=sec&sid1=106&oid=011&aid=0003625890
정혜성,"'쌉니다 천리마마트' 정혜성, 스파이 ‘조미란’으로 첫 등장 예고",연예,16,2019,09,27,9:45,1,1,0,0,0,0,0,0,0,0,0,https://news.naver.com/main/read.nhn?mode=LSD&mid=sec&sid1=106&oid=312&aid=0000411843
정혜성,‘천리마마트’ 문화행사 성황리에 마무리‥ 정혜성 첫 출근(종합),연예,16,2019,09,28,12:22,4,4,0,0,0,0,0,0,0,0,0,https://news.naver.com/main/read.nhn?mode=LSD&mid=sec&sid1=106&oid=112&aid=0003216983
정혜성,"[어게인TV] '천리마마트' 정혜성, 이동휘와 재회… 문화행사 공연 성공적 마무리",연예,16,2019,09,28,6:51,5,5,0,0,0,0,0,0,0,0,0,https://news.naver.com/main/read.nhn?mode=LSD&mid=sec&sid1=106&oid=112&aid=0003216999
정혜성,'천리마마트' 이동휘X정혜성 첫 만남...박호산 견제 시작 [전일야화],연예,16,2019,09,28,7:20,5,5,0,0,0,0,0,0,0,0,0,https://news.naver.com/main/read.nhn?mode=LSD&mid=sec&sid1=106&oid=311&aid=0001052110
정혜성,"'쌉니다 천리마마트' 정혜성, 한회 꽉 채운 팔색조 매력女",연예,17,2019,10,05,9:21,9,9,0,0,0,0,0,0,0,0,0,https://news.naver.com/main/read.nhn?mode=LSD&mid=sec&sid1=106&oid=241&aid=0002964250
정혜성,"정혜성, '천리마마트' 직원 합류..이동휘와 웃음케미 커플 될까[★밤TV]",연예,17,2019,10,05,7:00,20,19,0,1,0,0,0,0,0,0,0,https://news.naver.com/main/read.nhn?mode=LSD&mid=sec&sid1=106&oid=108&aid=0002814999
정혜성,"'천리마마트' 정혜성, 직원 사무실 청소...정민성 '눈물'",연예,17,2019,10,04,23:31,16,15,0,1,0,0,0,0,0,0,0,https://news.naver.com/main/read.nhn?mode=LSD&mid=sec&sid1=106&oid=311&aid=0001055307
정혜성,"‘쌉니다 천리마마트’ 정혜성, 김병철에게 초고속 스파이 커밍아웃 ""나는 첩자다""",연예,17,2019,10,04,23:39,6,6,0,0,0,0,0,0,0,0,0,https://news.naver.com/main/read.nhn?mode=LSD&mid=sec&sid1=106&oid=404&aid=0000253806
정혜성,"'쌉니다천리마마트' 정혜성 ""김병철 감시하라고 보낸 첩자다"" 홧김에 고백",연예,17,2019,10,04,23:19,3,3,0,0,0,0,0,0,0,0,0,https://news.naver.com/main/read.nhn?mode=LSD&mid=sec&sid1=106&oid=477&aid=0000211256
정혜성,"'쌉니다 천리마마트' 이동휘, 대체 불가 캐릭터 소화력...",연예,17,2019,10,05,19:10,47,47,0,0,0,0,0,0,0,0,0,https://news.naver.com/main/read.nhn?mode=LSD&mid=sec&sid1=106&oid=015&aid=0004219177
정혜성,'천리마마트' 정혜성 본격 등판...팔색조 매력으로 강렬 존재감,연예,17,2019,10,05,9:52,13,13,0,0,0,0,0,0,0,0,0,https://news.naver.com/main/read.nhn?mode=LSD&mid=sec&sid1=106&oid=052&aid=0001350457
정혜성,"'쌉니다 천리마마트' 정혜성, 한 회를 꽉 채운 팔색조 매력으로 존재감 발산",연예,17,2019,10,05,15:06,9,9,0,0,0,0,0,0,0,0,0,https://news.naver.com/main/read.nhn?mode=LSD&mid=sec&sid1=106&oid=015&aid=0004219114
정혜성,"'쌉니다 천리마마트' 정혜성, 소신→인간美까지‥개성 넘치는 열연",연예,17,2019,10,05,9:09,12,12,0,0,0,0,0,0,0,0,0,https://news.naver.com/main/read.nhn?mode=LSD&mid=sec&sid1=106&oid=112&aid=0003219646
정혜성,"‘쌉니다 천리마마트’ 정혜성, 한 회를 꽉 채운 팔색조 매력으로 존재감",연예,17,2019,10,05,21:57,14,14,0,0,0,0,0,0,0,0,0,https://news.naver.com/main/read.nhn?mode=LSD&mid=sec&sid1=106&oid=144&aid=0000635216
정혜성,‘쌉니다 천리마마트’ 김병철의 ‘미친 짓’ & 이동휘의 ‘운빨’,연예,17,2019,10,05,9:09,10,10,0,0,0,0,0,0,0,0,0,https://news.naver.com/main/read.nhn?mode=LSD&mid=sec&sid1=106&oid=014&aid=0004305189
정혜성,'천리마마트' 김병철x이동휘 콜라보 터졌다,연예,17,2019,10,05,9:33,3,3,0,0,0,0,0,0,0,0,0,https://news.naver.com/main/read.nhn?mode=LSD&mid=sec&sid1=106&oid=119&aid=0002356192
정혜성,"'쌉니다 천리마마트' 김병철X이동휘, 뭘 해도 다 되는 대박 행진",연예,17,2019,10,05,8:35,12,12,0,0,0,0,0,0,0,0,0,https://news.naver.com/main/read.nhn?mode=LSD&mid=sec&sid1=106&oid=468&aid=0000571765
정혜성,'쌉니다 천리마마트' 김병철의 '미친 짓'+ 이동휘의 '운빨',연예,17,2019,10,05,10:39,17,17,0,0,0,0,0,0,0,0,0,https://news.naver.com/main/read.nhn?mode=LSD&mid=sec&sid1=106&oid=015&aid=0004219034
정혜성,"‘천리마마트’ 강홍석X김호영X정민성, 사무실 책상에 감격 “얼마만이야”",연예,17,2019,10,04,23:32,5,5,0,0,0,0,0,0,0,0,0,https://news.naver.com/main/read.nhn?mode=LSD&mid=sec&sid1=106&oid=112&aid=0003219582
정혜성,"'쌉니다 천리마마트', 예측불가 '저세상' 전개 예고",연예,17,2019,10,04,15:40,7,7,0,0,0,0,0,0,0,0,0,https://news.naver.com/main/read.nhn?mode=LSD&mid=sec&sid1=106&oid=241&aid=0002964120
정혜성,'천리마마트' 목에 칼 찬 '대역죄인' 이동휘?…황당 전개 예고,연예,17,2019,10,04,15:56,6,6,0,0,0,0,0,0,0,0,0,https://news.naver.com/main/read.nhn?mode=LSD&mid=sec&sid1=106&oid=076&aid=0003476934
정혜성,"'쌉니다 천리마마트' 이동휘, 목에 칼찬 대역죄인? 저 세상 스틸",연예,17,2019,10,04,17:11,7,7,0,0,0,0,0,0,0,0,0,https://news.naver.com/main/read.nhn?mode=LSD&mid=sec&sid1=106&oid=404&aid=0000253789
정혜성,‘쌉니다 천리마마트’ 대역죄인 이동휘? 예측 불가 스틸컷 공개,연예,17,2019,10,04,15:11,1,1,0,0,0,0,0,0,0,0,0,https://news.naver.com/main/read.nhn?mode=LSD&mid=sec&sid1=106&oid=382&aid=0000766309
정혜성,"‘쌉니다 천리마마트’ 이동휘, ‘웃음 빵빵’ 능청 포텐 제대로 터졌다",연예,17,2019,10,05,13:56,25,25,0,0,0,0,0,0,0,0,0,https://news.naver.com/main/read.nhn?mode=LSD&mid=sec&sid1=106&oid=408&aid=0000078920
정혜성,"'쌉니다 천리마마트' 이동휘, 대체불가 캐릭터 소화력..불금 접수",연예,17,2019,10,05,10:48,21,21,0,0,0,0,0,0,0,0,0,https://news.naver.com/main/read.nhn?mode=LSD&mid=sec&sid1=106&oid=109&aid=0004096198
정혜성,"'쌉니다 천리마마트' 이동휘, 대체 불가 캐릭터 소화력 '불금 접수'",연예,17,2019,10,05,11:03,21,21,0,0,0,0,0,0,0,0,0,https://news.naver.com/main/read.nhn?mode=LSD&mid=sec&sid1=106&oid=468&aid=0000571804
정혜성,"'천리마마트' 이동휘, 대체불가 캐릭터 소화력…불금 접수 성공",연예,17,2019,10,05,16:07,38,38,0,0,0,0,0,0,0,0,0,https://news.naver.com/main/read.nhn?mode=LSD&mid=sec&sid1=106&oid=241&aid=0002964449
정혜성,"정혜성, 찍는 대로 인형 비주얼 ""보기 힘든 생머리""",연예,18,2019,10,10,16:21,5,5,0,0,0,0,0,0,0,0,0,https://news.naver.com/main/read.nhn?mode=LSD&mid=sec&sid1=106&oid=241&aid=0002966304
정혜성,[어게인TV] '천리마마트' 이동휘♥정혜성 러브라인 시작될까… 김병철 ‘신의 손’ 등극,연예,18,2019,10,12,6:51,17,16,0,1,0,0,0,0,0,0,0,https://news.naver.com/main/read.nhn?mode=LSD&mid=sec&sid1=106&oid=112&aid=0003222225
정혜성,"‘쌉니다 천리마마트’ 이동휘‧정혜성, 핑크빛 기류 솔솔...""마인드가 맘에 드네""",연예,18,2019,10,12,12:33,5,5,0,0,0,0,0,0,0,0,0,https://news.naver.com/main/read.nhn?mode=LSD&mid=sec&sid1=106&oid=404&aid=0000254257
정혜성,"'천리마마트' 이동휘, 희망과 절망 사이..정혜성 ""화이팅""[별별TV]",연예,18,2019,10,11,23:32,7,6,0,1,0,0,0,0,0,0,0,https://news.naver.com/main/read.nhn?mode=LSD&mid=sec&sid1=106&oid=108&aid=0002816463
정혜성,"'어하루' 김혜윤, 정혜성 커피차 선물 인증 ""쌉니다천리마마트 화이팅""",연예,18,2019,10,09,17:44,42,42,0,0,0,0,0,0,0,0,0,https://news.naver.com/main/read.nhn?mode=LSD&mid=sec&sid1=106&oid=112&aid=0003221220
정혜성,"‘쌉니다 천리마마트’ 스파이 정혜성, 예상밖 행보에 관심집중",연예,18,2019,10,11,9:08,2,2,0,0,0,0,0,0,0,0,0,https://news.naver.com/main/read.nhn?mode=LSD&mid=sec&sid1=106&oid=609&aid=0000185997
정혜성,"‘쌉니다 천리마마트’ 정혜성, 비하인드 모습 속 남다른 캐릭터 소화력 눈길",연예,18,2019,10,11,11:30,1,1,0,0,0,0,0,0,0,0,0,https://news.naver.com/main/read.nhn?mode=LSD&mid=sec&sid1=106&oid=215&aid=0000815548
정혜성,"정혜성, 트레이닝복 입고도 인형 미모 뽐내[★해시태그]",연예,18,2019,10,10,15:58,3,3,0,0,0,0,0,0,0,0,0,https://news.naver.com/main/read.nhn?mode=LSD&mid=sec&sid1=106&oid=311&aid=0001057733
정혜성,"‘어하루’ 김혜윤, 정해성 커피차 선물 인증...‘수줍은 꽃받침+브이’",연예,18,2019,10,09,18:07,3,3,0,0,0,0,0,0,0,0,0,https://news.naver.com/main/read.nhn?mode=LSD&mid=sec&sid1=106&oid=312&aid=0000413835
정혜성,"‘천리마마트’ 이동휘, 정혜성에 무심한 듯 다정한 매력 발산 ‘설렘지수 UP’",연예,19,2019,10,19,15:00,9,9,0,0,0,0,0,0,0,0,0,https://news.naver.com/main/read.nhn?mode=LSD&mid=sec&sid1=106&oid=408&aid=0000079632
정혜성,"‘천리마마트’ 정혜성, 이동휘에 ♥ 시작?… 박호산, 난관 봉착(종합)",연예,19,2019,10,19,12:20,1,1,0,0,0,0,0,0,0,0,0,https://news.naver.com/main/read.nhn?mode=LSD&mid=sec&sid1=106&oid=112&aid=0003224776
정혜성,"정혜성, 조보아와 우정 과시 “뽀야 고마워 사랑해” [똑똑SNS]",연예,19,2019,10,17,15:19,2,2,0,0,0,0,0,0,0,0,0,https://news.naver.com/main/read.nhn?mode=LSD&mid=sec&sid1=106&oid=410&aid=0000634269
정혜성,"‘쌉니다 천리마마트’ 정혜성, 본방사수 독려하는 ‘홍보 요정’으로 변신",연예,19,2019,10,18,9:13,5,5,0,0,0,0,0,0,0,0,0,https://news.naver.com/main/read.nhn?mode=LSD&mid=sec&sid1=106&oid=215&aid=0000817114
정혜성,"‘천리마마트’ 정혜성, 이동휘 친절함에 두근 “나 착각하는 스타일 아닌데”",연예,19,2019,10,18,23:48,4,4,0,0,0,0,0,0,0,0,0,https://news.naver.com/main/read.nhn?mode=LSD&mid=sec&sid1=106&oid=112&aid=0003224771
정혜성,천리마마트 정혜성 이동휘 “다정함 흘리고 다니면 안되지”[어제TV],연예,19,2019,10,19,6:01,8,8,0,0,0,0,0,0,0,0,0,https://news.naver.com/main/read.nhn?mode=LSD&mid=sec&sid1=106&oid=609&aid=0000189960
정혜성,"""정혜성♥""…'천리마마트' 이동휘, 코믹 설렘 오가는 불금 매력남",연예,19,2019,10,19,24:30,45,44,0,1,0,0,0,0,0,0,0,https://news.naver.com/main/read.nhn?mode=LSD&mid=sec&sid1=106&oid=311&aid=0001061769
정혜성,"'천리마마트' 이동휘, 웃음X설렘 두 마리 토끼 잡은 ‘불금 매력男’",연예,19,2019,10,19,11:25,3,3,0,0,0,0,0,0,0,0,0,https://news.naver.com/main/read.nhn?mode=LSD&mid=sec&sid1=106&oid=076&aid=0003483414
정혜성,"‘쌉니다 천리마마트’ 이동휘, 웃긴 데 스윗하기까지…‘불금 매력男’",연예,19,2019,10,19,24:20,18,18,0,0,0,0,0,0,0,0,0,https://news.naver.com/main/read.nhn?mode=LSD&mid=sec&sid1=106&oid=016&aid=0001592060
정혜성,"'쌉니다 천리마마트' 이동휘, 웃음・설렘 두 마리 토끼 잡은 '매력男'",연예,19,2019,10,19,11:40,13,13,0,0,0,0,0,0,0,0,0,https://news.naver.com/main/read.nhn?mode=LSD&mid=sec&sid1=106&oid=109&aid=0004104630
정혜성,"‘쌉니다 천리마마트’ 김병철, 박호산과 갈등 고조...‘비밀문서’의 행방은? (종합)",연예,19,2019,10,19,1:15,74,70,0,4,0,0,0,0,0,0,0,https://news.naver.com/main/read.nhn?mode=LSD&mid=sec&sid1=106&oid=404&aid=0000254682
정혜성,"정혜성, 조보아 서프라이즈에 감동의 윙크",연예,19,2019,10,17,16:46,15,14,0,1,0,0,0,0,0,0,0,https://news.naver.com/main/read.nhn?mode=LSD&mid=sec&sid1=106&oid=469&aid=0000431732
정혜성,"정혜성, 조보아 선물에 감동 “이런 사랑 받아도 되는지...”",연예,19,2019,10,17,20:51,7,7,0,0,0,0,0,0,0,0,0,https://news.naver.com/main/read.nhn?mode=LSD&mid=sec&sid1=106&oid=213&aid=0001136216
정혜성,"""뽀야 고마워""...정혜성, 조보아와의 특급 우정 과시 [★해시태그]",연예,19,2019,10,17,15:23,4,4,0,0,0,0,0,0,0,0,0,https://news.naver.com/main/read.nhn?mode=LSD&mid=sec&sid1=106&oid=311&aid=0001060861
정혜성,"정혜성, 조보아 커피차 선물에 감격...""뽀한테 이런 사랑 받아도 되나 싶다""",연예,19,2019,10,17,14:47,24,23,0,1,0,0,0,0,0,0,0,https://news.naver.com/main/read.nhn?mode=LSD&mid=sec&sid1=106&oid=112&aid=0003224090
정혜성,"[투데이TV] '천리마마트' 정혜성, 석구와의 핑크빛 기류 솔솔..기대감 상승",연예,19,2019,10,18,24:21,5,4,0,1,0,0,0,0,0,0,0,https://news.naver.com/main/read.nhn?mode=LSD&mid=sec&sid1=106&oid=112&aid=0003224505
정혜성,"정혜성, 모든 순간이 아름다워…걸어다니는 인형",연예,20,2019,10,25,16:52,3,3,0,0,0,0,0,0,0,0,0,https://news.naver.com/main/read.nhn?mode=LSD&mid=sec&sid1=106&oid=112&aid=0003227473
정혜성,"정혜성 근황, 극강의 청순 미모 “오늘의 나”",연예,20,2019,10,26,12:14,15,15,0,0,0,0,0,0,0,0,0,https://news.naver.com/main/read.nhn?mode=LSD&mid=sec&sid1=106&oid=469&aid=0000434195
정혜성,공주→엘리트 스파이...'쌉니다 천리마마트' 정혜성의 변신,연예,20,2019,10,24,9:54,4,4,0,0,0,0,0,0,0,0,0,https://news.naver.com/main/read.nhn?mode=LSD&mid=sec&sid1=106&oid=052&aid=0001357546
정혜성,"'천리마마트' 박호산, 김병철 견제..정혜성에 ""영업 방해해""[별별TV]",연예,20,2019,10,25,23:28,1,1,0,0,0,0,0,0,0,0,0,https://news.naver.com/main/read.nhn?mode=LSD&mid=sec&sid1=106&oid=108&aid=0002819270
정혜성,"'쌉니다 천리마마트' 박호산, 정혜성 이중첩자 의심",연예,20,2019,10,25,23:17,3,3,0,0,0,0,0,0,0,0,0,https://news.naver.com/main/read.nhn?mode=LSD&mid=sec&sid1=106&oid=311&aid=0001065500
정혜성,"정혜성, 인간 비타민 등극한 최근 근황 “보기 힘든 생머리”",연예,20,2019,10,22,23:27,6,6,0,0,0,0,0,0,0,0,0,https://news.naver.com/main/read.nhn?mode=LSD&mid=sec&sid1=106&oid=469&aid=0000433148
정혜성,"정혜성, 인형 같은 비주얼로 전하는 안부 메시지...""아프지 맙시다"" [★SNS]",연예,20,2019,10,25,21:29,7,7,0,0,0,0,0,0,0,0,0,https://news.naver.com/main/read.nhn?mode=LSD&mid=sec&sid1=106&oid=404&aid=0000255211
정혜성,"""아프지 맙시다""...정혜성, 미소로 뽐낸 단아한 비주얼 [★해시태그]",연예,20,2019,10,25,18:48,5,5,0,0,0,0,0,0,0,0,0,https://news.naver.com/main/read.nhn?mode=LSD&mid=sec&sid1=106&oid=311&aid=0001065221
정혜성,"정혜성, 남심 사르르 녹이는 윙크 ‘예쁨 한도 초과’[SNS★컷]",연예,20,2019,10,25,16:47,6,6,0,0,0,0,0,0,0,0,0,https://news.naver.com/main/read.nhn?mode=LSD&mid=sec&sid1=106&oid=609&aid=0000193260
정혜성,"정혜성, 청순美 뿜뿜 근황 ""아프지 맙시다""",연예,20,2019,10,26,8:26,6,6,0,0,0,0,0,0,0,0,0,https://news.naver.com/main/read.nhn?mode=LSD&mid=sec&sid1=106&oid=108&aid=0002819299
정혜성,"‘쌉니다 천리마마트’ 정혜성, 한계 없는 연기 스펙트럼 증명",연예,20,2019,10,24,9:14,2,2,0,0,0,0,0,0,0,0,0,https://news.naver.com/main/read.nhn?mode=LSD&mid=sec&sid1=106&oid=215&aid=0000818641
정혜성,"'쌉니다 천리마마트' 정혜성, 한계 없는 연기 스펙트럼 증명..캐릭터 완벽 소화",연예,20,2019,10,24,9:18,3,3,0,0,0,0,0,0,0,0,0,https://news.naver.com/main/read.nhn?mode=LSD&mid=sec&sid1=106&oid=112&aid=0003226813
정혜성,"정혜성, 사이다 대사 '존재감UP'…솔직한 돌직구 매력 뿜뿜",연예,21,2019,11,01,9:15,2,2,0,0,0,0,0,0,0,0,0,https://news.naver.com/main/read.nhn?mode=LSD&mid=sec&sid1=106&oid=112&aid=0003230049
정혜성,반환점 돈 '쌉니다 천리마마트' 이동휘♥정혜성 러브라인 '기대↑',연예,21,2019,10,31,10:22,2,2,0,0,0,0,0,0,0,0,0,https://news.naver.com/main/read.nhn?mode=LSD&mid=sec&sid1=106&oid=076&aid=0003489889
정혜성,"‘쌉니다 천리마마트’ 정혜성, ‘솔직+당당’ 매력으로 사이다 캐릭터 완성",연예,21,2019,11,01,9:17,4,4,0,0,0,0,0,0,0,0,0,https://news.naver.com/main/read.nhn?mode=LSD&mid=sec&sid1=106&oid=215&aid=0000820571
정혜성,"'쌉니다 천리마마트' 정혜성, 솔직+당당한 매력으로 사이다 캐릭터 완성",연예,21,2019,11,01,24:29,1,1,0,0,0,0,0,0,0,0,0,https://news.naver.com/main/read.nhn?mode=LSD&mid=sec&sid1=106&oid=311&aid=0001068511
정혜성,"반환점 돈 '쌉니다 천리마마트', 흥미진진 관전 포인트 셋",연예,21,2019,10,31,16:51,1,1,0,0,0,0,0,0,0,0,0,https://news.naver.com/main/read.nhn?mode=LSD&mid=sec&sid1=106&oid=241&aid=0002975092
정혜성,‘쌉니다 천리마마트’ 제2 막 관전 포인트 # 김병철vs박호산 대립 # 성장하는 이동휘 # 이동휘&정혜성 핑크빛 러브라인,연예,21,2019,10,31,11:08,1,1,0,0,0,0,0,0,0,0,0,https://news.naver.com/main/read.nhn?mode=LSD&mid=sec&sid1=106&oid=144&aid=0000639743
정혜성,'쌉니다 천리마마트' 반환점 돌았다..후반부 관전포인트 셋 공개,연예,21,2019,10,31,10:23,1,1,0,0,0,0,0,0,0,0,0,https://news.naver.com/main/read.nhn?mode=LSD&mid=sec&sid1=106&oid=112&aid=0003229542
정혜성,"백진희, 배달음식 1369만원 인증..""세상에나""",연예,21,2019,11,01,7:33,4,4,0,0,0,0,0,0,0,0,0,https://news.naver.com/main/read.nhn?mode=LSD&mid=sec&sid1=106&oid=112&aid=0003229965
정혜성,'쌉니다 천리마마트' 이동휘 비밀 알게된 정혜성 '눈물',연예,22,2019,11,09,9:19,7,5,0,2,0,0,0,0,0,0,0,https://news.naver.com/main/read.nhn?mode=LSD&mid=sec&sid1=106&oid=076&aid=0003494434
정혜성,"'천리마마트' 이동휘, 정혜성에게 母 비밀 고백…안방 울렸다",연예,22,2019,11,09,8:50,182,111,0,71,0,0,0,0,0,0,0,https://news.naver.com/main/read.nhn?mode=LSD&mid=sec&sid1=106&oid=468&aid=0000589432
정혜성,"'쌉니다 천리마마트' 정혜성, 올림머리+연보랏빛 트레닝도 찰떡 소화",연예,22,2019,11,08,9:41,3,3,0,0,0,0,0,0,0,0,0,https://news.naver.com/main/read.nhn?mode=LSD&mid=sec&sid1=106&oid=015&aid=0004238122
정혜성,"‘쌉니다 천리마마트’ 이동휘, 정혜성에게 슬픈 과거사 고백··· 시청자들 눈물샘 폭발!",연예,22,2019,11,09,11:25,7,6,0,1,0,0,0,0,0,0,0,https://news.naver.com/main/read.nhn?mode=LSD&mid=sec&sid1=106&oid=408&aid=0000080920
정혜성,"'천리마마트' 이동휘, 母 이응경 죽음 고백...정혜성 '눈물' [전일야화]",연예,22,2019,11,09,7:01,8,4,0,4,0,0,0,0,0,0,0,https://news.naver.com/main/read.nhn?mode=LSD&mid=sec&sid1=106&oid=311&aid=0001072031
정혜성,"‘천리마마트’ 정혜성, 술 취한 이동휘 업고 집까지 배웅… 썸 시작?",연예,22,2019,11,08,23:50,20,20,0,0,0,0,0,0,0,0,0,https://news.naver.com/main/read.nhn?mode=LSD&mid=sec&sid1=106&oid=112&aid=0003233205
정혜성,"'천리마마트' 삐야족 ""韓, 아이·노인 왜 방치?""→이동휘X정혜성 당황",연예,22,2019,11,08,23:20,2,2,0,0,0,0,0,0,0,0,0,https://news.naver.com/main/read.nhn?mode=LSD&mid=sec&sid1=106&oid=108&aid=0002822542
정혜성,"‘쌉니다 천리마마트’ 정혜성, 이동휘 비밀 알게 되며 충격으로 눈물",연예,22,2019,11,09,10:57,2,1,0,1,0,0,0,0,0,0,0,https://news.naver.com/main/read.nhn?mode=LSD&mid=sec&sid1=106&oid=382&aid=0000775450
정혜성,"[어게인TV] '천리마마트' 이동휘, 정혜성에 母에 대한 아픈 기억 고백… 시청자 울렸다",연예,22,2019,11,09,6:51,18,4,0,14,0,0,0,0,0,0,0,https://news.naver.com/main/read.nhn?mode=LSD&mid=sec&sid1=106&oid=112&aid=0003233224
정혜성,'쌉니다 천리마마트' 이동휘 엄마의 비밀…시청자 울렸다,연예,22,2019,11,09,9:23,2,1,0,1,0,0,0,0,0,0,0,https://news.naver.com/main/read.nhn?mode=LSD&mid=sec&sid1=106&oid=076&aid=0003494437
정혜성,"‘쌉니다 천리마마트’ 정혜성, 올림머리와 연보랏빛 트레이닝복 찰떡 소화",연예,22,2019,11,08,13:10,2,2,0,0,0,0,0,0,0,0,0,https://news.naver.com/main/read.nhn?mode=LSD&mid=sec&sid1=106&oid=215&aid=0000822592
정혜성,"‘쌉니다 천리마마트’ 이동휘, 절제된 연기로 빚어낸 오열 연기",연예,22,2019,11,09,21:27,3,3,0,0,0,0,0,0,0,0,0,https://news.naver.com/main/read.nhn?mode=LSD&mid=sec&sid1=106&oid=015&aid=0004238829
정혜성,"'쌉니다 천리마마트' 이동휘, 눈물샘 제대로 자극한 현실 눈물 연기",연예,22,2019,11,09,24:51,1,1,0,0,0,0,0,0,0,0,0,https://news.naver.com/main/read.nhn?mode=LSD&mid=sec&sid1=106&oid=015&aid=0004238748
정혜성,"'천리마마트' 김병철 해고 위기…이동휘·정혜성, 핑크빛 분위기",연예,22,2019,11,08,17:34,1,1,0,0,0,0,0,0,0,0,0,https://news.naver.com/main/read.nhn?mode=LSD&mid=sec&sid1=106&oid=018&aid=0004512275
정혜성,"'쌉니다 천리마마트' 이동휘-정혜성, 설렘 기류..김병철, 갑떡볶이로 해고 위기",연예,22,2019,11,08,22:53,1,1,0,0,0,0,0,0,0,0,0,https://news.naver.com/main/read.nhn?mode=LSD&mid=sec&sid1=106&oid=404&aid=0000256149
정혜성,"'쌉니다 천리마마트' 김병철, '갑떡볶이' 해고 위기→이동휘♥정혜성 핑크빛 분위기",연예,22,2019,11,08,11:32,1,1,0,0,0,0,0,0,0,0,0,https://news.naver.com/main/read.nhn?mode=LSD&mid=sec&sid1=106&oid=015&aid=0004238213
정혜성,"'천리마마트' 연우, 첫 등장…이동휘-정혜성 관계 변화 올까 [핫TV]",연예,23,2019,11,16,8:56,3,3,0,0,0,0,0,0,0,0,0,https://news.naver.com/main/read.nhn?mode=LSD&mid=sec&sid1=106&oid=109&aid=0004121163
정혜성,"'쌉니다 천리마마트' 정혜성, 이동휘에 반했다",연예,23,2019,11,15,23:08,6,6,0,0,0,0,0,0,0,0,0,https://news.naver.com/main/read.nhn?mode=LSD&mid=sec&sid1=106&oid=311&aid=0001075267
정혜성,"천리마마트 정혜성, 샤워 마친 이동휘에 설렘 폭발[결정적장면]",연예,23,2019,11,16,6:01,3,3,0,0,0,0,0,0,0,0,0,https://news.naver.com/main/read.nhn?mode=LSD&mid=sec&sid1=106&oid=609&aid=0000203945
정혜성,"정혜성, 예쁨 뿜뿜 비주얼...""수능 수험생들 힘내라"" [★해시태그]",연예,23,2019,11,14,19:27,2,2,0,0,0,0,0,0,0,0,0,https://news.naver.com/main/read.nhn?mode=LSD&mid=sec&sid1=106&oid=311&aid=0001074579
정혜성,"'쌉니다 천리마마트' 뭉클한 우수 직원 선정…연우, 인턴사원으로 첫 등장 [종합]",연예,23,2019,11,16,12:21,5,5,0,0,0,0,0,0,0,0,0,https://news.naver.com/main/read.nhn?mode=LSD&mid=sec&sid1=106&oid=076&aid=0003497452
정혜성,"'천리마마트' 연우 첫 등장, 천리마마트 파란 예고 [종합]",연예,23,2019,11,16,12:07,27,25,0,2,0,0,0,0,0,0,0,https://news.naver.com/main/read.nhn?mode=LSD&mid=sec&sid1=106&oid=311&aid=0001075286
정혜성,‘천리마마트’ 김규리 “마트 직원들은 한 가족”→눈물바다.. 연우 첫 등장(종합),연예,23,2019,11,16,12:13,2,2,0,0,0,0,0,0,0,0,0,https://news.naver.com/main/read.nhn?mode=LSD&mid=sec&sid1=106&oid=112&aid=0003235945
정혜성,"'천리마마트' 정혜성, 이동휘 집서 하룻밤..'어색함 가득'",연예,23,2019,11,15,23:11,3,2,0,1,0,0,0,0,0,0,0,https://news.naver.com/main/read.nhn?mode=LSD&mid=sec&sid1=106&oid=108&aid=0002824040
정혜성,"'천리마마트' 연우 첫 등장, 이동휘·정혜성 관계 변할까 [전일야화]",연예,23,2019,11,16,7:11,6,5,0,1,0,0,0,0,0,0,0,https://news.naver.com/main/read.nhn?mode=LSD&mid=sec&sid1=106&oid=311&aid=0001075316
정혜성,"‘쌉니다 천리마마트’ 정혜성, 출근룩→구미호 의상까지 찰떡 소화",연예,23,2019,11,14,9:25,3,3,0,0,0,0,0,0,0,0,0,https://news.naver.com/main/read.nhn?mode=LSD&mid=sec&sid1=106&oid=215&aid=0000823990
정혜성,"‘쌉니다 천리마트’ 정혜성, 출근룩→구미호룩까지 완벽 소화",연예,23,2019,11,14,9:24,6,6,0,0,0,0,0,0,0,0,0,https://news.naver.com/main/read.nhn?mode=LSD&mid=sec&sid1=106&oid=382&aid=0000776478
정혜성,"‘쌉니다 천리마마트’ 정혜성, 출근룩→구미호 의상까지 찰떡 소화!",연예,23,2019,11,14,11:32,2,2,0,0,0,0,0,0,0,0,0,https://news.naver.com/main/read.nhn?mode=LSD&mid=sec&sid1=106&oid=144&aid=0000642133
정혜성,"[투데이TV]'천리마마트' 정혜성, 스파이→진짜 일원으로‥이동휘와 핑크빛 솔솔",연예,23,2019,11,15,9:20,5,5,0,0,0,0,0,0,0,0,0,https://news.naver.com/main/read.nhn?mode=LSD&mid=sec&sid1=106&oid=112&aid=0003235612
정혜성,"'쌉니다 천리마마트' 정혜성, 어색했던 석구와 핑크빛 기류 '솔솔'",연예,23,2019,11,15,9:31,5,5,0,0,0,0,0,0,0,0,0,https://news.naver.com/main/read.nhn?mode=LSD&mid=sec&sid1=106&oid=015&aid=0004242018
정혜성,"‘쌉니다 천리마마트’ 이동휘♥정혜성, 핑크빛 모먼트3",연예,24,2019,11,21,19:25,5,5,0,0,0,0,0,0,0,0,0,https://news.naver.com/main/read.nhn?mode=LSD&mid=sec&sid1=106&oid=382&aid=0000778465
정혜성,"'천리마마트' 이동휘, 연우 거절 후 정혜성 의식 ""밥 안 먹었다"" [전일야화]",연예,24,2019,11,23,7:21,32,31,0,1,0,0,0,0,0,0,0,https://news.naver.com/main/read.nhn?mode=LSD&mid=sec&sid1=106&oid=311&aid=0001078559
정혜성,"'쌉니다 천리마마트' 정혜성, 현실 공감 불러일으키는 대사로 공감대 형성",연예,24,2019,11,22,16:21,7,7,0,0,0,0,0,0,0,0,0,https://news.naver.com/main/read.nhn?mode=LSD&mid=sec&sid1=106&oid=015&aid=0004245953
정혜성,"'천리마마트' 이동휘 ""정혜성과 친하다고 생각""",연예,24,2019,11,22,23:40,7,7,0,0,0,0,0,0,0,0,0,https://news.naver.com/main/read.nhn?mode=LSD&mid=sec&sid1=106&oid=311&aid=0001078531
정혜성,"'쌉니다 천리마마트' 이동휘X정혜성, 은근 설레는 핑크빛 라인...반한 순간들",연예,24,2019,11,22,1:31,4,4,0,0,0,0,0,0,0,0,0,https://news.naver.com/main/read.nhn?mode=LSD&mid=sec&sid1=106&oid=011&aid=0003655308
정혜성,[TEN PHOTO] 정혜성 '하트에 심쿵',연예,24,2019,11,18,19:54,3,3,0,0,0,0,0,0,0,0,0,https://news.naver.com/main/read.nhn?mode=LSD&mid=sec&sid1=106&oid=312&aid=0000421395
정혜성,"정혜성, 인형 같은 이목구비..청순甲 분위기 자랑",연예,24,2019,11,20,7:46,4,4,0,0,0,0,0,0,0,0,0,https://news.naver.com/main/read.nhn?mode=LSD&mid=sec&sid1=106&oid=112&aid=0003237409
정혜성,"'쌉니다 천리마마트' 이동휘·연우, 퇴근길 데이트? 정혜성 목격 '흥미진진'",연예,24,2019,11,22,10:50,10,10,0,0,0,0,0,0,0,0,0,https://news.naver.com/main/read.nhn?mode=LSD&mid=sec&sid1=106&oid=404&aid=0000257081
정혜성,"'쌉니다 천리마마트' 정혜성, 이동휘X연우 퇴근길 데이트 목격?…삼각관계 예고",연예,24,2019,11,22,11:09,4,4,0,0,0,0,0,0,0,0,0,https://news.naver.com/main/read.nhn?mode=LSD&mid=sec&sid1=106&oid=015&aid=0004245781
정혜성,"‘쌉니다 천리마마트’ 이동휘-연우, 퇴근길 데이트? 정혜성 목격[MK★TV컷]",연예,24,2019,11,22,23:01,14,12,0,2,0,0,0,0,0,0,0,https://news.naver.com/main/read.nhn?mode=LSD&mid=sec&sid1=106&oid=410&aid=0000646131
정혜성,"'천리마마트', 이동휘·연우 팔짱→정혜성 목격..흥미진진",연예,24,2019,11,22,10:50,4,4,0,0,0,0,0,0,0,0,0,https://news.naver.com/main/read.nhn?mode=LSD&mid=sec&sid1=106&oid=108&aid=0002825366
정혜성,"'쌉니다 천리마마트' 이동휘X정혜성, 은근 설레는 '핑크빛 라인'",연예,24,2019,11,21,10:46,3,3,0,0,0,0,0,0,0,0,0,https://news.naver.com/main/read.nhn?mode=LSD&mid=sec&sid1=106&oid=076&aid=0003499695
정혜성,"'천리마마트', 설렘 로맨스..정혜성이 이동휘에 반한 순간",연예,24,2019,11,21,11:23,5,5,0,0,0,0,0,0,0,0,0,https://news.naver.com/main/read.nhn?mode=LSD&mid=sec&sid1=106&oid=108&aid=0002825115
정혜성,"‘쌉니다 천리마마트’ 정혜성, 현실 공감 불러일으키는 대사들",연예,24,2019,11,22,10:12,2,2,0,0,0,0,0,0,0,0,0,https://news.naver.com/main/read.nhn?mode=LSD&mid=sec&sid1=106&oid=609&aid=0000207027
정혜성,"[포토] 정혜성, ‘우아함 넘치게’",연예,24,2019,11,18,20:05,1,1,0,0,0,0,0,0,0,0,0,https://news.naver.com/main/read.nhn?mode=LSD&mid=sec&sid1=106&oid=014&aid=0004329507
정혜성,"'쌉니다 천리마마트' 정혜성, 걱정스러운 눈빛 왜?",연예,25,2019,11,29,10:12,6,6,0,0,0,0,0,0,0,0,0,https://news.naver.com/main/read.nhn?mode=LSD&mid=sec&sid1=106&oid=468&aid=0000598233
정혜성,"'천리마마트' 정혜성, 천리라마트 돈세탁 정황 발견",연예,25,2019,11,29,23:23,6,6,0,0,0,0,0,0,0,0,0,https://news.naver.com/main/read.nhn?mode=LSD&mid=sec&sid1=106&oid=311&aid=0001081313
정혜성,"박세진, 제이와이드컴퍼니와 전속계약…김태리·이상윤과 한솥밥",연예,25,2019,11,29,11:01,8,7,0,1,0,0,0,0,0,0,0,https://news.naver.com/main/read.nhn?mode=LSD&mid=sec&sid1=106&oid=052&aid=0001371279
정혜성,"모모랜드 연우, '천리마마트' 속 섹시 뿜뿜댄스 화제..도발적인 첫인사까지※",연예,25,2019,11,26,18:21,19,18,0,1,0,0,0,0,0,0,0,https://news.naver.com/main/read.nhn?mode=LSD&mid=sec&sid1=106&oid=404&aid=0000257320
정혜성,"'천리마마트' 정혜성, 생각에 잠긴 듯한 얼굴...전개 궁금증 ↑",연예,25,2019,11,29,10:13,2,2,0,0,0,0,0,0,0,0,0,https://news.naver.com/main/read.nhn?mode=LSD&mid=sec&sid1=106&oid=076&aid=0003503011
정혜성,"'천리마마트' 정혜성, 불안한 눈빛+생각에 잠긴 듯한 얼굴 포착...궁금증 자극",연예,25,2019,11,29,10:22,4,4,0,0,0,0,0,0,0,0,0,https://news.naver.com/main/read.nhn?mode=LSD&mid=sec&sid1=106&oid=112&aid=0003241130
정혜성,"‘천리마마트’ 정혜성, 돈세탁 정황 포착‥김병철 “모르는 게 약”[결정적장면]",연예,25,2019,11,29,23:27,4,4,0,0,0,0,0,0,0,0,0,https://news.naver.com/main/read.nhn?mode=LSD&mid=sec&sid1=106&oid=609&aid=0000211125
정혜성,"박세진, 제이와이드컴퍼니行…김태리 이보영과 한솥밥",연예,25,2019,11,29,10:37,5,5,0,0,0,0,0,0,0,0,0,https://news.naver.com/main/read.nhn?mode=LSD&mid=sec&sid1=106&oid=477&aid=0000220702
정혜성,"[공식]'미성년' 박세진, 제이와이드컴퍼니와 전속계약…김태리·이보영과 한솥밥",연예,25,2019,11,29,9:15,3,3,0,0,0,0,0,0,0,0,0,https://news.naver.com/main/read.nhn?mode=LSD&mid=sec&sid1=106&oid=076&aid=0003502979
정혜성,‘쌉니다 천리마마트’ 깜짝 놀란 주인공 이동휘의 다음 스텝은,연예,25,2019,11,30,11:32,1,1,0,0,0,0,0,0,0,0,0,https://news.naver.com/main/read.nhn?mode=LSD&mid=sec&sid1=106&oid=015&aid=0004249927
정혜성,"'천리마마트' 이동휘, 박호산 비리 서류 갖고 있었다 '폐업 위기 막을까'",연예,25,2019,11,30,10:29,2,2,0,0,0,0,0,0,0,0,0,https://news.naver.com/main/read.nhn?mode=LSD&mid=sec&sid1=106&oid=404&aid=0000257515
정혜성,"'천리마마트' 김병철 VS 박호산, 돈세탁 증거 두고 대립각 [종합]",연예,25,2019,11,30,12:08,44,41,0,3,0,0,0,0,0,0,0,https://news.naver.com/main/read.nhn?mode=LSD&mid=sec&sid1=106&oid=311&aid=0001081321
정혜성,"'천리마마트' 정혜성, 해피엔딩 완성한 매력적 캐릭터 ""마트 남기로 결정""",연예,26,2019,12,07,9:20,4,4,0,0,0,0,0,0,0,0,0,https://news.naver.com/main/read.nhn?mode=LSD&mid=sec&sid1=106&oid=468&aid=0000601480
정혜성,"오늘 종영 '쌉니다 천리마마트', 이동휘→정혜성 마지막 인사",연예,26,2019,12,06,13:46,6,5,0,1,0,0,0,0,0,0,0,https://news.naver.com/main/read.nhn?mode=LSD&mid=sec&sid1=106&oid=241&aid=0002986089
정혜성,"정혜성, 과감한 홀터넥 드레스로 드러낸 순백의 섹시美 [★해시태그]",연예,26,2019,12,05,15:22,14,13,0,1,0,0,0,0,0,0,0,https://news.naver.com/main/read.nhn?mode=LSD&mid=sec&sid1=106&oid=311&aid=0001083533
정혜성,"정혜성, MAMA서 깜짝 가슴골 노출 드레스 공개 [똑똑SNS]",연예,26,2019,12,06,9:27,2,2,0,0,0,0,0,0,0,0,0,https://news.naver.com/main/read.nhn?mode=LSD&mid=sec&sid1=106&oid=410&aid=0000650147
정혜성,"'청순+섹시' 정혜성, 순백의 드레스 입고 뽐낸 반전 몸매",연예,26,2019,12,06,6:00,8,8,0,0,0,0,0,0,0,0,0,https://news.naver.com/main/read.nhn?mode=LSD&mid=sec&sid1=106&oid=468&aid=0000601101
정혜성,[TEN PHOTO] 이상엽-정혜성 '달달함 가득',연예,26,2019,12,04,21:28,2,2,0,0,0,0,0,0,0,0,0,https://news.naver.com/main/read.nhn?mode=LSD&mid=sec&sid1=106&oid=312&aid=0000424262
정혜성,"'천리마마트' 정혜성, 매력적 캐릭터 완성해내며 뜻깊은 마무리",연예,26,2019,12,07,10:22,8,8,0,0,0,0,0,0,0,0,0,https://news.naver.com/main/read.nhn?mode=LSD&mid=sec&sid1=106&oid=015&aid=0004253683
정혜성,"‘쌉니다 천리마마트’ 정혜성, 마트에 남았다…뜻깊은 마무리 [MK★TV뷰]",연예,26,2019,12,07,9:38,8,8,0,0,0,0,0,0,0,0,0,https://news.naver.com/main/read.nhn?mode=LSD&mid=sec&sid1=106&oid=410&aid=0000650410
정혜성,"‘쌉니다 천리마마트’ 정혜성, 마지막까지 빛난 매력…해피엔딩",연예,26,2019,12,07,10:05,8,8,0,0,0,0,0,0,0,0,0,https://news.naver.com/main/read.nhn?mode=LSD&mid=sec&sid1=106&oid=213&aid=0001144167
정혜성,'쌉니다 천리마마트' 이동휘→정혜성 “기쁨 되는 순간이었기를” 종영소감,연예,26,2019,12,06,14:59,2,2,0,0,0,0,0,0,0,0,0,https://news.naver.com/main/read.nhn?mode=LSD&mid=sec&sid1=106&oid=311&aid=0001084007
정혜성,"[투데이TV]'천리마마트' 이동휘-김병철-박호산-정혜성, 아쉬운 작별인사..쿠키 영상 공개",연예,26,2019,12,06,14:13,2,1,0,1,0,0,0,0,0,0,0,https://news.naver.com/main/read.nhn?mode=LSD&mid=sec&sid1=106&oid=112&aid=0003243845
정혜성,"'천리마마트' 이동휘X김병철X박호산X정혜성 ""최종회도 많은 시청 부탁""",연예,26,2019,12,06,13:52,11,11,0,0,0,0,0,0,0,0,0,https://news.naver.com/main/read.nhn?mode=LSD&mid=sec&sid1=106&oid=108&aid=0002828446
정혜성,"""반전의 볼륨 몸매""…정혜성, '2019 MAMA'서 청순섹시 드레스 자태",연예,26,2019,12,05,7:25,5,5,0,0,0,0,0,0,0,0,0,https://news.naver.com/main/read.nhn?mode=LSD&mid=sec&sid1=106&oid=117&aid=0003308465
정혜성,이상엽-정혜성 ‘미남미녀 등장~’ [포토],연예,26,2019,12,04,19:25,11,11,0,0,0,0,0,0,0,0,0,https://news.naver.com/main/read.nhn?mode=LSD&mid=sec&sid1=106&oid=410&aid=0000649522
정혜성,"[사진]2019MAMA(마마) 이상엽-정혜성,'선남선녀'",연예,26,2019,12,04,18:30,7,7,0,0,0,0,0,0,0,0,0,https://news.naver.com/main/read.nhn?mode=LSD&mid=sec&sid1=106&oid=109&aid=0004130223
정혜성,"정혜성, 심쿵 애교에 사르륵 녹겠어..""삐약삐약""",연예,27,2019,12,13,17:24,17,17,0,0,0,0,0,0,0,0,0,https://news.naver.com/main/read.nhn?mode=LSD&mid=sec&sid1=106&oid=112&aid=0003246293
정혜성,"정혜성, 병아리 케이크 들고 깜찍 매력 [★해시태그]",연예,27,2019,12,13,18:24,8,8,0,0,0,0,0,0,0,0,0,https://news.naver.com/main/read.nhn?mode=LSD&mid=sec&sid1=106&oid=311&aid=0001086696
정혜성,"정혜성, 이렇게 깜찍한 인간토끼 봤어? 남심 저격한 귀여움[SNS★컷]",연예,27,2019,12,13,17:12,2,2,0,0,0,0,0,0,0,0,0,https://news.naver.com/main/read.nhn?mode=LSD&mid=sec&sid1=106&oid=609&aid=0000218104
정혜성,"정혜성, 미모의 산타걸 변신..완벽한 각선미 돋보여",연예,27,2019,12,09,6:39,15,15,0,0,0,0,0,0,0,0,0,https://news.naver.com/main/read.nhn?mode=LSD&mid=sec&sid1=106&oid=112&aid=0003244424
정혜성,"정혜성, 산타로 변신 “미리 메리 크리스마스”",연예,27,2019,12,09,16:37,8,7,0,1,0,0,0,0,0,0,0,https://news.naver.com/main/read.nhn?mode=LSD&mid=sec&sid1=106&oid=469&aid=0000447066
정혜성,"정혜성, 남심 사로잡는 인형같은 비주얼…오늘도 세젤예",연예,27,2019,12,09,18:33,14,14,0,0,0,0,0,0,0,0,0,https://news.naver.com/main/read.nhn?mode=LSD&mid=sec&sid1=106&oid=112&aid=0003244739
정혜성,"정혜성, 러블리 산타로 변신…""미리 메리크리스마스"" [★해시태그]",연예,27,2019,12,09,17:16,10,10,0,0,0,0,0,0,0,0,0,https://news.naver.com/main/read.nhn?mode=LSD&mid=sec&sid1=106&oid=311&aid=0001084845
정혜성,[Y터뷰①] '천리마마트'PD가 밝힌 '일당천' 예능 드라마 탄생기,연예,28,2019,12,16,8:00,16,16,0,0,0,0,0,0,0,0,0,https://news.naver.com/main/read.nhn?mode=LSD&mid=sec&sid1=106&oid=052&aid=0001377327
정혜성,"""정말 부러지겠어""..정혜성, 너무 마른 젓가락 각선미",연예,29,2019,12,24,7:32,8,8,0,0,0,0,0,0,0,0,0,https://news.naver.com/main/read.nhn?mode=LSD&mid=sec&sid1=106&oid=112&aid=0003249615
정혜성,"'천리마마트' 백승룡 PD ""원작 웹툰=소중한 추억, 연출 전 부담 有"" [엑's 인터뷰①]",연예,29,2019,12,28,8:51,7,7,0,0,0,0,0,0,0,0,0,https://news.naver.com/main/read.nhn?mode=LSD&mid=sec&sid1=106&oid=311&aid=0001092321
정혜성,"정혜성, 툭 하면 부러질 듯한 각선미 “이 거울 이상해”[SNS★컷]",연예,29,2019,12,24,10:31,7,7,0,0,0,0,0,0,0,0,0,https://news.naver.com/main/read.nhn?mode=LSD&mid=sec&sid1=106&oid=609&aid=0000222808
정혜성,'천리마마트' 백승룡 PD가 밝힌 배우 캐스팅 이유 [인터뷰]③,연예,30,2020,01,01,7:58,17,16,0,1,0,0,0,0,0,0,0,https://news.naver.com/main/read.nhn?mode=LSD&mid=sec&sid1=106&oid=018&aid=0004546872
정혜성,[인터뷰] ‘쌉니다 천리마마트’ 강홍석 “‘이래도 되나? 한 번 해보자’ 했던 현장”,연예,30,2019,12,31,7:02,4,4,0,0,0,0,0,0,0,0,0,https://news.naver.com/main/read.nhn?mode=LSD&mid=sec&sid1=106&oid=009&aid=0004491924
정혜성,"이혜성, ♥전현무와 공개 열애 고충 ""부모님도 스트레스"" [★NEWSing]",연예,31,2020,01,11,13:49,38,35,0,3,0,0,0,0,0,0,0,https://news.naver.com/main/read.nhn?mode=LSD&mid=sec&sid1=106&oid=108&aid=0002835733
정혜성,"이혜성 “전현무와 공개 연애, 너무 유난떠는 것처럼 보일까 걱정”",연예,31,2020,01,11,10:04,3,3,0,0,0,0,0,0,0,0,0,https://news.naver.com/main/read.nhn?mode=LSD&mid=sec&sid1=106&oid=057&aid=0001410999
정혜성,"정혜성, 인형 미모로 뽐낸 당부 ""감기 조심""",연예,32,2020,01,17,10:52,10,10,0,0,0,0,0,0,0,0,0,https://news.naver.com/main/read.nhn?mode=LSD&mid=sec&sid1=106&oid=108&aid=0002837010
정혜성,"[메이트] ""센 척하는 남자, 질척대는 여자, 사치스런 연애"" (KBS독립영화관)",연예,32,2020,01,17,18:49,15,15,0,0,0,0,0,0,0,0,0,https://news.naver.com/main/read.nhn?mode=LSD&mid=sec&sid1=106&oid=438&aid=0000027381
정혜성,"정혜성, 크롭티 입고 드러낸 의외의 볼륨감(ft.인형 외모)[SNS★컷]",연예,32,2020,01,17,14:03,4,4,0,0,0,0,0,0,0,0,0,https://news.naver.com/main/read.nhn?mode=LSD&mid=sec&sid1=106&oid=609&aid=0000235229
정혜성,"정혜성, 은근한 시스루 섹시미 ‘베이글의 정석’ [똑똑SNS]",연예,32,2020,01,17,10:14,2,2,0,0,0,0,0,0,0,0,0,https://news.naver.com/main/read.nhn?mode=LSD&mid=sec&sid1=106&oid=410&aid=0000661884
정혜성,"정혜성, 인형 미모+마르지만 볼륨 가득한 몸매..베이글의 정석",연예,32,2020,01,17,9:03,10,10,0,0,0,0,0,0,0,0,0,https://news.naver.com/main/read.nhn?mode=LSD&mid=sec&sid1=106&oid=112&aid=0003258228
정혜성,"""바비인형 강림""…정혜성, 볼륨 몸매→이렇게 섹시했었나 [★SHOT!]",연예,32,2020,01,17,17:25,4,4,0,0,0,0,0,0,0,0,0,https://news.naver.com/main/read.nhn?mode=LSD&mid=sec&sid1=106&oid=109&aid=0004151980
정혜성,"[하이원서울가요대상 D-7]""이것은 영화시상식인가 가요시상식인가~"" 하정우부터 이하늬·정려원까지 시상식 빛내는 ★",연예,33,2020,01,23,7:13,85,85,0,0,0,0,0,0,0,0,0,https://news.naver.com/main/read.nhn?mode=LSD&mid=sec&sid1=106&oid=468&aid=0000618593
정혜성,"[TEN 이슈] 연우, 모모랜드→배우로...대세의 싹이 보인다",연예,33,2020,01,22,15:31,103,99,0,4,0,0,0,0,0,0,0,https://news.naver.com/main/read.nhn?mode=LSD&mid=sec&sid1=106&oid=312&aid=0000432309
정혜성,"[포토] 김병철-정혜성, 멋스런 시상 패션!",,34,2020,01,31,1:46,4,3,1,0,0,0,0,0,0,0,0,https://news.naver.com/main/read.nhn?mode=LSD&mid=sec&sid1=004&oid=468&aid=0000621271
정혜성,"정혜성, 청순 비주얼에 글래머 몸매까지..도대체 부족한 게 없어",연예,34,2020,01,31,8:58,7,7,0,0,0,0,0,0,0,0,0,https://news.naver.com/main/read.nhn?mode=LSD&mid=sec&sid1=106&oid=112&aid=0003262836
정혜성,"[포토] 김병철-정혜성, 오늘은 시상 커플~",연예,34,2020,01,30,19:45,6,6,0,0,0,0,0,0,0,0,0,https://news.naver.com/main/read.nhn?mode=LSD&mid=sec&sid1=106&oid=468&aid=0000621021
정혜성,"김병철-정혜성, 블랙&화이트로 맞췄어요~[포토엔HD]",연예,34,2020,01,31,7:06,2,2,0,0,0,0,0,0,0,0,0,https://news.naver.com/main/read.nhn?mode=LSD&mid=sec&sid1=106&oid=609&aid=0000241234
정혜성,"[2020 서울가요대상] 태연 '음원대상'→방탄소년단 '음반대상'…엑소, 4관왕 등극 (종합)",연예,34,2020,01,30,22:45,34,34,0,0,0,0,0,0,0,0,0,https://news.naver.com/main/read.nhn?mode=LSD&mid=sec&sid1=106&oid=109&aid=0004157863
정혜성,하정우X이하늬X정려원부터 대세★까지…시상식 더욱 빛낸 시상자들[제29회 하이원서울가요대상],연예,34,2020,01,30,22:42,28,28,0,0,0,0,0,0,0,0,0,https://news.naver.com/main/read.nhn?mode=LSD&mid=sec&sid1=106&oid=468&aid=0000621177
정혜성,"방탄소년단-태연 대상, 받을만한 사람이 받았다[2020 서울가요대상①]",연예,34,2020,01,31,6:01,14,14,0,0,0,0,0,0,0,0,0,https://news.naver.com/main/read.nhn?mode=LSD&mid=sec&sid1=106&oid=609&aid=0000241167
정혜성,"정혜성 김병철, 블랙&화이트로 맞춘 패션 “새해 복 많이”[SNS★컷]",연예,34,2020,01,31,16:55,6,6,0,0,0,0,0,0,0,0,0,https://news.naver.com/main/read.nhn?mode=LSD&mid=sec&sid1=106&oid=609&aid=0000241590
정혜성,"정혜성, 순백의 여신 미모 (feat.베이글 몸매) [똑똑SNS]",연예,34,2020,01,31,9:47,3,3,0,0,0,0,0,0,0,0,0,https://news.naver.com/main/read.nhn?mode=LSD&mid=sec&sid1=106&oid=410&aid=0000665299
정혜성,"[포토]김병철-정혜성, 서울가요대상 R&B 힙합상 시상",연예,34,2020,01,30,19:59,4,4,0,0,0,0,0,0,0,0,0,https://news.naver.com/main/read.nhn?mode=LSD&mid=sec&sid1=106&oid=468&aid=0000621042
정혜성,"정혜성, 큐티섹시란 이런 것…인형 자태에 심쿵",연예,35,2020,02,07,18:08,9,9,0,0,0,0,0,0,0,0,0,https://news.naver.com/main/read.nhn?mode=LSD&mid=sec&sid1=106&oid=112&aid=0003265625
정혜성,"정혜성, 트레이닝복 입어도 청순 그 자체 '미모가 다 했네'",연예,35,2020,02,06,18:47,32,32,0,0,0,0,0,0,0,0,0,https://news.naver.com/main/read.nhn?mode=LSD&mid=sec&sid1=106&oid=076&aid=0003528246
정혜성,"정혜성, 화이트 드레스로 한껏 살린 우아美",연예,35,2020,02,04,9:15,5,5,0,0,0,0,0,0,0,0,0,https://news.naver.com/main/read.nhn?mode=LSD&mid=sec&sid1=106&oid=241&aid=0003001601
정혜성,"정혜성, 볼 때 마다 예뻐지네…여신 등장에 숨멎",연예,35,2020,02,03,16:20,10,10,0,0,0,0,0,0,0,0,0,https://news.naver.com/main/read.nhn?mode=LSD&mid=sec&sid1=106&oid=112&aid=0003263883
정혜성,"정헤성, 트레이닝복을 입어도 '청순한 미모' [★해시태그]",연예,35,2020,02,06,18:11,6,6,0,0,0,0,0,0,0,0,0,https://news.naver.com/main/read.nhn?mode=LSD&mid=sec&sid1=106&oid=311&aid=0001108809
정혜성,"정혜성, 귀여운 토끼로 변신…美친 비주얼 [★해시태그]",연예,35,2020,02,07,18:01,7,7,0,0,0,0,0,0,0,0,0,https://news.naver.com/main/read.nhn?mode=LSD&mid=sec&sid1=106&oid=311&aid=0001109283
정혜성,"정혜성, 잠 못잤는데도 빛나는 피부에 귀여움은 덤 [SNS★컷]",연예,35,2020,02,07,24:14,6,6,0,0,0,0,0,0,0,0,0,https://news.naver.com/main/read.nhn?mode=LSD&mid=sec&sid1=106&oid=609&aid=0000244573
정혜성,"정혜성, 살아 움직이는 바비인형의 정석..사랑스러운 매력 한도 초과",연예,35,2020,02,06,17:54,9,9,0,0,0,0,0,0,0,0,0,https://news.naver.com/main/read.nhn?mode=LSD&mid=sec&sid1=106&oid=112&aid=0003265232
정혜성,"정혜성, 트레이닝복만 입어도 화보 완성 ‘미모가 다 했네’[SNS★컷]",연예,35,2020,02,06,17:51,4,4,0,0,0,0,0,0,0,0,0,https://news.naver.com/main/read.nhn?mode=LSD&mid=sec&sid1=106&oid=609&aid=0000244234
정혜성,"정혜성, ‘청순+러블리’ 미모 발산",연예,35,2020,02,04,9:12,3,3,0,0,0,0,0,0,0,0,0,https://news.naver.com/main/read.nhn?mode=LSD&mid=sec&sid1=106&oid=215&aid=0000844580
정혜성,"정혜성, 시상식 비하인드 컷 공개…청순 러블리 '화이트 여신'",연예,35,2020,02,04,9:08,3,3,0,0,0,0,0,0,0,0,0,https://news.naver.com/main/read.nhn?mode=LSD&mid=sec&sid1=106&oid=468&aid=0000622491
정혜성,"정혜성, 대기실 비하인드 컷 공개 “순백의 여신”",연예,35,2020,02,04,23:33,4,3,0,1,0,0,0,0,0,0,0,https://news.naver.com/main/read.nhn?mode=LSD&mid=sec&sid1=106&oid=213&aid=0001152561
정혜성,"정혜성, 대기실 비하인드컷…화이트 드레스로 뽐낸 청순미",연예,35,2020,02,04,14:40,3,3,0,0,0,0,0,0,0,0,0,https://news.naver.com/main/read.nhn?mode=LSD&mid=sec&sid1=106&oid=311&aid=0001107552
정혜성,아이유 '잼잼' 어떤 노래인지 봤더니?,연예,36,2020,02,13,15:16,10,9,0,1,0,0,0,0,0,0,0,https://news.naver.com/main/read.nhn?mode=LSD&mid=sec&sid1=106&oid=417&aid=0000504222
정혜성,"정혜성, 침대에 걸터앉아 뽐낸 화려한 비주얼…시샘부르는 예쁨주의보",연예,37,2020,02,18,8:20,3,3,0,0,0,0,0,0,0,0,0,https://news.naver.com/main/read.nhn?mode=LSD&mid=sec&sid1=106&oid=112&aid=0003269040
정혜성,"정혜성, 얼굴 찌푸려도 넘사벽 예쁨..수정보다 투명한 청초美",연예,38,2020,02,29,7:04,15,15,0,0,0,0,0,0,0,0,0,https://news.naver.com/main/read.nhn?mode=LSD&mid=sec&sid1=106&oid=112&aid=0003273164
정혜성,"정혜성, 화사한 노란 컬러에 봄 내음 솔솔..인형 같은 러블리 비주얼",연예,38,2020,02,25,24:51,11,11,0,0,0,0,0,0,0,0,0,https://news.naver.com/main/read.nhn?mode=LSD&mid=sec&sid1=106&oid=112&aid=0003271649
정혜성,"정혜성, 레트로 감성+상큼 비주얼…""코로나19 조심하세요"" [★해시태그]",연예,38,2020,02,25,20:45,3,3,0,0,0,0,0,0,0,0,0,https://news.naver.com/main/read.nhn?mode=LSD&mid=sec&sid1=106&oid=311&aid=0001116728
정혜성,"정혜성, 침대 위에 누워있는 인형…가만 있어도 청순美 뿜뿜",연예,39,2020,03,02,14:22,4,4,0,0,0,0,0,0,0,0,0,https://news.naver.com/main/read.nhn?mode=LSD&mid=sec&sid1=106&oid=112&aid=0003273910
정혜성,"‘정희’ 이이경 “배가수, 신호탄 내가 쐈다…이시아‧정혜성도 부러워 해”",연예,39,2020,03,03,13:32,2,2,0,0,0,0,0,0,0,0,0,https://news.naver.com/main/read.nhn?mode=LSD&mid=sec&sid1=106&oid=057&aid=0001427604
정혜성,"'이보영 소속사' 제이와이드컴퍼니, 신천지 지라시에 ""강경 법적 조치""",연예,39,2020,03,04,17:56,1,1,0,0,0,0,0,0,0,0,0,https://news.naver.com/main/read.nhn?mode=LSD&mid=sec&sid1=106&oid=421&aid=0004502538
정혜성,"‘정희’ 이이경x김인석 “순수한 열정 담은 트로트 앨범, 돈벌이 아냐”(종합)",연예,39,2020,03,03,13:59,2,2,0,0,0,0,0,0,0,0,0,https://news.naver.com/main/read.nhn?mode=LSD&mid=sec&sid1=106&oid=609&aid=0000254247
정혜성,"정혜성, 동화 같은 매력의 완벽 화보 공개...""마스크 소독제 필수!"" [★해시태그]",연예,39,2020,03,02,18:56,5,5,0,0,0,0,0,0,0,0,0,https://news.naver.com/main/read.nhn?mode=LSD&mid=sec&sid1=106&oid=311&aid=0001118843
정혜성,"이이경 “트로트 음원 발매, 동료배우 이시아x정혜성 부러워 해”",연예,39,2020,03,03,13:28,1,1,0,0,0,0,0,0,0,0,0,https://news.naver.com/main/read.nhn?mode=LSD&mid=sec&sid1=106&oid=609&aid=0000254228
정혜성,"이이경 ""트로트 가수 변신, `배가수` 신호탄 쐈다”(‘정희’)",연예,39,2020,03,03,14:01,1,1,0,0,0,0,0,0,0,0,0,https://news.naver.com/main/read.nhn?mode=LSD&mid=sec&sid1=106&oid=009&aid=0004528918
정혜성,"제이와이드컴퍼니 ""특정 종교 관련 허위사실에 법적 대응""[공식입장]",연예,39,2020,03,04,18:05,6,4,0,2,0,0,0,0,0,0,0,https://news.naver.com/main/read.nhn?mode=LSD&mid=sec&sid1=106&oid=477&aid=0000234950
정혜성,"제이와이드컴퍼니 ""소속 아티스트, 특정 종교와 관련 NO···강경 대응할 것""[공식]",연예,39,2020,03,04,17:59,1,1,0,0,0,0,0,0,0,0,0,https://news.naver.com/main/read.nhn?mode=LSD&mid=sec&sid1=106&oid=312&aid=0000438201
정혜성,"[종합]'정희' 김인석X이이경, 트롯에 빠진 '개가수X배가수'…흥 폭발 입담",연예,39,2020,03,03,14:03,2,2,0,0,0,0,0,0,0,0,0,https://news.naver.com/main/read.nhn?mode=LSD&mid=sec&sid1=106&oid=112&aid=0003274299
정혜성,"정혜성, 마스크로도 가려지지 않는 예쁨..시크美 철철",연예,41,2020,03,19,18:03,4,4,0,0,0,0,0,0,0,0,0,https://news.naver.com/main/read.nhn?mode=LSD&mid=sec&sid1=106&oid=112&aid=0003279862
정혜성,"정혜성, 코로나19 속 오랜만의 근황…마스크 껴도 빛나는 미모 [★해시태그]",연예,41,2020,03,19,19:59,6,6,0,0,0,0,0,0,0,0,0,https://news.naver.com/main/read.nhn?mode=LSD&mid=sec&sid1=106&oid=311&aid=0001125259
정혜성,"정혜성, 팬심 저격하는 눈부신 여신 미모..청순+러블리의 끝판왕",연예,43,2020,04,03,22:17,14,14,0,0,0,0,0,0,0,0,0,https://news.naver.com/main/read.nhn?mode=LSD&mid=sec&sid1=106&oid=112&aid=0003285031
정혜성,"정혜성, 청순美 가득한 미모",연예,43,2020,03,29,20:12,36,36,0,0,0,0,0,0,0,0,0,https://news.naver.com/main/read.nhn?mode=LSD&mid=sec&sid1=106&oid=469&aid=0000482212
정혜성,"정혜성, 걸어다니는 인형…""집에서 모든걸 해결 中""",연예,43,2020,03,29,18:05,15,15,0,0,0,0,0,0,0,0,0,https://news.naver.com/main/read.nhn?mode=LSD&mid=sec&sid1=106&oid=112&aid=0003283096
정혜성,"정혜성, 꽃보다 아름다운 미모",연예,44,2020,04,08,10:22,12,12,0,0,0,0,0,0,0,0,0,https://news.naver.com/main/read.nhn?mode=LSD&mid=sec&sid1=106&oid=009&aid=0004552968
정혜성,"정혜성, 얼굴이 다한 인생샷…비수기 없는 싱그러운 미모",연예,44,2020,04,07,16:02,10,10,0,0,0,0,0,0,0,0,0,https://news.naver.com/main/read.nhn?mode=LSD&mid=sec&sid1=106&oid=112&aid=0003285997
정혜성,"정혜성, 이렇게 예쁘면 반칙…청초美 자랑에 어플은 거들 뿐",연예,44,2020,04,07,9:55,10,9,0,1,0,0,0,0,0,0,0,https://news.naver.com/main/read.nhn?mode=LSD&mid=sec&sid1=106&oid=112&aid=0003285870
정혜성,"'기생충' 피자집 사장役 정이서, 제이와이드컴퍼니와 전속계약 (공식)",연예,44,2020,04,06,13:45,4,4,0,0,0,0,0,0,0,0,0,https://news.naver.com/main/read.nhn?mode=LSD&mid=sec&sid1=106&oid=052&aid=0001424543
정혜성,"정혜성, 꽃꽂이 취미 생활 공개...'누가 꽃이야?' [★해시태그]",연예,44,2020,04,08,18:32,8,8,0,0,0,0,0,0,0,0,0,https://news.naver.com/main/read.nhn?mode=LSD&mid=sec&sid1=106&oid=311&aid=0001132537
정혜성,"""도대체 누가 꽃이야?""..정혜성, 꽃꽂이 중 밀리지 않는 압도적 미모",연예,44,2020,04,08,8:47,4,4,0,0,0,0,0,0,0,0,0,https://news.naver.com/main/read.nhn?mode=LSD&mid=sec&sid1=106&oid=112&aid=0003286184
정혜성,"정혜성, 못하는 게 뭐야? 얼굴만큼 완벽한 꽃꽂이 실력[SNS★컷]",연예,44,2020,04,08,16:38,3,3,0,0,0,0,0,0,0,0,0,https://news.naver.com/main/read.nhn?mode=LSD&mid=sec&sid1=106&oid=609&aid=0000265057
정혜성,"‘기생충’ 정이서, 제이와이드컴퍼니와 전속계약…이보영·안재홍과 한솥밥(공식)",연예,44,2020,04,06,14:40,4,4,0,0,0,0,0,0,0,0,0,https://news.naver.com/main/read.nhn?mode=LSD&mid=sec&sid1=106&oid=410&aid=0000682271
정혜성,"정혜성, 쭉 뻗은 기럭지에 숨멎…흰티에 청바지로 완성한 청순美",연예,45,2020,04,15,24:33,10,10,0,0,0,0,0,0,0,0,0,https://news.naver.com/main/read.nhn?mode=LSD&mid=sec&sid1=106&oid=112&aid=0003288651
정혜성,"신이준, FNC엔터테인먼트와 전속계약 체결",연예,46,2020,04,24,9:20,8,8,0,0,0,0,0,0,0,0,0,https://news.naver.com/main/read.nhn?mode=LSD&mid=sec&sid1=106&oid=215&aid=0000866509
정혜성,"신이준, FNC와 전속계약 체결…정해인X설현과 한솥밥[공식]",연예,46,2020,04,24,9:56,7,7,0,0,0,0,0,0,0,0,0,https://news.naver.com/main/read.nhn?mode=LSD&mid=sec&sid1=106&oid=468&aid=0000651762
정혜성,"배우 신이준, FNC와 전속계약…정해인·설현과 한솥밥",연예,46,2020,04,24,10:05,5,5,0,0,0,0,0,0,0,0,0,https://news.naver.com/main/read.nhn?mode=LSD&mid=sec&sid1=106&oid=119&aid=0002398138
정혜성,"신이준, FNC와 전속계약…정해인·이동건과 한솥밥 [공식]",연예,46,2020,04,24,9:05,7,7,0,0,0,0,0,0,0,0,0,https://news.naver.com/main/read.nhn?mode=LSD&mid=sec&sid1=106&oid=382&aid=0000815683
정혜성,"정혜성, 강렬한 레드 립에 시선강탈..섹시美 한도 초과",연예,51,2020,05,25,17:36,25,20,0,0,0,0,4,0,0,1,0,https://news.naver.com/main/read.nhn?mode=LSD&mid=sec&sid1=106&oid=112&aid=0003301839
정혜성,두 번 좌절뒤에… 한(恨) 풀어준 ‘금빛 살풀이’,생활,51,2020,05,29,3:01,7,6,0,0,1,0,0,0,0,0,0,https://news.naver.com/main/read.nhn?mode=LSD&mid=sec&sid1=103&oid=020&aid=0003288829
