방탄소년단 지민,"방탄소년단 지민, ‘블랙스완’ 포토스케치 속 빛나는 비주얼 눈길",연예,0,2020,03,07,19:23,"5,091","5,089",0,0,0,0,2,0,0,0,0,https://news.naver.com/main/read.nhn?mode=LSD&mid=sec&sid1=106&oid=311&aid=0001120677
방탄소년단 지민,"방탄소년단 지민 ""우리 아미 상 받았네♥"" 뮤뱅 1위 감사 인사 '눈길'",연예,0,2020,03,07,6:18,"5,553","5,547",0,0,0,0,6,0,0,0,0,https://news.naver.com/main/read.nhn?mode=LSD&mid=sec&sid1=106&oid=108&aid=0002847555
방탄소년단 지민,"BTS 지민, '블랙스완' MV 뜨거운 화제…현대 무용 극찬",연예,0,2020,03,05,10:21,"7,546","7,526",0,5,0,0,15,0,0,0,0,https://news.naver.com/main/read.nhn?mode=LSD&mid=sec&sid1=106&oid=088&aid=0000636782
방탄소년단 지민,"""우리 아미 상받았네""..방탄소년단 지민, 어김없이 남긴 '뮤뱅' 1위샷 [★SHOT!]",연예,0,2020,03,06,19:48,"4,121","4,117",0,0,0,0,4,0,0,0,0,https://news.naver.com/main/read.nhn?mode=LSD&mid=sec&sid1=106&oid=109&aid=0004176906
방탄소년단 지민,"방탄소년단 지민,'엠카' 무대서 강렬한 비주얼·퍼포먼스 뽐내",연예,0,2020,03,06,10:34,"6,204","6,191",0,1,0,0,12,0,0,0,0,https://news.naver.com/main/read.nhn?mode=LSD&mid=sec&sid1=106&oid=088&aid=0000637021
방탄소년단 지민,신곡 3곡 빌보드 핫100 진입···BTS 끝을 모르는 기록 행진,생활,0,2020,03,03,24:42,"1,389","1,334",35,0,19,1,0,0,0,0,0,https://news.naver.com/main/read.nhn?mode=LSD&mid=sec&sid1=103&oid=025&aid=0002980621
방탄소년단 지민,방탄소년단 지민 ‘Black Swan’으로 입증한 무용과 수석 입학 클래스,연예,0,2020,03,05,8:55,"8,401","8,379",0,6,0,0,16,0,0,0,0,https://news.naver.com/main/read.nhn?mode=LSD&mid=sec&sid1=106&oid=609&aid=0000254873
방탄소년단 지민,"방탄소년단 지민, ‘뮤뱅’서 카리스마 폭발…팬들 빈 자리엔 아쉬움 전해",연예,0,2020,03,07,14:02,"5,003","4,995",0,2,0,0,6,0,0,0,0,https://news.naver.com/main/read.nhn?mode=LSD&mid=sec&sid1=106&oid=396&aid=0000542438
방탄소년단 지민,"방탄소년단 지민, '블랙스완' MV서 백조에서 흑조로...내면연기 화제",연예,0,2020,03,05,21:24,"5,245","5,231",0,2,0,0,12,0,0,0,0,https://news.naver.com/main/read.nhn?mode=LSD&mid=sec&sid1=106&oid=015&aid=0004302149
방탄소년단 지민,"'천재적 감성' 방탄소년단 지민, '블랙스완' MV서 치열한 내면 연기 '예술의 극치'",연예,0,2020,03,05,14:05,"5,272","5,266",0,0,0,0,6,0,0,0,0,https://news.naver.com/main/read.nhn?mode=LSD&mid=sec&sid1=106&oid=117&aid=0003339771
방탄소년단 지민,"[팝업★]""무용과 수석 클래스""..방탄소년단 지민, '블랙스완' 뮤비 속 내면 연기 정점",연예,0,2020,03,05,17:50,"3,935","3,931",0,0,0,0,4,0,0,0,0,https://news.naver.com/main/read.nhn?mode=LSD&mid=sec&sid1=106&oid=112&aid=0003275214
방탄소년단 지민,"'뮤직뱅크' 방탄소년단 제이홉 ""'블랙스완' MV 시청 포인트? 지민 지민 지민""",연예,0,2020,03,06,18:18,"1,115","1,114",0,0,0,0,1,0,0,0,0,https://news.naver.com/main/read.nhn?mode=LSD&mid=sec&sid1=106&oid=311&aid=0001120499
방탄소년단 지민,"방탄소년단 지민, ‘뮤뱅’ 1위 감사 인사 눈길 “진심으로 행복했습니다”",연예,0,2020,03,06,19:10,"3,871","3,870",0,0,0,0,1,0,0,0,0,https://news.naver.com/main/read.nhn?mode=LSD&mid=sec&sid1=106&oid=311&aid=0001120511
방탄소년단 지민,"‘엠카’ 방탄소년단 지민, 시선을 사로잡는 퍼포먼스와 비주얼",연예,0,2020,03,06,12:12,"6,146","6,141",0,0,0,0,5,0,0,0,0,https://news.naver.com/main/read.nhn?mode=LSD&mid=sec&sid1=106&oid=311&aid=0001120234
방탄소년단 지민,"방탄소년단 '온', 빌보드 '핫100' 4위…정국 84위·지민 87위(종합2보)",연예,0,2020,03,03,24:18,917,917,0,0,0,0,0,0,0,0,0,https://news.naver.com/main/read.nhn?mode=LSD&mid=sec&sid1=106&oid=003&aid=0009734714
방탄소년단 지민,"방탄소년단 지민, 휠라 화보 공개…보랏빛 '우주 미소'",연예,1,2020,03,13,16:37,"4,675","4,673",0,0,0,0,2,0,0,0,0,https://news.naver.com/main/read.nhn?mode=LSD&mid=sec&sid1=106&oid=311&aid=0001122926
방탄소년단 지민,"방탄소년단 지민 ‘Filter’, 스포티파이서 한국 솔로 역대 최단 2천만 스트리밍 돌파",연예,1,2020,03,13,19:40,"5,027","5,023",0,0,0,0,4,0,0,0,0,https://news.naver.com/main/read.nhn?mode=LSD&mid=sec&sid1=106&oid=015&aid=0004306191
방탄소년단 지민,"방탄소년단 지민, 학창시절 모범 아이돌 7 선정…'9년 반장의 위엄'",연예,1,2020,03,13,10:44,"6,704","6,701",0,1,0,0,2,0,0,0,0,https://news.naver.com/main/read.nhn?mode=LSD&mid=sec&sid1=106&oid=311&aid=0001122776
방탄소년단 지민,"[TD영상] 방탄소년단 지민, 진짜 징하다 ‘어메이징’",연예,1,2020,03,12,9:25,"6,858","6,854",0,0,0,0,4,0,0,0,0,https://news.naver.com/main/read.nhn?mode=LSD&mid=sec&sid1=106&oid=440&aid=0000021761
방탄소년단 지민,"개그우먼 이수지, 남다른 방탄소년단 지민 사랑 눈길 #리액션_영상",연예,1,2020,03,14,10:11,"4,519","4,517",0,0,0,0,2,0,0,0,0,https://news.naver.com/main/read.nhn?mode=LSD&mid=sec&sid1=106&oid=311&aid=0001123047
방탄소년단 지민,"‘방탄TV’ BTS 제이홉-지민-정국, 상황극 속에서도 빛나는 비주얼",연예,1,2020,03,12,18:40,"2,525","2,523",0,0,0,0,2,0,0,0,0,https://news.naver.com/main/read.nhn?mode=LSD&mid=sec&sid1=106&oid=311&aid=0001122619
방탄소년단 지민,BTS 지민 솔로곡 '필터' 스포티파이 2천만 스트리밍 돌파 'K팝 솔로곡·최고기록',연예,1,2020,03,13,9:45,"7,043","7,039",0,0,0,0,4,0,0,0,0,https://news.naver.com/main/read.nhn?mode=LSD&mid=sec&sid1=106&oid=088&aid=0000638317
방탄소년단 지민,"방탄소년단 지민 ‘Filter’, 스포티파이 한국 솔로 역대 최단 2000만 돌파 “전세계적 인기”",연예,1,2020,03,13,11:25,"6,422","6,420",0,0,0,0,2,0,0,0,0,https://news.naver.com/main/read.nhn?mode=LSD&mid=sec&sid1=106&oid=311&aid=0001122794
방탄소년단 지민,1위는 방탄소년단 지민…개인 브랜드평판 분석결과 공개,연예,2,2020,03,21,14:47,"4,999","4,997",0,0,0,0,0,2,0,0,0,https://news.naver.com/main/read.nhn?mode=LSD&mid=sec&sid1=106&oid=312&aid=0000439808
방탄소년단 지민,"日 케이스타일, 방탄소년단 지민 패션 센스 집중조명",연예,2,2020,03,20,10:39,"5,700","5,692",0,0,0,0,8,0,0,0,0,https://news.naver.com/main/read.nhn?mode=LSD&mid=sec&sid1=106&oid=088&aid=0000639537
방탄소년단 지민,"방탄소년단 지민, 스마트폰 할 때도 빛나는 비주얼",연예,2,2020,03,21,9:49,"6,048","6,046",0,0,0,0,2,0,0,0,0,https://news.naver.com/main/read.nhn?mode=LSD&mid=sec&sid1=106&oid=311&aid=0001125697
방탄소년단 지민,"[SC HOT] 방탄소년단(BTS) 지민, ‘잠시~힐링하고 가세요!’",연예,2,2020,03,20,7:10,"6,384","6,378",0,0,0,0,6,0,0,0,0,https://news.naver.com/main/read.nhn?mode=LSD&mid=sec&sid1=106&oid=076&aid=0003544322
방탄소년단 지민,방탄소년단 지민(BTS JIMIN) 보면 주접킹 되는 건 시간문제 [SS쇼캠],연예,2,2020,03,19,16:41,"4,943","4,938",0,1,0,0,4,0,0,0,0,https://news.naver.com/main/read.nhn?mode=LSD&mid=sec&sid1=106&oid=468&aid=0000638224
방탄소년단 지민,"방탄소년단 지민, 목요일 팬심 저격하는 비주얼",연예,2,2020,03,19,16:15,"4,549","4,546",0,1,0,0,2,0,0,0,0,https://news.naver.com/main/read.nhn?mode=LSD&mid=sec&sid1=106&oid=311&aid=0001125197
방탄소년단 지민,"방탄소년단 지민, 3월 보이그룹 개인 브랜드평판 1위",연예,2,2020,03,21,11:54,"5,187","5,183",0,1,0,0,0,3,0,0,0,https://news.naver.com/main/read.nhn?mode=LSD&mid=sec&sid1=106&oid=410&aid=0000678167
방탄소년단 지민,"방탄소년단 지민, 보이그룹 개인 브랜드평판 1위…2위 정국·3위 뷔",연예,2,2020,03,21,15:16,"3,771","3,769",0,0,0,0,2,0,0,0,0,https://news.naver.com/main/read.nhn?mode=LSD&mid=sec&sid1=106&oid=629&aid=0000019709
방탄소년단 지민,"방탄소년단 지민, 보이그룹 개인 브랜드평판 1위…정국 2위·뷔 3위",연예,2,2020,03,21,14:58,"5,653","5,649",0,1,0,0,0,3,0,0,0,https://news.naver.com/main/read.nhn?mode=LSD&mid=sec&sid1=106&oid=117&aid=0003344704
방탄소년단 지민,"방탄소년단 지민, 멤버·팬 향한 무한사랑 ""자부심이자 행복 열쇠""",연예,2,2020,03,19,10:18,"6,701","6,696",0,1,0,0,4,0,0,0,0,https://news.naver.com/main/read.nhn?mode=LSD&mid=sec&sid1=106&oid=088&aid=0000639314
방탄소년단 지민,"‘방탄’ 지민, ‘록 바이슨’ 언급 “정 많은 친구”…뭐길래?",연예,2,2020,03,19,11:18,"7,226","7,219",0,1,0,0,6,0,0,0,0,https://news.naver.com/main/read.nhn?mode=LSD&mid=sec&sid1=106&oid=396&aid=0000543773
방탄소년단 지민,BTS 지민 솔로곡 ‘약속’…사운드클라우드 세계 4번째 최다 스트리밍 기록,연예,3,2020,03,27,10:45,"6,005","5,998",0,0,0,0,7,0,0,0,0,https://news.naver.com/main/read.nhn?mode=LSD&mid=sec&sid1=106&oid=088&aid=0000640690
방탄소년단 지민,"강다니엘, 아이돌차트 평점랭킹 105주 연속 최다 득표 기록…지민·임영웅 상승세",연예,3,2020,03,28,10:16,"2,300","2,297",0,3,0,0,0,0,0,0,0,https://news.naver.com/main/read.nhn?mode=LSD&mid=sec&sid1=106&oid=015&aid=0004314652
방탄소년단 지민,"방탄소년단 지민, 고화질로 만나고 싶게 만드는 미모",연예,3,2020,03,28,9:31,"6,680","6,667",0,1,0,0,12,0,0,0,0,https://news.naver.com/main/read.nhn?mode=LSD&mid=sec&sid1=106&oid=311&aid=0001128354
방탄소년단 지민,방탄소년단 지민 “아이돌로 오래오래 일하는 게 꿈”,연예,3,2020,03,27,8:43,"7,226","7,213",0,1,0,0,12,0,0,0,0,https://news.naver.com/main/read.nhn?mode=LSD&mid=sec&sid1=106&oid=609&aid=0000261441
방탄소년단 지민,"BTS 지민 ""내 꿈? 아이돌로 오래 일하는 것""[V라이브]",연예,3,2020,03,26,23:49,"6,063","6,050",0,1,0,0,12,0,0,0,0,https://news.naver.com/main/read.nhn?mode=LSD&mid=sec&sid1=106&oid=108&aid=0002851802
방탄소년단 지민,"'무대 천재' 방탄소년단 지민, 초고난이도 안무 후 완벽한 표정까지!",연예,3,2020,03,24,10:26,"6,890","6,883",0,0,0,0,7,0,0,0,0,https://news.naver.com/main/read.nhn?mode=LSD&mid=sec&sid1=106&oid=088&aid=0000640061
방탄소년단 지민,"<아빠본색> 이동준, BTS 지민에 영감 받아 보랏빛 헤어로 대변신?!",생활,3,2020,03,27,24:41,600,565,25,0,10,0,0,0,0,0,0,https://news.naver.com/main/read.nhn?mode=LSD&mid=sec&sid1=103&oid=449&aid=0000189037
방탄소년단 지민,"방탄소년단 지민, '약속' 사운드클라우드 최다 스트리밍…세계 4번째 대기록",연예,3,2020,03,27,10:24,"6,220","6,207",0,1,0,0,12,0,0,0,0,https://news.naver.com/main/read.nhn?mode=LSD&mid=sec&sid1=106&oid=312&aid=0000440454
방탄소년단 지민,방탄소년단 지민 자작곡 '약속' 사운드 클라우드 역대 최다 스트리밍 4위,연예,3,2020,03,27,13:26,"4,885","4,881",0,0,0,0,4,0,0,0,0,https://news.naver.com/main/read.nhn?mode=LSD&mid=sec&sid1=106&oid=015&aid=0004314310
방탄소년단 지민,"강다니엘, 아이돌차트 평점랭킹 105주 최다참여 기록…지민·임영웅 상승세",연예,3,2020,03,28,10:19,"1,493","1,492",0,1,0,0,0,0,0,0,0,https://news.naver.com/main/read.nhn?mode=LSD&mid=sec&sid1=106&oid=311&aid=0001128361
방탄소년단 지민,"강다니엘, 아이돌차트 평점랭킹 105주 연속 최다득표 기록..지민·임영웅 상승세",연예,3,2020,03,28,10:09,"1,065","1,064",0,1,0,0,0,0,0,0,0,https://news.naver.com/main/read.nhn?mode=LSD&mid=sec&sid1=106&oid=112&aid=0003282792
방탄소년단 지민,"강다니엘, 아차랭킹 105주째 1위..BTS 지민·임영웅 ↑",연예,3,2020,03,28,10:55,"1,091","1,091",0,0,0,0,0,0,0,0,0,https://news.naver.com/main/read.nhn?mode=LSD&mid=sec&sid1=106&oid=108&aid=0002852062
방탄소년단 지민,"강다니엘, 아이돌차트 평점랭킹 105주 최다참여 기록…지민·임영웅 상승세",연예,3,2020,03,28,10:13,"1,042","1,042",0,0,0,0,0,0,0,0,0,https://news.naver.com/main/read.nhn?mode=LSD&mid=sec&sid1=106&oid=117&aid=0003347092
방탄소년단 지민,"방탄소년단 지민, '꿈이 뭐예요?'라는 팬 질문에 ""아이돌이란 직업. 오래 하고파""",연예,3,2020,03,27,10:44,"4,994","4,992",0,0,0,0,2,0,0,0,0,https://news.naver.com/main/read.nhn?mode=LSD&mid=sec&sid1=106&oid=311&aid=0001128083
방탄소년단 지민,"방탄소년단 지민, 뮤비서 함께 한 소년이 햇빛에 오래 있자 걱정…'따뜻한 마음씨'",연예,3,2020,03,24,9:31,"6,333","6,328",0,0,0,0,5,0,0,0,0,https://news.naver.com/main/read.nhn?mode=LSD&mid=sec&sid1=106&oid=311&aid=0001126608
방탄소년단 지민,"'아빠본색' 이동준, BTS 지민에 영감 받아 보랏빛 헤어 변신 '파격' [포인트:컷]",연예,3,2020,03,27,13:11,883,883,0,0,0,0,0,0,0,0,0,https://news.naver.com/main/read.nhn?mode=LSD&mid=sec&sid1=106&oid=311&aid=0001128127
방탄소년단 지민,"이수지, BTS 지민 향한 팬심..""리액션 영상 꼭 봤으면""",연예,4,2020,04,04,17:51,"3,555","3,551",0,1,0,0,3,0,0,0,0,https://news.naver.com/main/read.nhn?mode=LSD&mid=sec&sid1=106&oid=108&aid=0002853651
방탄소년단 지민,"유키스 출신 케빈 ""최애곡은 방탄소년단 지민 솔로곡 Filter""",연예,4,2020,04,03,16:17,"4,122","4,116",0,0,0,0,6,0,0,0,0,https://news.naver.com/main/read.nhn?mode=LSD&mid=sec&sid1=106&oid=088&aid=0000641837
방탄소년단 지민,"방탄소년단 지민, 美 복면가왕 두번째 러브콜 ""무조건 지민!""",연예,4,2020,04,04,19:39,"4,364","4,360",0,1,0,0,3,0,0,0,0,https://news.naver.com/main/read.nhn?mode=LSD&mid=sec&sid1=106&oid=108&aid=0002853661
방탄소년단 지민,"[댓글 뉴스] BTS 지민, 춤·노래 이어 사회생활까지…'못하는 게 뭐야?'",연예,4,2020,04,04,7:01,"6,380","6,377",0,1,0,0,2,0,0,0,0,https://news.naver.com/main/read.nhn?mode=LSD&mid=sec&sid1=106&oid=312&aid=0000441250
방탄소년단 지민,"방탄소년단 지민, 치명적 시크美 '테니스 왕자님♥'",연예,4,2020,04,04,7:42,"6,130","6,126",0,1,0,0,3,0,0,0,0,https://news.naver.com/main/read.nhn?mode=LSD&mid=sec&sid1=106&oid=108&aid=0002853567
방탄소년단 지민,'달려라 방탄' BTS 지민 ASMR 화제 '달콤+포근',연예,4,2020,04,03,10:09,"7,277","7,270",0,0,0,0,7,0,0,0,0,https://news.naver.com/main/read.nhn?mode=LSD&mid=sec&sid1=106&oid=088&aid=0000641773
방탄소년단 지민,"이수지 “방탄소년단 지민 팬, 남편과 리액션 영상까지 찍어”",연예,4,2020,04,04,16:52,"2,883","2,880",0,0,0,0,3,0,0,0,0,https://news.naver.com/main/read.nhn?mode=LSD&mid=sec&sid1=106&oid=609&aid=0000263878
방탄소년단 지민,"""끌어당기는 매력 있어"" 방탄소년단 지민 'Filter' 극찬ing",연예,4,2020,04,03,9:26,"5,563","5,560",0,0,0,0,3,0,0,0,0,https://news.naver.com/main/read.nhn?mode=LSD&mid=sec&sid1=106&oid=108&aid=0002853392
방탄소년단 지민,"""내 최애곡"" 방탄소년단 지민 '필터'에 푹 빠진 유키스 출신 케빈",연예,4,2020,04,03,9:49,"6,363","6,358",0,0,0,0,5,0,0,0,0,https://news.naver.com/main/read.nhn?mode=LSD&mid=sec&sid1=106&oid=311&aid=0001130568
방탄소년단 지민,"BTS 지민 팬, 대구 보훈병원 의료진에 샌드위치 기부",연예,5,2020,04,10,16:17,"7,171","7,166",0,1,0,0,4,0,0,0,0,https://news.naver.com/main/read.nhn?mode=LSD&mid=sec&sid1=106&oid=088&aid=0000642817
방탄소년단 지민,"방탄소년단 지민, '치미' 애니메이션 보고 감동…""너무 짠하잖아""",연예,5,2020,04,10,11:12,"7,247","7,232",0,2,0,0,13,0,0,0,0,https://news.naver.com/main/read.nhn?mode=LSD&mid=sec&sid1=106&oid=311&aid=0001133200
방탄소년단 지민,"박양우 문체부 장관, 방탄소년단 지민에 ""원더풀 가이"" 찬사로 화제",연예,5,2020,04,09,10:46,"7,212","7,194",0,4,0,0,14,0,0,0,0,https://news.naver.com/main/read.nhn?mode=LSD&mid=sec&sid1=106&oid=311&aid=0001132706
방탄소년단 지민,"방탄소년단 지민, 보이그룹 개인 브랜드평판 1위...2위 엑소 수호·3위 백현",연예,6,2020,04,18,10:19,"8,263","8,244",0,4,0,0,0,15,0,0,0,https://news.naver.com/main/read.nhn?mode=LSD&mid=sec&sid1=106&oid=076&aid=0003555845
방탄소년단 지민,"BTS 지민 해외팬, 코로나19 극복 위해 '전세계 5개 단체에 기부'",연예,6,2020,04,17,9:34,"10,137","10,119",0,3,0,0,14,0,0,1,0,https://news.naver.com/main/read.nhn?mode=LSD&mid=sec&sid1=106&oid=088&aid=0000643858
방탄소년단 지민,방탄소년단 지민 '놀이공원 보다는 동물원' '캐주얼 보다는 정장’ 취향인터뷰,연예,6,2020,04,18,11:48,"7,382","7,366",0,3,0,0,13,0,0,0,0,https://news.naver.com/main/read.nhn?mode=LSD&mid=sec&sid1=106&oid=016&aid=0001663487
방탄소년단 지민,"방탄소년단 지민X슈가, 어린 왕자 비주얼로 '방방콘' 홍보",연예,6,2020,04,17,10:12,"6,672","6,656",0,3,0,0,13,0,0,0,0,https://news.naver.com/main/read.nhn?mode=LSD&mid=sec&sid1=106&oid=312&aid=0000442874
방탄소년단 지민,"방탄소년단 지민, 흑백 영상 속 완벽 비주얼 '치명적 옆태'",연예,6,2020,04,18,10:18,"6,757","6,733",0,7,0,0,17,0,0,0,0,https://news.naver.com/main/read.nhn?mode=LSD&mid=sec&sid1=106&oid=108&aid=0002856903
방탄소년단 지민,"방탄소년단 지민, 日매체 '모델 프레스' 헤어스타일 20인에 선정",연예,6,2020,04,17,11:30,"6,773","6,761",0,1,0,0,11,0,0,0,0,https://news.naver.com/main/read.nhn?mode=LSD&mid=sec&sid1=106&oid=088&aid=0000643874
방탄소년단 지민,"‘핑크도 완전 찰떡’…방탄소년단 지민, 사랑스러운 핑크빛 화보로 시선집중",연예,6,2020,04,18,10:07,"7,808","7,802",0,0,0,0,6,0,0,0,0,https://news.naver.com/main/read.nhn?mode=LSD&mid=sec&sid1=106&oid=311&aid=0001135932
방탄소년단 지민,"[팝업★]""세련된 꾸.안.꾸"" 방탄소년단 지민, '슈스스' 한혜연이 PICK한 패셔니스타",연예,6,2020,04,16,16:53,"7,178","7,166",0,1,0,0,11,0,0,0,0,https://news.naver.com/main/read.nhn?mode=LSD&mid=sec&sid1=106&oid=112&aid=0003289119
방탄소년단 지민,"방탄소년단 지민, 보이그룹 개인 브랜드 1위…수호 2위·백현 3위",연예,6,2020,04,18,16:44,"7,259","7,244",0,2,0,0,0,13,0,0,0,https://news.naver.com/main/read.nhn?mode=LSD&mid=sec&sid1=106&oid=117&aid=0003353761
방탄소년단 지민,"방탄소년단 지민, 4월 보이그룹 개인 브랜드 평판 1위…엑소 수호 2위",연예,6,2020,04,18,10:15,"8,307","8,287",0,5,0,0,0,15,0,0,0,https://news.naver.com/main/read.nhn?mode=LSD&mid=sec&sid1=106&oid=109&aid=0004193664
방탄소년단 지민,"방탄소년단 지민, 4월 보이그룹 개인 브랜드평판 1위[공식]",연예,6,2020,04,18,11:36,"6,196","6,190",0,0,0,0,0,6,0,0,0,https://news.naver.com/main/read.nhn?mode=LSD&mid=sec&sid1=106&oid=108&aid=0002856913
방탄소년단 지민,"방탄소년단 지민 해외팬, 코로나19 극복 위해 전세계 5개 단체에 기부",연예,6,2020,04,17,8:54,"8,803","8,786",0,3,0,0,14,0,0,0,0,https://news.naver.com/main/read.nhn?mode=LSD&mid=sec&sid1=106&oid=016&aid=0001663032
방탄소년단 지민,"방탄소년단 지민, 흑백 영상 속 美친 비주얼…'치명적 옆라인'",연예,6,2020,04,17,16:01,"7,432","7,416",0,3,0,0,13,0,0,0,0,https://news.naver.com/main/read.nhn?mode=LSD&mid=sec&sid1=106&oid=311&aid=0001135765
방탄소년단 지민,방탄소년단 지민 해외팬 코로나19 극복 전세계 5개 단체에 기부,연예,6,2020,04,17,8:38,"8,042","8,035",0,0,0,0,7,0,0,0,0,https://news.naver.com/main/read.nhn?mode=LSD&mid=sec&sid1=106&oid=108&aid=0002856665
방탄소년단 지민,방탄소년단 지민 솔로곡 '필터' 유튜브 2000만뷰↑,연예,6,2020,04,17,17:08,"7,126","7,108",0,4,0,0,14,0,0,0,0,https://news.naver.com/main/read.nhn?mode=LSD&mid=sec&sid1=106&oid=108&aid=0002856810
방탄소년단 지민,"방탄소년단 지민, '오대오 머리'가 어울리는 연예인 20인 선정",연예,6,2020,04,17,8:29,"7,065","7,051",0,1,0,0,13,0,0,0,0,https://news.naver.com/main/read.nhn?mode=LSD&mid=sec&sid1=106&oid=108&aid=0002856660
방탄소년단 지민,"슈스스 한혜연의 원픽은? ""방탄소년단 지민, 세련되게 잘 입어""",연예,6,2020,04,16,14:48,"6,822","6,810",0,1,0,0,11,0,0,0,0,https://news.naver.com/main/read.nhn?mode=LSD&mid=sec&sid1=106&oid=088&aid=0000643727
방탄소년단 지민,"방탄소년단 지민, '슈스스' 한혜연이 인정한 패피 아이돌…""너무~잘입어""",연예,6,2020,04,16,8:59,"10,292","10,280",0,1,0,0,11,0,0,0,0,https://news.naver.com/main/read.nhn?mode=LSD&mid=sec&sid1=106&oid=311&aid=0001135147
방탄소년단 지민,"방탄소년단 슈가, “가장 웃긴 멤버? 지민과 정국”",연예,7,2020,04,25,23:02,"2,483","2,482",0,0,0,0,1,0,0,0,0,https://news.naver.com/main/read.nhn?mode=LSD&mid=sec&sid1=106&oid=408&aid=0000091605
방탄소년단 지민,'숲속 요정' 방탄소년단 지민이 전하는 'Woody Fresh',연예,7,2020,04,24,9:52,"10,372","10,351",0,4,0,0,16,0,0,1,0,https://news.naver.com/main/read.nhn?mode=LSD&mid=sec&sid1=106&oid=088&aid=0000644759
방탄소년단 지민,"'작은 생명체도 소중히' 방탄소년단 지민, 동물을 향한 남다른 관심과 사랑",연예,7,2020,04,25,9:51,"10,142","10,130",0,1,0,0,11,0,0,0,0,https://news.naver.com/main/read.nhn?mode=LSD&mid=sec&sid1=106&oid=016&aid=0001666492
방탄소년단 지민,"방탄소년단 지민, 훈훈 비주얼 '핑크 왕자님♥'",연예,7,2020,04,25,8:50,"8,744","8,718",0,8,0,0,18,0,0,0,0,https://news.naver.com/main/read.nhn?mode=LSD&mid=sec&sid1=106&oid=108&aid=0002858552
방탄소년단 지민,"방탄소년단 지민, 핑크가 잘 어울리는 잘생긴 남자",연예,7,2020,04,24,14:13,"8,006","8,000",0,0,0,0,6,0,0,0,0,https://news.naver.com/main/read.nhn?mode=LSD&mid=sec&sid1=106&oid=311&aid=0001138520
방탄소년단 지민,문학 예술계도 사로잡은 BTS 지민 '갭사이신' '덕질',연예,7,2020,04,24,15:25,"9,074","9,061",0,1,0,0,12,0,0,0,0,https://news.naver.com/main/read.nhn?mode=LSD&mid=sec&sid1=106&oid=088&aid=0000644811
방탄소년단 지민,"[HI★뭐하세요?] 방탄소년단 지민, 여심 사로잡는 ‘리얼 꽃미남’",연예,7,2020,04,24,15:14,"8,308","8,294",0,2,0,0,12,0,0,0,0,https://news.naver.com/main/read.nhn?mode=LSD&mid=sec&sid1=106&oid=469&aid=0000490593
방탄소년단 지민,"방탄소년단 지민 ""새 앨범에서 음악 프로젝트 매니저 역할""",연예,8,2020,05,01,15:34,"10,174","10,162",0,1,0,0,11,0,0,0,0,https://news.naver.com/main/read.nhn?mode=LSD&mid=sec&sid1=106&oid=241&aid=0003019951
방탄소년단 지민,"방탄소년단 지민, 새 앨범 작업 과정 공개…""멤버들 의견 정리 중""",연예,8,2020,05,02,3:50,"9,504","9,490",0,2,0,0,12,0,0,0,0,https://news.naver.com/main/read.nhn?mode=LSD&mid=sec&sid1=106&oid=277&aid=0004671232
방탄소년단 지민,"방탄소년단 지민, 킹초이스 K팝 남자아이돌 댄서부문 랭킹 1위 ""최고의 퍼포머""",연예,8,2020,05,02,14:58,"8,884","8,872",0,1,0,0,0,11,0,0,0,https://news.naver.com/main/read.nhn?mode=LSD&mid=sec&sid1=106&oid=016&aid=0001668923
방탄소년단 지민,"강다니엘, 아차랭킹 110주 연속 최다득표…2위는 BTS 지민",연예,8,2020,05,02,10:21,"1,361","1,359",0,1,0,0,1,0,0,0,0,https://news.naver.com/main/read.nhn?mode=LSD&mid=sec&sid1=106&oid=312&aid=0000444553
방탄소년단 지민,"방탄소년단 지민, 어둠 속에서도 빛나는 특급 비주얼",연예,8,2020,04,29,14:33,"7,972","7,965",0,0,0,0,7,0,0,0,0,https://news.naver.com/main/read.nhn?mode=LSD&mid=sec&sid1=106&oid=117&aid=0003357580
방탄소년단 지민,"방탄소년단 지민, '큐티섹시러블리' 다하는 거울셀카 화제",연예,8,2020,04,30,14:17,"8,677","8,658",0,6,0,0,13,0,0,0,0,https://news.naver.com/main/read.nhn?mode=LSD&mid=sec&sid1=106&oid=016&aid=0001668601
방탄소년단 지민,"방탄소년단 지민 ""새 앨범 프로젝트 매니저됐다"" 밝혀",연예,8,2020,05,01,15:39,"7,791","7,785",0,0,0,0,6,0,0,0,0,https://news.naver.com/main/read.nhn?mode=LSD&mid=sec&sid1=106&oid=312&aid=0000444521
방탄소년단 지민,"""제가 음악PM 됐어요""…방탄소년단 지민, 새 앨범 작업기 공개",연예,8,2020,05,01,15:48,"7,287","7,281",0,0,0,0,6,0,0,0,0,https://news.naver.com/main/read.nhn?mode=LSD&mid=sec&sid1=106&oid=416&aid=0000257766
방탄소년단 지민,"방탄소년단 지민, 새 앨범 작업기 공개 ""내가 음악 담당""",연예,8,2020,05,01,15:49,"7,124","7,116",0,0,0,0,8,0,0,0,0,https://news.naver.com/main/read.nhn?mode=LSD&mid=sec&sid1=106&oid=076&aid=0003561466
방탄소년단 지민,"방탄소년단 지민, 새 앨범 작업 과정 공유 “음악 담당 맡았다”",연예,8,2020,05,01,16:13,"6,196","6,190",0,0,0,0,6,0,0,0,0,https://news.naver.com/main/read.nhn?mode=LSD&mid=sec&sid1=106&oid=408&aid=0000092030
방탄소년단 지민,"방탄소년단 지민, “슈가 형이 의견내 음악 PM됐다”",연예,8,2020,05,02,24:34,"8,490","8,485",0,0,0,0,5,0,0,0,0,https://news.naver.com/main/read.nhn?mode=LSD&mid=sec&sid1=106&oid=016&aid=0001668901
방탄소년단 지민,"방탄소년단 지민, 어둠을 밝히는 청순미…'미모가 번쩍'",연예,8,2020,04,29,11:10,"8,969","8,957",0,1,0,0,11,0,0,0,0,https://news.naver.com/main/read.nhn?mode=LSD&mid=sec&sid1=106&oid=311&aid=0001140442
방탄소년단 지민,방탄소년단 지민 어둠속에서도 빛나는 매력,연예,8,2020,04,29,15:21,"6,850","6,838",0,1,0,0,11,0,0,0,0,https://news.naver.com/main/read.nhn?mode=LSD&mid=sec&sid1=106&oid=108&aid=0002859584
방탄소년단 지민,"BTS 지민, 조명이 따로 없네…눈부신 청순美",연예,8,2020,04,29,16:46,"6,926","6,914",0,1,0,0,11,0,0,0,0,https://news.naver.com/main/read.nhn?mode=LSD&mid=sec&sid1=106&oid=312&aid=0000444361
방탄소년단 지민,"BTS 지민, 어둠 속에도 빛나는 아우라 `독보적 잘생김` [똑똑SNS]",연예,8,2020,04,29,19:08,"3,893","3,891",0,0,0,0,2,0,0,0,0,https://news.naver.com/main/read.nhn?mode=LSD&mid=sec&sid1=106&oid=410&aid=0000688971
방탄소년단 지민,방탄소년단 지민 'CHIMMY' 버스킹 영상 200만뷰 스트리밍 챌린지,연예,9,2020,05,09,24:45,"11,437","11,423",0,0,0,0,12,0,0,2,0,https://news.naver.com/main/read.nhn?mode=LSD&mid=sec&sid1=106&oid=016&aid=0001671275
방탄소년단 지민,"방탄소년단 지민, 평생 웃으며 아미 건강지킴이 할 것 같은 '요정'",연예,9,2020,05,09,8:36,"11,498","11,485",0,0,0,0,12,0,0,1,0,https://news.naver.com/main/read.nhn?mode=LSD&mid=sec&sid1=106&oid=108&aid=0002861573
방탄소년단 지민,"지민, 도슨트 200% 소화...깔끔 전달력+꿀 보이스 `눈길`",연예,9,2020,05,08,11:45,"8,030","8,015",0,1,0,0,13,0,0,1,0,https://news.naver.com/main/read.nhn?mode=LSD&mid=sec&sid1=106&oid=009&aid=0004571017
방탄소년단 지민,'이것이 지민효과' BTS 지민 '착용-이슈-품절' 브랜드 이미지 UP,연예,9,2020,05,08,10:34,"10,479","10,469",0,0,0,0,9,0,0,1,0,https://news.naver.com/main/read.nhn?mode=LSD&mid=sec&sid1=106&oid=088&aid=0000646448
방탄소년단 지민,"""조공도 월드 클래스""…BTS 지민, '넘사벽' 생일 선물 1위…드높은 위상",연예,9,2020,05,07,9:06,"10,149","10,137",0,1,0,0,11,0,0,0,0,https://news.naver.com/main/read.nhn?mode=LSD&mid=sec&sid1=106&oid=312&aid=0000444991
방탄소년단 지민,"방탄소년단 지민, 광고 비하인드 영상 속 청량미 눈길",연예,9,2020,05,09,10:27,"10,792","10,780",0,1,0,0,11,0,0,0,0,https://news.naver.com/main/read.nhn?mode=LSD&mid=sec&sid1=106&oid=311&aid=0001144164
방탄소년단 지민,방탄소년단 지민 'CHIMMY' 버스킹 영상 200만뷰 스트리밍 챌린지,연예,9,2020,05,09,15:49,"11,417","11,410",0,0,0,0,7,0,0,0,0,https://news.naver.com/main/read.nhn?mode=LSD&mid=sec&sid1=106&oid=108&aid=0002861624
방탄소년단 지민,"방탄소년단 지민, 마스크 착용 권하는 잘생긴 남자…어떤 상의도 찰떡 소화",연예,9,2020,05,09,11:20,"11,202","11,190",0,1,0,0,11,0,0,0,0,https://news.naver.com/main/read.nhn?mode=LSD&mid=sec&sid1=106&oid=311&aid=0001144173
방탄소년단 지민,"방탄소년단 지민, 여심 저격하는 꿀피부+미소[SNS★컷]",연예,9,2020,05,09,17:10,"10,061","10,047",0,1,0,0,13,0,0,0,0,https://news.naver.com/main/read.nhn?mode=LSD&mid=sec&sid1=106&oid=609&aid=0000275494
방탄소년단 지민,"방탄소년단 지민, 'CONNECT, BTS' 도슨트에서 '차분·섬세' 보이스로 눈길",연예,9,2020,05,08,9:53,"8,713","8,701",0,1,0,0,11,0,0,0,0,https://news.naver.com/main/read.nhn?mode=LSD&mid=sec&sid1=106&oid=311&aid=0001143681
방탄소년단 지민,"방탄소년단 지민, 전달력 100% 완벽한 도슨트 변신",연예,9,2020,05,08,8:36,"8,823","8,810",0,1,0,0,12,0,0,0,0,https://news.naver.com/main/read.nhn?mode=LSD&mid=sec&sid1=106&oid=108&aid=0002861364
방탄소년단 지민,"BTS 지민 도슨트 변신 “퍼포먼스, 시의 구절 같은 이유 알게 돼”",연예,9,2020,05,08,11:16,"8,188","8,182",0,0,0,0,6,0,0,0,0,https://news.naver.com/main/read.nhn?mode=LSD&mid=sec&sid1=106&oid=057&aid=0001452370
방탄소년단 지민,"""가족과 좋은 시간 되길"" 방탄소년단 지민, 훈훈한 근황 공개",연예,9,2020,05,08,12:25,"8,408","8,396",0,1,0,0,11,0,0,0,0,https://news.naver.com/main/read.nhn?mode=LSD&mid=sec&sid1=106&oid=277&aid=0004674128
방탄소년단 지민,방탄소년단 지민 '팬들의 넘사벽 조공' 1위 차지,연예,9,2020,05,07,10:03,"8,372","8,358",0,1,0,0,13,0,0,0,0,https://news.naver.com/main/read.nhn?mode=LSD&mid=sec&sid1=106&oid=088&aid=0000646268
방탄소년단 지민,"[팝업★]""대한민국 최초""..방탄소년단 지민, 뉴욕 타임스퀘어 스크린 광고→중국 항저우 조명쇼",연예,9,2020,05,07,15:00,"8,962","8,950",0,1,0,0,11,0,0,0,0,https://news.naver.com/main/read.nhn?mode=LSD&mid=sec&sid1=106&oid=112&aid=0003295901
방탄소년단 지민,"방탄소년단 지민, 팬들의 '넘사벽 조공 '1위..'월클 가수의 월클 팬조공'",연예,9,2020,05,07,8:13,"10,161","10,138",0,6,0,0,17,0,0,0,0,https://news.naver.com/main/read.nhn?mode=LSD&mid=sec&sid1=106&oid=108&aid=0002861040
방탄소년단 지민,"방탄소년단 지민, 'TMI NEWS' '팬들의 넘사벽 조공' 1위 차지…조공도 월드클래스",연예,9,2020,05,07,8:30,"9,424","9,416",0,0,0,0,8,0,0,0,0,https://news.naver.com/main/read.nhn?mode=LSD&mid=sec&sid1=106&oid=311&aid=0001143138
방탄소년단 지민,다리가 길고 예쁜 남자 방탄소년단 지민,연예,10,2020,05,16,21:12,"12,457","12,029",0,34,0,0,128,4,1,261,0,https://news.naver.com/main/read.nhn?mode=LSD&mid=sec&sid1=106&oid=311&aid=0001147382
방탄소년단 지민,"방탄소년단 지민, 5월 보이그룹 브랜드평판 1위…2위 백현",연예,10,2020,05,16,11:48,"9,169","8,974",0,3,0,0,29,14,2,147,0,https://news.naver.com/main/read.nhn?mode=LSD&mid=sec&sid1=106&oid=052&aid=0001440794
방탄소년단 지민,'美 복면가왕' 방탄소년단 지민 향한 간절한 3번째 러브콜 눈길,연예,10,2020,05,15,15:25,"11,275","10,899",0,15,0,0,78,9,4,270,0,https://news.naver.com/main/read.nhn?mode=LSD&mid=sec&sid1=106&oid=088&aid=0000647417
방탄소년단 지민,"강다니엘, 아차랭킹 112주째 1위..'지민·뷔·임영웅' 나란히",연예,10,2020,05,16,10:16,"1,474","1,370",0,13,0,0,8,53,2,28,0,https://news.naver.com/main/read.nhn?mode=LSD&mid=sec&sid1=106&oid=108&aid=0002863210
방탄소년단 지민,"‘기록제조기’ 방탄소년단 지민, 솔로곡 ‘필터’…국내외 기록 행진",연예,10,2020,05,16,14:36,"10,897","10,548",0,19,0,0,161,5,3,161,0,https://news.naver.com/main/read.nhn?mode=LSD&mid=sec&sid1=106&oid=016&aid=0001674278
방탄소년단 지민,"방탄소년단 지민, 팬심을 사로잡는 핑크빛 왕자님",연예,10,2020,05,16,10:20,"9,884","9,592",0,7,0,0,50,2,0,233,0,https://news.naver.com/main/read.nhn?mode=LSD&mid=sec&sid1=106&oid=311&aid=0001147197
방탄소년단 지민,방탄소년단 지민 'Filter' '브라질 아이튠즈 1위'..솔로곡 음원 파워 계속,연예,10,2020,05,16,8:41,"11,762","11,308",0,15,0,0,107,11,0,321,0,https://news.naver.com/main/read.nhn?mode=LSD&mid=sec&sid1=106&oid=108&aid=0002863194
방탄소년단 지민,"방탄소년단 지민, 핑크가 찰떡인 훈남…'이 비주얼 어떡하죠?'",연예,10,2020,05,15,15:30,"10,636","10,312",0,10,0,0,67,0,1,246,0,https://news.naver.com/main/read.nhn?mode=LSD&mid=sec&sid1=106&oid=311&aid=0001146977
방탄소년단 지민,"페루 유력 매체 '라 레프블리카', 방탄소년단 지민 ""모든 것을 가진 예술가""",연예,10,2020,05,14,8:13,"11,248","10,901",0,113,0,0,56,4,1,173,0,https://news.naver.com/main/read.nhn?mode=LSD&mid=sec&sid1=106&oid=016&aid=0001673196
방탄소년단 지민,"방탄소년단 지민, '실물 갑' 워너비 몸매 황금비율 긴 다리 시선강탈",연예,10,2020,05,16,24:38,"10,879","10,501",0,21,0,0,173,4,1,179,0,https://news.naver.com/main/read.nhn?mode=LSD&mid=sec&sid1=106&oid=016&aid=0001674257
방탄소년단 지민,"방탄소년단 지민, 5월 보이그룹 브랜드 평판 1위…2위 백현·3위 차은우",연예,10,2020,05,16,11:16,"9,673","9,411",0,28,0,0,57,3,0,174,0,https://news.naver.com/main/read.nhn?mode=LSD&mid=sec&sid1=106&oid=241&aid=0003023526
방탄소년단 지민,"방탄소년단 지민, 5月 보이그룹 개인 브랜드평판 1위…2위 백현, 3위 차은우",연예,10,2020,05,16,10:34,"12,493","11,939",0,55,0,0,102,17,5,375,0,https://news.naver.com/main/read.nhn?mode=LSD&mid=sec&sid1=106&oid=076&aid=0003568457
방탄소년단 지민,"방탄소년단 지민, 5월 보이그룹 개인 브랜드평판 1위",연예,10,2020,05,16,15:41,"10,435","10,037",0,28,0,0,170,16,13,171,0,https://news.naver.com/main/read.nhn?mode=LSD&mid=sec&sid1=106&oid=117&aid=0003363682
방탄소년단 지민,'美 복면가왕' 방탄소년단 지민 향한 간절한 3번째 러브콜,연예,10,2020,05,15,8:29,"12,026","11,465",0,41,0,0,82,0,3,435,0,https://news.naver.com/main/read.nhn?mode=LSD&mid=sec&sid1=106&oid=108&aid=0002862997
방탄소년단 지민,"미국판 ‘복면가왕’ 삼고초려, 방탄소년단 지민 향해 또 러브콜",연예,10,2020,05,15,15:53,"10,502","10,207",0,12,0,0,72,2,3,206,0,https://news.naver.com/main/read.nhn?mode=LSD&mid=sec&sid1=106&oid=016&aid=0001674123
방탄소년단 지민,"'美 복면가왕', 방탄소년단 지민에게 또 공개 러브콜",연예,10,2020,05,15,8:59,"11,028","10,546",0,23,0,0,64,3,0,392,0,https://news.naver.com/main/read.nhn?mode=LSD&mid=sec&sid1=106&oid=213&aid=0001162959
방탄소년단 지민,"“방탄소년단(BTS) 지민을 원한다!” 미국판 ‘복면가왕’, 시즌4 제작 앞두고 삼고초려",연예,10,2020,05,15,11:04,"9,635","9,308",0,22,0,0,43,1,2,259,0,https://news.naver.com/main/read.nhn?mode=LSD&mid=sec&sid1=106&oid=022&aid=0003465404
방탄소년단 지민,"방탄소년단 지민, 페루에서 폭발하는 인기…""지민이 할 수 없는 건 없다""",연예,10,2020,05,14,10:12,"10,346","10,076",0,81,0,0,50,1,1,137,0,https://news.naver.com/main/read.nhn?mode=LSD&mid=sec&sid1=106&oid=311&aid=0001146301
방탄소년단 지민,"방탄소년단 지민, 남미 언론 뜨거운 관심..""모든 것 가진 예술가""",연예,10,2020,05,14,9:00,"10,498","10,216",0,86,0,0,55,1,0,140,0,https://news.naver.com/main/read.nhn?mode=LSD&mid=sec&sid1=106&oid=108&aid=0002862714
방탄소년단 지민,"방탄소년단 지민, 듣고있나요? #지민아고마워사랑해",연예,11,2020,05,23,24:59,"11,075","10,892",0,19,0,0,52,4,0,108,0,https://news.naver.com/main/read.nhn?mode=LSD&mid=sec&sid1=106&oid=144&aid=0000672884
방탄소년단 지민,마이크로소프트의 ‘최애’는 방탄소년단 지민…“우리 배경화면은 ‘지민’”,연예,11,2020,05,23,1:39,"11,911","11,589",0,18,0,0,73,1,1,229,0,https://news.naver.com/main/read.nhn?mode=LSD&mid=sec&sid1=106&oid=016&aid=0001677056
방탄소년단 지민,"방탄소년단 지민, 아티스트에게 영감 주는 '최고의 뮤즈'",연예,11,2020,05,22,17:44,"9,587","9,438",0,21,0,0,47,1,0,80,0,https://news.naver.com/main/read.nhn?mode=LSD&mid=sec&sid1=106&oid=088&aid=0000648460
방탄소년단 지민,"방탄소년단 지민, ‘Filter' 가온지수 1억 돌파…두 번째 영광",연예,11,2020,05,23,15:47,"10,984","10,789",0,21,0,0,62,7,1,104,0,https://news.naver.com/main/read.nhn?mode=LSD&mid=sec&sid1=106&oid=396&aid=0000550415
방탄소년단 지민,"IT 대기업 MS서피스, 방탄소년단 지민 애정..""우리 컴퓨터 배경화면은 'Jimin'""",연예,11,2020,05,22,16:02,"11,196","10,946",0,32,0,0,78,3,0,137,0,https://news.naver.com/main/read.nhn?mode=LSD&mid=sec&sid1=106&oid=108&aid=0002864858
방탄소년단 지민,"방탄소년단 지민, 보랏빛 매력에 풍덩…'이렇게 잘생기기 있기 없기?'",연예,11,2020,05,22,24:10,"10,762","10,515",0,28,0,0,75,0,2,142,0,https://news.naver.com/main/read.nhn?mode=LSD&mid=sec&sid1=106&oid=311&aid=0001150327
방탄소년단 지민,"방탄소년단 지민, 화보 속 완벽한 핏에 설렘 유발하는 '남친美'",연예,11,2020,05,22,10:17,"11,090","10,788",0,24,0,0,53,0,0,225,0,https://news.naver.com/main/read.nhn?mode=LSD&mid=sec&sid1=106&oid=088&aid=0000648351
방탄소년단 지민,"BTS 지민 'Filter', '美포브스 선정 매체' 플레이리스트 포함",연예,11,2020,05,21,17:10,"10,317","10,136",0,25,0,0,64,0,1,91,0,https://news.naver.com/main/read.nhn?mode=LSD&mid=sec&sid1=106&oid=088&aid=0000648274
방탄소년단 지민,방탄소년단 지민 눈빛으로 아미 저격..완벽한 명품 비주얼,연예,11,2020,05,23,24:03,"10,494","10,330",0,16,0,0,56,0,0,92,0,https://news.naver.com/main/read.nhn?mode=LSD&mid=sec&sid1=106&oid=108&aid=0002864985
방탄소년단 지민,"""방탄소년단 지민, 듣고 있나요?"" 팬덤 이벤트 화제",연예,11,2020,05,23,9:47,"11,890","11,541",0,17,0,0,74,0,1,257,0,https://news.naver.com/main/read.nhn?mode=LSD&mid=sec&sid1=106&oid=108&aid=0002864965
방탄소년단 지민,"‘예술계의 뮤즈’ 방탄소년단 지민, 팝아트로 재탄생",연예,11,2020,05,22,24:21,"10,942","10,691",0,22,0,0,87,0,0,142,0,https://news.naver.com/main/read.nhn?mode=LSD&mid=sec&sid1=106&oid=016&aid=0001676940
방탄소년단 지민,"'예술계의 뮤즈' 방탄소년단 지민, 팝 아티스트의 작품으로 탄생",연예,11,2020,05,22,9:47,"11,698","11,365",0,35,0,0,71,1,1,225,0,https://news.naver.com/main/read.nhn?mode=LSD&mid=sec&sid1=106&oid=108&aid=0002864757
방탄소년단 지민,"방탄소년단 지민 'Filter', '친구' 가온지수 모두 1억 돌파 눈부신 기록 행진중",연예,11,2020,05,23,15:58,"10,394","10,241",0,16,0,0,25,17,0,95,0,https://news.naver.com/main/read.nhn?mode=LSD&mid=sec&sid1=106&oid=016&aid=0001677163
방탄소년단 지민,"방탄소년단 지민 'Filter',美 포브스 선정 매체의 플레이리스트에 유일한 한국어 곡으로 선정",연예,11,2020,05,21,14:19,"11,023","10,777",0,27,0,0,69,4,0,146,0,https://news.naver.com/main/read.nhn?mode=LSD&mid=sec&sid1=106&oid=016&aid=0001676519
방탄소년단 지민,방탄소년단 지민 'Filter' 美 라이프 스타일 매체 플레이 리스트 톱10 포함,연예,11,2020,05,21,21:38,"11,029","10,754",0,11,0,0,53,7,5,199,0,https://news.naver.com/main/read.nhn?mode=LSD&mid=sec&sid1=106&oid=108&aid=0002864674
방탄소년단 지민,"BTS 지민, '아시아 대표 꽃미남' 선정...""韓아이돌 중 최고"" [룩@재팬]",연예,12,2020,05,30,11:01,"11,703","11,204",0,39,0,0,63,43,90,264,0,https://news.naver.com/main/read.nhn?mode=LSD&mid=sec&sid1=106&oid=213&aid=0001164035
방탄소년단 지민,"방탄소년단 지민, 日매체 '아시아 대표 꽃미남' 선정",연예,12,2020,05,29,10:14,"10,764","10,378",0,21,0,0,55,13,5,292,0,https://news.naver.com/main/read.nhn?mode=LSD&mid=sec&sid1=106&oid=088&aid=0000649351
방탄소년단 지민,"방탄소년단 지민, 초여름의 싱그러움을 닮은' 청량美 발산",연예,12,2020,05,30,18:11,"9,864","9,606",0,22,0,0,115,29,33,59,0,https://news.naver.com/main/read.nhn?mode=LSD&mid=sec&sid1=106&oid=311&aid=0001154040
방탄소년단 지민,"방탄소년단 지민, 그림 실력까지 월드 클래스",연예,12,2020,05,29,9:03,"11,175","10,756",0,26,0,0,66,14,4,309,0,https://news.naver.com/main/read.nhn?mode=LSD&mid=sec&sid1=106&oid=016&aid=0001679617
방탄소년단 지민,"BTS 지민, 운동화 위 직접 그린 벚꽃 나무…그림 실력도 '월드 클라쓰'",연예,12,2020,05,28,11:46,"10,318","10,067",0,16,0,0,58,50,14,113,0,https://news.naver.com/main/read.nhn?mode=LSD&mid=sec&sid1=106&oid=312&aid=0000447435
방탄소년단 지민,"방탄소년단 지민, 영미권 사전 사이트에 등장한 이유는?",연예,12,2020,05,28,12:38,"10,825","10,495",0,23,0,0,36,26,38,207,0,https://news.naver.com/main/read.nhn?mode=LSD&mid=sec&sid1=106&oid=016&aid=0001678975
방탄소년단 지민,"방탄소년단 지민, 블랙 헤어 스타일 변신",연예,12,2020,05,29,10:02,"10,433","10,092",0,8,0,0,41,0,58,234,0,https://news.naver.com/main/read.nhn?mode=LSD&mid=sec&sid1=106&oid=108&aid=0002866546
방탄소년단 지민,"방탄소년단 지민 솔로곡 '필터', 유튜브 조회수 2400만 돌파",연예,12,2020,05,29,24:00,"10,413","10,139",0,12,0,0,31,103,3,125,0,https://news.naver.com/main/read.nhn?mode=LSD&mid=sec&sid1=106&oid=311&aid=0001153564
방탄소년단 지민,`꽃보다 지민`… 日매체 미남 뽑혀,연예,12,2020,05,29,15:17,"10,452","10,128",0,12,0,0,34,121,14,143,0,https://news.naver.com/main/read.nhn?mode=LSD&mid=sec&sid1=106&oid=029&aid=0002601162
방탄소년단 지민,"방탄소년단 지민, 日매거진 아시아 꽃미남 선정",연예,12,2020,05,29,15:27,"10,652","10,263",0,18,0,0,40,21,139,171,0,https://news.naver.com/main/read.nhn?mode=LSD&mid=sec&sid1=106&oid=108&aid=0002866611
방탄소년단 지민,"방탄소년단(BTS) 지민, ‘아시아 대표 꽃미남’ 선정.. “서구의 남성상 기준 바꿔”",연예,12,2020,05,29,16:06,"10,342","10,077",0,12,0,0,49,8,32,164,0,https://news.naver.com/main/read.nhn?mode=LSD&mid=sec&sid1=106&oid=022&aid=0003469945
방탄소년단 지민,"BTS 지민, 日매체 선정 亞대표 꽃미남",연예,12,2020,05,29,17:45,"8,755","8,539",0,11,0,0,105,9,6,85,0,https://news.naver.com/main/read.nhn?mode=LSD&mid=sec&sid1=106&oid=609&aid=0000283267
방탄소년단 지민,"방탄소년단 지민, '벚꽃 감성' 가득한 커스텀 운동화…'손재주도 대박'",연예,12,2020,05,28,13:53,"9,605","9,370",0,14,0,0,47,5,70,99,0,https://news.naver.com/main/read.nhn?mode=LSD&mid=sec&sid1=106&oid=311&aid=0001152989
방탄소년단 지민,방탄소년단 지민 커스텀 운동화 화제 '벚꽃 감성 물씬~',연예,12,2020,05,28,14:20,"9,906","9,674",0,19,0,0,46,11,37,119,0,https://news.naver.com/main/read.nhn?mode=LSD&mid=sec&sid1=106&oid=088&aid=0000649214
방탄소년단 지민,"방탄소년단 지민, '핑크나무' 커스텀 운동화 공개..팬들 '환호'",연예,12,2020,05,28,9:06,"10,927","10,609",0,17,0,0,57,33,8,203,0,https://news.naver.com/main/read.nhn?mode=LSD&mid=sec&sid1=106&oid=108&aid=0002866213
방탄소년단 지민,"방탄소년단 지민, 영미권 사전 '어반 딕셔너리'에 다시 나타난 사연…'K팝의 제왕','PJMs'",연예,12,2020,05,28,16:48,"8,173","7,946",0,14,0,0,15,90,21,87,0,https://news.naver.com/main/read.nhn?mode=LSD&mid=sec&sid1=106&oid=016&aid=0001679475
방탄소년단 지민,"방탄소년단(BTS) 지민, 영미권 사전 사이트에 등장.. “King of Kpop”",연예,12,2020,05,28,9:51,"10,430","10,076",0,19,0,0,42,10,79,204,0,https://news.naver.com/main/read.nhn?mode=LSD&mid=sec&sid1=106&oid=022&aid=0003469414
